{
  "accuracy": 0.835820895522388,
  "precision": 0.8082191780821918,
  "recall": 0.8805970149253731,
  "f1": 0.8428571428571429,
  "auc": 0.8857206504789485,
  "pr_auc": 0.8811419320535727,
  "threshold": 0.5075000000000001,
  "default_threshold_accuracy": 0.8208955223880597,
  "avg_ensemble_accuracy": 0.8208955223880597,
  "target": 0.85,
  "confusion_matrix": [
    [
      53,
      14
    ],
    [
      8,
      59
    ]
  ]
}