SEQN,RIDAGEYR,INDFMPIR,BMXBMI,BMXWAIST,BPXOSY1,BPXODI1,LBXTC,LBDHDD,LBXGH,LBXHSCRP,LBXSNASI,LBXWBCSI,LBXHGB,LBXPLTSI,LBXRDW,LBXSCR,LBXSTR,LBXSUA,LBXSGL,URDACT,SLD012,SLD013,PAD680,RIAGENDR,RIDRETH3,DMDEDUC2,SMQ020,SMQ040,DIQ010,BPQ020,BPQ080,BPQ150,BPQ101D,HUQ010,CVD
130378.0,43.0,5.0,27.0,98.3,135.0,98.0,264.0,45.0,5.6,1.78,139.0,4.7,15.7,259.0,12.9,0.8,153.0,5.1,107.0,17.0,9.5,9.0,360.0,1.0,6.0,5.0,1.0,3.0,2.0,1.0,2.0,1.0,2.0,1.0,0
130379.0,66.0,5.0,33.5,114.7,121.0,84.0,214.0,60.0,5.6,2.03,136.0,6.3,15.2,221.0,12.8,0.79,88.0,8.5,96.0,6.64,9.0,9.0,480.0,1.0,3.0,5.0,1.0,3.0,2.0,1.0,2.0,1.0,2.0,3.0,0
130380.0,44.0,1.41,29.7,93.5,111.0,79.0,187.0,49.0,6.2,5.62,138.0,5.7,13.8,235.0,13.3,0.64,375.0,4.4,150.0,7.92,8.0,9.0,240.0,2.0,2.0,3.0,2.0,,1.0,2.0,1.0,,1.0,3.0,0
130386.0,34.0,1.33,30.2,106.1,110.0,72.0,183.0,46.0,5.1,1.05,137.0,5.5,15.4,250.0,12.8,0.82,140.0,6.0,98.0,4.07,7.5,8.0,180.0,1.0,1.0,4.0,1.0,3.0,2.0,2.0,2.0,,2.0,2.0,0
130387.0,68.0,1.32,42.6,122.0,143.0,76.0,203.0,42.0,5.9,3.96,141.0,6.0,13.5,237.0,14.3,0.76,111.0,6.2,116.0,25.78,3.0,5.0,1200.0,2.0,3.0,5.0,2.0,,2.0,1.0,1.0,1.0,2.0,2.0,0
130390.0,31.0,2.16,46.0,131.0,113.0,78.0,159.0,39.0,5.9,11.2,139.0,9.7,13.1,195.0,15.5,0.8,172.0,6.9,131.0,11.05,8.0,8.0,300.0,2.0,3.0,3.0,2.0,,2.0,2.0,2.0,,2.0,3.0,0
130391.0,33.0,0.93,38.9,123.8,105.0,73.0,157.0,41.0,5.4,3.55,141.0,9.5,13.0,329.0,14.5,0.55,265.0,4.8,104.0,19.42,7.5,7.5,240.0,2.0,3.0,3.0,1.0,1.0,2.0,2.0,2.0,,2.0,4.0,0
130392.0,74.0,3.04,43.0,,154.0,76.0,191.0,37.0,5.6,9.46,139.0,5.6,12.9,178.0,15.8,0.59,217.0,3.9,89.0,10.08,9.0,9.0,300.0,2.0,3.0,5.0,2.0,,2.0,1.0,2.0,1.0,2.0,2.0,0
130393.0,39.0,5.0,46.1,143.8,139.0,94.0,179.0,54.0,5.3,4.36,141.0,5.4,13.4,297.0,14.8,0.99,114.0,6.4,92.0,5.07,7.0,7.0,720.0,1.0,3.0,5.0,2.0,,2.0,1.0,2.0,1.0,2.0,3.0,0
130394.0,51.0,5.0,24.4,92.1,99.0,69.0,183.0,48.0,4.8,0.92,138.0,6.6,14.7,232.0,12.9,0.84,59.0,5.0,84.0,6.29,8.0,8.0,420.0,1.0,3.0,5.0,2.0,,2.0,2.0,2.0,,2.0,2.0,0
130396.0,56.0,4.82,27.3,97.9,122.0,79.0,214.0,68.0,5.0,0.94,141.0,6.8,13.7,261.0,13.1,0.77,109.0,4.9,101.0,8.3,8.5,9.0,240.0,2.0,3.0,4.0,1.0,3.0,2.0,2.0,2.0,,2.0,1.0,0
130398.0,47.0,1.67,28.7,94.8,107.0,67.0,189.0,41.0,5.8,5.22,139.0,6.2,14.5,292.0,13.3,0.87,146.0,4.5,106.0,12.41,5.5,4.0,60.0,1.0,1.0,3.0,2.0,,2.0,2.0,2.0,,2.0,1.0,0
130399.0,68.0,5.0,22.7,86.0,116.0,71.0,193.0,82.0,5.7,0.26,139.0,4.5,13.6,189.0,13.0,0.99,67.0,4.6,96.0,9.54,8.0,8.0,360.0,1.0,3.0,5.0,2.0,,2.0,2.0,1.0,,1.0,2.0,0
130400.0,26.0,0.91,28.6,97.0,91.0,64.0,173.0,42.0,5.5,4.86,139.0,8.5,14.2,238.0,13.0,1.06,108.0,6.6,94.0,13.91,9.5,8.0,960.0,1.0,2.0,3.0,9.0,,2.0,2.0,2.0,,2.0,4.0,0
130404.0,73.0,4.42,25.7,103.0,136.0,75.0,179.0,53.0,5.7,13.7,143.0,6.4,14.3,235.0,13.3,0.71,155.0,5.3,96.0,13.27,8.5,8.5,120.0,2.0,3.0,4.0,2.0,,2.0,2.0,1.0,,1.0,2.0,0
130406.0,26.0,3.22,25.1,82.6,111.0,67.0,141.0,37.0,5.0,1.89,141.0,9.3,14.4,294.0,13.1,0.75,109.0,4.5,93.0,5.95,8.5,9.0,300.0,2.0,3.0,3.0,1.0,1.0,2.0,2.0,2.0,,2.0,1.0,0
130407.0,73.0,4.37,28.1,89.9,139.0,75.0,231.0,81.0,5.1,0.24,136.0,5.5,14.9,205.0,12.6,0.54,68.0,2.9,81.0,8.14,7.5,6.5,180.0,2.0,3.0,5.0,1.0,3.0,2.0,2.0,2.0,,2.0,1.0,0
130408.0,80.0,1.02,21.4,77.6,133.0,66.0,169.0,82.0,4.6,0.95,138.0,4.0,11.0,178.0,13.3,2.25,49.0,7.0,88.0,35.04,14.0,13.5,120.0,1.0,4.0,2.0,1.0,3.0,2.0,1.0,2.0,1.0,2.0,4.0,0
130409.0,68.0,3.14,26.5,108.4,123.0,76.0,163.0,56.0,5.0,3.84,139.0,6.2,14.2,215.0,13.5,0.88,73.0,5.2,92.0,6.56,9.0,8.5,300.0,1.0,3.0,4.0,2.0,,2.0,2.0,2.0,,2.0,3.0,0
130413.0,67.0,0.05,36.1,111.5,124.0,77.0,217.0,56.0,5.8,10.26,142.0,8.0,13.1,233.0,13.2,0.61,91.0,4.4,90.0,6.1,7.5,7.0,60.0,2.0,2.0,2.0,2.0,,2.0,1.0,2.0,2.0,2.0,3.0,0
130415.0,61.0,0.11,41.3,114.5,109.0,89.0,157.0,43.0,13.5,18.05,136.0,8.8,12.9,313.0,15.2,0.72,353.0,3.5,475.0,10.95,10.0,7.0,360.0,2.0,4.0,3.0,1.0,3.0,1.0,1.0,1.0,1.0,1.0,5.0,0
130416.0,59.0,,32.9,88.3,135.0,85.0,189.0,47.0,5.3,2.71,142.0,5.7,14.0,226.0,13.7,0.6,83.0,3.8,84.0,17.31,6.5,8.0,180.0,2.0,2.0,3.0,2.0,,2.0,1.0,2.0,1.0,2.0,2.0,0
130418.0,53.0,0.2,30.7,107.0,90.0,60.0,155.0,41.0,5.6,3.14,139.0,8.1,13.4,217.0,19.5,0.97,83.0,4.3,92.0,5.61,7.0,9.0,5.397605346934028e-79,1.0,3.0,3.0,2.0,,2.0,1.0,1.0,1.0,1.0,3.0,1
130422.0,66.0,3.82,26.8,98.1,151.0,89.0,165.0,43.0,5.2,0.34,142.0,6.2,15.3,184.0,12.7,1.01,158.0,4.9,93.0,4.19,7.5,7.5,240.0,1.0,3.0,4.0,2.0,,2.0,1.0,1.0,1.0,1.0,2.0,0
130425.0,68.0,1.91,38.4,113.8,116.0,66.0,125.0,44.0,5.5,4.67,136.0,4.7,10.7,171.0,19.3,1.0,78.0,4.7,93.0,8.65,8.0,8.0,180.0,2.0,3.0,4.0,2.0,,2.0,1.0,2.0,1.0,2.0,3.0,0
130430.0,27.0,3.43,22.2,77.4,118.0,68.0,123.0,54.0,4.7,0.33,140.0,5.7,13.4,328.0,12.3,0.71,58.0,4.3,88.0,3.0,7.0,9.0,720.0,2.0,3.0,5.0,2.0,,2.0,2.0,2.0,,2.0,1.0,0
130431.0,80.0,1.19,29.9,100.1,137.0,60.0,161.0,65.0,8.2,0.59,139.0,5.6,13.0,188.0,13.5,0.64,113.0,2.7,183.0,10.36,10.0,10.0,240.0,2.0,1.0,1.0,2.0,,1.0,1.0,9.0,1.0,2.0,4.0,0
130434.0,54.0,0.67,49.7,150.5,100.0,68.0,154.0,37.0,8.7,5.31,135.0,7.8,16.2,203.0,14.7,1.0,451.0,7.4,176.0,18.43,8.0,11.5,360.0,1.0,7.0,3.0,2.0,,1.0,1.0,1.0,1.0,1.0,4.0,1
130436.0,50.0,5.0,31.9,105.0,132.0,89.0,129.0,49.0,5.3,0.71,142.0,7.0,17.4,197.0,13.4,0.85,73.0,5.6,98.0,4.94,7.5,8.5,180.0,1.0,3.0,5.0,2.0,,2.0,1.0,1.0,2.0,1.0,2.0,0
130437.0,43.0,1.09,37.0,109.0,108.0,68.0,194.0,37.0,5.5,2.75,141.0,8.7,14.1,304.0,13.9,0.74,288.0,8.5,94.0,7.13,7.5,9.0,120.0,2.0,3.0,4.0,1.0,3.0,2.0,2.0,2.0,,2.0,2.0,0
130438.0,63.0,5.0,24.8,98.0,141.0,79.0,168.0,43.0,6.7,0.52,137.0,5.5,14.0,274.0,13.1,0.84,179.0,3.6,138.0,10.96,7.5,9.5,660.0,1.0,2.0,3.0,2.0,,1.0,2.0,1.0,,1.0,3.0,0
130441.0,33.0,5.0,21.2,77.5,110.0,72.0,192.0,64.0,5.2,0.39,140.0,5.0,13.1,256.0,12.3,0.74,61.0,4.1,96.0,6.57,8.0,8.0,180.0,2.0,6.0,5.0,2.0,,2.0,2.0,1.0,,2.0,2.0,0
130442.0,43.0,5.0,42.6,,151.0,90.0,165.0,53.0,5.6,8.18,137.0,12.1,16.3,264.0,12.5,0.75,154.0,6.5,116.0,205.18,7.0,8.0,600.0,1.0,3.0,5.0,2.0,,2.0,2.0,2.0,,2.0,4.0,0
130443.0,41.0,0.65,24.9,93.2,114.0,71.0,151.0,40.0,5.3,0.44,139.0,5.8,15.7,236.0,13.3,0.72,59.0,5.4,80.0,1.11,6.5,6.5,30.0,1.0,3.0,1.0,2.0,,2.0,2.0,2.0,,2.0,2.0,0
130444.0,77.0,4.36,34.6,101.8,127.0,77.0,188.0,58.0,4.6,2.93,137.0,4.5,14.2,277.0,12.7,0.56,99.0,4.8,96.0,17.61,7.0,7.0,300.0,2.0,3.0,3.0,2.0,,2.0,2.0,2.0,,2.0,1.0,0
130449.0,26.0,3.47,34.6,117.2,111.0,71.0,177.0,50.0,5.1,2.09,137.0,7.1,14.6,331.0,12.9,0.78,103.0,3.6,79.0,6.21,8.5,10.0,300.0,2.0,3.0,4.0,1.0,3.0,2.0,2.0,2.0,,2.0,3.0,0
130450.0,54.0,1.65,36.3,116.0,103.0,74.0,205.0,43.0,6.0,0.93,138.0,6.1,13.6,222.0,13.5,1.19,166.0,4.7,106.0,7.83,8.0,8.0,240.0,1.0,3.0,2.0,1.0,3.0,3.0,1.0,1.0,1.0,1.0,5.0,1
130453.0,70.0,3.82,34.5,133.3,142.0,91.0,165.0,42.0,5.7,4.5,137.0,7.6,14.4,249.0,13.1,0.98,96.0,6.7,94.0,5.8,5.0,5.0,180.0,1.0,3.0,3.0,1.0,3.0,2.0,2.0,2.0,,2.0,4.0,0
130456.0,24.0,2.33,22.0,77.2,113.0,75.0,198.0,62.0,4.9,0.68,138.0,8.1,14.6,272.0,12.9,0.88,155.0,3.8,86.0,30.44,9.0,10.0,180.0,2.0,3.0,4.0,1.0,3.0,2.0,2.0,2.0,,2.0,3.0,0
130457.0,38.0,5.0,23.0,78.0,128.0,82.0,168.0,66.0,4.9,6.67,134.0,10.3,12.7,379.0,14.3,1.1,89.0,3.9,86.0,1.31,8.5,13.5,780.0,2.0,3.0,5.0,1.0,3.0,2.0,2.0,2.0,,2.0,4.0,0
130461.0,71.0,5.0,38.7,138.0,118.0,82.0,196.0,67.0,6.6,17.05,134.0,11.9,13.4,333.0,13.6,1.12,188.0,5.1,114.0,10.9,9.0,9.0,360.0,2.0,3.0,5.0,2.0,,1.0,1.0,1.0,1.0,1.0,2.0,0
130465.0,77.0,5.0,37.9,125.0,112.0,67.0,84.0,40.0,5.2,4.67,141.0,8.2,10.9,177.0,14.3,1.56,58.0,8.5,123.0,43.54,8.5,8.0,480.0,1.0,4.0,5.0,1.0,3.0,2.0,1.0,2.0,1.0,2.0,4.0,1
130466.0,69.0,,24.7,81.2,120.0,67.0,200.0,60.0,5.5,0.34,142.0,4.5,14.0,154.0,13.5,0.86,146.0,5.0,81.0,7.65,9.5,9.5,180.0,1.0,6.0,3.0,1.0,3.0,2.0,2.0,2.0,,2.0,3.0,0
130467.0,53.0,1.08,21.4,89.2,128.0,72.0,167.0,35.0,5.7,0.68,142.0,11.8,14.6,320.0,13.6,0.86,176.0,5.1,83.0,9.06,8.5,9.5,60.0,1.0,2.0,4.0,1.0,1.0,2.0,2.0,2.0,,2.0,2.0,0
130473.0,26.0,5.0,22.6,76.1,95.0,60.0,216.0,60.0,5.4,0.55,140.0,6.5,12.2,301.0,12.6,0.73,91.0,4.8,87.0,6.25,8.0,8.5,720.0,2.0,7.0,5.0,2.0,,2.0,2.0,1.0,,2.0,2.0,0
130474.0,55.0,5.0,20.7,77.6,153.0,84.0,234.0,94.0,5.4,0.5,145.0,6.1,14.5,196.0,13.1,0.71,58.0,3.3,97.0,13.07,8.5,7.5,180.0,2.0,3.0,4.0,2.0,,2.0,2.0,2.0,,2.0,2.0,0
130475.0,55.0,5.0,33.2,105.8,124.0,84.0,155.0,38.0,6.8,7.24,139.0,8.7,14.5,236.0,12.6,0.68,132.0,3.5,161.0,48.08,7.0,7.0,960.0,2.0,3.0,5.0,1.0,3.0,1.0,1.0,1.0,1.0,1.0,3.0,0
130477.0,50.0,5.0,24.0,87.6,121.0,72.0,264.0,40.0,6.0,0.9,140.0,4.9,14.2,266.0,13.7,0.86,283.0,5.5,100.0,10.73,7.0,8.5,180.0,1.0,3.0,5.0,2.0,,2.0,2.0,1.0,,2.0,3.0,0
130478.0,69.0,,16.7,66.0,108.0,61.0,197.0,75.0,5.8,2.07,142.0,7.4,12.1,258.0,13.4,0.76,70.0,2.3,81.0,8.46,10.0,10.0,240.0,2.0,3.0,5.0,1.0,3.0,2.0,2.0,1.0,,1.0,3.0,0
130489.0,57.0,2.73,29.0,97.0,116.0,77.0,172.0,53.0,6.6,0.42,137.0,7.6,15.4,213.0,12.7,0.72,92.0,6.5,156.0,5.01,7.5,5.0,120.0,1.0,2.0,2.0,1.0,3.0,1.0,1.0,1.0,1.0,1.0,3.0,0
130491.0,69.0,0.79,36.6,125.0,91.0,63.0,175.0,48.0,6.3,5.65,142.0,8.2,15.6,310.0,13.8,0.7,173.0,6.2,99.0,53.08,6.0,6.0,300.0,2.0,7.0,4.0,1.0,1.0,2.0,1.0,1.0,1.0,1.0,4.0,1
130493.0,72.0,,35.0,105.4,111.0,75.0,157.0,45.0,5.4,1.89,141.0,5.7,14.8,199.0,14.7,0.89,145.0,3.9,88.0,5.01,8.0,8.0,360.0,2.0,3.0,5.0,1.0,3.0,2.0,1.0,1.0,1.0,1.0,4.0,1
130494.0,73.0,1.52,29.6,100.6,102.0,61.0,217.0,54.0,5.5,2.17,142.0,4.8,11.6,230.0,13.5,0.78,70.0,5.5,97.0,6.34,8.0,8.0,240.0,2.0,3.0,4.0,2.0,,2.0,2.0,2.0,,2.0,2.0,0
130495.0,60.0,0.96,32.2,116.2,120.0,80.0,164.0,53.0,6.2,2.44,135.0,8.1,16.1,440.0,13.2,1.05,80.0,6.4,98.0,29.88,10.0,11.0,60.0,1.0,3.0,3.0,1.0,1.0,2.0,2.0,2.0,,2.0,3.0,0
130497.0,74.0,2.06,32.4,109.1,110.0,78.0,204.0,72.0,5.5,1.11,141.0,6.5,14.8,256.0,13.8,1.08,59.0,5.3,113.0,7.51,5.0,5.0,480.0,1.0,3.0,3.0,1.0,3.0,2.0,2.0,1.0,,1.0,3.0,0
130500.0,60.0,3.97,30.6,82.3,138.0,82.0,146.0,72.0,5.6,1.05,142.0,7.5,13.1,242.0,14.5,0.78,35.0,3.0,88.0,6.17,7.0,6.0,540.0,2.0,4.0,5.0,1.0,3.0,2.0,2.0,2.0,,2.0,2.0,0
130502.0,71.0,4.06,25.3,96.9,162.0,81.0,196.0,84.0,5.3,0.66,137.0,4.9,14.6,158.0,13.0,1.15,62.0,5.7,106.0,13.1,7.5,7.5,300.0,1.0,3.0,5.0,2.0,,2.0,1.0,1.0,1.0,1.0,2.0,0
130503.0,75.0,3.44,45.2,140.3,146.0,86.0,146.0,43.0,5.6,4.66,136.0,6.6,15.2,266.0,13.0,1.09,125.0,5.5,111.0,4.28,8.0,8.0,300.0,1.0,3.0,5.0,2.0,,2.0,1.0,2.0,1.0,2.0,3.0,0
130504.0,67.0,3.43,55.1,,147.0,65.0,167.0,48.0,8.9,2.53,140.0,4.5,12.2,156.0,14.0,,66.0,,145.0,69.58,8.0,8.0,300.0,2.0,7.0,5.0,2.0,,1.0,1.0,2.0,1.0,2.0,3.0,0
130506.0,22.0,2.43,22.7,74.0,115.0,67.0,136.0,53.0,5.5,0.11,137.0,6.4,9.8,270.0,18.2,0.73,57.0,2.5,85.0,4.47,7.5,8.0,180.0,2.0,4.0,4.0,2.0,,2.0,2.0,2.0,,2.0,3.0,0
130508.0,69.0,0.73,22.9,85.6,107.0,63.0,194.0,70.0,5.7,7.35,141.0,10.6,12.1,300.0,13.1,0.72,136.0,4.2,80.0,11.72,7.5,7.5,60.0,2.0,3.0,3.0,1.0,1.0,2.0,2.0,1.0,,1.0,1.0,0
130509.0,51.0,5.0,42.7,117.0,121.0,95.0,178.0,51.0,6.2,29.89,137.0,13.9,13.0,426.0,14.5,0.63,135.0,6.2,98.0,10.47,5.5,7.5,360.0,2.0,7.0,4.0,2.0,,2.0,1.0,2.0,1.0,2.0,3.0,0
130515.0,54.0,1.64,24.2,88.4,100.0,58.0,210.0,60.0,5.7,0.36,139.0,6.4,12.1,218.0,13.7,0.72,91.0,4.2,85.0,7.6,8.5,10.0,120.0,2.0,2.0,4.0,2.0,,2.0,2.0,2.0,,2.0,1.0,0
130517.0,30.0,3.02,26.4,91.1,130.0,80.0,193.0,44.0,5.3,0.37,141.0,6.3,14.9,424.0,13.2,0.97,86.0,5.7,93.0,5.94,4.5,4.5,180.0,1.0,3.0,4.0,2.0,,2.0,2.0,1.0,,2.0,3.0,0
130520.0,29.0,5.0,24.4,77.2,115.0,64.0,145.0,52.0,4.6,0.35,135.0,5.3,14.7,187.0,12.6,0.93,56.0,4.8,82.0,5.28,8.5,9.0,480.0,1.0,4.0,5.0,2.0,,2.0,2.0,2.0,,2.0,2.0,0
130522.0,58.0,1.46,28.3,106.5,119.0,76.0,144.0,40.0,5.6,4.47,137.0,13.4,15.1,264.0,13.3,0.79,253.0,5.0,93.0,0.81,8.5,8.5,420.0,1.0,3.0,1.0,1.0,1.0,2.0,2.0,1.0,,1.0,4.0,1
130523.0,61.0,5.0,19.9,84.0,95.0,63.0,237.0,63.0,5.4,0.43,141.0,5.5,14.7,249.0,14.2,0.68,187.0,4.2,77.0,5.22,7.5,7.5,300.0,2.0,3.0,5.0,2.0,,2.0,2.0,1.0,,2.0,3.0,0
130525.0,70.0,,22.6,92.9,130.0,87.0,189.0,72.0,5.7,0.72,135.0,5.6,16.2,211.0,13.5,0.97,50.0,5.9,98.0,6.43,8.0,8.0,300.0,1.0,3.0,5.0,2.0,,2.0,2.0,1.0,,1.0,1.0,0
130527.0,79.0,4.31,27.4,99.5,146.0,75.0,161.0,64.0,5.5,0.33,130.0,5.2,13.0,243.0,13.0,1.22,88.0,5.6,160.0,752.59,8.0,9.0,720.0,1.0,3.0,5.0,2.0,,1.0,1.0,2.0,1.0,1.0,2.0,0
130530.0,69.0,1.23,22.1,80.1,130.0,70.0,239.0,78.0,5.5,1.09,141.0,4.0,12.8,269.0,12.3,0.77,94.0,4.3,101.0,5.69,7.0,7.0,200.0,2.0,3.0,5.0,2.0,,2.0,2.0,2.0,,2.0,1.0,0
130533.0,80.0,4.71,33.5,,96.0,58.0,103.0,33.0,7.9,3.88,139.0,6.3,13.7,141.0,16.1,1.8,337.0,2.7,147.0,8.87,9.0,7.0,480.0,1.0,3.0,4.0,2.0,,1.0,1.0,2.0,1.0,1.0,3.0,1
130537.0,62.0,3.58,27.0,99.0,112.0,69.0,159.0,65.0,5.8,3.8,138.0,3.9,15.4,299.0,13.9,0.94,47.0,5.6,103.0,26.29,8.0,8.0,60.0,1.0,3.0,4.0,2.0,,2.0,1.0,1.0,1.0,1.0,1.0,0
130538.0,63.0,5.0,31.0,103.1,114.0,64.0,170.0,54.0,5.4,0.4,139.0,5.8,14.2,199.0,13.4,0.94,73.0,4.3,98.0,6.72,7.0,7.0,540.0,1.0,3.0,5.0,2.0,,2.0,2.0,2.0,,2.0,2.0,0
130541.0,30.0,,21.7,76.7,104.0,62.0,177.0,54.0,5.1,0.82,138.0,8.5,13.5,380.0,13.7,0.63,93.0,4.7,96.0,9.38,8.0,9.0,240.0,2.0,3.0,5.0,2.0,,2.0,2.0,2.0,,2.0,2.0,0
130545.0,32.0,,25.2,91.3,137.0,84.0,203.0,104.0,5.7,0.8,142.0,5.9,13.2,263.0,13.8,1.03,68.0,5.8,103.0,3.32,5.5,8.5,120.0,1.0,4.0,3.0,1.0,3.0,2.0,1.0,2.0,2.0,2.0,3.0,0
130546.0,24.0,,19.8,75.0,121.0,67.0,165.0,44.0,5.2,0.22,140.0,4.6,14.7,266.0,13.0,1.08,147.0,5.4,100.0,3.96,9.0,9.0,480.0,1.0,7.0,2.0,2.0,,2.0,2.0,2.0,,2.0,3.0,0
130550.0,66.0,5.0,23.7,83.4,136.0,81.0,231.0,72.0,5.6,1.67,139.0,4.7,12.4,252.0,12.9,0.61,77.0,5.2,109.0,8.8,7.5,7.5,240.0,2.0,3.0,5.0,2.0,,2.0,2.0,1.0,,1.0,2.0,0
130552.0,54.0,0.92,33.6,99.1,143.0,90.0,188.0,65.0,5.5,1.51,140.0,4.0,13.1,195.0,15.9,0.64,65.0,2.5,78.0,5.99,6.0,8.0,360.0,2.0,4.0,2.0,2.0,,2.0,2.0,1.0,,2.0,2.0,0
130553.0,28.0,5.0,31.0,92.8,159.0,115.0,229.0,70.0,4.7,3.24,139.0,7.2,11.3,332.0,15.6,0.8,51.0,4.8,82.0,24.5,9.0,9.0,600.0,2.0,4.0,4.0,2.0,,2.0,2.0,1.0,,2.0,2.0,0
130555.0,64.0,5.0,27.1,101.8,114.0,61.0,251.0,50.0,5.4,0.55,140.0,5.2,15.1,162.0,13.2,0.97,159.0,4.3,92.0,4.27,8.0,7.0,540.0,1.0,3.0,5.0,2.0,,2.0,2.0,1.0,,2.0,2.0,0
130557.0,62.0,3.57,35.8,130.4,130.0,79.0,130.0,35.0,8.3,4.64,137.0,13.7,17.2,350.0,14.7,0.75,211.0,4.4,149.0,181.95,9.0,9.0,480.0,1.0,3.0,4.0,1.0,3.0,1.0,1.0,1.0,1.0,1.0,4.0,1
130558.0,69.0,0.92,28.2,106.8,120.0,81.0,210.0,32.0,6.0,1.5,140.0,11.3,15.1,235.0,14.5,1.17,195.0,6.6,106.0,4.65,6.0,6.0,720.0,1.0,3.0,4.0,1.0,1.0,2.0,2.0,2.0,,2.0,4.0,0
130559.0,66.0,5.0,24.5,95.3,134.0,77.0,199.0,59.0,5.3,0.69,140.0,4.9,14.8,213.0,13.2,0.92,92.0,5.6,90.0,4.26,8.5,8.5,600.0,1.0,3.0,5.0,2.0,,2.0,2.0,2.0,,2.0,1.0,0
130562.0,63.0,0.51,35.2,104.7,131.0,90.0,217.0,53.0,6.4,4.74,139.0,6.9,13.2,266.0,13.8,0.67,130.0,5.1,112.0,52.84,8.5,9.0,180.0,2.0,1.0,1.0,2.0,,3.0,1.0,1.0,1.0,1.0,4.0,0
130563.0,78.0,4.62,24.7,98.0,114.0,79.0,171.0,54.0,5.8,3.31,139.0,5.5,13.9,226.0,14.9,1.08,96.0,7.0,92.0,492.89,4.0,4.0,300.0,1.0,2.0,5.0,2.0,,2.0,2.0,2.0,,2.0,3.0,0
130566.0,66.0,0.07,33.4,107.6,123.0,75.0,196.0,42.0,7.3,6.36,136.0,6.6,15.2,194.0,13.6,1.11,201.0,6.8,132.0,0.32,8.0,8.5,300.0,1.0,3.0,5.0,2.0,,2.0,1.0,2.0,1.0,2.0,2.0,0
130568.0,80.0,1.94,29.7,99.6,136.0,86.0,201.0,64.0,5.4,1.41,140.0,7.1,13.7,260.0,13.2,0.89,100.0,3.6,91.0,12.83,8.5,8.5,600.0,2.0,2.0,5.0,1.0,3.0,2.0,1.0,2.0,1.0,2.0,3.0,0
130569.0,47.0,1.41,23.1,84.2,114.0,63.0,200.0,32.0,8.8,8.57,136.0,4.2,12.7,198.0,13.8,0.45,488.0,2.8,194.0,63.48,7.0,8.0,120.0,2.0,1.0,2.0,2.0,,1.0,2.0,1.0,,1.0,4.0,0
130571.0,77.0,,29.5,104.9,148.0,68.0,207.0,53.0,6.0,0.8,139.0,6.5,13.9,259.0,13.9,0.84,228.0,6.2,101.0,12.2,6.5,7.0,90.0,2.0,3.0,4.0,2.0,,2.0,1.0,2.0,1.0,2.0,2.0,1
130573.0,65.0,3.97,27.7,104.0,122.0,78.0,153.0,47.0,7.6,2.32,140.0,8.3,13.6,303.0,12.8,0.71,98.0,6.0,94.0,1.91,6.5,6.5,120.0,2.0,6.0,2.0,2.0,,1.0,2.0,1.0,,1.0,3.0,0
130576.0,50.0,0.18,32.1,102.8,121.0,73.0,107.0,24.0,5.5,0.17,140.0,6.0,14.5,254.0,14.5,1.11,313.0,4.6,97.0,4.21,8.0,8.0,180.0,1.0,2.0,4.0,1.0,3.0,2.0,2.0,1.0,,1.0,3.0,0
130577.0,61.0,1.66,32.4,109.3,124.0,80.0,232.0,79.0,6.1,4.74,144.0,6.5,12.4,189.0,16.3,0.65,55.0,4.0,74.0,7.49,6.0,5.5,180.0,2.0,4.0,2.0,2.0,,2.0,1.0,2.0,1.0,2.0,2.0,0
130579.0,80.0,5.0,27.1,100.1,130.0,79.0,108.0,47.0,6.0,0.84,142.0,6.6,14.9,213.0,14.2,1.59,58.0,6.7,104.0,64.13,9.0,9.0,90.0,1.0,3.0,5.0,1.0,3.0,2.0,2.0,1.0,,1.0,4.0,1
130580.0,51.0,,27.1,107.4,126.0,90.0,203.0,42.0,6.0,2.88,141.0,5.2,14.2,308.0,13.7,0.88,326.0,6.9,93.0,10.32,6.5,6.5,120.0,1.0,2.0,2.0,1.0,3.0,2.0,1.0,1.0,1.0,1.0,1.0,0
130582.0,32.0,2.16,31.6,100.3,123.0,75.0,214.0,37.0,5.1,0.65,140.0,4.5,14.7,221.0,13.3,1.01,103.0,6.7,96.0,5.72,7.5,8.0,360.0,1.0,7.0,5.0,2.0,,2.0,2.0,2.0,,2.0,2.0,0
130585.0,60.0,2.61,33.1,113.7,193.0,110.0,183.0,48.0,5.9,3.17,138.0,7.8,13.4,196.0,15.9,1.32,77.0,5.6,87.0,16.8,9.0,14.0,540.0,1.0,4.0,5.0,2.0,,2.0,1.0,2.0,1.0,2.0,3.0,0
130590.0,51.0,4.08,29.7,98.7,127.0,84.0,142.0,54.0,5.8,3.52,140.0,12.9,14.5,282.0,13.4,0.84,141.0,4.2,95.0,12.74,7.0,6.5,240.0,2.0,3.0,5.0,1.0,1.0,2.0,1.0,2.0,1.0,1.0,3.0,0
130593.0,79.0,2.41,31.8,112.6,137.0,73.0,178.0,56.0,6.1,1.97,137.0,8.1,12.5,174.0,14.8,1.76,226.0,6.6,124.0,63.06,7.0,7.0,720.0,1.0,3.0,2.0,1.0,3.0,3.0,2.0,1.0,,1.0,3.0,1
130596.0,66.0,,36.2,122.0,159.0,99.0,215.0,65.0,5.7,5.08,135.0,5.7,12.2,306.0,14.3,0.8,171.0,5.4,89.0,24.2,6.0,8.0,60.0,2.0,2.0,4.0,2.0,,2.0,1.0,2.0,2.0,2.0,4.0,0
130598.0,60.0,5.0,27.6,97.0,114.0,75.0,164.0,46.0,5.5,0.31,140.0,7.2,16.6,165.0,12.9,1.03,154.0,4.0,89.0,15.33,8.5,9.5,300.0,1.0,3.0,3.0,1.0,3.0,2.0,1.0,1.0,1.0,1.0,3.0,0
130599.0,54.0,2.17,50.2,133.0,99.0,78.0,184.0,41.0,6.1,3.15,141.0,8.5,14.6,234.0,14.9,0.83,91.0,6.6,99.0,15.83,5.0,6.0,240.0,2.0,2.0,1.0,1.0,3.0,2.0,1.0,1.0,1.0,2.0,4.0,0
130601.0,56.0,4.54,24.1,86.2,114.0,81.0,211.0,54.0,5.3,1.66,137.0,5.8,14.6,227.0,13.6,0.82,138.0,5.4,86.0,8.04,7.5,9.5,120.0,2.0,3.0,3.0,2.0,,2.0,2.0,2.0,,2.0,2.0,0
130603.0,75.0,4.17,29.7,109.0,114.0,64.0,156.0,51.0,5.6,0.77,138.0,5.5,14.6,231.0,15.1,1.35,99.0,5.2,103.0,6.06,7.5,7.5,180.0,1.0,3.0,2.0,1.0,3.0,3.0,2.0,1.0,,1.0,2.0,1
130604.0,61.0,2.31,39.7,118.0,111.0,63.0,176.0,68.0,6.7,2.45,142.0,6.6,12.5,153.0,15.8,0.68,154.0,5.8,130.0,15.07,10.0,10.0,600.0,2.0,3.0,4.0,1.0,3.0,1.0,1.0,1.0,1.0,1.0,4.0,1
130606.0,29.0,4.68,35.8,110.8,103.0,67.0,183.0,48.0,5.3,2.34,138.0,9.2,13.7,303.0,13.0,0.55,165.0,6.3,78.0,15.23,8.5,8.5,240.0,2.0,3.0,3.0,2.0,,2.0,2.0,2.0,,2.0,1.0,0
130607.0,36.0,0.61,38.4,109.0,112.0,77.0,237.0,43.0,5.9,3.1,138.0,6.8,14.5,254.0,13.2,0.62,198.0,4.4,107.0,21.64,7.5,7.5,180.0,2.0,1.0,4.0,1.0,3.0,2.0,2.0,1.0,,2.0,4.0,0
130609.0,40.0,,23.6,80.9,130.0,80.0,218.0,53.0,5.7,0.89,140.0,6.9,12.4,326.0,14.3,0.83,99.0,5.7,88.0,15.78,9.0,8.5,300.0,2.0,2.0,5.0,2.0,,2.0,1.0,2.0,1.0,2.0,2.0,0
130611.0,70.0,,27.7,101.9,151.0,92.0,291.0,56.0,6.0,3.29,141.0,7.4,13.9,290.0,13.3,0.83,161.0,5.5,100.0,11.11,7.0,7.0,180.0,2.0,3.0,5.0,2.0,,2.0,2.0,1.0,,2.0,1.0,0
130616.0,43.0,5.0,29.4,95.0,122.0,82.0,179.0,37.0,5.3,1.19,138.0,5.2,15.4,266.0,13.4,1.31,76.0,4.1,87.0,5.8,5.0,7.0,480.0,1.0,3.0,5.0,1.0,1.0,2.0,2.0,1.0,,2.0,2.0,0
130617.0,36.0,5.0,22.1,72.5,127.0,84.0,166.0,68.0,5.0,0.75,139.0,10.8,13.0,351.0,12.6,0.73,53.0,4.0,85.0,0.88,8.0,8.0,720.0,2.0,3.0,5.0,2.0,,2.0,2.0,2.0,,2.0,2.0,0
130619.0,27.0,0.87,26.4,94.4,119.0,70.0,150.0,45.0,5.1,0.25,136.0,5.8,15.8,251.0,13.8,0.87,86.0,6.2,92.0,,8.0,5.0,360.0,1.0,7.0,3.0,1.0,3.0,2.0,2.0,2.0,,2.0,3.0,0
130621.0,68.0,5.0,30.0,102.8,96.0,63.0,123.0,56.0,6.2,0.86,141.0,7.3,14.7,281.0,13.3,1.18,112.0,4.9,114.0,3.54,7.0,6.0,840.0,1.0,3.0,5.0,2.0,,2.0,1.0,1.0,1.0,1.0,4.0,0
130623.0,46.0,3.7,26.4,88.5,124.0,77.0,194.0,66.0,5.2,1.02,139.0,7.5,10.8,238.0,14.5,1.05,71.0,5.3,86.0,0.95,7.5,7.5,180.0,2.0,3.0,5.0,2.0,,2.0,1.0,2.0,2.0,2.0,1.0,0
130627.0,73.0,3.0,31.9,121.8,142.0,76.0,150.0,35.0,6.5,2.3,143.0,10.5,16.0,232.0,13.5,1.28,187.0,5.5,163.0,73.95,10.0,10.0,720.0,1.0,3.0,3.0,1.0,3.0,1.0,1.0,1.0,1.0,1.0,5.0,0
130628.0,22.0,2.52,19.7,75.5,109.0,59.0,125.0,47.0,5.7,0.98,144.0,6.4,15.7,172.0,13.1,1.1,39.0,5.2,100.0,3.51,7.0,8.0,9999.0,1.0,2.0,4.0,1.0,1.0,2.0,2.0,2.0,,2.0,2.0,0
130629.0,73.0,5.0,26.8,99.5,132.0,69.0,147.0,57.0,5.1,0.6,141.0,3.4,13.5,103.0,14.5,1.04,112.0,6.1,94.0,4.57,8.5,8.5,480.0,1.0,3.0,5.0,2.0,,2.0,2.0,2.0,,1.0,1.0,0
130634.0,51.0,2.82,22.6,73.7,113.0,81.0,224.0,72.0,5.5,0.53,139.0,5.9,12.9,221.0,13.6,0.74,51.0,4.3,85.0,12.27,8.5,8.5,120.0,2.0,3.0,4.0,1.0,3.0,2.0,2.0,2.0,,2.0,2.0,0
130636.0,57.0,,20.1,,109.0,62.0,244.0,78.0,5.4,0.32,140.0,6.3,11.7,199.0,14.0,0.68,90.0,4.7,86.0,13.03,8.5,7.5,120.0,2.0,7.0,4.0,2.0,,2.0,2.0,2.0,,2.0,3.0,0
130637.0,61.0,5.0,30.4,99.2,125.0,70.0,239.0,45.0,5.7,1.71,138.0,6.7,14.6,299.0,13.7,1.08,152.0,5.1,91.0,4.56,6.5,8.0,300.0,1.0,1.0,4.0,2.0,,2.0,2.0,1.0,,2.0,1.0,0
130640.0,31.0,0.23,31.8,81.5,112.0,75.0,106.0,44.0,5.6,3.62,135.0,6.7,10.9,215.0,15.4,0.39,49.0,5.1,93.0,7.85,6.5,6.0,180.0,2.0,4.0,4.0,2.0,,2.0,1.0,2.0,2.0,2.0,4.0,0
130642.0,43.0,5.0,31.5,106.0,121.0,90.0,240.0,32.0,6.2,9.05,139.0,15.1,15.6,437.0,14.8,1.04,202.0,8.9,94.0,12.2,7.5,8.5,360.0,1.0,6.0,5.0,2.0,,2.0,1.0,1.0,1.0,2.0,4.0,0
130643.0,73.0,,29.0,101.8,154.0,71.0,102.0,39.0,5.2,0.91,140.0,5.0,13.6,130.0,15.3,1.34,70.0,5.2,110.0,5.09,7.0,8.0,360.0,1.0,4.0,4.0,2.0,,3.0,1.0,2.0,1.0,2.0,2.0,0
130644.0,30.0,3.02,32.9,99.7,103.0,64.0,168.0,55.0,5.5,3.75,137.0,8.3,13.5,381.0,13.8,0.77,87.0,4.5,86.0,4.02,10.0,10.0,600.0,2.0,1.0,5.0,2.0,,2.0,2.0,2.0,,2.0,3.0,0
130645.0,47.0,0.39,19.1,72.3,108.0,70.0,171.0,90.0,5.0,0.43,138.0,4.7,12.3,179.0,13.5,0.66,41.0,4.3,86.0,0.64,7.5,8.0,240.0,2.0,2.0,4.0,2.0,,2.0,2.0,2.0,,2.0,2.0,0
130646.0,79.0,,36.8,123.2,105.0,61.0,188.0,60.0,5.6,9.19,139.0,8.4,12.3,314.0,17.1,1.26,83.0,7.9,110.0,6.63,7.5,7.5,300.0,2.0,3.0,5.0,2.0,,2.0,2.0,2.0,,2.0,3.0,0
130647.0,65.0,1.04,56.3,168.0,122.0,82.0,151.0,38.0,6.2,2.14,141.0,7.2,13.8,244.0,13.9,1.3,147.0,5.6,107.0,3.44,9.0,7.0,360.0,1.0,7.0,4.0,1.0,3.0,2.0,1.0,1.0,1.0,1.0,4.0,1
130651.0,80.0,3.68,28.4,,139.0,82.0,140.0,39.0,5.6,15.37,145.0,4.7,12.3,195.0,14.1,1.14,149.0,6.5,92.0,35.73,8.0,8.0,720.0,2.0,3.0,3.0,2.0,,2.0,1.0,1.0,1.0,1.0,4.0,0
130652.0,34.0,1.97,23.3,87.0,122.0,77.0,208.0,75.0,5.6,0.76,141.0,8.0,14.4,269.0,13.0,1.07,207.0,6.1,79.0,7.27,9.5,9.5,60.0,1.0,3.0,4.0,1.0,3.0,2.0,2.0,1.0,,2.0,2.0,0
130654.0,72.0,2.29,26.2,92.0,103.0,78.0,331.0,78.0,5.4,1.51,141.0,10.6,14.4,341.0,14.3,1.1,161.0,4.4,104.0,7.63,6.0,6.5,120.0,2.0,1.0,4.0,2.0,,2.0,2.0,2.0,,2.0,1.0,0
130655.0,69.0,5.0,25.3,89.8,109.0,69.0,203.0,85.0,5.7,0.29,139.0,3.5,16.3,203.0,12.9,0.88,49.0,3.8,95.0,4.81,7.5,7.5,360.0,1.0,3.0,5.0,2.0,,2.0,2.0,1.0,,1.0,2.0,0
130656.0,64.0,1.01,33.6,98.0,125.0,73.0,219.0,59.0,5.9,1.61,141.0,12.2,12.7,277.0,13.5,0.62,81.0,3.8,89.0,8.97,7.0,10.0,120.0,2.0,2.0,1.0,2.0,,2.0,2.0,1.0,,1.0,4.0,0
130658.0,69.0,0.77,33.3,116.9,117.0,64.0,120.0,41.0,6.2,6.82,138.0,9.9,15.5,242.0,14.6,1.6,68.0,8.9,107.0,14.82,8.0,8.0,180.0,1.0,2.0,3.0,2.0,,2.0,1.0,1.0,1.0,1.0,3.0,0
130662.0,52.0,0.85,30.9,98.8,128.0,84.0,191.0,53.0,5.5,1.75,140.0,4.9,14.1,264.0,16.1,1.84,93.0,4.1,89.0,297.03,7.5,7.5,480.0,2.0,4.0,3.0,1.0,1.0,2.0,1.0,1.0,1.0,1.0,4.0,1
130663.0,76.0,2.73,25.9,93.2,137.0,69.0,190.0,54.0,5.8,3.96,141.0,6.9,12.5,328.0,14.6,0.77,295.0,4.4,74.0,1.5,9.0,9.0,300.0,2.0,2.0,5.0,1.0,3.0,2.0,2.0,1.0,,1.0,2.0,0
130664.0,37.0,0.89,,,130.0,100.0,246.0,54.0,5.4,4.17,138.0,7.8,16.3,310.0,14.9,1.03,126.0,6.9,85.0,0.38,3.0,3.0,240.0,1.0,3.0,3.0,1.0,1.0,2.0,1.0,1.0,2.0,2.0,4.0,0
130665.0,55.0,0.88,23.4,80.8,135.0,85.0,171.0,64.0,12.0,1.67,131.0,8.0,15.0,413.0,12.9,0.57,122.0,2.2,261.0,13.62,11.0,10.0,480.0,2.0,1.0,4.0,1.0,2.0,1.0,1.0,1.0,1.0,1.0,4.0,0
130666.0,57.0,3.28,41.7,127.3,187.0,108.0,180.0,40.0,5.7,12.22,141.0,7.6,14.4,169.0,13.8,1.07,156.0,6.1,88.0,5.51,6.5,8.0,120.0,1.0,3.0,3.0,2.0,,2.0,1.0,2.0,2.0,2.0,2.0,0
130668.0,34.0,1.35,35.0,106.8,99.0,73.0,150.0,66.0,4.1,1.7,138.0,6.5,13.1,275.0,13.9,0.65,87.0,4.3,94.0,4.29,7.0,7.0,600.0,2.0,3.0,4.0,1.0,3.0,2.0,2.0,2.0,,2.0,3.0,0
130670.0,70.0,1.61,41.5,115.7,117.0,77.0,162.0,48.0,6.6,2.71,139.0,6.4,12.8,249.0,14.7,0.86,131.0,5.4,153.0,5.38,8.5,9.0,120.0,2.0,3.0,4.0,2.0,,2.0,1.0,2.0,1.0,2.0,2.0,0
130671.0,25.0,1.84,29.0,98.0,95.0,66.0,132.0,41.0,4.6,4.34,141.0,6.7,14.2,244.0,12.2,0.79,99.0,3.8,84.0,13.36,8.0,7.0,300.0,2.0,3.0,4.0,2.0,,2.0,2.0,2.0,,2.0,3.0,0
130674.0,68.0,2.21,21.7,86.4,110.0,70.0,228.0,54.0,5.4,0.74,138.0,7.1,13.2,285.0,13.1,0.78,255.0,5.0,106.0,6.09,7.5,9.5,300.0,2.0,3.0,4.0,1.0,1.0,2.0,1.0,1.0,1.0,2.0,3.0,0
130676.0,25.0,1.37,21.9,76.7,101.0,56.0,173.0,66.0,5.1,0.52,141.0,5.2,14.0,167.0,12.1,0.83,61.0,3.9,96.0,6.81,7.5,9.0,420.0,2.0,1.0,5.0,2.0,,2.0,2.0,2.0,,2.0,1.0,0
130683.0,62.0,5.0,24.8,89.5,118.0,75.0,211.0,48.0,5.5,0.96,139.0,7.1,15.2,245.0,13.6,0.85,80.0,4.2,95.0,5.89,7.5,6.0,420.0,2.0,3.0,4.0,1.0,1.0,2.0,2.0,2.0,,2.0,2.0,0
130686.0,58.0,1.4,26.9,102.6,117.0,71.0,191.0,41.0,6.1,0.9,136.0,11.7,13.7,281.0,12.2,1.06,510.0,10.8,86.0,13.39,7.0,10.0,420.0,1.0,4.0,2.0,1.0,1.0,2.0,2.0,9.0,,1.0,3.0,0
130687.0,73.0,2.13,27.4,107.9,125.0,54.0,126.0,40.0,6.4,8.94,138.0,7.4,13.6,259.0,14.2,0.99,275.0,4.6,112.0,97.22,8.0,9.0,480.0,1.0,3.0,4.0,1.0,3.0,1.0,1.0,1.0,1.0,1.0,5.0,1
130688.0,72.0,2.17,34.3,115.1,140.0,81.0,194.0,52.0,5.7,7.53,141.0,7.4,13.4,190.0,14.0,0.61,170.0,6.1,97.0,11.2,5.5,5.5,360.0,2.0,7.0,5.0,2.0,,2.0,2.0,1.0,,1.0,1.0,0
130690.0,61.0,,23.1,91.1,147.0,80.0,293.0,81.0,5.4,2.13,140.0,6.3,12.9,327.0,13.2,0.79,634.0,8.5,115.0,4.25,6.0,10.0,540.0,1.0,2.0,3.0,2.0,,2.0,2.0,1.0,,2.0,4.0,0
130691.0,32.0,5.0,25.5,84.0,113.0,71.0,205.0,70.0,5.2,1.18,139.0,6.0,14.1,266.0,13.5,0.87,101.0,3.4,79.0,9.36,5.5,10.0,360.0,2.0,3.0,5.0,2.0,,2.0,2.0,2.0,,2.0,2.0,0
130692.0,44.0,3.18,30.3,,127.0,94.0,184.0,60.0,5.0,1.04,,7.2,12.8,169.0,16.7,,,,,9.32,4.5,4.5,1080.0,2.0,7.0,4.0,1.0,1.0,2.0,2.0,2.0,,2.0,3.0,0
130697.0,20.0,1.91,21.4,75.9,106.0,64.0,124.0,53.0,5.1,2.22,138.0,5.9,14.1,240.0,12.6,0.57,44.0,4.0,85.0,14.35,8.0,9.0,720.0,2.0,3.0,3.0,2.0,,2.0,2.0,2.0,,2.0,2.0,0
130701.0,33.0,3.09,19.8,76.7,106.0,71.0,125.0,51.0,5.2,0.35,140.0,7.4,14.1,318.0,13.0,0.58,99.0,5.0,96.0,8.62,7.0,7.0,900.0,2.0,6.0,5.0,2.0,,2.0,2.0,2.0,,2.0,1.0,0
130703.0,51.0,1.09,39.2,126.2,123.0,93.0,207.0,49.0,5.9,7.73,143.0,9.1,14.5,262.0,13.9,1.3,282.0,5.6,112.0,615.29,6.0,5.0,600.0,2.0,7.0,2.0,1.0,1.0,2.0,1.0,2.0,1.0,2.0,4.0,0
130705.0,64.0,5.0,38.1,132.2,142.0,89.0,223.0,59.0,5.6,1.92,139.0,4.9,14.9,175.0,13.7,0.85,97.0,5.8,99.0,4.27,7.5,7.0,300.0,1.0,3.0,5.0,2.0,,2.0,2.0,1.0,,2.0,2.0,0
130707.0,22.0,4.37,18.6,68.5,99.0,69.0,185.0,68.0,5.3,1.66,140.0,3.5,12.9,280.0,13.9,0.87,92.0,4.4,86.0,8.76,7.5,9.0,360.0,2.0,3.0,5.0,2.0,,2.0,2.0,2.0,,2.0,2.0,0
130708.0,58.0,5.0,27.6,99.8,100.0,67.0,183.0,80.0,5.3,1.25,140.0,5.4,13.5,251.0,13.6,0.87,98.0,2.9,90.0,9.79,10.0,10.0,300.0,2.0,3.0,4.0,2.0,,2.0,2.0,2.0,,2.0,2.0,0
130710.0,77.0,2.87,24.6,101.5,132.0,75.0,233.0,59.0,6.1,1.57,140.0,6.6,14.2,318.0,13.3,0.98,228.0,6.6,123.0,17.97,9.5,9.5,240.0,2.0,3.0,4.0,2.0,,2.0,1.0,2.0,1.0,2.0,2.0,0
130711.0,28.0,1.44,21.5,72.2,109.0,67.0,204.0,66.0,4.6,0.54,139.0,6.8,14.0,237.0,13.3,0.7,66.0,4.3,85.0,1.31,8.0,11.0,180.0,2.0,2.0,3.0,2.0,,2.0,2.0,2.0,,2.0,2.0,0
130713.0,69.0,4.42,25.2,97.2,130.0,78.0,120.0,48.0,6.7,1.31,141.0,6.0,14.0,192.0,13.7,1.09,101.0,4.1,134.0,9.08,7.0,7.0,240.0,1.0,3.0,5.0,2.0,,3.0,1.0,1.0,1.0,1.0,3.0,1
130715.0,48.0,3.88,24.6,87.5,129.0,72.0,196.0,60.0,5.6,18.09,142.0,5.6,13.2,240.0,13.0,1.03,68.0,5.2,92.0,5.07,9.0,10.0,90.0,1.0,3.0,3.0,1.0,1.0,2.0,2.0,2.0,,2.0,3.0,0
130717.0,68.0,2.13,28.5,101.3,123.0,72.0,119.0,35.0,6.6,10.82,143.0,6.1,13.3,374.0,13.0,0.7,192.0,6.8,115.0,1.0,7.5,7.0,240.0,2.0,4.0,4.0,2.0,,2.0,2.0,2.0,,2.0,3.0,0
130718.0,65.0,1.51,33.0,113.3,131.0,70.0,143.0,41.0,7.6,3.88,139.0,6.1,15.2,141.0,13.4,0.58,127.0,4.2,142.0,20.69,6.0,9.0,180.0,1.0,1.0,2.0,2.0,,1.0,2.0,1.0,,1.0,4.0,0
130720.0,46.0,0.79,23.8,76.5,112.0,71.0,155.0,67.0,5.4,0.4,140.0,6.3,13.5,293.0,12.9,0.81,71.0,3.6,88.0,5.95,8.5,9.0,120.0,2.0,3.0,4.0,2.0,,2.0,2.0,2.0,,2.0,2.0,1
130722.0,62.0,1.75,35.6,,99.0,77.0,113.0,38.0,8.4,1.16,141.0,7.4,14.6,194.0,13.5,1.03,96.0,5.4,103.0,0.5,6.0,4.0,780.0,2.0,3.0,4.0,1.0,3.0,1.0,1.0,1.0,1.0,1.0,4.0,0
130730.0,76.0,5.0,27.7,100.2,115.0,82.0,235.0,94.0,5.5,0.87,134.0,5.1,12.4,353.0,13.9,1.24,98.0,5.2,101.0,6.97,8.5,8.5,360.0,2.0,3.0,5.0,2.0,,2.0,1.0,1.0,1.0,1.0,3.0,0
130734.0,40.0,2.58,27.3,86.8,124.0,62.0,119.0,42.0,5.5,2.6,140.0,9.8,16.3,241.0,15.2,1.14,45.0,4.8,82.0,3.98,5.0,8.0,180.0,1.0,3.0,4.0,1.0,3.0,2.0,2.0,2.0,,2.0,1.0,0
130739.0,64.0,1.26,30.1,103.0,127.0,67.0,113.0,50.0,7.1,0.53,139.0,5.9,15.1,245.0,14.6,0.95,72.0,4.8,156.0,3.57,8.0,9.0,90.0,1.0,1.0,2.0,2.0,,1.0,1.0,2.0,1.0,2.0,3.0,0
130742.0,62.0,4.57,40.4,127.8,112.0,80.0,204.0,51.0,5.4,1.89,141.0,5.1,13.7,266.0,12.9,0.63,162.0,5.0,79.0,0.81,8.0,9.0,540.0,2.0,3.0,5.0,1.0,3.0,2.0,2.0,1.0,,1.0,3.0,0
130743.0,80.0,,19.9,85.7,152.0,69.0,144.0,55.0,6.6,0.83,140.0,6.0,13.6,196.0,14.7,1.88,73.0,6.6,138.0,34.75,9.0,9.0,360.0,1.0,3.0,4.0,2.0,,1.0,1.0,1.0,1.0,1.0,4.0,1
130744.0,33.0,1.81,41.8,122.0,119.0,84.0,200.0,48.0,5.1,5.95,140.0,8.7,14.3,289.0,13.8,0.7,104.0,3.8,87.0,8.04,8.5,8.5,480.0,2.0,1.0,5.0,2.0,,2.0,1.0,2.0,1.0,2.0,3.0,0
130745.0,38.0,1.85,30.5,93.5,99.0,65.0,187.0,53.0,5.2,2.99,137.0,6.6,11.5,325.0,13.4,0.64,120.0,3.2,91.0,1.4,6.0,8.0,300.0,2.0,1.0,4.0,1.0,3.0,2.0,2.0,2.0,,2.0,3.0,0
130746.0,45.0,0.86,40.1,115.4,111.0,68.0,161.0,34.0,9.7,1.73,136.0,6.8,7.4,351.0,20.1,0.6,91.0,4.0,278.0,8.9,7.0,7.0,360.0,2.0,4.0,3.0,1.0,2.0,1.0,2.0,2.0,,2.0,3.0,0
130752.0,68.0,0.18,26.9,99.9,137.0,87.0,180.0,47.0,6.4,12.28,140.0,6.2,14.5,205.0,14.4,0.83,122.0,6.6,106.0,7.04,11.0,11.0,30.0,2.0,7.0,1.0,1.0,2.0,1.0,1.0,1.0,1.0,1.0,3.0,1
130754.0,62.0,5.397605346934028e-79,31.6,111.5,135.0,83.0,160.0,47.0,5.4,0.5,140.0,7.2,15.0,315.0,12.8,0.85,577.0,6.5,104.0,8.87,7.5,8.0,240.0,1.0,3.0,2.0,1.0,3.0,2.0,2.0,1.0,,1.0,3.0,1
130760.0,36.0,4.32,21.4,80.8,113.0,79.0,169.0,78.0,5.2,0.44,137.0,7.4,17.2,298.0,13.3,1.03,74.0,5.3,91.0,9.09,7.5,9.0,360.0,1.0,3.0,5.0,2.0,,2.0,2.0,2.0,,2.0,1.0,0
130761.0,43.0,1.91,21.9,80.9,109.0,85.0,222.0,84.0,5.5,1.07,139.0,7.4,13.7,359.0,13.2,0.71,61.0,3.7,100.0,5.45,6.5,6.5,360.0,2.0,3.0,4.0,1.0,1.0,2.0,2.0,2.0,,2.0,3.0,0
130762.0,28.0,,23.3,79.7,111.0,70.0,233.0,84.0,4.7,2.22,139.0,7.9,14.4,268.0,13.0,0.72,52.0,3.8,78.0,5.05,8.5,8.5,120.0,2.0,2.0,4.0,2.0,,2.0,2.0,1.0,,2.0,2.0,0
130767.0,70.0,1.62,30.4,102.4,127.0,71.0,172.0,51.0,5.6,0.37,143.0,5.4,12.4,212.0,12.4,0.72,141.0,4.7,106.0,8.42,10.0,10.0,300.0,2.0,4.0,5.0,2.0,,2.0,1.0,1.0,1.0,1.0,3.0,0
130768.0,71.0,1.23,22.9,81.1,121.0,63.0,269.0,87.0,5.5,0.46,142.0,5.6,13.5,291.0,13.3,0.7,71.0,2.8,86.0,12.43,8.0,8.0,180.0,2.0,3.0,4.0,1.0,3.0,2.0,2.0,1.0,,2.0,3.0,0
130769.0,22.0,1.48,23.5,89.3,114.0,76.0,136.0,38.0,5.5,0.41,141.0,5.8,14.6,236.0,12.5,0.87,133.0,6.6,78.0,5.02,8.0,8.0,300.0,1.0,3.0,4.0,2.0,,2.0,2.0,2.0,,2.0,3.0,0
130771.0,57.0,1.61,20.9,84.7,130.0,90.0,325.0,66.0,5.8,1.27,140.0,6.7,14.8,220.0,15.0,1.11,154.0,4.5,101.0,3.95,7.5,9.0,240.0,1.0,4.0,3.0,1.0,1.0,2.0,2.0,2.0,,2.0,5.0,0
130775.0,67.0,5.0,28.0,101.9,133.0,71.0,284.0,60.0,5.4,1.47,140.0,6.1,13.4,175.0,13.6,1.15,75.0,5.1,81.0,4.09,7.0,7.0,240.0,1.0,3.0,5.0,2.0,,2.0,2.0,1.0,,2.0,2.0,0
130776.0,40.0,0.75,28.0,74.2,91.0,60.0,193.0,54.0,5.4,1.78,138.0,6.4,11.3,207.0,17.9,0.64,120.0,4.0,89.0,4.27,7.0,9.0,240.0,2.0,2.0,3.0,2.0,,2.0,2.0,2.0,,2.0,3.0,0
130777.0,30.0,5.397605346934028e-79,26.0,100.3,122.0,84.0,254.0,41.0,5.1,0.81,139.0,7.8,16.4,317.0,12.9,0.88,201.0,4.9,91.0,11.55,14.0,14.0,120.0,1.0,3.0,3.0,2.0,,2.0,2.0,2.0,,2.0,2.0,0
130780.0,58.0,1.39,29.3,97.7,149.0,94.0,111.0,49.0,5.0,8.64,139.0,6.8,12.4,155.0,14.8,0.61,126.0,4.2,96.0,40.48,4.0,4.0,420.0,2.0,4.0,2.0,1.0,1.0,2.0,1.0,2.0,1.0,2.0,4.0,0
130781.0,66.0,1.84,32.3,112.3,142.0,91.0,129.0,41.0,6.2,1.11,144.0,7.0,12.4,352.0,18.6,0.88,94.0,4.8,109.0,11.13,8.0,8.0,600.0,1.0,4.0,4.0,1.0,1.0,2.0,1.0,2.0,1.0,2.0,2.0,1
130782.0,43.0,5.0,23.0,77.6,103.0,66.0,251.0,62.0,5.2,0.11,139.0,4.1,14.9,224.0,12.9,0.89,60.0,3.5,95.0,0.58,8.0,8.0,300.0,1.0,3.0,5.0,1.0,3.0,2.0,2.0,2.0,,2.0,1.0,0
130785.0,33.0,1.69,21.0,74.5,114.0,75.0,162.0,49.0,5.5,1.73,141.0,,,,,1.05,45.0,5.2,88.0,6.34,10.0,8.0,480.0,1.0,4.0,3.0,1.0,1.0,2.0,2.0,2.0,,2.0,2.0,0
130786.0,73.0,,24.3,100.8,131.0,74.0,226.0,72.0,6.6,1.48,141.0,5.6,12.7,285.0,13.8,0.73,140.0,5.0,130.0,11.94,8.0,8.0,360.0,2.0,3.0,5.0,2.0,,2.0,2.0,1.0,,1.0,2.0,0
130788.0,39.0,5.0,21.1,80.5,118.0,78.0,201.0,90.0,5.1,1.02,139.0,5.9,14.2,108.0,13.7,0.88,46.0,5.3,70.0,5.97,8.0,8.0,240.0,1.0,3.0,5.0,2.0,,2.0,1.0,2.0,2.0,2.0,1.0,0
130791.0,52.0,3.22,36.8,117.0,153.0,94.0,178.0,45.0,5.8,8.09,142.0,4.9,12.6,242.0,12.9,0.72,118.0,4.7,98.0,17.18,6.0,7.5,300.0,2.0,3.0,5.0,1.0,3.0,2.0,1.0,2.0,1.0,2.0,4.0,0
130793.0,71.0,,31.0,109.5,127.0,71.0,153.0,48.0,9.3,2.63,,8.7,14.5,327.0,13.9,,,,,9.63,7.5,7.5,180.0,1.0,3.0,3.0,2.0,,1.0,1.0,1.0,1.0,1.0,2.0,0
130796.0,47.0,3.45,26.5,108.4,114.0,74.0,145.0,32.0,5.5,5.99,139.0,9.2,14.5,420.0,14.5,0.6,272.0,3.7,112.0,10.88,6.5,6.0,720.0,1.0,3.0,3.0,1.0,1.0,2.0,1.0,2.0,2.0,2.0,5.0,0
130797.0,73.0,5.0,29.1,113.6,158.0,69.0,151.0,58.0,5.4,2.64,136.0,7.3,13.8,160.0,13.6,1.02,146.0,5.9,88.0,45.76,7.5,7.5,840.0,1.0,3.0,5.0,1.0,3.0,2.0,1.0,1.0,1.0,1.0,4.0,1
130800.0,28.0,,20.5,69.8,120.0,83.0,133.0,50.0,5.6,0.22,140.0,5.8,13.2,300.0,14.2,0.99,65.0,4.7,77.0,5.72,8.0,9.0,480.0,2.0,4.0,5.0,2.0,,2.0,2.0,2.0,,2.0,2.0,0
130801.0,56.0,0.88,20.7,86.1,108.0,64.0,88.0,50.0,5.4,1.71,141.0,7.9,12.7,179.0,14.8,0.94,77.0,5.0,99.0,4.7,8.0,10.0,480.0,1.0,2.0,3.0,1.0,1.0,2.0,2.0,2.0,,2.0,3.0,0
130802.0,63.0,4.37,23.0,93.5,148.0,86.0,160.0,59.0,5.6,3.08,142.0,6.5,13.4,317.0,13.2,0.92,177.0,3.1,95.0,9.08,8.0,8.0,300.0,2.0,3.0,5.0,2.0,,2.0,1.0,1.0,1.0,1.0,2.0,0
130805.0,35.0,0.65,56.9,155.5,88.0,65.0,341.0,65.0,4.9,4.74,137.0,8.6,11.8,291.0,14.0,0.44,367.0,4.8,78.0,5.83,7.5,8.5,360.0,2.0,3.0,3.0,2.0,,2.0,2.0,2.0,,2.0,3.0,0
130807.0,60.0,0.66,20.9,79.0,195.0,111.0,139.0,60.0,5.2,0.5,140.0,5.2,13.3,141.0,14.7,0.81,50.0,4.8,84.0,18.7,10.0,7.0,360.0,2.0,4.0,3.0,1.0,1.0,2.0,1.0,2.0,1.0,2.0,3.0,0
130810.0,69.0,1.44,23.8,95.1,125.0,75.0,210.0,78.0,5.8,0.7,140.0,7.2,14.7,256.0,14.3,0.92,105.0,7.1,108.0,5.66,7.5,7.5,360.0,1.0,3.0,4.0,1.0,2.0,2.0,2.0,2.0,,2.0,3.0,0
130811.0,59.0,0.85,25.5,101.9,131.0,70.0,249.0,36.0,5.5,4.46,138.0,8.0,11.1,241.0,16.4,5.73,316.0,3.1,100.0,2276.03,10.0,11.0,120.0,1.0,2.0,5.0,2.0,,2.0,1.0,1.0,1.0,1.0,2.0,0
130815.0,51.0,2.58,22.2,88.0,123.0,76.0,169.0,76.0,9.6,1.52,137.0,5.7,16.2,227.0,14.1,1.36,114.0,5.7,225.0,6.56,5.5,9.0,360.0,1.0,4.0,5.0,2.0,,1.0,2.0,2.0,,1.0,3.0,0
130818.0,36.0,2.8,51.1,,118.0,63.0,226.0,69.0,5.8,17.86,138.0,7.8,11.5,245.0,15.5,0.71,163.0,5.2,100.0,5.33,7.5,7.0,600.0,2.0,3.0,3.0,2.0,,3.0,1.0,1.0,2.0,2.0,2.0,0
130826.0,79.0,3.3,45.0,126.8,119.0,60.0,166.0,63.0,6.9,8.74,142.0,8.1,11.9,221.0,15.6,0.6,97.0,3.9,133.0,56.81,6.5,6.5,420.0,2.0,3.0,4.0,2.0,,1.0,1.0,2.0,1.0,2.0,3.0,0
130827.0,33.0,5.0,29.8,101.2,119.0,74.0,225.0,41.0,5.1,0.72,140.0,10.0,15.3,240.0,12.8,0.94,120.0,6.7,97.0,18.54,8.0,10.0,720.0,1.0,3.0,4.0,2.0,,2.0,2.0,2.0,,2.0,3.0,0
130828.0,22.0,5.397605346934028e-79,30.3,87.7,115.0,87.0,227.0,54.0,4.9,0.91,141.0,6.0,14.5,288.0,13.1,0.72,131.0,4.0,94.0,11.07,9.0,9.0,600.0,2.0,6.0,2.0,2.0,,2.0,2.0,2.0,,2.0,2.0,0
130829.0,73.0,3.55,30.2,108.4,106.0,64.0,144.0,54.0,5.5,1.67,140.0,5.0,13.3,200.0,13.5,1.33,143.0,7.2,102.0,7.36,8.5,8.5,600.0,2.0,3.0,2.0,2.0,,2.0,1.0,1.0,1.0,1.0,3.0,0
130830.0,62.0,4.23,24.3,92.6,124.0,75.0,209.0,60.0,5.5,0.65,141.0,8.1,15.0,210.0,12.9,1.01,78.0,4.6,92.0,14.21,6.5,7.0,360.0,1.0,3.0,5.0,2.0,,2.0,2.0,1.0,,2.0,1.0,0
130832.0,63.0,2.25,32.0,113.4,117.0,76.0,168.0,40.0,5.2,7.13,142.0,8.1,14.1,287.0,13.1,0.76,121.0,4.5,94.0,5.42,9.0,9.0,300.0,2.0,3.0,3.0,1.0,3.0,2.0,1.0,1.0,1.0,1.0,3.0,1
130833.0,42.0,3.68,18.4,72.8,94.0,62.0,276.0,87.0,5.3,0.17,137.0,3.4,13.6,387.0,12.8,0.8,77.0,3.1,99.0,29.98,8.0,8.0,240.0,2.0,3.0,5.0,2.0,,2.0,2.0,1.0,,2.0,1.0,0
130834.0,30.0,,28.7,94.8,99.0,68.0,195.0,39.0,5.4,16.72,140.0,,,,,1.02,114.0,5.3,75.0,22.31,9.0,9.0,360.0,1.0,3.0,4.0,1.0,1.0,2.0,2.0,2.0,,2.0,4.0,0
130836.0,61.0,1.13,35.2,126.9,111.0,71.0,195.0,35.0,6.9,1.53,138.0,5.4,13.7,197.0,13.4,,149.0,,117.0,8.1,6.0,8.0,360.0,1.0,3.0,3.0,1.0,3.0,1.0,1.0,1.0,1.0,1.0,3.0,0
130838.0,60.0,5.0,29.6,104.8,134.0,86.0,131.0,48.0,5.9,0.51,141.0,7.3,15.5,159.0,13.3,1.1,87.0,5.3,85.0,3.98,5.5,5.5,180.0,1.0,3.0,4.0,2.0,,2.0,2.0,1.0,,1.0,2.0,1
130839.0,56.0,0.88,35.9,,149.0,95.0,217.0,33.0,6.0,11.53,141.0,13.0,17.1,185.0,14.9,0.84,263.0,7.0,97.0,,8.0,,120.0,1.0,1.0,3.0,1.0,1.0,2.0,1.0,1.0,2.0,1.0,5.0,1
130841.0,79.0,1.85,28.5,100.4,168.0,79.0,225.0,59.0,5.8,1.17,134.0,6.5,12.2,219.0,12.8,0.54,114.0,2.6,99.0,12.9,9.0,9.0,120.0,2.0,3.0,4.0,1.0,3.0,2.0,1.0,2.0,1.0,2.0,2.0,0
130842.0,27.0,4.83,47.3,143.4,121.0,83.0,147.0,40.0,5.2,4.58,140.0,9.2,14.2,268.0,12.8,0.89,74.0,5.1,87.0,3.82,6.0,9.0,480.0,1.0,3.0,4.0,2.0,,2.0,2.0,2.0,,2.0,4.0,0
130843.0,46.0,1.1,21.5,88.5,123.0,76.0,193.0,78.0,5.4,0.36,141.0,6.5,16.1,372.0,13.8,0.86,90.0,3.8,85.0,3.67,8.0,9.0,60.0,1.0,3.0,4.0,1.0,2.0,2.0,2.0,2.0,,2.0,2.0,0
130845.0,72.0,5.0,28.8,107.6,148.0,82.0,235.0,64.0,6.9,10.02,139.0,12.8,16.3,294.0,13.6,0.83,103.0,3.3,128.0,10.04,7.5,8.5,480.0,1.0,3.0,5.0,2.0,,2.0,2.0,2.0,,2.0,2.0,0
130847.0,74.0,1.69,33.7,122.3,111.0,73.0,173.0,51.0,5.9,1.17,143.0,5.9,14.8,224.0,13.7,1.23,80.0,6.1,108.0,4.17,6.5,6.5,180.0,1.0,3.0,3.0,1.0,3.0,2.0,1.0,1.0,1.0,1.0,2.0,0
130848.0,33.0,,24.5,78.1,108.0,72.0,171.0,47.0,5.4,0.88,138.0,5.3,10.7,410.0,15.7,0.64,77.0,3.7,90.0,11.42,10.0,10.5,60.0,2.0,3.0,4.0,2.0,,2.0,1.0,2.0,2.0,2.0,3.0,0
130854.0,80.0,,22.4,81.5,177.0,93.0,132.0,40.0,6.7,4.09,,4.5,10.6,181.0,14.1,,,,,43.51,12.0,12.0,420.0,2.0,6.0,1.0,2.0,,3.0,1.0,1.0,1.0,1.0,3.0,0
130856.0,80.0,3.28,28.6,98.0,121.0,71.0,166.0,74.0,5.9,13.32,131.0,9.3,13.5,282.0,13.8,1.2,73.0,6.7,93.0,,8.0,7.5,660.0,1.0,3.0,3.0,2.0,,2.0,1.0,2.0,1.0,2.0,2.0,1
130861.0,78.0,4.92,29.1,99.8,129.0,73.0,184.0,71.0,9.2,3.53,136.0,7.7,12.8,271.0,13.5,1.11,73.0,5.9,191.0,8.26,8.0,8.0,360.0,2.0,3.0,5.0,1.0,3.0,1.0,1.0,2.0,1.0,2.0,3.0,1
130863.0,80.0,5.0,26.6,105.2,134.0,94.0,139.0,51.0,5.9,1.16,141.0,8.6,12.9,320.0,18.0,1.06,82.0,7.0,106.0,6.76,9.0,,180.0,1.0,3.0,4.0,1.0,3.0,2.0,1.0,1.0,1.0,2.0,2.0,0
130864.0,52.0,,31.4,106.3,123.0,78.0,267.0,41.0,5.7,9.09,143.0,6.6,15.1,178.0,17.0,1.02,204.0,6.8,85.0,0.35,6.5,6.5,300.0,1.0,3.0,1.0,1.0,1.0,2.0,1.0,1.0,1.0,2.0,4.0,1
130865.0,65.0,3.3,23.8,89.2,136.0,86.0,243.0,52.0,5.9,0.85,139.0,8.3,12.7,191.0,12.8,0.77,162.0,2.9,84.0,11.16,8.5,10.0,120.0,2.0,3.0,5.0,1.0,3.0,2.0,2.0,1.0,,2.0,1.0,1
130867.0,49.0,0.94,34.2,95.9,110.0,80.0,216.0,111.0,5.0,2.25,139.0,6.4,12.8,358.0,16.7,0.77,61.0,5.1,90.0,8.82,10.5,10.5,120.0,2.0,3.0,3.0,2.0,,2.0,2.0,2.0,,2.0,5.0,0
130868.0,23.0,2.94,24.8,84.6,103.0,58.0,202.0,61.0,5.0,0.45,141.0,6.4,14.8,308.0,13.0,1.05,55.0,5.9,93.0,3.92,8.0,9.0,240.0,1.0,3.0,4.0,1.0,3.0,2.0,2.0,2.0,,2.0,2.0,0
130871.0,65.0,5.0,39.4,121.1,92.0,62.0,101.0,36.0,6.5,3.52,140.0,6.7,14.0,231.0,20.3,0.87,68.0,6.8,89.0,17.78,11.0,11.0,600.0,2.0,3.0,4.0,1.0,3.0,1.0,2.0,1.0,,1.0,4.0,1
130875.0,71.0,2.54,28.2,101.6,147.0,82.0,193.0,48.0,5.5,5.64,141.0,6.1,13.9,263.0,13.0,0.92,109.0,5.3,108.0,11.98,10.0,10.0,180.0,1.0,3.0,4.0,2.0,,2.0,2.0,1.0,,1.0,3.0,0
130880.0,67.0,3.82,33.7,115.9,156.0,84.0,218.0,50.0,6.4,3.6,138.0,9.0,14.1,162.0,13.5,0.91,59.0,5.5,117.0,28.74,8.5,8.5,360.0,1.0,3.0,4.0,2.0,,1.0,2.0,1.0,,1.0,2.0,0
130881.0,46.0,5.0,28.3,93.5,100.0,69.0,180.0,48.0,5.2,1.99,139.0,6.1,13.3,238.0,13.0,0.74,98.0,3.9,100.0,7.25,7.0,7.5,600.0,2.0,3.0,5.0,2.0,,2.0,2.0,2.0,,2.0,2.0,0
130882.0,60.0,3.69,34.8,122.0,113.0,74.0,157.0,44.0,5.7,2.14,138.0,5.0,14.8,165.0,13.1,0.92,167.0,5.7,101.0,6.6,6.0,8.5,480.0,1.0,2.0,4.0,2.0,,2.0,1.0,1.0,1.0,1.0,2.0,1
130884.0,64.0,5.0,32.4,104.9,105.0,74.0,205.0,73.0,5.2,3.75,142.0,6.0,14.0,234.0,14.6,0.79,171.0,4.4,97.0,9.39,8.5,9.0,600.0,2.0,3.0,5.0,1.0,3.0,2.0,2.0,2.0,,2.0,3.0,0
130890.0,28.0,2.15,33.4,114.6,102.0,73.0,226.0,37.0,4.7,2.7,137.0,7.5,16.1,192.0,13.1,0.98,214.0,10.0,68.0,4.29,8.0,8.0,120.0,1.0,3.0,3.0,2.0,,2.0,1.0,1.0,1.0,1.0,2.0,0
130892.0,70.0,4.69,48.9,149.1,145.0,83.0,154.0,56.0,7.3,1.24,144.0,5.7,13.7,261.0,14.2,0.65,243.0,5.2,181.0,13.52,8.0,8.5,600.0,2.0,3.0,5.0,2.0,,1.0,1.0,2.0,1.0,2.0,2.0,0
130893.0,46.0,1.16,24.7,82.9,133.0,96.0,171.0,60.0,5.3,0.77,140.0,5.3,15.2,184.0,13.4,0.87,80.0,3.1,86.0,5.48,8.0,9.0,60.0,2.0,3.0,4.0,1.0,3.0,2.0,1.0,2.0,2.0,2.0,2.0,0
130895.0,34.0,1.12,21.5,74.4,87.0,63.0,210.0,66.0,5.4,0.53,140.0,7.1,14.3,323.0,12.7,0.74,115.0,2.6,93.0,15.33,8.5,9.0,180.0,2.0,3.0,3.0,2.0,,2.0,2.0,2.0,,2.0,1.0,0
130897.0,29.0,,36.9,112.4,103.0,67.0,139.0,37.0,4.8,1.61,144.0,5.8,15.0,203.0,13.8,1.3,187.0,6.2,85.0,3.71,7.0,7.0,360.0,1.0,1.0,3.0,2.0,,2.0,2.0,1.0,,2.0,3.0,0
130899.0,51.0,5.0,38.2,111.9,114.0,76.0,254.0,61.0,5.5,2.81,138.0,7.3,13.0,351.0,12.5,0.78,108.0,5.1,124.0,82.33,7.0,10.0,300.0,2.0,3.0,5.0,2.0,,2.0,1.0,1.0,1.0,2.0,2.0,0
130900.0,49.0,4.68,22.3,78.6,112.0,62.0,180.0,72.0,5.5,0.84,141.0,6.8,12.1,277.0,13.1,0.69,120.0,3.2,88.0,8.68,8.0,8.5,420.0,2.0,7.0,5.0,1.0,3.0,2.0,2.0,2.0,,2.0,1.0,0
130901.0,79.0,1.64,29.8,103.2,171.0,86.0,214.0,69.0,6.1,1.48,139.0,6.0,13.4,300.0,14.3,0.85,245.0,4.3,105.0,9.91,8.0,8.0,180.0,2.0,3.0,1.0,2.0,,2.0,2.0,1.0,,1.0,2.0,0
130904.0,28.0,5.0,27.3,85.8,128.0,58.0,218.0,23.0,4.8,2.76,138.0,6.2,15.9,234.0,15.1,1.13,84.0,4.6,88.0,4.62,8.5,8.0,600.0,1.0,3.0,5.0,1.0,2.0,2.0,2.0,2.0,,2.0,1.0,0
130908.0,57.0,2.21,27.6,103.3,127.0,83.0,156.0,63.0,5.3,6.03,139.0,10.0,12.4,407.0,12.9,1.32,55.0,5.8,103.0,,10.0,12.0,360.0,1.0,3.0,4.0,2.0,,2.0,1.0,2.0,1.0,1.0,1.0,1
130910.0,32.0,0.72,31.4,98.5,107.0,58.0,161.0,38.0,5.8,0.11,138.0,5.4,14.8,227.0,13.2,0.94,106.0,5.7,105.0,3.15,6.0,6.0,120.0,1.0,7.0,4.0,1.0,3.0,2.0,2.0,2.0,,2.0,3.0,0
130911.0,67.0,2.81,18.4,64.6,113.0,60.0,178.0,95.0,5.6,0.18,142.0,4.5,13.1,300.0,13.0,0.66,82.0,4.4,92.0,8.0,8.5,8.5,240.0,2.0,3.0,5.0,2.0,,2.0,2.0,1.0,,2.0,1.0,0
130912.0,43.0,0.55,36.6,124.0,105.0,72.0,146.0,52.0,5.9,40.98,139.0,4.6,10.9,207.0,14.7,0.66,96.0,5.3,120.0,10.74,10.0,7.0,360.0,2.0,4.0,3.0,1.0,1.0,2.0,2.0,2.0,,2.0,4.0,0
130913.0,37.0,5.0,37.0,118.9,138.0,89.0,206.0,35.0,5.1,1.21,140.0,5.2,16.1,230.0,12.7,0.85,173.0,6.3,84.0,1.11,6.5,6.5,840.0,1.0,3.0,5.0,2.0,,2.0,2.0,1.0,,2.0,3.0,0
130914.0,40.0,0.04,,,123.0,76.0,197.0,39.0,12.1,0.87,137.0,5.1,13.5,350.0,14.3,0.51,241.0,4.6,488.0,187.17,8.5,11.5,120.0,2.0,2.0,3.0,2.0,,1.0,1.0,1.0,1.0,1.0,4.0,0
130915.0,31.0,5.0,22.8,82.6,115.0,77.0,169.0,45.0,4.8,0.89,139.0,6.6,15.3,287.0,12.3,1.0,126.0,6.1,88.0,0.51,7.0,8.0,720.0,1.0,3.0,5.0,2.0,,2.0,2.0,2.0,,2.0,1.0,0
130918.0,44.0,5.0,25.4,90.2,116.0,78.0,127.0,41.0,5.4,2.2,138.0,7.3,13.1,261.0,12.3,0.99,258.0,6.0,90.0,5.92,7.0,9.0,600.0,1.0,6.0,5.0,2.0,,2.0,2.0,2.0,,2.0,1.0,0
130920.0,52.0,2.19,49.9,134.6,125.0,83.0,268.0,50.0,5.8,15.68,140.0,8.6,12.2,298.0,14.4,0.88,179.0,3.6,110.0,18.52,11.0,11.0,960.0,2.0,3.0,3.0,1.0,3.0,2.0,1.0,2.0,1.0,2.0,4.0,0
130921.0,37.0,0.41,20.3,79.2,113.0,66.0,210.0,49.0,5.4,0.9,138.0,13.4,14.2,211.0,14.3,0.75,54.0,4.3,90.0,16.0,6.0,6.0,360.0,1.0,7.0,4.0,1.0,1.0,2.0,2.0,1.0,,2.0,3.0,0
130922.0,44.0,5.0,35.2,105.0,104.0,82.0,158.0,51.0,5.5,18.3,140.0,9.0,14.6,302.0,12.5,0.71,79.0,4.6,110.0,5.05,7.0,9.0,300.0,2.0,3.0,5.0,2.0,,2.0,2.0,2.0,,2.0,4.0,0
130923.0,77.0,,38.7,117.4,140.0,86.0,230.0,64.0,5.4,3.83,141.0,,,,,0.93,83.0,4.9,101.0,6.05,7.0,7.0,240.0,2.0,3.0,4.0,2.0,,2.0,1.0,2.0,1.0,2.0,2.0,0
130926.0,66.0,5.0,32.7,108.0,127.0,71.0,180.0,56.0,5.7,1.56,139.0,9.2,13.3,298.0,13.1,0.51,184.0,6.9,94.0,31.98,5.5,6.0,300.0,2.0,6.0,5.0,2.0,,2.0,1.0,1.0,1.0,1.0,3.0,0
130930.0,62.0,1.48,25.0,85.9,180.0,113.0,199.0,59.0,5.9,4.13,140.0,5.1,13.5,306.0,15.3,1.01,65.0,5.0,94.0,34.57,6.0,9.0,360.0,1.0,7.0,4.0,1.0,3.0,2.0,1.0,2.0,2.0,2.0,1.0,0
130931.0,61.0,2.07,37.4,123.1,134.0,79.0,202.0,45.0,5.2,2.92,139.0,6.8,14.5,231.0,13.6,0.71,88.0,5.4,94.0,8.63,7.5,9.5,420.0,1.0,1.0,4.0,2.0,,2.0,2.0,2.0,,2.0,3.0,0
130933.0,23.0,0.58,25.4,91.5,102.0,70.0,179.0,41.0,4.7,2.21,142.0,7.4,16.4,210.0,13.1,0.95,84.0,6.0,85.0,4.62,6.5,7.0,180.0,1.0,3.0,2.0,2.0,,2.0,2.0,2.0,,2.0,1.0,0
130934.0,37.0,2.17,35.4,112.7,123.0,78.0,227.0,43.0,5.2,0.74,142.0,6.6,15.4,292.0,13.8,0.93,207.0,5.1,111.0,11.83,7.0,8.0,240.0,1.0,6.0,4.0,2.0,,2.0,2.0,2.0,,2.0,2.0,0
130936.0,63.0,4.05,25.4,94.7,81.0,55.0,208.0,62.0,5.6,1.42,140.0,4.3,13.7,175.0,13.0,0.62,99.0,4.0,97.0,5.12,8.0,8.0,240.0,2.0,3.0,4.0,2.0,,2.0,2.0,2.0,,2.0,2.0,0
130939.0,33.0,,27.6,102.1,104.0,60.0,139.0,48.0,5.3,0.69,141.0,4.0,11.2,391.0,13.3,0.97,89.0,5.4,78.0,3.57,8.5,9.0,180.0,2.0,4.0,4.0,2.0,,2.0,2.0,2.0,,2.0,2.0,0
130944.0,30.0,1.09,35.2,102.1,138.0,102.0,125.0,72.0,5.8,7.24,140.0,6.9,12.0,267.0,14.0,0.76,43.0,3.9,86.0,10.01,5.0,10.0,480.0,2.0,4.0,4.0,2.0,,2.0,1.0,2.0,1.0,2.0,3.0,0
130945.0,80.0,,27.3,92.1,153.0,74.0,145.0,60.0,6.4,1.69,132.0,7.0,9.6,326.0,16.0,1.02,145.0,4.5,119.0,11.86,4.5,5.0,360.0,2.0,1.0,1.0,2.0,,1.0,1.0,1.0,1.0,1.0,2.0,0
130947.0,66.0,3.23,31.3,100.2,137.0,77.0,198.0,57.0,5.6,2.62,134.0,10.6,13.1,471.0,16.2,0.62,87.0,3.6,116.0,11.88,9.5,10.0,180.0,2.0,3.0,1.0,1.0,3.0,2.0,1.0,2.0,1.0,2.0,3.0,0
130950.0,60.0,0.13,37.8,123.0,126.0,75.0,233.0,87.0,5.3,43.91,139.0,7.1,14.4,231.0,13.5,0.81,145.0,3.9,99.0,9.3,8.0,8.0,360.0,2.0,7.0,3.0,1.0,3.0,2.0,1.0,1.0,1.0,1.0,3.0,0
130951.0,27.0,5.0,30.7,103.3,99.0,61.0,220.0,63.0,5.0,2.29,139.0,5.4,14.5,275.0,12.5,0.81,61.0,5.4,86.0,9.36,6.5,8.0,180.0,2.0,3.0,5.0,2.0,,2.0,2.0,2.0,,2.0,2.0,0
130952.0,32.0,5.0,29.2,100.8,117.0,81.0,260.0,62.0,5.0,3.31,140.0,,,,,1.19,50.0,6.4,96.0,5.34,8.0,12.0,120.0,1.0,3.0,4.0,2.0,,2.0,2.0,2.0,,2.0,2.0,0
130956.0,43.0,2.16,27.5,104.8,114.0,68.0,255.0,45.0,5.3,2.41,140.0,8.7,15.5,262.0,13.1,0.88,112.0,5.2,90.0,5.82,6.0,7.0,600.0,1.0,3.0,4.0,1.0,2.0,2.0,2.0,2.0,,2.0,3.0,0
130960.0,69.0,3.3,27.8,99.4,128.0,77.0,195.0,55.0,5.8,0.67,140.0,7.5,14.3,298.0,13.0,0.69,120.0,4.6,101.0,13.89,8.5,8.5,360.0,2.0,3.0,5.0,2.0,,2.0,2.0,1.0,,1.0,2.0,0
130961.0,29.0,5.0,17.9,74.7,103.0,55.0,119.0,54.0,4.9,3.23,140.0,4.5,14.5,209.0,12.7,0.94,35.0,5.3,91.0,0.95,7.0,8.0,300.0,1.0,3.0,5.0,1.0,3.0,2.0,2.0,2.0,,2.0,3.0,0
130964.0,58.0,5.0,27.2,96.7,97.0,66.0,250.0,79.0,5.0,3.08,141.0,6.6,15.4,297.0,13.0,0.76,102.0,6.0,94.0,9.32,7.0,8.0,360.0,2.0,3.0,5.0,2.0,,2.0,2.0,2.0,,2.0,2.0,0
130966.0,51.0,5.0,19.9,75.4,103.0,70.0,212.0,60.0,5.3,0.39,139.0,4.9,13.4,146.0,13.5,0.75,89.0,3.5,79.0,8.1,8.0,8.0,720.0,2.0,3.0,5.0,2.0,,2.0,2.0,2.0,,2.0,2.0,0
130968.0,35.0,2.38,37.0,113.9,114.0,83.0,185.0,50.0,5.2,3.46,139.0,8.4,13.9,343.0,14.1,0.59,171.0,5.4,87.0,7.23,8.0,9.0,480.0,2.0,2.0,5.0,2.0,,2.0,2.0,2.0,,2.0,2.0,0
130970.0,76.0,3.28,31.2,106.4,166.0,80.0,148.0,44.0,5.6,1.79,140.0,7.1,13.0,194.0,15.0,2.35,156.0,7.7,83.0,48.42,8.5,8.5,300.0,1.0,4.0,4.0,1.0,3.0,2.0,1.0,1.0,1.0,1.0,4.0,1
130972.0,37.0,1.39,50.7,150.5,131.0,82.0,202.0,58.0,6.2,13.64,139.0,8.1,12.1,387.0,15.9,0.81,90.0,4.9,110.0,15.04,7.5,8.0,600.0,2.0,4.0,4.0,2.0,,3.0,1.0,2.0,1.0,2.0,3.0,0
130974.0,43.0,,28.9,101.9,141.0,89.0,238.0,35.0,6.1,5.69,138.0,10.8,16.6,299.0,13.5,0.89,277.0,4.7,116.0,12.62,10.0,13.5,60.0,1.0,1.0,1.0,1.0,1.0,2.0,2.0,2.0,,2.0,3.0,0
130975.0,34.0,,25.1,89.7,117.0,78.0,223.0,42.0,5.0,0.59,138.0,6.7,16.5,319.0,12.9,0.93,189.0,7.2,96.0,23.2,7.0,7.0,420.0,1.0,6.0,5.0,2.0,,2.0,2.0,2.0,,2.0,3.0,0
130977.0,59.0,0.03,28.0,107.4,118.0,86.0,126.0,38.0,5.9,0.34,140.0,9.4,14.7,228.0,15.0,0.93,96.0,5.8,87.0,5.13,8.5,8.5,480.0,1.0,3.0,3.0,1.0,3.0,2.0,2.0,1.0,,1.0,5.0,0
130978.0,75.0,2.75,33.0,122.3,116.0,71.0,158.0,44.0,6.0,2.17,139.0,8.0,14.4,279.0,14.0,0.88,159.0,5.5,101.0,11.58,8.0,8.0,360.0,1.0,7.0,3.0,1.0,3.0,2.0,1.0,1.0,1.0,1.0,3.0,0
130980.0,71.0,0.37,37.9,126.3,175.0,89.0,131.0,56.0,5.9,6.21,141.0,5.8,12.9,213.0,14.8,0.97,57.0,6.6,83.0,10.87,11.0,7.0,180.0,1.0,4.0,2.0,2.0,,2.0,1.0,1.0,1.0,1.0,4.0,0
130981.0,51.0,0.96,27.9,93.5,147.0,100.0,262.0,41.0,5.3,3.69,138.0,6.7,14.3,297.0,13.8,0.58,119.0,5.8,107.0,31.2,9.0,9.5,120.0,2.0,1.0,4.0,2.0,,2.0,1.0,2.0,1.0,2.0,1.0,0
130982.0,71.0,,34.3,115.1,124.0,50.0,171.0,39.0,6.4,16.7,140.0,7.4,12.5,180.0,15.3,1.16,270.0,7.1,126.0,10.09,10.0,10.0,360.0,2.0,3.0,3.0,2.0,,3.0,1.0,1.0,1.0,1.0,3.0,1
130985.0,23.0,2.74,25.8,89.5,125.0,78.0,204.0,53.0,5.0,0.68,139.0,7.1,15.1,210.0,13.8,0.94,84.0,3.6,89.0,8.07,7.5,8.0,480.0,1.0,6.0,5.0,2.0,,2.0,2.0,2.0,,2.0,2.0,0
130986.0,62.0,5.0,28.5,96.4,148.0,93.0,143.0,67.0,8.7,1.34,142.0,5.1,15.4,193.0,13.4,1.53,73.0,5.5,84.0,487.6,6.0,10.5,360.0,1.0,4.0,3.0,2.0,,1.0,1.0,9.0,1.0,1.0,4.0,0
130992.0,28.0,2.47,56.4,158.7,114.0,67.0,173.0,51.0,5.4,5.5,139.0,9.6,15.1,250.0,13.6,0.76,75.0,5.4,83.0,29.42,6.0,11.0,720.0,1.0,3.0,4.0,2.0,,2.0,2.0,2.0,,2.0,4.0,0
130995.0,33.0,2.43,40.8,117.8,111.0,74.0,188.0,54.0,5.2,13.81,141.0,7.5,11.8,366.0,13.4,0.58,117.0,3.7,93.0,22.06,4.5,10.5,180.0,2.0,2.0,3.0,1.0,2.0,2.0,2.0,2.0,,2.0,4.0,0
131000.0,52.0,2.28,20.1,82.1,112.0,68.0,211.0,46.0,13.7,5.51,136.0,5.5,15.2,321.0,12.1,0.51,150.0,2.1,302.0,23.11,7.5,10.0,60.0,2.0,1.0,4.0,2.0,,1.0,2.0,2.0,,2.0,3.0,0
131001.0,23.0,1.53,20.4,73.3,103.0,56.0,238.0,74.0,4.6,0.15,138.0,5.2,12.0,309.0,13.0,0.77,67.0,3.7,90.0,1.62,7.5,10.0,720.0,2.0,3.0,4.0,2.0,,2.0,1.0,1.0,1.0,2.0,3.0,0
131002.0,63.0,5.0,23.0,81.2,112.0,66.0,229.0,45.0,5.7,0.57,139.0,5.0,13.1,231.0,12.8,0.85,104.0,3.9,85.0,4.55,8.0,8.0,480.0,2.0,4.0,5.0,2.0,,2.0,2.0,1.0,,2.0,1.0,0
131005.0,64.0,1.94,30.1,109.4,211.0,120.0,306.0,41.0,6.0,2.93,140.0,8.6,14.7,270.0,14.0,1.22,139.0,9.9,107.0,57.57,8.0,9.0,360.0,1.0,7.0,2.0,2.0,,2.0,1.0,1.0,1.0,1.0,2.0,0
131006.0,34.0,4.42,35.5,98.2,131.0,93.0,201.0,97.0,5.7,6.79,138.0,6.8,12.3,347.0,13.4,0.72,56.0,5.0,96.0,0.49,7.5,9.0,120.0,2.0,4.0,5.0,2.0,,2.0,2.0,2.0,,2.0,2.0,0
131007.0,67.0,4.55,29.3,102.0,155.0,83.0,147.0,35.0,7.8,9.23,140.0,9.2,14.7,297.0,13.6,0.92,306.0,4.3,107.0,12.18,4.0,6.0,240.0,2.0,2.0,4.0,1.0,1.0,1.0,1.0,1.0,1.0,1.0,2.0,0
131010.0,73.0,2.32,19.9,71.5,138.0,61.0,220.0,78.0,5.6,1.07,144.0,6.8,12.6,216.0,12.4,0.61,58.0,2.3,90.0,18.28,6.0,8.0,240.0,2.0,3.0,3.0,2.0,,2.0,1.0,2.0,1.0,2.0,4.0,0
131012.0,58.0,5.0,38.8,137.4,153.0,78.0,166.0,41.0,9.1,14.99,138.0,8.9,13.6,240.0,14.2,1.54,113.0,5.1,201.0,103.45,7.5,8.0,960.0,1.0,3.0,5.0,2.0,,1.0,1.0,2.0,1.0,2.0,3.0,0
131014.0,73.0,3.29,27.4,98.1,151.0,76.0,160.0,56.0,5.1,1.19,142.0,6.2,15.4,169.0,13.6,0.89,150.0,6.8,111.0,62.25,7.5,7.5,240.0,1.0,3.0,4.0,2.0,,2.0,1.0,1.0,1.0,1.0,3.0,1
131016.0,37.0,0.96,36.0,127.0,129.0,77.0,203.0,36.0,6.0,8.35,139.0,10.4,15.2,256.0,13.3,0.94,305.0,6.8,94.0,6.16,10.0,8.0,240.0,1.0,3.0,2.0,1.0,2.0,3.0,2.0,1.0,,1.0,3.0,0
131017.0,36.0,5.0,19.8,74.5,100.0,67.0,195.0,48.0,4.8,0.47,139.0,6.3,13.7,208.0,13.7,0.61,60.0,4.7,83.0,8.79,8.5,9.0,780.0,2.0,3.0,5.0,2.0,,2.0,2.0,2.0,,2.0,1.0,0
131023.0,66.0,2.59,26.8,87.1,97.0,65.0,162.0,83.0,5.5,0.18,139.0,3.0,12.4,220.0,12.6,0.73,53.0,4.6,88.0,9.46,8.5,8.5,300.0,2.0,6.0,5.0,2.0,,2.0,2.0,1.0,,1.0,2.0,0
131024.0,63.0,3.82,27.6,107.7,136.0,77.0,180.0,59.0,5.6,0.73,140.0,7.6,13.8,203.0,13.4,0.96,85.0,4.6,94.0,5.11,7.0,9.0,240.0,1.0,3.0,3.0,1.0,3.0,2.0,2.0,1.0,,1.0,2.0,0
131025.0,29.0,1.07,24.2,94.6,105.0,62.0,310.0,65.0,5.3,0.72,136.0,13.2,10.6,277.0,13.4,0.51,230.0,3.7,93.0,8.72,6.0,8.0,840.0,2.0,3.0,3.0,2.0,,2.0,2.0,2.0,,2.0,3.0,0
131031.0,25.0,,24.0,81.0,114.0,65.0,200.0,64.0,4.9,0.39,139.0,4.9,14.8,124.0,12.8,0.82,40.0,4.1,81.0,29.29,7.5,8.5,180.0,2.0,3.0,5.0,2.0,,2.0,2.0,2.0,,2.0,1.0,0
131033.0,63.0,3.3,22.6,87.0,118.0,70.0,205.0,71.0,5.2,1.28,139.0,7.8,14.8,232.0,14.2,0.92,75.0,5.3,87.0,6.57,7.0,9.0,120.0,2.0,3.0,3.0,1.0,3.0,2.0,2.0,2.0,,2.0,4.0,0
131041.0,80.0,2.62,21.5,84.7,125.0,72.0,175.0,48.0,5.5,12.01,138.0,6.0,14.6,199.0,15.7,1.26,90.0,5.5,96.0,4.31,9.0,9.0,300.0,1.0,3.0,5.0,2.0,,2.0,2.0,1.0,,1.0,3.0,0
131044.0,64.0,5.0,23.2,85.8,105.0,61.0,134.0,44.0,5.7,1.82,144.0,4.4,13.8,215.0,13.7,0.82,105.0,5.4,101.0,7.03,8.0,7.0,480.0,2.0,3.0,5.0,2.0,,2.0,2.0,1.0,,1.0,1.0,0
131046.0,43.0,4.05,23.8,90.9,126.0,90.0,176.0,65.0,5.5,0.64,140.0,8.6,16.0,242.0,13.5,0.84,55.0,4.9,96.0,8.58,9.0,9.0,480.0,1.0,3.0,3.0,1.0,1.0,2.0,2.0,2.0,,2.0,3.0,0
131050.0,75.0,1.86,25.4,105.6,119.0,71.0,146.0,50.0,5.6,0.87,143.0,4.5,13.4,179.0,14.2,0.92,92.0,5.3,88.0,6.65,8.0,8.0,480.0,1.0,3.0,5.0,2.0,,2.0,1.0,1.0,1.0,1.0,2.0,0
131051.0,62.0,0.81,24.2,86.2,151.0,97.0,258.0,77.0,5.3,1.69,139.0,4.0,13.7,268.0,14.8,0.99,121.0,4.8,82.0,72.1,9.5,8.0,240.0,1.0,4.0,2.0,1.0,2.0,3.0,2.0,2.0,,2.0,3.0,0
131052.0,80.0,,28.6,97.5,138.0,70.0,142.0,60.0,7.2,0.56,144.0,7.5,10.4,293.0,14.3,1.02,73.0,5.9,141.0,8.3,8.0,10.0,9999.0,2.0,4.0,1.0,2.0,,1.0,1.0,1.0,1.0,1.0,3.0,0
131053.0,58.0,1.57,37.8,123.1,125.0,89.0,137.0,35.0,6.5,5.12,144.0,7.8,11.8,284.0,14.9,0.82,310.0,2.4,97.0,10.15,4.5,6.0,180.0,2.0,3.0,4.0,1.0,3.0,2.0,1.0,1.0,1.0,1.0,3.0,0
131054.0,56.0,0.75,21.6,84.0,170.0,89.0,149.0,36.0,5.8,16.81,141.0,4.6,11.8,216.0,17.8,0.94,213.0,3.7,90.0,221.97,3.5,,480.0,1.0,4.0,2.0,1.0,1.0,2.0,2.0,2.0,,2.0,2.0,0
131056.0,35.0,2.4,29.7,100.7,103.0,71.0,181.0,51.0,5.0,0.95,139.0,9.3,14.2,229.0,14.2,0.76,91.0,4.7,88.0,7.91,7.0,5.0,720.0,2.0,3.0,4.0,1.0,1.0,2.0,2.0,2.0,,2.0,3.0,0
131057.0,80.0,2.18,29.2,105.6,117.0,63.0,143.0,41.0,6.1,1.85,139.0,7.1,10.2,294.0,18.6,0.99,192.0,4.5,84.0,8.52,9.0,9.0,480.0,1.0,3.0,5.0,1.0,3.0,2.0,2.0,1.0,,9.0,3.0,1
131058.0,55.0,0.61,28.2,98.1,135.0,78.0,199.0,39.0,6.5,3.66,142.0,4.2,16.9,202.0,14.1,0.75,159.0,5.9,79.0,4.52,6.0,9.0,360.0,1.0,4.0,5.0,2.0,,2.0,2.0,2.0,,2.0,1.0,0
131059.0,70.0,5.0,28.1,100.4,124.0,66.0,164.0,57.0,5.6,0.82,136.0,4.8,13.4,247.0,13.6,0.89,105.0,3.7,102.0,0.88,8.5,8.0,600.0,1.0,6.0,5.0,2.0,,2.0,1.0,1.0,1.0,1.0,2.0,0
131060.0,36.0,4.49,39.1,115.3,117.0,81.0,187.0,41.0,5.1,3.0,140.0,8.4,13.3,295.0,12.5,0.79,188.0,6.0,96.0,10.72,6.0,8.0,600.0,2.0,3.0,5.0,2.0,,2.0,2.0,2.0,,2.0,2.0,0
131061.0,72.0,3.34,29.3,102.3,124.0,72.0,188.0,42.0,5.1,2.06,140.0,4.7,16.1,147.0,14.6,0.82,141.0,5.6,81.0,169.55,7.5,7.5,120.0,1.0,3.0,2.0,1.0,3.0,2.0,2.0,1.0,,2.0,1.0,0
131063.0,37.0,5.0,35.4,98.1,134.0,94.0,163.0,45.0,5.3,5.64,140.0,8.3,14.2,333.0,13.1,0.58,176.0,5.0,93.0,0.84,9.5,9.0,240.0,2.0,1.0,5.0,2.0,,2.0,1.0,2.0,2.0,2.0,4.0,0
131065.0,65.0,1.37,28.1,98.5,113.0,70.0,156.0,46.0,5.6,0.62,140.0,10.6,14.9,256.0,12.9,0.77,58.0,5.2,105.0,5.77,8.0,8.0,180.0,1.0,3.0,3.0,1.0,2.0,2.0,1.0,1.0,1.0,1.0,2.0,0
131066.0,60.0,3.6,28.9,103.7,126.0,85.0,202.0,54.0,6.1,1.99,140.0,3.9,16.1,213.0,13.4,1.15,128.0,6.9,83.0,6.9,7.0,7.0,300.0,1.0,4.0,5.0,2.0,,2.0,1.0,1.0,1.0,1.0,2.0,0
131070.0,39.0,,27.2,103.8,121.0,77.0,281.0,35.0,5.3,0.73,141.0,6.6,15.8,250.0,13.4,0.71,375.0,5.8,92.0,6.34,6.5,8.0,300.0,1.0,2.0,5.0,2.0,,2.0,2.0,1.0,,1.0,1.0,0
131073.0,63.0,5.0,40.5,131.1,131.0,70.0,135.0,37.0,6.2,4.1,140.0,5.5,14.6,154.0,14.2,0.89,69.0,5.2,127.0,6.42,7.0,7.0,720.0,1.0,3.0,4.0,2.0,,1.0,2.0,1.0,,1.0,2.0,0
131076.0,75.0,3.47,,105.7,117.0,50.0,198.0,72.0,5.8,3.63,138.0,4.2,12.2,290.0,13.9,0.58,94.0,4.4,117.0,8.94,8.0,8.0,600.0,1.0,1.0,3.0,1.0,3.0,1.0,1.0,1.0,1.0,1.0,3.0,0
131077.0,47.0,3.22,32.2,104.9,135.0,88.0,240.0,71.0,5.9,3.26,138.0,6.8,14.7,283.0,13.6,0.91,88.0,6.7,119.0,13.56,6.0,13.0,600.0,1.0,4.0,4.0,1.0,2.0,2.0,1.0,1.0,1.0,2.0,3.0,0
131079.0,38.0,3.77,32.5,104.7,120.0,82.0,187.0,58.0,5.2,0.56,143.0,5.2,14.5,265.0,12.5,1.52,150.0,6.0,94.0,3.96,9.0,9.0,600.0,1.0,3.0,5.0,1.0,3.0,2.0,2.0,2.0,,2.0,2.0,0
131082.0,31.0,2.05,41.4,120.7,95.0,64.0,164.0,41.0,5.9,13.5,139.0,7.8,12.7,398.0,13.0,0.68,87.0,5.8,95.0,5.84,8.5,8.0,480.0,2.0,4.0,4.0,1.0,2.0,2.0,2.0,2.0,,2.0,4.0,0
131083.0,52.0,1.18,40.7,120.5,122.0,90.0,176.0,56.0,5.8,3.04,137.0,7.5,14.2,243.0,13.6,0.83,220.0,6.0,116.0,62.6,8.0,8.0,240.0,2.0,2.0,2.0,1.0,1.0,2.0,1.0,1.0,1.0,1.0,5.0,1
131084.0,36.0,5.0,25.3,85.4,116.0,81.0,185.0,59.0,5.3,0.79,139.0,11.2,13.3,348.0,13.4,1.01,128.0,5.5,97.0,7.26,6.0,9.0,300.0,2.0,3.0,5.0,2.0,,2.0,2.0,2.0,,2.0,2.0,0
131085.0,80.0,2.32,27.3,101.8,157.0,83.0,158.0,53.0,5.6,2.13,137.0,4.6,14.4,122.0,14.3,1.29,199.0,7.7,112.0,4.71,8.5,9.5,120.0,1.0,3.0,5.0,2.0,,2.0,1.0,9.0,2.0,9.0,1.0,0
131093.0,36.0,3.4,37.6,123.8,129.0,79.0,211.0,41.0,5.0,2.85,138.0,7.6,15.8,224.0,12.3,0.88,475.0,7.1,100.0,5.25,5.0,9.0,420.0,1.0,1.0,5.0,1.0,1.0,2.0,1.0,2.0,2.0,2.0,2.0,0
131094.0,26.0,5.0,26.7,86.8,109.0,65.0,223.0,60.0,5.1,3.2,135.0,9.8,13.3,273.0,12.5,0.87,97.0,5.7,81.0,5.51,6.5,9.0,480.0,2.0,3.0,5.0,2.0,,2.0,2.0,1.0,,2.0,2.0,0
131095.0,50.0,4.1,26.1,107.8,109.0,76.0,257.0,50.0,5.5,3.74,134.0,7.3,13.4,393.0,13.7,0.85,182.0,5.0,82.0,9.67,8.0,9.0,300.0,2.0,3.0,2.0,1.0,1.0,2.0,2.0,2.0,,2.0,3.0,0
131097.0,75.0,1.51,25.6,91.0,121.0,64.0,121.0,40.0,5.5,6.62,136.0,5.2,11.2,177.0,13.7,0.96,103.0,3.8,88.0,10.66,9.0,9.0,60.0,2.0,3.0,5.0,2.0,,2.0,2.0,1.0,,1.0,2.0,0
131098.0,65.0,4.15,27.2,85.7,129.0,56.0,211.0,67.0,6.1,3.27,139.0,7.4,11.9,145.0,12.6,1.09,99.0,4.8,98.0,1.0,8.0,9.0,180.0,2.0,2.0,5.0,2.0,,2.0,1.0,2.0,1.0,2.0,3.0,0
131099.0,62.0,5.0,42.4,113.6,91.0,69.0,153.0,54.0,6.0,6.89,138.0,9.7,13.0,260.0,14.5,0.64,108.0,5.0,102.0,1.0,7.5,7.5,720.0,2.0,3.0,3.0,1.0,2.0,2.0,1.0,1.0,1.0,9.0,2.0,0
131102.0,32.0,,29.3,94.6,117.0,72.0,177.0,88.0,4.9,0.55,139.0,13.0,11.9,391.0,14.8,0.85,56.0,4.9,77.0,6.76,10.0,10.0,240.0,2.0,4.0,3.0,2.0,,2.0,2.0,2.0,,2.0,4.0,0
131106.0,57.0,5.0,25.5,96.1,101.0,72.0,210.0,52.0,5.4,1.77,136.0,5.5,12.6,230.0,13.3,0.82,80.0,4.5,90.0,4.35,8.0,8.5,840.0,2.0,7.0,5.0,2.0,,2.0,2.0,2.0,,2.0,3.0,0
131108.0,68.0,3.39,20.2,72.8,131.0,62.0,184.0,66.0,5.5,0.26,136.0,5.9,12.1,319.0,16.3,0.52,66.0,2.2,83.0,13.2,4.0,8.0,120.0,2.0,3.0,4.0,1.0,1.0,2.0,2.0,1.0,,2.0,2.0,0
131109.0,67.0,0.96,30.8,120.8,108.0,71.0,202.0,38.0,5.9,3.12,140.0,9.3,14.5,196.0,14.3,0.91,187.0,5.1,111.0,5.04,7.0,5.0,120.0,1.0,3.0,1.0,1.0,1.0,2.0,2.0,2.0,,2.0,4.0,0
131112.0,42.0,4.6,29.1,102.5,124.0,81.0,224.0,35.0,5.0,0.8,142.0,7.6,15.8,154.0,13.6,1.23,400.0,6.2,107.0,3.92,8.0,8.0,180.0,1.0,7.0,4.0,1.0,2.0,2.0,2.0,2.0,,2.0,2.0,0
131118.0,73.0,,35.7,131.4,118.0,62.0,146.0,39.0,6.8,2.99,139.0,6.9,14.4,138.0,13.0,0.8,144.0,6.3,121.0,43.85,8.0,7.0,300.0,1.0,3.0,4.0,1.0,3.0,1.0,1.0,1.0,1.0,1.0,3.0,0
131120.0,62.0,2.73,21.4,80.9,128.0,69.0,197.0,72.0,5.6,2.02,142.0,4.9,14.0,207.0,13.6,0.56,59.0,4.7,93.0,6.5,7.0,8.0,360.0,2.0,2.0,5.0,2.0,,2.0,2.0,2.0,,2.0,3.0,0
131121.0,80.0,1.65,19.1,77.7,164.0,63.0,168.0,58.0,7.2,2.91,139.0,5.8,14.7,332.0,13.4,0.83,66.0,3.7,135.0,84.94,8.0,8.0,300.0,2.0,3.0,5.0,2.0,,1.0,1.0,1.0,2.0,2.0,3.0,0
131122.0,51.0,,35.3,,112.0,78.0,267.0,48.0,6.4,6.8,140.0,7.8,14.0,298.0,13.8,0.63,185.0,4.8,124.0,16.36,8.0,8.0,480.0,2.0,6.0,5.0,2.0,,2.0,1.0,1.0,1.0,2.0,3.0,0
131124.0,80.0,1.64,24.7,93.5,132.0,76.0,202.0,63.0,5.8,0.32,142.0,8.5,14.5,272.0,14.3,0.79,96.0,5.9,101.0,7.93,9.0,9.0,240.0,1.0,3.0,3.0,2.0,,2.0,2.0,2.0,,2.0,3.0,0
131126.0,76.0,5.0,31.5,120.5,108.0,83.0,169.0,54.0,5.5,2.26,143.0,6.8,17.5,199.0,12.9,1.24,95.0,8.4,95.0,7.71,9.5,9.5,300.0,1.0,3.0,5.0,2.0,,2.0,2.0,2.0,,1.0,3.0,0
131127.0,54.0,2.21,24.8,104.2,142.0,92.0,212.0,52.0,5.6,1.56,141.0,7.9,15.5,334.0,12.6,0.82,123.0,5.4,106.0,7.9,7.0,7.0,600.0,1.0,3.0,5.0,2.0,,2.0,2.0,2.0,,2.0,2.0,0
131129.0,69.0,2.18,28.9,98.6,131.0,72.0,177.0,40.0,6.3,1.19,140.0,6.5,14.7,275.0,13.4,0.7,156.0,5.1,108.0,13.21,8.0,8.0,240.0,2.0,3.0,4.0,1.0,3.0,2.0,1.0,1.0,1.0,1.0,1.0,0
131130.0,75.0,,34.5,120.6,100.0,71.0,168.0,49.0,5.7,3.78,143.0,4.4,11.4,186.0,13.9,1.2,160.0,7.7,106.0,11.83,7.5,9.0,360.0,2.0,3.0,4.0,2.0,,2.0,1.0,2.0,1.0,2.0,3.0,0
131131.0,55.0,5.397605346934028e-79,25.3,92.6,111.0,73.0,230.0,54.0,5.3,0.71,141.0,6.5,16.3,243.0,13.0,1.21,92.0,3.8,88.0,3.16,8.0,8.0,600.0,1.0,3.0,3.0,1.0,1.0,2.0,2.0,1.0,,2.0,2.0,1
131132.0,80.0,1.91,31.9,116.5,111.0,59.0,127.0,39.0,6.7,11.41,139.0,6.1,11.9,107.0,13.9,1.2,62.0,6.0,110.0,19.05,8.0,8.0,120.0,1.0,3.0,4.0,2.0,,2.0,2.0,2.0,,1.0,4.0,1
131135.0,64.0,2.71,30.9,101.7,173.0,112.0,261.0,44.0,12.2,2.75,136.0,6.8,14.7,223.0,12.6,0.56,234.0,3.7,294.0,34.66,6.5,9.0,300.0,2.0,3.0,4.0,2.0,,3.0,1.0,1.0,2.0,2.0,3.0,0
131137.0,67.0,4.05,24.3,88.3,153.0,73.0,166.0,58.0,6.4,0.71,141.0,5.6,12.4,340.0,13.7,0.65,118.0,4.1,97.0,8.69,8.5,8.5,360.0,2.0,2.0,3.0,2.0,,1.0,2.0,1.0,,1.0,3.0,0
131139.0,40.0,5.0,38.4,116.1,109.0,76.0,211.0,49.0,5.4,15.21,136.0,10.1,11.9,466.0,15.9,0.69,157.0,3.3,92.0,13.34,8.5,8.0,480.0,2.0,3.0,5.0,2.0,,2.0,2.0,2.0,,2.0,2.0,0
131144.0,43.0,3.28,23.9,81.5,120.0,80.0,141.0,50.0,5.5,2.34,139.0,7.8,11.7,245.0,14.7,0.75,65.0,3.9,92.0,8.1,5.0,6.0,780.0,2.0,4.0,3.0,2.0,,2.0,2.0,2.0,,2.0,1.0,0
131147.0,25.0,3.62,25.2,86.2,99.0,71.0,181.0,66.0,5.4,1.15,138.0,6.7,10.2,254.0,16.5,0.56,80.0,5.3,92.0,11.57,7.0,7.5,540.0,2.0,6.0,5.0,2.0,,2.0,2.0,2.0,,2.0,1.0,0
131148.0,66.0,3.7,23.5,88.3,114.0,66.0,155.0,32.0,5.0,4.05,142.0,10.5,16.5,221.0,13.4,1.01,107.0,4.0,105.0,7.47,8.5,8.5,240.0,1.0,7.0,4.0,1.0,3.0,2.0,1.0,1.0,1.0,2.0,2.0,0
131155.0,59.0,5.0,26.8,100.2,137.0,82.0,180.0,52.0,5.8,0.24,139.0,5.4,16.0,243.0,13.8,0.9,151.0,5.9,92.0,10.16,8.5,8.5,240.0,1.0,3.0,5.0,2.0,,2.0,2.0,2.0,,2.0,2.0,0
131156.0,33.0,5.0,40.4,117.0,111.0,87.0,212.0,39.0,12.4,5.53,135.0,9.0,15.4,381.0,13.6,0.62,349.0,3.9,297.0,13.99,10.0,11.0,360.0,2.0,2.0,4.0,2.0,,1.0,2.0,1.0,,1.0,4.0,0
131157.0,80.0,1.65,31.4,103.5,181.0,95.0,280.0,52.0,5.9,1.9,140.0,6.2,12.8,269.0,14.0,0.78,178.0,4.6,108.0,14.37,10.5,10.5,120.0,2.0,3.0,3.0,2.0,,2.0,1.0,1.0,1.0,2.0,3.0,1
131159.0,56.0,1.07,36.1,117.5,126.0,100.0,139.0,61.0,5.8,0.28,133.0,8.0,18.1,191.0,13.2,1.22,71.0,8.6,78.0,4.66,6.5,7.0,180.0,1.0,2.0,1.0,2.0,,2.0,1.0,1.0,1.0,1.0,4.0,1
131160.0,43.0,5.0,29.1,102.0,141.0,95.0,217.0,43.0,5.4,1.28,138.0,7.8,15.1,225.0,13.0,1.23,403.0,7.2,96.0,3.98,7.5,7.0,600.0,1.0,3.0,5.0,2.0,,2.0,1.0,2.0,1.0,2.0,2.0,0
131163.0,34.0,2.85,30.0,98.7,127.0,74.0,196.0,48.0,5.0,1.35,142.0,5.6,14.8,191.0,12.8,0.88,89.0,4.6,89.0,5.47,8.0,8.0,600.0,1.0,3.0,5.0,2.0,,2.0,1.0,2.0,2.0,2.0,2.0,0
131164.0,27.0,,38.6,125.3,110.0,80.0,226.0,35.0,5.1,3.42,134.0,15.6,15.8,263.0,12.8,0.73,346.0,5.6,79.0,8.49,11.5,12.0,360.0,1.0,1.0,2.0,2.0,,2.0,2.0,1.0,,2.0,1.0,0
131169.0,78.0,5.0,23.2,87.3,114.0,70.0,186.0,51.0,5.4,0.71,138.0,6.1,12.4,283.0,13.7,0.85,134.0,4.0,88.0,12.1,8.0,10.0,600.0,2.0,3.0,4.0,1.0,3.0,2.0,2.0,1.0,,1.0,1.0,0
131172.0,74.0,3.55,32.0,,133.0,59.0,105.0,47.0,5.9,1.32,142.0,7.3,14.0,155.0,14.2,0.83,73.0,5.5,98.0,,6.0,6.0,360.0,1.0,3.0,5.0,2.0,,3.0,1.0,2.0,1.0,1.0,3.0,0
131177.0,79.0,1.75,31.1,107.1,105.0,61.0,150.0,71.0,7.1,1.17,142.0,6.1,12.0,197.0,13.6,1.07,208.0,5.1,126.0,20.24,10.0,10.0,300.0,2.0,3.0,2.0,1.0,3.0,2.0,1.0,1.0,1.0,1.0,4.0,1
131178.0,65.0,0.79,38.3,125.0,141.0,82.0,141.0,55.0,7.4,1.95,138.0,9.0,13.1,258.0,13.9,0.57,85.0,5.2,99.0,13.09,9.5,8.5,240.0,2.0,3.0,3.0,2.0,,1.0,1.0,2.0,1.0,2.0,4.0,0
131180.0,73.0,4.62,29.4,107.1,171.0,65.0,126.0,42.0,8.4,4.06,140.0,9.0,12.4,230.0,14.0,0.96,95.0,6.1,220.0,218.37,5.0,11.0,180.0,2.0,2.0,2.0,2.0,,1.0,1.0,1.0,1.0,1.0,3.0,0
131183.0,75.0,3.57,37.3,126.5,137.0,107.0,131.0,48.0,5.8,3.34,139.0,8.9,13.6,207.0,14.2,1.61,127.0,9.4,137.0,24.71,7.0,7.0,480.0,2.0,3.0,5.0,1.0,3.0,2.0,1.0,1.0,1.0,1.0,2.0,0
131187.0,59.0,1.9,32.6,109.3,116.0,80.0,206.0,44.0,6.3,1.45,141.0,10.6,16.2,209.0,13.9,0.72,122.0,7.1,101.0,6.03,6.5,9.0,240.0,1.0,1.0,1.0,1.0,1.0,2.0,2.0,2.0,,2.0,3.0,0
131193.0,71.0,3.3,39.5,125.6,122.0,68.0,203.0,60.0,6.5,3.59,140.0,6.2,13.2,208.0,13.9,1.0,76.0,4.9,118.0,11.52,6.0,6.0,360.0,1.0,3.0,5.0,2.0,,3.0,1.0,2.0,1.0,2.0,3.0,0
131194.0,49.0,3.11,28.6,91.5,170.0,130.0,204.0,76.0,5.4,0.86,141.0,7.8,15.8,332.0,14.1,1.16,91.0,7.9,99.0,7.15,6.5,7.0,240.0,1.0,4.0,4.0,1.0,3.0,2.0,1.0,1.0,1.0,2.0,4.0,0
131195.0,48.0,0.34,25.9,99.8,110.0,76.0,272.0,36.0,6.1,2.65,139.0,9.7,15.0,235.0,14.0,0.72,313.0,5.3,105.0,7.64,7.0,5.0,240.0,2.0,3.0,4.0,1.0,2.0,1.0,1.0,1.0,1.0,1.0,4.0,0
131196.0,23.0,0.93,29.5,102.3,124.0,87.0,149.0,29.0,5.5,4.56,139.0,7.0,16.1,306.0,13.2,0.91,194.0,9.0,148.0,26.04,8.0,10.0,30.0,1.0,2.0,2.0,1.0,1.0,2.0,2.0,2.0,,2.0,4.0,0
131197.0,59.0,,36.8,127.9,126.0,76.0,120.0,39.0,6.5,2.3,141.0,5.9,13.8,279.0,15.2,1.16,98.0,7.8,106.0,4.22,6.0,8.0,720.0,1.0,4.0,5.0,2.0,,2.0,1.0,1.0,1.0,1.0,2.0,0
131200.0,32.0,2.31,22.3,75.0,125.0,75.0,163.0,84.0,5.0,0.23,141.0,8.3,12.8,274.0,12.5,0.65,42.0,3.6,82.0,0.66,8.5,9.5,120.0,2.0,3.0,5.0,2.0,,2.0,2.0,2.0,,2.0,2.0,0
131202.0,80.0,5.0,20.5,85.6,142.0,67.0,171.0,93.0,5.4,1.61,148.0,3.8,14.5,189.0,13.5,0.75,50.0,4.6,105.0,9.97,7.0,7.0,300.0,1.0,3.0,5.0,1.0,3.0,2.0,1.0,1.0,1.0,1.0,2.0,0
131203.0,78.0,2.46,30.8,104.4,136.0,87.0,215.0,48.0,5.5,3.13,141.0,6.1,14.3,261.0,14.5,0.81,201.0,4.6,95.0,6.89,10.0,10.0,600.0,2.0,3.0,3.0,2.0,,2.0,2.0,2.0,,2.0,1.0,0
131204.0,64.0,2.18,29.8,,121.0,87.0,203.0,62.0,5.3,0.99,141.0,7.2,14.5,211.0,13.1,0.61,71.0,4.5,91.0,25.03,9.0,9.0,420.0,2.0,6.0,2.0,2.0,,2.0,1.0,2.0,1.0,2.0,3.0,0
131205.0,62.0,2.79,35.2,120.5,123.0,86.0,200.0,51.0,5.9,11.14,137.0,8.4,11.4,106.0,14.5,0.9,71.0,5.8,90.0,5.94,5.0,5.0,600.0,2.0,4.0,5.0,1.0,3.0,2.0,1.0,1.0,1.0,1.0,3.0,0
131209.0,20.0,,39.3,112.9,110.0,80.0,222.0,38.0,5.5,2.32,142.0,9.7,14.0,358.0,14.6,0.73,180.0,5.7,97.0,7.51,8.0,11.0,720.0,2.0,1.0,4.0,2.0,,2.0,1.0,1.0,2.0,2.0,4.0,1
131211.0,30.0,4.4,28.4,90.4,98.0,73.0,188.0,57.0,4.9,2.47,139.0,6.3,13.9,240.0,13.1,0.86,58.0,4.8,90.0,3.91,8.5,8.5,180.0,2.0,3.0,3.0,1.0,1.0,2.0,1.0,2.0,2.0,2.0,3.0,1
131215.0,68.0,,28.7,99.5,118.0,69.0,205.0,55.0,6.2,3.04,139.0,9.5,12.9,303.0,13.6,0.68,90.0,5.8,105.0,11.66,9.0,10.0,120.0,2.0,3.0,3.0,2.0,,2.0,2.0,1.0,,2.0,2.0,0
131220.0,35.0,3.57,26.0,99.0,114.0,72.0,147.0,45.0,5.0,0.8,137.0,5.0,15.9,236.0,13.3,1.08,55.0,3.3,103.0,5.0,8.0,8.0,360.0,1.0,3.0,4.0,2.0,,2.0,2.0,2.0,,2.0,2.0,0
131225.0,32.0,0.42,29.5,92.3,98.0,64.0,169.0,48.0,4.8,0.44,140.0,8.9,13.5,273.0,12.9,0.72,51.0,5.0,90.0,4.07,9.0,11.0,240.0,2.0,4.0,4.0,1.0,1.0,2.0,2.0,2.0,,2.0,3.0,0
131227.0,70.0,5.0,28.3,94.4,141.0,83.0,248.0,67.0,5.6,1.03,138.0,6.1,14.6,154.0,13.1,0.98,83.0,3.6,89.0,0.55,7.0,7.5,120.0,1.0,3.0,5.0,2.0,,2.0,2.0,1.0,,2.0,2.0,0
131228.0,61.0,5.0,27.7,101.3,111.0,65.0,221.0,51.0,5.7,1.12,140.0,6.0,14.7,196.0,13.4,1.06,161.0,5.7,118.0,0.81,7.0,8.0,480.0,1.0,3.0,5.0,2.0,,2.0,2.0,1.0,,1.0,2.0,0
131234.0,67.0,4.8,42.7,129.3,132.0,88.0,117.0,42.0,6.2,3.05,141.0,7.4,13.3,302.0,16.3,0.83,107.0,5.5,94.0,5.12,8.0,8.0,180.0,2.0,3.0,5.0,2.0,,1.0,1.0,2.0,2.0,2.0,3.0,0
131238.0,44.0,2.34,28.1,102.4,127.0,82.0,197.0,42.0,10.1,1.44,138.0,7.2,14.4,380.0,13.1,1.03,247.0,4.8,209.0,8.57,8.0,8.0,120.0,1.0,3.0,3.0,1.0,3.0,1.0,1.0,1.0,1.0,2.0,3.0,0
131240.0,48.0,3.17,23.5,74.0,113.0,72.0,213.0,99.0,5.0,1.48,138.0,6.6,13.9,268.0,12.5,0.62,55.0,2.6,93.0,37.36,7.5,9.0,120.0,2.0,2.0,4.0,2.0,,2.0,2.0,2.0,,2.0,2.0,0
131241.0,58.0,5.0,36.1,122.1,116.0,72.0,187.0,55.0,5.2,18.0,140.0,7.9,15.1,305.0,13.4,0.94,114.0,5.3,97.0,5.21,8.0,9.0,180.0,1.0,3.0,5.0,1.0,3.0,2.0,2.0,2.0,,2.0,3.0,0
131242.0,35.0,1.78,48.3,137.5,112.0,87.0,199.0,45.0,5.5,10.83,137.0,7.6,14.5,239.0,13.0,0.77,90.0,4.8,103.0,4.01,8.0,9.0,660.0,2.0,3.0,5.0,2.0,,2.0,2.0,2.0,,2.0,2.0,0
131244.0,79.0,,37.3,121.5,190.0,91.0,187.0,36.0,5.9,2.63,138.0,4.8,12.7,239.0,15.6,1.4,271.0,7.2,99.0,36.35,10.0,10.0,360.0,2.0,3.0,3.0,1.0,3.0,2.0,1.0,1.0,1.0,1.0,4.0,1
131245.0,63.0,1.99,40.0,124.6,133.0,71.0,179.0,45.0,7.9,12.91,143.0,7.2,14.0,287.0,14.1,0.62,195.0,4.3,134.0,6.07,10.0,8.5,600.0,2.0,3.0,4.0,1.0,3.0,3.0,1.0,2.0,1.0,2.0,3.0,0
131248.0,20.0,1.94,30.1,101.9,113.0,76.0,151.0,31.0,5.6,4.68,140.0,6.9,13.4,351.0,13.7,0.61,161.0,5.2,97.0,14.31,9.5,10.5,360.0,2.0,3.0,2.0,2.0,,2.0,2.0,2.0,,2.0,2.0,0
131249.0,52.0,5.0,19.4,77.3,122.0,73.0,202.0,90.0,5.5,0.36,138.0,5.8,13.3,216.0,13.2,0.71,56.0,3.7,82.0,7.89,7.0,7.0,720.0,2.0,3.0,5.0,1.0,3.0,2.0,2.0,2.0,,2.0,2.0,0
131251.0,65.0,2.86,26.4,94.2,134.0,81.0,189.0,56.0,5.7,2.31,139.0,13.5,14.4,517.0,13.1,0.77,138.0,3.0,95.0,10.44,9.0,9.0,480.0,2.0,3.0,4.0,1.0,1.0,2.0,1.0,1.0,1.0,1.0,3.0,0
131254.0,53.0,2.8,49.9,132.0,145.0,116.0,219.0,44.0,6.2,10.91,137.0,6.9,14.5,234.0,13.9,0.72,145.0,9.8,96.0,232.43,6.5,7.5,900.0,2.0,7.0,4.0,2.0,,3.0,1.0,1.0,2.0,2.0,5.0,0
131256.0,22.0,,26.6,90.0,97.0,68.0,173.0,59.0,5.2,0.4,140.0,6.0,15.5,217.0,13.8,1.0,196.0,4.9,87.0,0.95,7.5,8.5,300.0,1.0,3.0,4.0,2.0,,2.0,2.0,2.0,,2.0,1.0,0
131258.0,41.0,2.33,23.2,83.9,123.0,73.0,172.0,45.0,5.5,0.52,136.0,5.7,14.4,165.0,12.7,0.92,51.0,5.4,94.0,0.95,8.5,8.5,30.0,1.0,3.0,3.0,1.0,1.0,2.0,2.0,2.0,,2.0,2.0,0
131263.0,48.0,5.0,23.7,82.0,131.0,87.0,164.0,42.0,4.5,0.17,139.0,4.2,15.9,216.0,12.9,0.91,68.0,4.1,88.0,7.02,8.5,9.0,240.0,1.0,3.0,5.0,2.0,,2.0,1.0,2.0,2.0,2.0,2.0,0
131268.0,42.0,2.08,34.2,,143.0,88.0,167.0,44.0,4.7,11.82,141.0,5.4,12.2,260.0,23.6,0.65,143.0,3.7,105.0,16.26,5.0,9.0,240.0,2.0,3.0,3.0,2.0,,2.0,2.0,1.0,,2.0,4.0,0
131269.0,33.0,3.68,31.8,101.8,118.0,75.0,318.0,40.0,5.8,1.87,138.0,9.3,13.0,303.0,15.2,1.07,319.0,5.8,85.0,4.99,7.0,9.0,120.0,1.0,3.0,4.0,1.0,3.0,2.0,2.0,2.0,,2.0,1.0,0
131270.0,62.0,1.4,31.7,105.9,135.0,78.0,238.0,61.0,5.8,6.47,142.0,6.2,11.1,405.0,14.3,0.74,87.0,4.1,97.0,48.14,8.5,8.5,120.0,2.0,4.0,3.0,2.0,,2.0,1.0,1.0,1.0,1.0,2.0,1
131273.0,63.0,5.0,28.2,107.2,101.0,63.0,209.0,43.0,5.8,1.17,139.0,7.4,15.8,355.0,13.9,0.92,94.0,5.7,91.0,5.88,8.0,8.5,720.0,1.0,3.0,5.0,2.0,,2.0,2.0,1.0,,2.0,3.0,0
131277.0,39.0,,24.6,82.0,106.0,71.0,161.0,74.0,5.4,0.52,138.0,8.7,13.3,314.0,12.7,0.78,60.0,4.2,90.0,1.62,8.0,8.5,360.0,2.0,3.0,5.0,2.0,,2.0,2.0,2.0,,2.0,2.0,0
131283.0,24.0,5.0,30.4,98.5,108.0,57.0,205.0,44.0,5.3,1.3,138.0,6.3,15.1,243.0,12.1,1.05,159.0,5.4,88.0,9.32,9.0,8.5,240.0,1.0,3.0,5.0,2.0,,2.0,2.0,2.0,,2.0,1.0,0
131284.0,72.0,5.0,26.2,93.9,117.0,65.0,194.0,41.0,5.8,6.73,139.0,7.2,16.3,254.0,14.7,0.95,194.0,5.3,92.0,11.09,8.5,9.0,120.0,1.0,2.0,3.0,1.0,3.0,2.0,2.0,2.0,,2.0,2.0,0
131287.0,67.0,2.75,30.3,107.4,132.0,78.0,137.0,57.0,5.7,0.6,140.0,8.0,14.6,272.0,14.2,0.86,110.0,3.4,97.0,8.11,8.5,8.5,180.0,2.0,3.0,3.0,2.0,,2.0,2.0,1.0,,1.0,2.0,0
131290.0,38.0,,32.0,108.7,113.0,75.0,186.0,37.0,5.2,7.84,141.0,7.0,15.5,210.0,12.6,0.8,105.0,7.2,93.0,3.86,4.5,7.5,600.0,1.0,7.0,5.0,2.0,,2.0,2.0,1.0,,2.0,2.0,0
131291.0,62.0,4.06,27.7,85.0,110.0,77.0,217.0,78.0,5.2,0.81,143.0,4.0,13.1,249.0,14.5,0.76,66.0,3.3,90.0,5.5,9.0,9.0,300.0,2.0,3.0,4.0,1.0,3.0,2.0,2.0,2.0,,2.0,3.0,0
131292.0,57.0,1.23,27.0,96.6,132.0,73.0,201.0,36.0,5.4,4.16,140.0,9.0,16.5,227.0,14.1,0.85,108.0,6.1,103.0,59.75,7.0,5.5,120.0,1.0,7.0,4.0,1.0,2.0,2.0,1.0,2.0,1.0,2.0,5.0,1
131293.0,51.0,,31.0,101.2,126.0,76.0,191.0,57.0,5.7,1.3,138.0,8.8,11.1,414.0,14.0,0.64,95.0,5.0,119.0,6.65,7.0,10.0,480.0,2.0,1.0,2.0,2.0,,2.0,2.0,2.0,,2.0,3.0,0
131294.0,69.0,,44.6,138.5,116.0,69.0,174.0,54.0,5.7,1.56,137.0,8.1,15.3,341.0,13.1,0.91,129.0,7.8,104.0,4.5,8.5,9.0,240.0,2.0,3.0,4.0,2.0,,2.0,1.0,2.0,1.0,2.0,2.0,0
131296.0,39.0,,29.1,96.5,114.0,77.0,176.0,59.0,5.5,1.08,137.0,6.0,14.8,217.0,13.1,0.83,80.0,7.4,120.0,4.15,8.5,11.0,600.0,1.0,4.0,4.0,2.0,,2.0,2.0,1.0,,2.0,1.0,0
131298.0,36.0,3.39,24.1,84.7,138.0,84.0,197.0,42.0,5.3,1.21,141.0,12.2,15.1,326.0,12.9,0.86,516.0,8.4,93.0,12.13,6.0,6.0,600.0,1.0,3.0,4.0,1.0,1.0,2.0,2.0,1.0,,2.0,3.0,0
131299.0,65.0,1.58,60.6,164.6,113.0,69.0,192.0,40.0,7.0,65.58,138.0,12.6,12.7,418.0,16.1,1.3,126.0,7.3,142.0,40.24,6.0,6.0,600.0,1.0,4.0,3.0,2.0,,1.0,1.0,1.0,1.0,1.0,3.0,1
131300.0,41.0,2.82,36.5,104.8,92.0,70.0,244.0,65.0,5.3,8.46,137.0,7.5,13.2,270.0,13.6,0.78,54.0,5.5,85.0,5.87,7.0,9.0,600.0,2.0,3.0,5.0,2.0,,2.0,2.0,1.0,,2.0,3.0,0
131301.0,35.0,0.45,23.7,85.4,115.0,79.0,176.0,41.0,5.4,1.11,138.0,5.4,13.9,228.0,13.9,0.88,72.0,5.3,89.0,11.21,9.0,9.0,240.0,1.0,3.0,4.0,1.0,3.0,2.0,2.0,2.0,,2.0,1.0,0
131302.0,56.0,1.09,33.0,104.7,111.0,65.0,217.0,44.0,5.7,7.76,141.0,7.3,13.8,173.0,14.2,0.85,171.0,5.1,86.0,5.57,7.0,6.0,60.0,2.0,2.0,3.0,1.0,1.0,2.0,2.0,1.0,,2.0,3.0,0
131305.0,23.0,2.33,25.2,88.0,145.0,64.0,138.0,51.0,5.0,0.33,138.0,8.4,15.3,201.0,12.8,0.83,100.0,4.5,94.0,5.23,9.0,9.0,360.0,1.0,3.0,5.0,2.0,,2.0,2.0,2.0,,2.0,1.0,0
131307.0,73.0,4.56,54.1,125.4,95.0,73.0,155.0,67.0,5.3,10.98,134.0,7.4,13.5,215.0,13.3,0.76,102.0,5.7,101.0,9.35,9.0,9.0,600.0,2.0,3.0,5.0,2.0,,2.0,1.0,1.0,1.0,1.0,3.0,1
131308.0,32.0,4.78,22.8,88.7,121.0,79.0,142.0,58.0,5.1,0.23,142.0,4.9,14.7,221.0,13.1,0.84,89.0,5.2,99.0,5.94,8.5,9.0,780.0,1.0,3.0,5.0,2.0,,2.0,1.0,2.0,2.0,2.0,3.0,0
131309.0,22.0,0.82,26.1,97.0,95.0,73.0,168.0,54.0,5.5,2.17,138.0,7.7,13.6,254.0,14.3,0.63,79.0,3.6,91.0,7.22,8.5,9.5,480.0,2.0,1.0,5.0,2.0,,2.0,2.0,2.0,,2.0,3.0,0
131310.0,45.0,2.92,32.8,111.5,123.0,79.0,242.0,72.0,5.2,0.49,140.0,5.3,15.1,227.0,13.2,1.24,85.0,4.8,106.0,6.45,7.5,9.0,600.0,1.0,3.0,5.0,2.0,,2.0,2.0,1.0,,2.0,2.0,0
131312.0,80.0,1.53,34.1,109.2,147.0,61.0,148.0,45.0,7.5,1.09,139.0,8.8,13.6,273.0,13.5,0.74,162.0,6.6,166.0,135.22,7.5,7.5,240.0,2.0,7.0,2.0,1.0,3.0,1.0,1.0,2.0,1.0,1.0,2.0,1
131315.0,61.0,3.28,42.1,108.6,143.0,82.0,194.0,47.0,5.9,2.02,137.0,5.0,14.8,246.0,13.0,0.7,196.0,4.9,96.0,14.21,8.0,8.0,360.0,2.0,2.0,4.0,2.0,,1.0,1.0,1.0,1.0,1.0,3.0,0
131318.0,58.0,1.12,35.1,104.0,123.0,74.0,190.0,61.0,5.3,3.24,142.0,7.6,13.2,325.0,14.8,0.7,174.0,5.6,86.0,8.97,11.0,11.0,120.0,2.0,3.0,4.0,2.0,,2.0,1.0,1.0,1.0,1.0,3.0,0
131322.0,70.0,1.72,23.3,68.1,124.0,66.0,157.0,52.0,6.1,0.67,137.0,5.0,13.8,247.0,13.0,1.23,159.0,6.7,91.0,15.94,8.5,9.0,120.0,2.0,7.0,2.0,1.0,3.0,2.0,1.0,1.0,1.0,1.0,3.0,0
131323.0,27.0,2.61,21.6,87.1,117.0,93.0,205.0,91.0,4.6,1.37,136.0,7.4,11.4,193.0,13.0,0.6,128.0,4.5,79.0,8.64,7.5,8.0,360.0,2.0,3.0,5.0,2.0,,2.0,2.0,2.0,,2.0,1.0,0
131324.0,80.0,,32.7,120.0,136.0,62.0,199.0,41.0,7.2,0.96,137.0,6.5,13.1,230.0,15.0,1.17,173.0,7.5,285.0,225.56,9.0,9.0,360.0,1.0,3.0,2.0,1.0,3.0,1.0,2.0,1.0,,9.0,2.0,1
131327.0,63.0,0.98,59.9,,162.0,125.0,100.0,46.0,6.0,16.67,141.0,4.7,13.3,230.0,17.3,0.97,86.0,6.9,132.0,1584.78,5.0,6.0,360.0,2.0,4.0,3.0,1.0,1.0,2.0,1.0,2.0,1.0,2.0,4.0,1
131328.0,62.0,4.34,28.2,91.8,122.0,63.0,197.0,62.0,5.7,0.49,140.0,6.1,14.3,319.0,13.8,1.08,52.0,6.2,87.0,2.88,9.0,8.0,480.0,1.0,4.0,4.0,2.0,,2.0,1.0,2.0,1.0,2.0,3.0,0
131331.0,77.0,2.41,37.2,117.4,132.0,64.0,146.0,41.0,7.4,8.88,141.0,,,,,1.77,167.0,9.6,158.0,126.45,7.0,7.0,480.0,2.0,3.0,3.0,1.0,3.0,1.0,1.0,1.0,1.0,1.0,4.0,0
131332.0,42.0,4.88,55.1,140.5,127.0,91.0,245.0,61.0,9.1,4.74,139.0,6.8,11.4,345.0,15.2,1.1,179.0,6.5,139.0,5347.98,9.0,9.0,250.0,2.0,4.0,5.0,2.0,,1.0,1.0,1.0,1.0,1.0,3.0,0
131333.0,76.0,3.55,28.1,108.7,89.0,66.0,126.0,45.0,8.1,1.45,138.0,7.8,13.8,144.0,15.1,1.91,59.0,7.0,139.0,8.47,3.0,3.0,420.0,1.0,4.0,3.0,1.0,3.0,1.0,1.0,2.0,1.0,2.0,3.0,1
131334.0,28.0,4.32,32.5,111.6,95.0,67.0,228.0,53.0,4.9,4.87,139.0,4.4,14.7,280.0,12.9,0.63,76.0,5.3,86.0,5.34,5.0,5.0,600.0,2.0,3.0,4.0,2.0,,2.0,2.0,2.0,,2.0,2.0,0
131337.0,36.0,,32.6,109.3,115.0,83.0,191.0,71.0,5.1,0.77,141.0,7.9,15.1,279.0,15.1,0.8,199.0,5.5,90.0,4.81,9.0,9.0,600.0,1.0,3.0,4.0,1.0,1.0,2.0,1.0,2.0,2.0,2.0,3.0,0
131339.0,74.0,0.75,24.3,97.7,142.0,77.0,123.0,49.0,5.7,0.97,142.0,6.2,16.1,174.0,14.6,1.44,110.0,4.7,127.0,131.6,8.0,11.0,240.0,1.0,2.0,1.0,2.0,,2.0,2.0,1.0,,1.0,2.0,1
131340.0,60.0,1.71,26.7,95.4,145.0,85.0,233.0,41.0,7.0,1.71,139.0,7.8,15.8,263.0,13.0,0.95,313.0,6.1,147.0,71.96,9.0,9.0,360.0,1.0,1.0,2.0,1.0,3.0,1.0,1.0,1.0,1.0,2.0,3.0,0
131341.0,36.0,2.47,40.6,127.1,114.0,87.0,161.0,41.0,5.1,10.07,138.0,9.3,14.7,283.0,13.7,0.83,100.0,6.3,96.0,7.46,9.0,9.5,360.0,2.0,3.0,4.0,1.0,3.0,3.0,1.0,2.0,1.0,2.0,4.0,0
131342.0,61.0,4.67,23.4,76.9,127.0,82.0,140.0,50.0,5.5,0.27,139.0,6.4,13.0,151.0,13.0,0.86,74.0,5.1,94.0,4.62,7.5,7.5,420.0,2.0,3.0,5.0,2.0,,2.0,1.0,1.0,1.0,1.0,2.0,1
131347.0,68.0,2.83,31.1,114.5,129.0,79.0,134.0,49.0,8.4,0.7,141.0,6.7,13.2,300.0,14.0,0.86,137.0,4.1,164.0,19.85,9.0,9.0,60.0,1.0,2.0,3.0,1.0,3.0,1.0,1.0,1.0,1.0,1.0,4.0,1
131350.0,66.0,3.6,29.4,111.7,114.0,65.0,113.0,49.0,5.7,3.04,138.0,7.6,15.5,254.0,14.0,0.98,68.0,5.9,106.0,5.18,5.0,6.5,360.0,1.0,3.0,3.0,1.0,3.0,2.0,1.0,2.0,1.0,2.0,2.0,0
131351.0,65.0,2.16,27.2,107.1,157.0,93.0,198.0,39.0,5.4,1.7,143.0,6.8,14.5,177.0,13.4,0.78,260.0,6.2,99.0,34.44,11.0,11.5,240.0,1.0,3.0,3.0,1.0,3.0,2.0,1.0,1.0,1.0,1.0,3.0,1
131352.0,35.0,3.98,31.1,105.8,96.0,65.0,162.0,32.0,5.4,6.73,141.0,8.9,16.8,306.0,13.4,0.98,204.0,7.7,85.0,2.76,7.5,6.5,600.0,1.0,3.0,4.0,1.0,3.0,2.0,2.0,2.0,,2.0,2.0,0
131353.0,56.0,3.76,32.5,98.5,130.0,78.0,262.0,84.0,5.7,2.9,138.0,7.2,13.6,317.0,14.1,0.98,138.0,4.1,98.0,12.12,9.0,10.0,240.0,2.0,3.0,3.0,1.0,3.0,2.0,2.0,2.0,,2.0,2.0,0
131359.0,31.0,5.0,26.1,87.2,117.0,64.0,204.0,69.0,5.2,0.84,139.0,4.4,13.7,295.0,12.7,0.61,60.0,3.9,98.0,1.17,7.5,9.0,240.0,2.0,3.0,5.0,2.0,,2.0,2.0,1.0,,2.0,2.0,0
131363.0,39.0,5.0,21.7,76.0,119.0,75.0,240.0,97.0,5.1,3.0,140.0,8.2,14.3,273.0,13.2,0.88,96.0,4.0,92.0,1.31,8.5,8.5,540.0,2.0,3.0,5.0,2.0,,2.0,2.0,2.0,,2.0,2.0,0
131366.0,44.0,5.0,22.2,90.8,122.0,60.0,259.0,98.0,5.1,1.38,142.0,8.1,15.1,277.0,13.3,0.86,72.0,3.9,82.0,8.35,9.0,11.0,720.0,2.0,3.0,5.0,1.0,1.0,2.0,2.0,2.0,,2.0,2.0,0
131367.0,58.0,,35.8,120.5,128.0,76.0,194.0,61.0,6.8,11.81,136.0,9.3,13.8,291.0,14.1,0.58,210.0,6.6,220.0,11.45,9.0,9.0,480.0,2.0,2.0,1.0,2.0,,2.0,1.0,2.0,1.0,2.0,4.0,1
131368.0,74.0,5.0,36.0,108.7,125.0,75.0,163.0,72.0,5.8,0.93,141.0,7.7,14.1,277.0,13.1,0.84,53.0,5.7,99.0,5.38,5.0,6.0,240.0,2.0,3.0,5.0,2.0,,2.0,1.0,1.0,1.0,1.0,3.0,0
131372.0,36.0,,52.4,139.6,103.0,72.0,155.0,48.0,5.5,18.33,140.0,7.5,13.1,383.0,13.0,0.71,142.0,6.5,111.0,0.54,8.0,8.0,120.0,2.0,4.0,4.0,2.0,,2.0,2.0,2.0,,2.0,1.0,0
131373.0,65.0,5.0,30.7,110.4,124.0,64.0,235.0,73.0,5.4,4.78,138.0,7.5,14.1,283.0,13.8,0.82,179.0,6.1,87.0,8.76,8.0,8.0,360.0,2.0,3.0,5.0,1.0,3.0,2.0,2.0,2.0,,2.0,2.0,0
131381.0,76.0,3.28,22.9,92.0,156.0,73.0,241.0,49.0,6.9,1.29,141.0,5.9,15.7,263.0,13.3,0.67,143.0,4.7,108.0,7.48,10.0,10.0,360.0,2.0,3.0,2.0,2.0,,1.0,2.0,1.0,,1.0,2.0,0
131386.0,35.0,5.0,25.0,92.0,136.0,85.0,211.0,65.0,5.2,0.59,140.0,5.4,15.0,231.0,13.0,0.94,68.0,6.3,94.0,0.62,8.0,9.0,480.0,1.0,3.0,5.0,2.0,,2.0,2.0,2.0,,2.0,2.0,0
131387.0,69.0,5.0,29.9,101.3,102.0,66.0,146.0,60.0,5.4,0.45,135.0,3.8,13.2,180.0,12.9,0.72,52.0,4.0,104.0,1.24,9.0,9.0,420.0,2.0,3.0,5.0,2.0,,2.0,2.0,1.0,,1.0,2.0,1
131389.0,54.0,4.05,24.4,90.5,138.0,85.0,173.0,76.0,5.4,0.77,139.0,6.1,13.7,208.0,12.9,1.14,114.0,4.2,102.0,6.22,8.0,8.0,300.0,1.0,3.0,5.0,2.0,,2.0,2.0,2.0,,2.0,2.0,0
131391.0,70.0,2.46,28.3,102.3,180.0,106.0,253.0,72.0,5.5,4.13,139.0,7.7,13.9,190.0,14.3,0.63,82.0,4.1,83.0,21.82,7.5,7.5,300.0,2.0,4.0,2.0,1.0,1.0,2.0,2.0,2.0,,2.0,2.0,0
131392.0,59.0,5.0,24.6,90.0,139.0,75.0,210.0,78.0,5.3,7.97,141.0,5.1,14.1,274.0,12.9,0.82,97.0,4.9,89.0,6.35,8.0,8.0,240.0,1.0,3.0,5.0,2.0,,2.0,2.0,2.0,,2.0,1.0,0
131397.0,66.0,5.0,26.6,101.7,112.0,65.0,245.0,41.0,6.8,0.93,140.0,6.2,14.6,295.0,13.4,1.03,88.0,7.0,131.0,9.6,7.5,8.5,360.0,1.0,3.0,4.0,1.0,3.0,1.0,2.0,2.0,,1.0,3.0,0
131399.0,48.0,4.48,26.7,103.8,142.0,98.0,229.0,72.0,5.1,3.61,138.0,6.8,14.7,215.0,12.7,1.14,209.0,4.6,89.0,29.0,7.0,6.0,120.0,1.0,3.0,4.0,2.0,,2.0,2.0,2.0,,2.0,2.0,0
131403.0,63.0,5.0,,107.4,125.0,79.0,251.0,90.0,5.3,2.6,140.0,7.7,13.2,216.0,13.2,0.67,102.0,7.1,103.0,7.65,8.0,9.0,60.0,2.0,3.0,4.0,1.0,3.0,2.0,1.0,1.0,1.0,2.0,2.0,0
131405.0,22.0,2.79,31.5,113.3,106.0,78.0,171.0,36.0,6.0,9.39,140.0,10.8,13.0,220.0,14.0,0.99,163.0,7.2,100.0,4.77,9.0,,360.0,1.0,4.0,3.0,2.0,,2.0,2.0,2.0,,2.0,2.0,0
131410.0,59.0,5.0,25.3,88.4,128.0,75.0,233.0,74.0,5.2,4.23,142.0,5.7,13.8,206.0,13.4,0.73,110.0,3.3,93.0,1.05,8.0,8.5,240.0,2.0,3.0,4.0,2.0,,2.0,2.0,2.0,,2.0,2.0,0
131411.0,53.0,5.0,36.9,122.4,127.0,90.0,171.0,46.0,5.4,2.93,141.0,6.5,13.7,261.0,13.5,0.96,136.0,4.9,89.0,12.74,8.5,8.5,780.0,2.0,3.0,5.0,1.0,3.0,2.0,2.0,2.0,,2.0,2.0,0
131412.0,21.0,1.71,21.0,79.2,108.0,71.0,140.0,47.0,5.4,7.5,140.0,6.5,12.6,314.0,13.0,0.55,171.0,2.3,83.0,15.78,10.0,10.0,360.0,2.0,4.0,3.0,2.0,,2.0,2.0,2.0,,2.0,4.0,0
131414.0,43.0,4.33,24.3,90.7,119.0,81.0,190.0,35.0,5.0,9.28,142.0,5.5,15.4,234.0,14.0,0.94,405.0,5.5,103.0,4.29,8.0,8.5,180.0,1.0,3.0,5.0,1.0,2.0,2.0,2.0,1.0,,1.0,2.0,0
131416.0,41.0,1.37,23.5,81.9,107.0,78.0,126.0,46.0,4.5,1.38,141.0,6.5,12.8,309.0,12.6,0.86,57.0,4.0,82.0,5.05,8.5,8.5,360.0,2.0,3.0,4.0,2.0,,2.0,2.0,2.0,,2.0,3.0,0
131418.0,76.0,4.0,23.7,87.9,110.0,61.0,220.0,63.0,5.5,3.51,143.0,7.7,12.2,282.0,14.3,0.89,52.0,3.5,87.0,11.54,10.0,10.0,480.0,2.0,4.0,4.0,2.0,,2.0,2.0,2.0,,2.0,1.0,0
131419.0,77.0,2.69,32.0,121.5,126.0,62.0,160.0,44.0,7.9,11.13,143.0,8.5,14.1,159.0,13.8,0.72,55.0,6.3,151.0,62.39,7.0,7.0,360.0,1.0,3.0,4.0,1.0,3.0,1.0,1.0,1.0,1.0,2.0,2.0,1
131422.0,80.0,1.35,24.6,88.9,141.0,76.0,206.0,35.0,5.7,1.68,133.0,9.8,15.2,208.0,13.2,1.12,332.0,5.6,97.0,9.03,8.0,8.0,180.0,1.0,3.0,4.0,1.0,3.0,2.0,1.0,2.0,2.0,2.0,2.0,0
131423.0,77.0,2.05,24.6,96.4,125.0,71.0,132.0,45.0,7.9,4.99,139.0,5.8,11.9,212.0,14.1,0.92,98.0,3.8,165.0,29.13,9.0,9.0,240.0,1.0,2.0,3.0,2.0,,1.0,2.0,1.0,,1.0,2.0,0
131426.0,60.0,0.78,25.8,88.6,154.0,79.0,204.0,52.0,6.1,1.27,142.0,5.6,11.8,260.0,13.1,0.74,153.0,4.0,99.0,6.24,7.0,11.0,120.0,2.0,4.0,4.0,2.0,,2.0,1.0,2.0,2.0,2.0,2.0,0
131427.0,74.0,3.02,36.0,131.3,134.0,75.0,213.0,33.0,5.6,7.48,140.0,4.6,15.2,225.0,14.4,1.13,393.0,5.3,119.0,20.05,11.0,11.0,360.0,1.0,3.0,3.0,1.0,3.0,2.0,1.0,1.0,1.0,1.0,4.0,0
131428.0,71.0,5.0,26.8,101.4,114.0,61.0,197.0,59.0,5.8,2.11,141.0,4.3,13.9,183.0,12.9,1.18,66.0,6.2,102.0,4.22,7.0,8.0,360.0,1.0,3.0,5.0,2.0,,2.0,2.0,1.0,,2.0,2.0,0
131431.0,48.0,5.0,28.1,91.9,106.0,70.0,174.0,58.0,4.7,1.46,138.0,8.8,14.8,260.0,12.2,0.72,144.0,5.0,87.0,12.8,7.0,9.0,360.0,2.0,6.0,5.0,2.0,,2.0,1.0,2.0,1.0,2.0,2.0,0
131432.0,49.0,,33.7,110.4,115.0,91.0,202.0,60.0,4.9,3.99,138.0,,,,,0.94,137.0,6.9,91.0,13.6,8.0,8.0,600.0,1.0,3.0,5.0,1.0,3.0,2.0,1.0,2.0,1.0,2.0,2.0,0
131433.0,25.0,5.0,23.2,70.0,99.0,57.0,153.0,69.0,5.3,0.28,140.0,5.0,13.7,262.0,12.6,0.82,52.0,5.5,84.0,3.62,8.0,9.0,360.0,2.0,6.0,5.0,2.0,,2.0,2.0,2.0,,2.0,1.0,0
131437.0,61.0,,38.2,109.1,118.0,83.0,178.0,62.0,5.4,2.76,138.0,7.6,14.7,289.0,13.5,0.95,114.0,5.9,90.0,4.82,7.0,6.5,360.0,2.0,7.0,4.0,1.0,3.0,2.0,2.0,1.0,,1.0,2.0,0
131442.0,23.0,2.3,24.4,77.4,114.0,65.0,146.0,56.0,5.0,0.42,139.0,5.5,16.5,255.0,12.6,0.9,47.0,5.1,81.0,7.47,7.5,9.5,180.0,1.0,3.0,5.0,2.0,,2.0,2.0,2.0,,2.0,2.0,0
131444.0,23.0,1.34,23.7,75.0,113.0,73.0,209.0,63.0,4.6,0.85,139.0,6.2,15.0,286.0,12.8,0.61,52.0,4.3,85.0,1.05,7.0,9.0,360.0,2.0,3.0,5.0,2.0,,2.0,2.0,2.0,,2.0,2.0,0
131446.0,50.0,,34.9,104.5,119.0,76.0,186.0,68.0,5.4,4.15,139.0,7.6,11.4,266.0,14.0,0.8,117.0,5.7,89.0,5.21,9.0,8.0,120.0,2.0,1.0,2.0,2.0,,2.0,2.0,2.0,,2.0,3.0,0
131447.0,71.0,5.0,25.6,101.4,123.0,73.0,167.0,42.0,6.9,2.32,131.0,5.7,13.8,181.0,14.1,0.92,126.0,5.2,141.0,10.86,7.5,7.0,180.0,1.0,3.0,5.0,2.0,,1.0,1.0,2.0,1.0,1.0,4.0,0
131450.0,80.0,3.68,29.9,111.2,118.0,62.0,265.0,63.0,5.9,3.8,139.0,5.2,13.9,128.0,13.8,0.87,162.0,5.9,124.0,11.23,8.0,8.0,600.0,2.0,3.0,5.0,1.0,3.0,1.0,2.0,1.0,,1.0,3.0,0
131452.0,64.0,1.06,44.8,140.4,126.0,74.0,140.0,48.0,7.0,0.87,141.0,6.4,12.4,200.0,13.0,1.17,84.0,5.9,83.0,89.96,7.0,7.0,600.0,2.0,3.0,4.0,2.0,,1.0,1.0,1.0,1.0,1.0,3.0,0
131455.0,65.0,,46.7,133.0,158.0,92.0,148.0,48.0,9.2,3.45,141.0,6.9,11.7,261.0,14.2,1.13,109.0,5.5,88.0,6.58,9.5,10.0,360.0,2.0,4.0,4.0,1.0,3.0,1.0,1.0,1.0,1.0,1.0,4.0,0
131456.0,71.0,5.0,27.8,,112.0,64.0,134.0,55.0,5.2,4.37,143.0,6.3,12.2,162.0,13.4,1.01,39.0,6.0,79.0,2.66,8.0,8.0,180.0,1.0,3.0,4.0,2.0,,2.0,2.0,2.0,,2.0,2.0,0
131457.0,73.0,,32.7,130.6,77.0,52.0,160.0,51.0,6.5,2.51,139.0,7.6,14.5,271.0,13.1,1.28,186.0,7.4,111.0,113.56,8.5,8.5,120.0,2.0,7.0,4.0,1.0,3.0,3.0,1.0,1.0,1.0,1.0,2.0,1
131458.0,73.0,5.0,21.8,99.1,117.0,66.0,166.0,69.0,5.7,0.54,142.0,5.5,15.7,148.0,13.7,0.83,69.0,3.3,94.0,15.41,6.5,7.5,480.0,1.0,7.0,5.0,2.0,,2.0,2.0,2.0,,2.0,2.0,0
131459.0,80.0,5.0,28.7,101.4,149.0,84.0,226.0,54.0,5.2,1.39,141.0,5.4,13.2,220.0,13.6,0.81,116.0,3.2,92.0,8.41,9.5,9.5,240.0,2.0,2.0,4.0,2.0,,2.0,2.0,1.0,,2.0,3.0,0
131460.0,49.0,5.0,26.8,92.9,111.0,71.0,205.0,38.0,5.7,2.91,140.0,5.2,13.4,266.0,13.4,1.44,96.0,5.5,90.0,11.96,,,960.0,1.0,4.0,4.0,2.0,,2.0,2.0,2.0,,2.0,3.0,0
131463.0,35.0,1.91,26.8,86.4,112.0,77.0,194.0,69.0,5.2,2.68,137.0,7.8,12.5,381.0,14.1,0.81,89.0,2.7,84.0,0.88,7.5,8.5,180.0,2.0,3.0,4.0,1.0,3.0,2.0,2.0,2.0,,2.0,2.0,0
131464.0,25.0,4.45,25.9,99.8,125.0,77.0,176.0,44.0,5.3,2.04,136.0,8.4,16.1,260.0,12.9,0.94,177.0,5.7,91.0,5.79,6.5,10.0,720.0,1.0,3.0,5.0,2.0,,2.0,2.0,2.0,,2.0,3.0,0
131468.0,27.0,5.0,30.5,101.5,125.0,81.0,205.0,81.0,5.4,2.63,,5.4,13.5,242.0,12.8,,,,,14.39,11.0,9.0,300.0,1.0,2.0,3.0,2.0,,2.0,2.0,2.0,,2.0,2.0,0
131469.0,21.0,0.55,29.6,99.6,94.0,59.0,170.0,41.0,5.0,0.8,138.0,4.6,14.8,164.0,14.0,0.93,93.0,5.9,91.0,4.1,9.0,10.0,600.0,1.0,3.0,5.0,2.0,,2.0,2.0,2.0,,2.0,1.0,0
131471.0,59.0,2.84,20.2,87.2,105.0,66.0,140.0,48.0,5.0,1.84,143.0,7.1,15.1,240.0,13.6,0.9,60.0,4.6,91.0,7.62,5.5,6.0,420.0,1.0,3.0,4.0,1.0,1.0,2.0,2.0,2.0,,2.0,4.0,0
131476.0,36.0,5.0,33.1,105.4,102.0,77.0,237.0,48.0,5.5,3.82,137.0,6.8,12.9,361.0,14.4,0.77,139.0,4.9,99.0,3.71,4.0,6.0,7.0,2.0,3.0,5.0,1.0,3.0,2.0,2.0,2.0,,2.0,4.0,0
131479.0,32.0,1.3,23.1,87.0,146.0,99.0,179.0,43.0,5.0,1.54,139.0,9.7,16.3,255.0,13.1,0.82,142.0,5.0,82.0,8.12,6.0,8.0,240.0,1.0,3.0,4.0,2.0,,2.0,2.0,2.0,,2.0,2.0,0
131481.0,51.0,1.65,20.3,77.3,109.0,77.0,191.0,63.0,5.0,0.6,139.0,7.3,9.4,423.0,14.4,0.87,85.0,2.9,88.0,14.22,6.5,6.5,720.0,2.0,3.0,4.0,1.0,3.0,2.0,2.0,2.0,,2.0,2.0,0
131483.0,53.0,4.82,24.0,81.2,120.0,81.0,253.0,66.0,5.3,0.58,140.0,5.2,12.8,320.0,13.3,0.62,111.0,3.7,96.0,12.16,8.0,10.0,180.0,2.0,3.0,4.0,2.0,,2.0,1.0,1.0,1.0,2.0,2.0,0
131491.0,52.0,5.0,25.9,94.8,144.0,94.0,184.0,53.0,5.7,0.92,140.0,5.4,15.2,224.0,13.8,1.37,73.0,6.2,83.0,4.9,9.0,9.0,180.0,1.0,3.0,5.0,1.0,3.0,2.0,2.0,1.0,,2.0,3.0,0
131495.0,70.0,5.0,26.0,86.7,147.0,75.0,194.0,76.0,5.4,1.41,143.0,4.8,13.2,307.0,14.3,0.64,75.0,3.5,96.0,19.13,8.0,8.0,120.0,2.0,3.0,5.0,1.0,3.0,2.0,2.0,1.0,,1.0,1.0,0
131498.0,41.0,0.14,33.6,107.7,138.0,92.0,208.0,37.0,6.0,3.62,138.0,4.6,13.9,240.0,12.8,0.85,360.0,7.3,98.0,8.53,8.0,10.0,180.0,2.0,4.0,2.0,1.0,2.0,2.0,1.0,2.0,1.0,2.0,3.0,0
131501.0,21.0,5.0,33.0,108.5,132.0,85.0,184.0,42.0,5.2,1.3,138.0,7.6,15.5,255.0,12.8,0.85,290.0,5.2,88.0,3.85,9.0,7.5,120.0,1.0,3.0,3.0,1.0,2.0,2.0,2.0,2.0,,2.0,3.0,0
131503.0,61.0,4.82,29.4,108.0,141.0,88.0,243.0,37.0,5.4,0.48,140.0,7.1,14.6,275.0,13.2,0.88,179.0,5.7,88.0,5.44,6.5,8.5,240.0,1.0,3.0,4.0,2.0,,2.0,2.0,1.0,,2.0,2.0,0
131505.0,68.0,2.84,30.1,100.6,134.0,70.0,157.0,41.0,6.2,0.59,139.0,9.1,11.9,382.0,15.8,1.57,175.0,4.5,70.0,721.22,7.0,7.0,300.0,2.0,4.0,3.0,1.0,3.0,1.0,1.0,1.0,1.0,1.0,4.0,0
131507.0,61.0,1.78,39.2,109.2,122.0,75.0,256.0,64.0,6.5,6.23,140.0,6.0,13.0,252.0,14.2,0.62,103.0,3.5,159.0,19.72,10.0,10.0,180.0,2.0,2.0,3.0,2.0,,2.0,1.0,2.0,1.0,2.0,2.0,0
131508.0,64.0,4.92,22.4,79.9,136.0,86.0,170.0,70.0,5.4,0.63,140.0,6.0,13.5,294.0,12.6,0.79,57.0,3.7,92.0,9.74,8.0,8.0,840.0,2.0,4.0,5.0,2.0,,2.0,1.0,1.0,1.0,1.0,3.0,0
131509.0,45.0,5.0,20.9,74.1,130.0,91.0,230.0,65.0,5.3,0.4,142.0,4.4,14.2,258.0,13.4,0.7,84.0,2.8,87.0,9.85,7.5,9.5,240.0,2.0,3.0,5.0,1.0,3.0,2.0,1.0,1.0,2.0,2.0,3.0,0
131510.0,61.0,,23.2,92.7,116.0,68.0,116.0,43.0,5.3,0.22,140.0,8.6,13.2,266.0,12.9,0.79,81.0,6.1,86.0,8.26,6.5,8.0,9999.0,2.0,3.0,3.0,2.0,,2.0,2.0,1.0,,1.0,2.0,0
131512.0,41.0,2.17,25.5,81.5,98.0,62.0,176.0,57.0,5.4,0.75,138.0,4.6,12.5,234.0,12.6,,107.0,,92.0,10.14,8.0,10.0,240.0,2.0,2.0,2.0,2.0,,2.0,2.0,2.0,,2.0,2.0,0
131514.0,70.0,,23.3,83.6,113.0,63.0,168.0,47.0,5.1,1.16,143.0,4.7,13.9,274.0,12.8,0.55,94.0,5.5,100.0,6.92,6.0,5.0,240.0,2.0,2.0,4.0,2.0,,2.0,2.0,2.0,,1.0,3.0,0
131518.0,26.0,,25.6,94.3,105.0,68.0,192.0,44.0,5.0,0.76,138.0,7.1,15.6,246.0,13.1,1.02,76.0,5.7,83.0,0.75,8.5,8.5,600.0,1.0,3.0,4.0,2.0,,2.0,2.0,2.0,,2.0,2.0,0
131520.0,47.0,0.81,50.1,143.1,147.0,98.0,133.0,57.0,5.4,8.59,,7.5,17.2,271.0,13.7,,,,,15.56,6.5,6.0,480.0,1.0,7.0,4.0,1.0,3.0,2.0,1.0,2.0,2.0,2.0,5.0,0
131521.0,43.0,0.77,42.8,115.5,90.0,57.0,122.0,33.0,5.5,36.65,138.0,7.3,12.4,290.0,13.5,0.71,104.0,3.9,105.0,5.21,7.5,7.0,720.0,2.0,4.0,4.0,2.0,,2.0,2.0,2.0,,2.0,2.0,0
131523.0,50.0,1.98,25.6,92.6,131.0,90.0,199.0,71.0,5.8,53.28,143.0,5.6,11.6,336.0,16.0,0.91,101.0,9.5,107.0,26.96,5.0,4.0,360.0,1.0,3.0,4.0,2.0,,2.0,2.0,2.0,,2.0,2.0,0
131527.0,59.0,1.99,34.2,106.0,133.0,78.0,197.0,61.0,5.9,1.05,145.0,7.4,13.3,425.0,14.3,0.68,252.0,4.5,90.0,9.3,9.0,9.0,300.0,2.0,4.0,3.0,2.0,,2.0,1.0,1.0,1.0,1.0,3.0,0
131528.0,74.0,3.68,28.8,105.4,112.0,62.0,117.0,34.0,8.7,1.14,139.0,8.3,13.9,194.0,13.5,1.66,205.0,6.4,243.0,188.47,9.0,9.0,240.0,1.0,3.0,3.0,1.0,3.0,1.0,1.0,1.0,1.0,1.0,3.0,1
131532.0,68.0,5.0,43.1,123.4,97.0,65.0,191.0,57.0,7.0,5.19,137.0,17.4,11.1,321.0,18.4,0.63,131.0,5.6,162.0,26.92,10.5,10.5,480.0,2.0,3.0,5.0,1.0,3.0,1.0,2.0,2.0,,2.0,4.0,1
131540.0,63.0,5.0,25.0,91.2,136.0,82.0,197.0,59.0,5.5,1.59,140.0,4.2,13.1,237.0,13.9,1.03,116.0,5.4,102.0,4.8,10.0,10.0,360.0,2.0,3.0,5.0,1.0,3.0,2.0,1.0,2.0,1.0,2.0,2.0,0
131541.0,48.0,1.77,21.5,82.3,147.0,90.0,184.0,54.0,4.9,0.66,141.0,6.0,14.5,184.0,13.2,0.48,66.0,4.5,80.0,19.65,7.0,9.0,120.0,2.0,1.0,1.0,2.0,,2.0,1.0,2.0,1.0,2.0,5.0,0
131542.0,31.0,,21.7,85.2,95.0,64.0,140.0,36.0,5.9,4.28,139.0,10.5,14.6,290.0,12.8,0.85,152.0,5.6,90.0,5.4,7.0,8.0,360.0,1.0,3.0,3.0,1.0,1.0,2.0,2.0,2.0,,2.0,3.0,0
131544.0,27.0,1.44,56.7,130.7,90.0,58.0,203.0,49.0,5.8,9.63,139.0,5.7,11.4,295.0,14.0,0.75,65.0,5.9,90.0,3.06,8.5,11.0,480.0,2.0,4.0,3.0,2.0,,2.0,2.0,2.0,,2.0,1.0,0
131546.0,53.0,,46.5,146.5,130.0,88.0,187.0,40.0,5.9,25.07,136.0,7.9,14.6,307.0,15.2,0.86,123.0,4.7,102.0,5.27,9.0,9.5,360.0,1.0,3.0,4.0,2.0,,3.0,1.0,1.0,1.0,2.0,3.0,0
131548.0,50.0,2.46,27.3,88.0,131.0,78.0,187.0,57.0,5.2,4.94,140.0,4.6,14.4,256.0,12.4,0.63,62.0,4.5,97.0,28.37,5.0,5.0,120.0,2.0,6.0,3.0,2.0,,2.0,2.0,2.0,,2.0,3.0,0
131549.0,28.0,1.74,37.8,114.4,103.0,72.0,150.0,40.0,5.4,4.03,140.0,6.3,12.3,283.0,13.8,1.15,84.0,5.1,92.0,4.72,7.5,9.0,300.0,2.0,4.0,5.0,2.0,,2.0,2.0,2.0,,2.0,2.0,0
131550.0,63.0,5.0,40.2,132.0,116.0,76.0,234.0,50.0,5.8,3.9,142.0,5.9,13.2,263.0,14.6,0.7,106.0,4.8,110.0,6.66,8.0,8.0,480.0,2.0,7.0,5.0,2.0,,2.0,2.0,1.0,,2.0,2.0,0
131551.0,65.0,5.0,32.7,97.9,123.0,78.0,157.0,64.0,5.9,7.61,140.0,9.6,14.5,378.0,13.7,0.93,81.0,6.0,102.0,7.21,8.0,8.0,360.0,2.0,3.0,5.0,1.0,3.0,2.0,1.0,1.0,1.0,1.0,2.0,0
131553.0,34.0,1.71,34.5,111.5,121.0,75.0,175.0,39.0,7.0,1.3,142.0,10.7,15.5,309.0,13.1,0.85,213.0,4.1,119.0,10.15,5.5,6.5,300.0,1.0,3.0,5.0,2.0,,1.0,2.0,1.0,,1.0,3.0,0
131554.0,69.0,5.0,38.9,120.5,121.0,82.0,166.0,61.0,5.2,13.09,141.0,7.6,11.9,255.0,14.2,0.73,95.0,5.2,95.0,34.81,9.0,9.0,480.0,2.0,3.0,5.0,2.0,,2.0,1.0,1.0,1.0,1.0,3.0,1
131556.0,66.0,1.81,41.4,133.1,126.0,72.0,203.0,67.0,5.3,9.49,140.0,3.8,12.4,110.0,17.0,0.63,104.0,6.3,99.0,17.8,7.0,7.0,180.0,2.0,3.0,3.0,1.0,3.0,2.0,2.0,2.0,,2.0,3.0,0
131557.0,61.0,5.0,34.9,98.4,158.0,81.0,201.0,66.0,6.0,4.15,139.0,4.1,13.1,269.0,13.8,0.82,78.0,5.1,92.0,3.32,7.0,8.0,420.0,2.0,4.0,5.0,2.0,,2.0,2.0,2.0,,2.0,2.0,0
131558.0,47.0,,27.1,91.0,133.0,80.0,213.0,48.0,4.9,0.84,140.0,5.7,15.4,241.0,13.5,1.01,493.0,5.0,102.0,3.7,7.5,8.5,240.0,1.0,3.0,4.0,2.0,,2.0,2.0,2.0,,2.0,2.0,0
131560.0,26.0,2.8,26.2,90.4,113.0,70.0,162.0,67.0,4.9,0.56,138.0,7.2,14.6,200.0,12.3,1.09,50.0,5.4,81.0,0.57,7.0,8.5,360.0,1.0,3.0,3.0,1.0,2.0,2.0,2.0,2.0,,2.0,3.0,0
131561.0,56.0,0.26,28.2,93.3,128.0,88.0,228.0,62.0,6.1,2.74,140.0,4.9,13.8,273.0,13.4,1.07,146.0,3.5,86.0,3.35,9.0,8.0,720.0,2.0,7.0,3.0,1.0,3.0,2.0,2.0,1.0,,2.0,4.0,1
131564.0,45.0,,36.4,105.4,117.0,77.0,187.0,43.0,5.4,3.99,140.0,7.5,12.5,310.0,13.7,0.66,168.0,3.4,90.0,53.11,7.0,9.0,720.0,2.0,3.0,4.0,1.0,3.0,2.0,2.0,1.0,,2.0,3.0,0
131565.0,67.0,2.58,29.3,103.1,155.0,94.0,236.0,48.0,5.9,2.89,139.0,6.7,14.5,286.0,14.5,0.98,156.0,5.3,108.0,13.89,6.5,5.0,360.0,1.0,4.0,2.0,1.0,1.0,2.0,2.0,2.0,,2.0,1.0,0
131567.0,66.0,5.0,19.0,82.2,106.0,66.0,204.0,68.0,5.6,2.64,139.0,5.4,13.9,283.0,13.6,0.83,99.0,4.4,97.0,12.1,8.0,8.0,300.0,2.0,3.0,3.0,2.0,,2.0,2.0,2.0,,2.0,1.0,0
131568.0,52.0,3.28,23.3,85.6,146.0,95.0,153.0,52.0,5.5,5.22,139.0,6.6,12.3,295.0,13.0,0.87,77.0,4.9,81.0,8.65,8.5,9.5,600.0,2.0,3.0,4.0,2.0,,2.0,1.0,2.0,1.0,2.0,3.0,0
131569.0,39.0,1.85,32.1,109.8,106.0,69.0,244.0,38.0,5.5,2.17,140.0,8.7,14.2,224.0,13.3,0.81,221.0,3.9,92.0,0.49,6.5,8.0,360.0,2.0,7.0,5.0,1.0,3.0,2.0,2.0,1.0,,2.0,3.0,0
131571.0,60.0,,32.4,119.9,114.0,75.0,146.0,60.0,5.8,0.4,142.0,5.8,14.6,404.0,13.8,0.91,96.0,6.4,90.0,5.89,7.5,7.0,240.0,1.0,3.0,3.0,2.0,,2.0,1.0,1.0,1.0,1.0,2.0,0
131583.0,57.0,5.397605346934028e-79,32.9,118.7,125.0,77.0,215.0,35.0,6.5,14.85,139.0,9.0,14.7,240.0,14.7,0.83,324.0,5.4,116.0,4.73,6.0,7.0,360.0,1.0,2.0,1.0,2.0,,1.0,1.0,1.0,1.0,1.0,4.0,0
131584.0,44.0,,27.2,80.7,108.0,74.0,245.0,107.0,5.4,0.25,140.0,4.3,13.6,271.0,14.0,0.85,66.0,4.5,91.0,3.44,7.0,11.5,480.0,2.0,3.0,4.0,1.0,3.0,2.0,2.0,1.0,,2.0,2.0,0
131585.0,68.0,5.0,46.9,134.0,104.0,54.0,103.0,35.0,6.3,14.52,138.0,17.5,12.0,372.0,18.9,1.08,174.0,10.2,115.0,76.17,2.0,2.0,120.0,1.0,7.0,2.0,2.0,,1.0,2.0,2.0,,9.0,4.0,1
131586.0,48.0,4.63,42.8,133.2,116.0,77.0,221.0,48.0,4.9,3.58,144.0,5.5,15.8,229.0,13.3,1.01,108.0,4.1,108.0,4.59,5.0,5.5,120.0,1.0,3.0,3.0,2.0,,2.0,2.0,2.0,,2.0,3.0,0
131588.0,29.0,3.13,25.7,82.3,113.0,72.0,192.0,60.0,5.1,1.02,140.0,8.5,13.4,268.0,12.5,0.55,76.0,4.3,100.0,6.82,6.0,6.0,240.0,2.0,3.0,4.0,2.0,,2.0,2.0,2.0,,2.0,1.0,0
131592.0,53.0,5.0,28.5,112.2,121.0,80.0,256.0,49.0,5.2,9.36,139.0,5.4,16.5,189.0,13.4,0.91,203.0,6.9,114.0,9.69,9.0,8.0,480.0,1.0,3.0,5.0,1.0,3.0,2.0,1.0,1.0,1.0,1.0,2.0,1
131593.0,64.0,1.47,33.7,117.4,107.0,68.0,225.0,46.0,5.5,3.83,140.0,6.9,14.7,220.0,13.3,1.13,97.0,8.9,96.0,3.67,7.0,8.0,180.0,1.0,3.0,4.0,2.0,,2.0,1.0,2.0,1.0,2.0,3.0,0
131594.0,59.0,0.1,25.8,90.0,147.0,81.0,311.0,90.0,6.0,4.86,140.0,8.1,15.8,285.0,13.0,0.8,127.0,6.3,99.0,10.54,7.0,,240.0,2.0,3.0,3.0,2.0,,2.0,2.0,2.0,,2.0,5.0,0
131597.0,42.0,4.56,25.6,86.8,130.0,84.0,276.0,69.0,5.7,0.75,139.0,4.1,15.6,252.0,13.5,0.67,199.0,5.6,101.0,12.79,8.5,9.5,540.0,1.0,6.0,4.0,1.0,3.0,2.0,2.0,2.0,,2.0,2.0,0
131600.0,62.0,0.29,22.7,93.7,141.0,91.0,201.0,59.0,9.5,0.16,141.0,5.6,13.7,133.0,13.3,0.88,77.0,5.4,163.0,30.2,9.0,9.0,90.0,1.0,6.0,3.0,1.0,1.0,1.0,1.0,1.0,1.0,1.0,5.0,1
131602.0,75.0,2.4,20.0,74.7,140.0,61.0,208.0,85.0,5.2,0.85,135.0,5.3,13.9,236.0,13.4,1.11,53.0,4.4,77.0,18.37,8.0,8.5,480.0,2.0,3.0,5.0,2.0,,2.0,2.0,2.0,,2.0,2.0,0
131605.0,59.0,0.83,41.6,118.9,107.0,83.0,207.0,56.0,5.4,15.06,143.0,8.7,14.4,270.0,14.3,0.72,79.0,5.2,94.0,5.95,9.5,7.5,300.0,2.0,4.0,3.0,2.0,,2.0,2.0,2.0,,2.0,4.0,0
131607.0,56.0,5.0,28.6,99.1,130.0,88.0,193.0,35.0,6.4,3.39,142.0,6.0,15.3,304.0,13.4,1.08,126.0,6.7,128.0,6.31,7.0,8.0,300.0,1.0,3.0,4.0,1.0,3.0,2.0,2.0,1.0,,2.0,4.0,0
131610.0,60.0,1.85,20.6,86.2,147.0,97.0,181.0,60.0,5.4,0.39,138.0,9.1,14.6,288.0,13.6,1.15,90.0,6.0,89.0,,5.0,5.0,180.0,1.0,7.0,2.0,1.0,3.0,2.0,2.0,1.0,,2.0,3.0,0
131614.0,60.0,0.82,17.5,82.4,127.0,79.0,169.0,28.0,4.8,7.62,137.0,8.6,12.4,164.0,14.0,0.57,183.0,3.0,99.0,8.64,8.0,8.0,480.0,2.0,3.0,3.0,1.0,3.0,2.0,2.0,2.0,,2.0,4.0,0
131616.0,41.0,2.8,25.3,90.1,117.0,75.0,146.0,57.0,5.4,0.2,139.0,3.4,12.9,202.0,14.2,0.76,46.0,5.2,96.0,11.01,5.5,8.5,300.0,1.0,3.0,4.0,2.0,,2.0,2.0,2.0,,2.0,1.0,0
131617.0,59.0,1.27,31.8,104.5,188.0,114.0,231.0,72.0,8.1,11.57,142.0,8.5,13.1,335.0,14.3,0.71,115.0,6.8,154.0,98.74,5.0,5.0,120.0,2.0,6.0,5.0,1.0,3.0,1.0,1.0,2.0,1.0,1.0,5.0,1
131619.0,65.0,1.25,25.3,100.5,99.0,68.0,285.0,60.0,5.0,1.81,145.0,6.9,15.1,242.0,12.9,0.67,290.0,9.2,89.0,6.62,6.0,6.0,960.0,2.0,3.0,3.0,1.0,2.0,2.0,2.0,1.0,,2.0,5.0,0
131620.0,47.0,1.32,22.7,85.3,109.0,62.0,217.0,72.0,5.9,2.37,139.0,8.3,13.8,258.0,14.0,1.2,58.0,5.3,82.0,26.44,7.5,8.0,240.0,1.0,4.0,4.0,1.0,1.0,2.0,2.0,2.0,,2.0,2.0,0
131625.0,78.0,5.0,30.1,97.3,131.0,73.0,196.0,70.0,5.6,1.67,141.0,6.3,12.9,250.0,13.9,0.93,114.0,5.8,87.0,12.9,9.0,8.0,180.0,2.0,3.0,5.0,1.0,3.0,2.0,1.0,1.0,1.0,1.0,1.0,0
131626.0,39.0,5.0,22.2,76.6,100.0,59.0,125.0,39.0,5.2,1.53,136.0,3.0,13.7,204.0,13.0,0.97,53.0,5.6,89.0,0.72,8.0,8.0,180.0,2.0,3.0,5.0,2.0,,2.0,2.0,2.0,,2.0,2.0,0
131628.0,72.0,1.97,28.2,106.4,138.0,86.0,198.0,35.0,5.5,13.25,143.0,7.4,13.4,242.0,14.2,1.13,252.0,7.3,89.0,4.65,12.0,12.0,480.0,1.0,3.0,4.0,1.0,3.0,2.0,1.0,2.0,1.0,2.0,3.0,1
131629.0,63.0,3.97,28.7,101.3,152.0,89.0,246.0,61.0,5.2,0.93,141.0,4.7,13.9,274.0,12.5,0.75,203.0,3.9,99.0,7.23,7.0,7.5,600.0,2.0,3.0,4.0,1.0,3.0,2.0,1.0,1.0,2.0,2.0,3.0,0
131630.0,39.0,0.48,29.2,99.7,127.0,80.0,193.0,41.0,5.8,4.88,142.0,7.5,14.9,273.0,14.2,0.91,134.0,4.8,139.0,8.2,9.0,9.0,480.0,1.0,4.0,2.0,1.0,1.0,2.0,2.0,2.0,,2.0,1.0,0
131631.0,59.0,1.58,26.3,102.9,114.0,75.0,164.0,56.0,6.9,9.65,139.0,9.3,14.9,347.0,12.7,0.79,283.0,5.6,111.0,10.2,7.0,7.0,240.0,2.0,3.0,4.0,2.0,,1.0,2.0,1.0,,1.0,3.0,0
131637.0,55.0,0.68,30.9,109.5,132.0,89.0,252.0,26.0,8.2,11.31,136.0,9.3,13.4,205.0,15.0,0.64,479.0,4.4,229.0,16.44,7.5,8.0,240.0,2.0,6.0,2.0,1.0,1.0,1.0,1.0,1.0,1.0,1.0,5.0,1
131638.0,31.0,0.52,26.1,91.8,112.0,69.0,193.0,34.0,5.8,2.19,138.0,7.7,15.4,250.0,12.7,0.82,142.0,5.4,98.0,4.39,8.5,8.5,180.0,1.0,2.0,2.0,1.0,1.0,2.0,2.0,2.0,,2.0,1.0,0
131639.0,63.0,,25.9,99.0,116.0,80.0,140.0,39.0,5.9,2.02,142.0,6.3,16.2,149.0,14.2,1.17,79.0,4.7,98.0,4.46,3.5,2.0,180.0,1.0,3.0,9.0,1.0,1.0,2.0,1.0,1.0,2.0,2.0,5.0,0
131642.0,53.0,1.21,23.0,86.6,117.0,66.0,141.0,63.0,5.7,1.54,139.0,5.8,12.7,211.0,13.5,0.87,90.0,3.6,88.0,11.7,7.0,7.0,480.0,2.0,4.0,3.0,2.0,,2.0,1.0,2.0,1.0,2.0,3.0,0
131643.0,70.0,4.64,28.5,107.0,124.0,86.0,146.0,48.0,5.6,4.27,143.0,6.4,14.9,281.0,13.6,0.89,243.0,5.5,91.0,43.45,8.0,8.0,360.0,1.0,3.0,5.0,1.0,3.0,2.0,2.0,2.0,,1.0,2.0,0
131645.0,34.0,0.3,20.1,79.4,88.0,61.0,170.0,67.0,5.0,0.78,138.0,6.7,10.9,166.0,12.9,0.54,80.0,3.4,83.0,66.19,7.0,8.0,60.0,2.0,2.0,3.0,1.0,3.0,2.0,2.0,2.0,,2.0,2.0,0
131646.0,79.0,2.15,22.9,83.3,93.0,52.0,205.0,59.0,5.8,1.16,141.0,8.2,12.6,150.0,14.2,0.91,112.0,3.6,130.0,65.73,10.0,9.0,240.0,2.0,7.0,2.0,1.0,3.0,2.0,1.0,1.0,1.0,1.0,3.0,1
131647.0,32.0,1.8,28.7,97.0,108.0,62.0,112.0,36.0,4.8,5.05,141.0,7.2,14.2,287.0,12.5,0.88,151.0,5.1,118.0,0.64,9.0,8.0,120.0,1.0,1.0,4.0,1.0,3.0,2.0,2.0,2.0,,2.0,4.0,0
131648.0,44.0,0.71,31.7,114.2,119.0,82.0,219.0,71.0,5.2,43.16,137.0,9.9,16.5,214.0,13.6,0.82,88.0,5.6,120.0,16.91,4.0,4.0,120.0,1.0,1.0,3.0,1.0,1.0,2.0,2.0,2.0,,2.0,2.0,0
131649.0,48.0,,34.1,115.5,112.0,81.0,233.0,38.0,5.7,1.39,141.0,5.9,15.9,221.0,12.8,1.07,228.0,6.2,94.0,3.26,7.5,8.0,420.0,1.0,3.0,5.0,2.0,,2.0,2.0,2.0,,2.0,2.0,0
131650.0,30.0,1.06,27.5,98.9,118.0,71.0,115.0,43.0,5.3,0.57,139.0,4.8,15.4,229.0,13.0,1.04,62.0,5.2,102.0,3.34,10.0,11.0,960.0,1.0,3.0,4.0,2.0,,2.0,2.0,2.0,,2.0,2.0,0
131651.0,46.0,1.43,22.7,84.7,118.0,82.0,173.0,52.0,5.5,2.43,139.0,9.9,15.5,273.0,13.2,0.92,128.0,4.4,78.0,4.09,,,180.0,1.0,3.0,2.0,1.0,1.0,2.0,2.0,2.0,,2.0,9.0,0
131654.0,50.0,1.03,19.0,71.2,112.0,66.0,174.0,78.0,5.2,2.65,139.0,5.3,13.5,262.0,13.0,0.77,85.0,3.1,92.0,8.58,8.0,8.0,600.0,2.0,3.0,4.0,1.0,3.0,2.0,2.0,2.0,,2.0,3.0,0
131656.0,43.0,2.11,25.9,83.9,120.0,72.0,189.0,61.0,5.1,0.18,141.0,5.9,13.7,239.0,12.0,0.84,58.0,3.5,105.0,5.94,8.5,7.5,240.0,2.0,3.0,5.0,2.0,,2.0,2.0,2.0,,2.0,1.0,0
131657.0,20.0,1.06,23.4,84.8,123.0,75.0,161.0,48.0,5.6,6.2,139.0,7.0,16.3,317.0,13.7,0.95,110.0,5.5,98.0,15.06,9.0,10.0,720.0,1.0,2.0,3.0,2.0,,2.0,2.0,2.0,,2.0,2.0,0
131658.0,52.0,5.0,23.7,76.2,96.0,55.0,130.0,75.0,4.2,0.47,142.0,4.6,13.9,175.0,13.4,1.01,42.0,5.6,97.0,46.36,7.0,9.5,540.0,2.0,6.0,5.0,2.0,,2.0,2.0,2.0,,2.0,1.0,0
131664.0,56.0,5.0,38.0,116.7,121.0,90.0,246.0,57.0,4.7,2.76,139.0,6.0,17.0,332.0,13.4,0.75,102.0,6.3,105.0,5.3,7.5,8.5,480.0,1.0,3.0,5.0,2.0,,2.0,2.0,2.0,,2.0,2.0,0
131669.0,55.0,1.69,33.4,109.0,129.0,85.0,153.0,54.0,6.9,2.5,142.0,9.1,13.5,238.0,15.1,0.93,154.0,5.7,82.0,6.59,7.5,8.5,240.0,2.0,4.0,5.0,2.0,,1.0,2.0,2.0,,1.0,3.0,0
131670.0,53.0,2.12,29.7,114.5,108.0,80.0,193.0,48.0,5.5,6.36,140.0,9.9,15.3,391.0,13.6,1.04,137.0,6.0,105.0,5.49,8.0,8.0,360.0,1.0,1.0,4.0,2.0,,2.0,1.0,2.0,1.0,2.0,3.0,0
131672.0,22.0,,24.4,78.8,98.0,68.0,213.0,72.0,13.1,1.49,135.0,9.0,16.2,260.0,13.3,0.71,78.0,2.9,397.0,42.1,9.5,8.0,300.0,1.0,4.0,3.0,1.0,1.0,1.0,2.0,2.0,,2.0,3.0,0
131676.0,42.0,4.04,32.3,107.6,122.0,77.0,247.0,46.0,5.1,2.07,136.0,6.7,14.6,291.0,13.6,0.92,387.0,5.5,80.0,5.34,6.5,8.0,840.0,1.0,3.0,4.0,2.0,,2.0,1.0,1.0,2.0,2.0,3.0,0
131679.0,73.0,5.0,22.9,81.1,121.0,69.0,209.0,67.0,5.8,1.24,139.0,5.2,13.9,228.0,12.8,0.73,66.0,4.4,93.0,23.75,6.5,7.5,240.0,2.0,3.0,5.0,2.0,,2.0,1.0,1.0,1.0,2.0,2.0,0
131680.0,35.0,2.67,41.2,115.1,118.0,77.0,218.0,74.0,5.1,7.15,139.0,5.9,13.5,288.0,13.0,0.77,57.0,6.2,90.0,4.79,8.5,9.0,480.0,2.0,3.0,5.0,2.0,,2.0,2.0,2.0,,2.0,2.0,0
131681.0,24.0,,26.3,91.0,101.0,74.0,141.0,54.0,4.4,3.86,137.0,7.0,14.9,300.0,12.3,0.58,110.0,3.9,88.0,0.6,8.5,9.0,300.0,2.0,3.0,5.0,2.0,,2.0,2.0,2.0,,2.0,3.0,0
131684.0,35.0,4.11,41.1,126.8,120.0,85.0,148.0,36.0,5.6,5.39,138.0,8.5,15.1,159.0,13.0,0.84,257.0,5.3,180.0,8.23,5.0,8.0,720.0,1.0,3.0,4.0,1.0,3.0,2.0,2.0,2.0,,2.0,3.0,0
131689.0,60.0,5.397605346934028e-79,32.9,107.8,115.0,79.0,216.0,58.0,5.6,2.15,140.0,11.2,13.2,391.0,13.5,1.1,118.0,3.2,117.0,17.28,9.0,9.0,240.0,2.0,3.0,4.0,1.0,3.0,2.0,1.0,1.0,1.0,1.0,3.0,1
131690.0,44.0,5.0,31.3,105.8,110.0,80.0,260.0,46.0,5.7,1.46,143.0,5.7,13.7,269.0,14.8,1.09,114.0,5.7,95.0,5.6,8.0,8.0,600.0,1.0,3.0,5.0,2.0,,2.0,2.0,1.0,,2.0,2.0,0
131691.0,42.0,,32.6,106.4,124.0,82.0,194.0,62.0,6.1,5.44,142.0,5.6,13.4,292.0,14.0,1.14,128.0,7.1,115.0,25.21,7.0,7.0,30.0,1.0,4.0,3.0,2.0,,2.0,1.0,2.0,1.0,2.0,2.0,0
131692.0,52.0,2.77,25.5,82.8,122.0,62.0,164.0,61.0,5.6,0.28,143.0,4.1,12.9,221.0,13.4,0.9,109.0,4.1,90.0,4.91,8.5,7.5,480.0,2.0,3.0,4.0,1.0,3.0,2.0,2.0,2.0,,2.0,3.0,0
131694.0,80.0,5.0,40.3,130.1,131.0,61.0,127.0,47.0,5.5,0.67,140.0,11.5,13.8,247.0,13.8,1.16,110.0,6.0,112.0,34.98,4.5,4.5,480.0,1.0,3.0,5.0,2.0,,2.0,1.0,1.0,1.0,1.0,5.0,0
131695.0,52.0,3.7,26.4,90.5,147.0,99.0,167.0,49.0,5.9,0.89,139.0,7.6,15.5,237.0,13.9,1.73,148.0,7.3,94.0,574.37,6.5,11.0,540.0,1.0,6.0,3.0,2.0,,2.0,1.0,1.0,1.0,1.0,3.0,0
131697.0,34.0,0.98,20.0,73.4,105.0,66.0,121.0,45.0,5.7,0.15,137.0,4.2,12.1,175.0,15.5,0.67,70.0,2.4,102.0,45.27,6.0,10.0,300.0,2.0,4.0,3.0,2.0,,2.0,2.0,2.0,,2.0,3.0,0
131699.0,29.0,4.16,29.6,92.0,110.0,79.0,185.0,59.0,5.2,5.03,138.0,5.5,14.7,248.0,13.5,0.81,58.0,5.2,128.0,3.5,9.5,11.0,480.0,2.0,3.0,5.0,2.0,,2.0,2.0,2.0,,2.0,3.0,0
131700.0,65.0,4.56,22.7,87.3,144.0,83.0,238.0,85.0,5.6,0.82,140.0,6.9,14.7,186.0,13.4,1.15,59.0,5.8,98.0,13.25,7.0,7.0,540.0,1.0,3.0,5.0,2.0,,2.0,2.0,2.0,,2.0,1.0,0
131701.0,46.0,1.99,42.1,123.7,121.0,76.0,291.0,48.0,6.6,4.41,141.0,7.6,13.5,308.0,12.8,0.74,209.0,5.5,106.0,8.41,6.5,8.0,420.0,2.0,3.0,3.0,1.0,3.0,2.0,1.0,1.0,2.0,2.0,3.0,0
131704.0,60.0,2.08,30.8,109.9,114.0,69.0,213.0,45.0,6.2,7.97,141.0,8.5,12.8,444.0,14.2,0.87,149.0,4.0,129.0,4.79,5.0,8.0,60.0,2.0,2.0,3.0,1.0,1.0,2.0,2.0,1.0,,2.0,4.0,0
131707.0,48.0,1.26,31.9,84.8,125.0,82.0,193.0,46.0,8.0,3.32,139.0,7.8,14.1,319.0,13.6,0.72,206.0,4.6,193.0,6.45,8.0,8.0,600.0,2.0,7.0,4.0,1.0,1.0,1.0,2.0,1.0,,2.0,5.0,0
131708.0,52.0,5.0,26.7,88.0,105.0,75.0,201.0,103.0,5.0,0.76,140.0,6.1,13.0,241.0,13.0,0.74,77.0,4.0,87.0,8.91,8.0,7.5,480.0,2.0,3.0,5.0,2.0,,2.0,2.0,2.0,,2.0,2.0,0
131710.0,64.0,2.79,27.1,110.7,135.0,80.0,277.0,30.0,5.5,17.9,140.0,5.7,14.9,194.0,13.7,1.25,487.0,4.2,102.0,479.02,9.5,9.5,300.0,1.0,7.0,3.0,1.0,1.0,2.0,2.0,2.0,,2.0,4.0,0
131711.0,53.0,,32.2,107.2,115.0,65.0,192.0,48.0,5.4,0.85,140.0,6.1,15.4,222.0,13.3,1.02,90.0,6.3,96.0,3.28,6.0,8.0,45.0,1.0,2.0,3.0,1.0,3.0,2.0,2.0,1.0,,2.0,4.0,0
131713.0,62.0,4.55,25.1,90.0,149.0,86.0,152.0,50.0,5.7,1.5,142.0,7.5,13.2,188.0,12.6,0.61,129.0,3.7,101.0,20.89,6.0,9.0,480.0,2.0,2.0,3.0,2.0,,2.0,1.0,1.0,2.0,1.0,3.0,0
131714.0,24.0,1.69,30.3,91.4,111.0,82.0,212.0,65.0,5.2,2.22,139.0,5.6,13.2,299.0,12.7,0.78,155.0,5.5,90.0,7.62,9.0,9.0,540.0,2.0,6.0,5.0,2.0,,2.0,2.0,1.0,,2.0,1.0,0
131715.0,30.0,1.09,42.1,127.0,102.0,69.0,160.0,44.0,5.6,6.27,140.0,9.6,12.5,239.0,14.1,0.59,78.0,5.5,84.0,4.83,10.0,12.0,720.0,2.0,1.0,3.0,2.0,,2.0,2.0,2.0,,2.0,3.0,0
131716.0,65.0,4.37,34.0,117.2,114.0,69.0,237.0,47.0,5.4,2.1,141.0,5.1,13.7,247.0,12.6,0.78,262.0,5.6,95.0,9.36,9.0,9.0,300.0,2.0,3.0,4.0,1.0,3.0,2.0,2.0,1.0,,2.0,2.0,0
131717.0,79.0,5.0,36.9,129.1,115.0,68.0,147.0,41.0,6.2,109.34,142.0,11.3,12.3,297.0,16.6,1.85,143.0,7.1,118.0,37.42,8.0,8.0,720.0,1.0,3.0,5.0,1.0,3.0,2.0,2.0,2.0,,2.0,3.0,0
131718.0,50.0,0.66,27.0,100.5,128.0,91.0,294.0,50.0,8.8,2.57,139.0,7.6,16.7,275.0,13.0,0.87,272.0,4.0,274.0,9.53,8.5,9.0,240.0,2.0,2.0,3.0,2.0,,1.0,1.0,1.0,2.0,1.0,1.0,0
131721.0,30.0,1.25,26.2,91.9,134.0,106.0,215.0,72.0,5.7,0.97,139.0,4.3,13.1,203.0,14.2,0.53,51.0,3.1,87.0,10.33,9.5,10.0,180.0,2.0,4.0,4.0,2.0,,2.0,2.0,2.0,,2.0,2.0,0
131723.0,58.0,5.0,33.0,108.6,125.0,74.0,181.0,50.0,5.4,1.16,140.0,9.2,13.8,303.0,12.7,1.21,182.0,5.8,90.0,7.12,7.5,8.0,600.0,2.0,3.0,3.0,2.0,,2.0,1.0,2.0,1.0,2.0,2.0,0
131727.0,73.0,4.42,22.5,93.0,110.0,62.0,231.0,81.0,5.0,1.62,140.0,6.0,15.4,214.0,12.3,0.89,66.0,4.8,90.0,6.91,7.0,6.0,360.0,1.0,3.0,5.0,1.0,3.0,2.0,2.0,2.0,,2.0,1.0,0
131728.0,52.0,5.0,28.3,102.2,121.0,81.0,145.0,55.0,5.3,3.48,140.0,8.8,16.4,269.0,13.5,0.77,148.0,6.2,94.0,33.93,8.5,10.0,300.0,1.0,3.0,5.0,1.0,3.0,2.0,2.0,1.0,,1.0,1.0,0
131729.0,66.0,,26.5,108.1,139.0,71.0,140.0,50.0,7.0,1.67,142.0,5.3,14.2,214.0,14.3,0.73,57.0,3.2,126.0,21.42,8.0,8.0,480.0,1.0,4.0,4.0,1.0,1.0,1.0,1.0,1.0,1.0,1.0,3.0,0
131730.0,65.0,2.43,36.1,121.9,108.0,59.0,159.0,46.0,7.5,1.49,139.0,11.1,15.4,311.0,14.4,0.55,206.0,4.9,152.0,27.48,8.0,9.0,240.0,2.0,3.0,3.0,1.0,1.0,1.0,1.0,1.0,1.0,1.0,3.0,0
131731.0,69.0,5.0,24.7,77.0,140.0,75.0,245.0,74.0,5.4,0.18,136.0,5.9,13.7,290.0,13.0,0.73,44.0,3.3,82.0,15.95,6.0,8.0,180.0,2.0,3.0,4.0,1.0,3.0,2.0,1.0,1.0,1.0,2.0,2.0,0
131733.0,52.0,2.61,33.7,104.0,117.0,76.0,121.0,42.0,6.8,4.48,137.0,6.6,11.8,231.0,14.3,0.63,89.0,4.8,142.0,46.61,7.0,8.0,420.0,2.0,4.0,5.0,1.0,3.0,1.0,2.0,1.0,,1.0,3.0,0
131739.0,72.0,1.01,23.4,87.5,116.0,70.0,163.0,56.0,5.6,0.93,138.0,5.0,13.5,226.0,14.3,1.09,84.0,5.9,95.0,5.68,8.0,8.0,120.0,1.0,6.0,4.0,1.0,3.0,2.0,1.0,1.0,1.0,1.0,3.0,0
131741.0,42.0,,32.9,121.1,106.0,75.0,192.0,44.0,6.1,3.36,140.0,4.5,14.2,161.0,14.1,1.01,52.0,6.9,99.0,7.14,2.0,5.0,120.0,1.0,4.0,3.0,1.0,1.0,2.0,1.0,2.0,1.0,2.0,3.0,0
131742.0,38.0,1.42,27.7,95.5,109.0,76.0,154.0,54.0,5.2,16.84,138.0,6.8,13.6,291.0,13.2,0.61,84.0,3.1,84.0,1.0,8.0,7.5,120.0,2.0,1.0,4.0,2.0,,2.0,2.0,2.0,,2.0,1.0,0
131745.0,48.0,2.82,18.6,76.3,151.0,107.0,211.0,112.0,6.4,2.76,140.0,5.9,14.1,234.0,18.9,0.6,63.0,1.9,85.0,36.78,6.0,6.0,240.0,2.0,3.0,3.0,1.0,1.0,2.0,1.0,2.0,1.0,2.0,5.0,0
131746.0,62.0,5.0,32.1,110.2,143.0,98.0,204.0,48.0,5.7,2.8,143.0,5.8,15.8,202.0,13.8,1.16,126.0,6.6,94.0,4.98,7.0,7.0,960.0,1.0,3.0,5.0,2.0,,2.0,2.0,2.0,,2.0,2.0,0
131752.0,42.0,5.0,33.1,95.7,99.0,70.0,173.0,42.0,5.5,12.05,137.0,4.5,12.4,179.0,13.3,0.69,121.0,2.9,77.0,4.93,6.0,10.0,120.0,2.0,2.0,5.0,2.0,,2.0,2.0,2.0,,2.0,3.0,0
131756.0,41.0,1.08,31.9,96.7,148.0,91.0,169.0,52.0,6.3,7.8,142.0,6.4,12.5,220.0,13.1,0.53,99.0,4.8,107.0,16.47,10.0,10.0,25.0,2.0,1.0,1.0,2.0,,2.0,2.0,2.0,,2.0,3.0,0
131759.0,24.0,2.85,25.8,97.9,107.0,67.0,175.0,67.0,5.2,9.25,140.0,6.8,15.6,218.0,13.4,0.89,86.0,5.9,95.0,5.0,9.0,8.0,240.0,1.0,3.0,4.0,1.0,3.0,2.0,2.0,2.0,,2.0,1.0,0
131760.0,76.0,,30.4,114.9,144.0,60.0,177.0,56.0,6.0,1.76,141.0,5.5,13.1,248.0,16.1,0.76,184.0,6.9,101.0,8.07,8.0,8.0,360.0,2.0,3.0,3.0,2.0,,2.0,1.0,1.0,1.0,1.0,2.0,0
131762.0,31.0,0.97,29.2,84.9,102.0,68.0,173.0,50.0,5.4,1.1,140.0,7.8,12.6,239.0,13.9,0.62,76.0,4.2,89.0,8.41,7.5,6.0,120.0,2.0,2.0,4.0,1.0,3.0,2.0,2.0,2.0,,2.0,3.0,0
131768.0,34.0,0.87,20.9,75.6,136.0,73.0,156.0,57.0,5.4,0.56,141.0,8.0,14.9,288.0,13.3,1.02,235.0,4.8,88.0,6.5,5.5,8.5,240.0,1.0,4.0,4.0,1.0,1.0,2.0,2.0,2.0,,2.0,1.0,0
131769.0,33.0,5.0,23.0,85.9,124.0,80.0,190.0,56.0,5.2,0.23,138.0,5.4,14.4,289.0,13.7,0.97,147.0,6.3,88.0,0.46,8.0,7.0,480.0,1.0,3.0,5.0,1.0,3.0,2.0,2.0,2.0,,2.0,2.0,0
131775.0,66.0,3.77,23.5,82.6,115.0,66.0,280.0,84.0,5.3,0.38,137.0,8.7,13.5,278.0,13.4,0.82,105.0,4.0,97.0,0.88,8.0,8.0,480.0,2.0,3.0,5.0,1.0,3.0,2.0,2.0,1.0,,2.0,2.0,0
131776.0,80.0,3.22,27.4,97.6,137.0,64.0,170.0,41.0,5.4,0.51,137.0,6.3,13.4,221.0,13.6,0.69,127.0,4.3,100.0,19.38,8.0,8.0,540.0,2.0,3.0,5.0,2.0,,2.0,1.0,2.0,1.0,1.0,3.0,0
131782.0,33.0,3.96,21.1,75.2,102.0,64.0,185.0,80.0,4.9,0.39,139.0,6.4,12.3,224.0,13.7,0.81,63.0,3.9,95.0,10.36,8.0,9.0,360.0,2.0,3.0,5.0,2.0,,2.0,2.0,2.0,,2.0,1.0,0
131783.0,48.0,4.1,25.5,89.5,107.0,72.0,192.0,51.0,5.2,5.37,143.0,6.7,13.7,294.0,13.2,0.72,93.0,3.7,96.0,4.74,9.0,10.0,480.0,2.0,3.0,4.0,2.0,,2.0,2.0,1.0,,2.0,1.0,0
131785.0,35.0,5.0,21.1,82.1,128.0,88.0,226.0,61.0,5.1,0.69,141.0,8.0,17.0,263.0,12.9,0.99,143.0,4.6,89.0,0.7,8.0,8.5,720.0,1.0,3.0,5.0,2.0,,2.0,2.0,2.0,,2.0,1.0,0
131787.0,61.0,1.84,28.7,103.2,124.0,78.0,160.0,47.0,5.4,1.98,140.0,5.9,13.3,238.0,13.8,1.3,49.0,6.8,83.0,3.01,5.5,7.0,600.0,1.0,4.0,4.0,2.0,,2.0,2.0,2.0,,2.0,2.0,0
131789.0,38.0,5.0,36.8,112.0,110.0,73.0,227.0,40.0,5.6,0.68,143.0,5.3,15.5,277.0,13.1,0.8,192.0,7.2,114.0,5.37,8.0,8.0,9999.0,1.0,1.0,2.0,1.0,3.0,1.0,1.0,1.0,2.0,2.0,4.0,0
131790.0,45.0,2.82,28.5,110.8,114.0,67.0,207.0,56.0,5.2,0.42,140.0,5.3,14.9,296.0,13.4,0.81,122.0,6.1,97.0,5.09,8.5,10.0,120.0,1.0,2.0,5.0,1.0,3.0,2.0,2.0,2.0,,2.0,1.0,0
131791.0,55.0,1.27,25.3,89.8,106.0,66.0,193.0,49.0,5.9,0.69,145.0,4.6,15.3,222.0,13.6,0.92,109.0,6.2,102.0,7.09,9.0,10.0,60.0,1.0,1.0,5.0,1.0,1.0,2.0,2.0,2.0,,2.0,3.0,0
131796.0,75.0,1.93,28.5,89.3,131.0,77.0,195.0,54.0,5.9,1.18,141.0,6.8,12.5,270.0,15.3,0.62,115.0,4.1,88.0,11.83,10.0,10.0,360.0,2.0,7.0,5.0,1.0,3.0,2.0,2.0,1.0,,1.0,2.0,0
131797.0,58.0,4.02,20.5,79.4,94.0,58.0,155.0,80.0,5.7,0.72,137.0,3.8,14.9,255.0,12.6,0.78,67.0,4.7,96.0,5.78,6.0,8.5,480.0,1.0,6.0,5.0,2.0,,3.0,2.0,1.0,,1.0,3.0,0
131798.0,53.0,2.89,31.7,103.0,108.0,70.0,223.0,54.0,5.8,4.68,139.0,8.3,13.7,392.0,13.5,0.83,407.0,5.6,82.0,19.11,6.5,8.5,60.0,2.0,2.0,2.0,2.0,,2.0,2.0,2.0,,2.0,3.0,0
131799.0,49.0,1.94,28.0,94.2,106.0,61.0,176.0,54.0,5.0,6.37,134.0,8.2,12.2,295.0,14.8,0.81,52.0,3.6,72.0,15.3,9.0,9.0,300.0,2.0,4.0,3.0,1.0,1.0,2.0,1.0,1.0,1.0,1.0,4.0,0
131800.0,54.0,2.15,35.6,112.0,115.0,68.0,225.0,46.0,5.8,5.17,140.0,6.7,11.8,233.0,15.9,0.73,369.0,4.3,99.0,0.68,7.0,10.5,180.0,2.0,3.0,4.0,1.0,3.0,2.0,2.0,1.0,,2.0,3.0,0
131803.0,46.0,5.0,31.0,96.0,117.0,73.0,231.0,57.0,5.1,0.6,140.0,5.4,13.4,218.0,12.9,0.86,70.0,3.4,95.0,4.44,8.0,9.0,480.0,2.0,3.0,4.0,1.0,3.0,2.0,2.0,2.0,,2.0,3.0,0
131804.0,40.0,5.0,22.6,75.5,119.0,84.0,204.0,63.0,5.4,2.1,136.0,4.6,12.7,225.0,13.9,1.15,109.0,4.1,90.0,0.47,8.5,10.0,900.0,2.0,3.0,5.0,2.0,,2.0,1.0,1.0,2.0,2.0,2.0,0
131805.0,43.0,0.84,26.3,86.9,117.0,76.0,218.0,42.0,5.3,0.75,138.0,8.1,16.1,283.0,12.6,0.8,232.0,7.5,98.0,7.95,8.0,8.0,480.0,1.0,3.0,4.0,1.0,3.0,2.0,2.0,2.0,,2.0,1.0,0
131806.0,58.0,,22.1,79.0,114.0,67.0,194.0,66.0,5.7,0.39,140.0,7.4,14.2,223.0,13.9,0.86,81.0,4.2,106.0,,6.0,12.0,120.0,1.0,2.0,4.0,1.0,1.0,2.0,2.0,2.0,,2.0,1.0,0
131807.0,70.0,0.77,20.7,77.7,117.0,79.0,244.0,52.0,6.0,1.53,139.0,7.3,12.2,280.0,13.2,0.83,127.0,5.0,92.0,6.77,,,120.0,2.0,3.0,4.0,1.0,3.0,2.0,2.0,1.0,,1.0,4.0,0
131808.0,72.0,5.0,43.9,137.3,120.0,82.0,136.0,52.0,6.3,0.7,141.0,6.2,15.2,199.0,13.7,0.71,95.0,6.3,116.0,13.31,7.5,7.5,300.0,1.0,3.0,5.0,1.0,3.0,2.0,1.0,1.0,1.0,1.0,2.0,1
131814.0,45.0,5.0,27.6,87.0,113.0,81.0,180.0,41.0,5.2,0.83,138.0,6.0,16.3,273.0,13.3,0.91,119.0,5.3,101.0,4.72,,11.5,120.0,1.0,7.0,1.0,2.0,,2.0,2.0,2.0,,2.0,1.0,0
131816.0,31.0,5.0,25.9,83.5,111.0,68.0,195.0,63.0,5.0,3.07,139.0,5.4,13.4,262.0,13.2,1.07,44.0,3.6,85.0,5.75,7.0,8.5,720.0,2.0,3.0,5.0,2.0,,2.0,2.0,2.0,,2.0,3.0,0
131822.0,70.0,5.0,21.3,84.5,155.0,80.0,118.0,58.0,5.6,0.16,142.0,6.9,13.2,177.0,14.5,0.72,27.0,4.8,98.0,19.24,7.0,8.0,360.0,1.0,3.0,5.0,1.0,3.0,2.0,1.0,2.0,1.0,2.0,3.0,1
131823.0,65.0,5.0,35.9,114.0,126.0,89.0,217.0,52.0,5.9,1.05,141.0,3.9,13.7,233.0,13.2,1.18,117.0,6.0,91.0,6.2,7.0,7.0,180.0,2.0,4.0,5.0,2.0,,2.0,1.0,1.0,1.0,1.0,3.0,0
131824.0,74.0,5.0,26.7,85.1,142.0,68.0,239.0,61.0,6.2,13.17,144.0,7.5,13.6,306.0,13.9,0.93,207.0,3.9,86.0,7.07,10.0,10.0,180.0,2.0,3.0,2.0,1.0,3.0,2.0,1.0,1.0,1.0,1.0,3.0,0
131827.0,52.0,1.78,57.5,177.7,111.0,86.0,191.0,56.0,5.3,2.78,138.0,6.3,14.4,215.0,13.6,0.89,169.0,6.2,91.0,0.68,8.5,8.5,360.0,1.0,3.0,5.0,2.0,,2.0,2.0,2.0,,2.0,2.0,0
131828.0,43.0,1.64,23.0,80.8,98.0,57.0,143.0,41.0,5.7,0.99,141.0,5.3,12.7,225.0,13.8,0.74,72.0,3.2,80.0,5.54,8.0,11.0,120.0,2.0,1.0,2.0,2.0,,2.0,2.0,2.0,,2.0,3.0,0
131829.0,75.0,1.52,35.2,113.2,136.0,75.0,137.0,53.0,6.8,6.62,143.0,5.8,12.4,223.0,13.7,0.9,76.0,6.2,103.0,48.45,9.0,9.0,240.0,2.0,4.0,5.0,1.0,3.0,2.0,1.0,1.0,1.0,1.0,2.0,0
131831.0,69.0,1.92,29.4,105.9,128.0,72.0,230.0,59.0,5.8,1.39,140.0,5.0,14.2,169.0,14.6,0.71,277.0,4.9,96.0,8.38,6.0,6.0,720.0,2.0,3.0,4.0,1.0,3.0,2.0,2.0,1.0,,1.0,3.0,0
131833.0,55.0,4.59,28.5,90.5,137.0,91.0,221.0,78.0,5.6,1.81,141.0,4.9,13.5,217.0,13.0,0.97,80.0,4.8,87.0,5.91,7.0,7.0,480.0,2.0,7.0,4.0,2.0,,2.0,1.0,2.0,2.0,2.0,1.0,0
131835.0,30.0,,25.0,88.3,105.0,63.0,135.0,44.0,4.5,2.58,140.0,3.5,14.5,191.0,12.9,1.1,46.0,6.2,88.0,,8.0,8.0,300.0,1.0,4.0,3.0,2.0,,2.0,2.0,2.0,,2.0,3.0,0
131837.0,59.0,3.55,25.7,88.2,129.0,74.0,171.0,63.0,5.8,0.41,140.0,5.5,14.2,263.0,12.8,1.02,154.0,5.9,103.0,12.11,8.0,9.0,240.0,1.0,1.0,5.0,2.0,,2.0,2.0,1.0,,1.0,1.0,0
131838.0,47.0,0.77,22.3,87.8,125.0,80.0,179.0,54.0,5.6,0.68,143.0,7.3,15.5,222.0,13.3,1.3,126.0,5.3,101.0,3.84,3.0,11.0,60.0,1.0,7.0,1.0,2.0,,2.0,2.0,2.0,,2.0,1.0,0
131841.0,62.0,4.1,29.1,102.8,130.0,96.0,235.0,58.0,5.2,2.91,137.0,8.4,15.5,212.0,14.0,0.86,151.0,6.3,107.0,0.49,4.5,11.0,600.0,1.0,3.0,3.0,1.0,1.0,2.0,1.0,2.0,1.0,1.0,3.0,0
131844.0,40.0,2.09,30.4,95.2,104.0,67.0,128.0,42.0,5.6,0.43,139.0,6.6,13.6,230.0,13.1,0.63,115.0,3.2,100.0,10.65,6.0,11.0,720.0,2.0,1.0,5.0,2.0,,2.0,2.0,1.0,,1.0,1.0,0
131849.0,61.0,3.86,31.3,119.1,127.0,76.0,215.0,47.0,5.6,6.94,142.0,11.7,16.7,199.0,14.5,0.82,89.0,7.8,89.0,41.22,8.5,8.5,120.0,1.0,3.0,4.0,1.0,1.0,2.0,2.0,1.0,,2.0,2.0,0
131851.0,53.0,5.0,46.4,126.6,110.0,81.0,273.0,48.0,5.9,7.02,142.0,6.7,14.3,252.0,14.3,0.71,227.0,5.9,90.0,0.95,8.0,8.0,480.0,2.0,3.0,5.0,2.0,,2.0,2.0,1.0,,2.0,4.0,0
131852.0,20.0,5.397605346934028e-79,32.6,105.9,112.0,70.0,160.0,46.0,5.2,2.84,136.0,6.2,16.1,199.0,12.8,0.78,84.0,5.3,92.0,3.94,8.0,12.0,240.0,1.0,2.0,2.0,1.0,2.0,2.0,2.0,2.0,,2.0,3.0,0
131860.0,25.0,,22.0,88.0,129.0,69.0,193.0,58.0,5.7,0.62,138.0,6.4,15.6,241.0,14.3,1.1,173.0,5.6,96.0,3.2,7.0,9.0,480.0,1.0,4.0,5.0,2.0,,2.0,2.0,2.0,,2.0,3.0,0
131862.0,34.0,2.77,25.7,89.1,97.0,70.0,177.0,55.0,5.0,1.4,142.0,7.1,14.4,266.0,12.5,0.69,106.0,3.7,90.0,3.79,7.5,8.0,180.0,2.0,3.0,4.0,1.0,3.0,2.0,2.0,2.0,,2.0,2.0,0
131864.0,64.0,5.0,32.3,115.1,125.0,87.0,222.0,69.0,6.8,8.46,138.0,9.2,15.7,278.0,13.3,1.05,112.0,6.9,141.0,3.43,4.5,7.5,180.0,1.0,3.0,3.0,2.0,,2.0,1.0,2.0,1.0,2.0,3.0,0
131867.0,22.0,2.82,39.2,120.7,105.0,77.0,175.0,55.0,5.1,6.03,138.0,8.0,12.8,396.0,15.1,0.63,124.0,5.6,87.0,8.38,6.0,9.0,180.0,2.0,1.0,4.0,2.0,,2.0,2.0,2.0,,2.0,3.0,0
131871.0,26.0,1.01,36.0,110.2,103.0,72.0,203.0,35.0,5.5,31.36,138.0,11.6,12.3,410.0,13.4,0.72,174.0,4.0,83.0,28.81,10.0,10.0,840.0,2.0,3.0,4.0,2.0,,2.0,2.0,2.0,,2.0,3.0,0
131872.0,63.0,0.82,27.1,95.1,129.0,83.0,195.0,49.0,5.5,11.96,140.0,6.9,13.6,240.0,15.9,1.19,131.0,7.7,77.0,4.53,9.0,13.0,960.0,1.0,4.0,2.0,1.0,1.0,2.0,2.0,2.0,,2.0,2.0,0
131874.0,41.0,5.0,30.5,111.6,119.0,80.0,235.0,40.0,5.2,2.81,137.0,8.9,15.2,303.0,13.1,0.96,266.0,6.2,99.0,5.52,7.5,9.0,300.0,1.0,3.0,5.0,1.0,3.0,2.0,1.0,1.0,1.0,2.0,2.0,0
131875.0,33.0,1.91,35.6,105.5,115.0,91.0,158.0,48.0,5.0,0.65,141.0,6.5,14.0,307.0,13.1,0.65,65.0,3.8,90.0,9.27,8.0,8.5,240.0,2.0,3.0,3.0,2.0,,2.0,2.0,2.0,,2.0,2.0,0
131876.0,38.0,5.0,41.9,127.8,115.0,84.0,165.0,41.0,6.3,6.88,139.0,10.3,12.3,344.0,14.3,0.9,101.0,6.2,105.0,3.92,,8.0,540.0,2.0,3.0,5.0,1.0,3.0,2.0,2.0,2.0,,2.0,3.0,0
131880.0,27.0,0.62,28.1,91.2,104.0,73.0,172.0,56.0,5.8,1.77,138.0,6.4,13.0,214.0,14.3,0.93,77.0,5.8,98.0,4.8,8.5,11.0,480.0,1.0,4.0,3.0,2.0,,2.0,2.0,2.0,,2.0,1.0,0
131883.0,76.0,1.64,26.5,95.9,117.0,57.0,134.0,51.0,7.8,0.55,138.0,5.8,15.7,251.0,13.1,0.85,68.0,5.5,242.0,24.56,8.0,8.0,240.0,1.0,3.0,3.0,2.0,,1.0,2.0,1.0,,1.0,2.0,1
131884.0,66.0,4.83,23.4,89.7,107.0,77.0,183.0,52.0,5.1,0.49,140.0,6.8,15.4,158.0,13.7,0.97,82.0,4.5,95.0,5.19,8.5,8.5,180.0,1.0,3.0,5.0,2.0,,2.0,2.0,2.0,,2.0,2.0,0
131890.0,80.0,1.41,31.5,107.2,118.0,69.0,243.0,81.0,7.5,1.97,137.0,9.1,14.8,289.0,13.2,0.69,100.0,4.9,175.0,14.39,10.0,10.0,300.0,2.0,3.0,4.0,2.0,,1.0,2.0,1.0,,1.0,2.0,0
131891.0,32.0,2.61,24.4,77.5,101.0,69.0,164.0,53.0,5.5,1.85,140.0,10.1,14.3,329.0,13.3,0.76,102.0,5.9,84.0,5.54,7.0,7.5,300.0,2.0,6.0,5.0,2.0,,2.0,1.0,2.0,1.0,2.0,3.0,0
131892.0,69.0,3.24,35.5,117.3,135.0,71.0,130.0,54.0,7.6,5.71,139.0,6.0,12.9,150.0,14.3,1.1,108.0,6.8,217.0,127.54,9.0,9.0,120.0,1.0,2.0,3.0,1.0,3.0,1.0,1.0,1.0,1.0,1.0,4.0,1
131898.0,71.0,3.69,35.6,125.7,122.0,78.0,174.0,48.0,6.0,3.08,140.0,8.9,13.7,256.0,13.1,0.65,129.0,4.3,92.0,24.36,8.0,7.5,360.0,2.0,2.0,2.0,2.0,,2.0,2.0,1.0,,1.0,2.0,0
131899.0,80.0,2.33,24.5,94.0,165.0,69.0,137.0,41.0,6.4,0.24,139.0,6.7,11.0,274.0,12.9,1.25,126.0,6.9,113.0,6.85,7.0,7.0,360.0,2.0,3.0,4.0,2.0,,1.0,1.0,1.0,1.0,1.0,3.0,0
131901.0,31.0,,45.9,126.0,119.0,81.0,155.0,39.0,5.9,5.02,138.0,10.2,14.5,331.0,13.1,0.88,77.0,7.4,104.0,18.39,8.0,6.0,240.0,1.0,4.0,4.0,2.0,,2.0,2.0,2.0,,2.0,3.0,0
131902.0,61.0,3.49,29.0,100.5,137.0,86.0,187.0,53.0,5.8,1.8,139.0,6.3,15.3,239.0,14.0,1.0,99.0,5.9,97.0,1.05,6.5,8.0,240.0,1.0,3.0,4.0,2.0,,2.0,1.0,1.0,1.0,1.0,2.0,0
131903.0,64.0,,29.2,95.5,118.0,83.0,218.0,48.0,5.4,4.39,142.0,4.6,12.4,229.0,13.6,0.77,167.0,4.4,110.0,7.3,9.0,7.0,420.0,2.0,7.0,4.0,1.0,3.0,2.0,1.0,1.0,1.0,2.0,4.0,0
131905.0,35.0,0.81,22.9,91.4,135.0,77.0,173.0,38.0,5.5,3.87,140.0,7.7,14.5,180.0,13.8,0.94,121.0,7.9,79.0,0.72,6.0,7.0,420.0,1.0,3.0,4.0,1.0,1.0,2.0,2.0,2.0,,2.0,2.0,0
131911.0,37.0,0.96,27.2,102.4,156.0,97.0,178.0,35.0,5.7,3.77,140.0,9.5,16.5,199.0,12.7,1.22,211.0,6.6,88.0,12.48,8.0,9.0,180.0,1.0,4.0,3.0,1.0,2.0,2.0,2.0,2.0,,2.0,2.0,0
131912.0,60.0,1.91,26.8,95.2,123.0,72.0,244.0,49.0,5.9,7.57,138.0,6.3,13.8,357.0,13.2,0.47,139.0,3.4,104.0,11.52,9.0,10.0,720.0,2.0,2.0,3.0,2.0,,2.0,2.0,2.0,,2.0,4.0,0
131913.0,80.0,,32.4,101.8,144.0,60.0,161.0,64.0,7.0,1.54,145.0,5.7,12.6,177.0,14.1,0.89,36.0,3.4,101.0,118.8,10.0,10.0,180.0,1.0,4.0,3.0,1.0,3.0,1.0,2.0,2.0,,2.0,3.0,0
131922.0,38.0,0.55,32.0,110.0,121.0,80.0,209.0,43.0,5.3,1.6,137.0,4.5,14.1,227.0,12.8,0.82,143.0,5.6,99.0,4.42,7.0,4.0,720.0,1.0,2.0,5.0,1.0,1.0,2.0,1.0,2.0,2.0,2.0,4.0,1
131926.0,59.0,4.83,27.1,104.9,108.0,77.0,229.0,58.0,5.3,1.14,139.0,3.8,14.3,210.0,15.7,0.82,59.0,5.5,109.0,4.53,8.0,8.0,180.0,1.0,3.0,4.0,2.0,,2.0,2.0,2.0,,2.0,1.0,0
131928.0,62.0,3.91,26.2,90.0,106.0,69.0,253.0,41.0,5.5,1.16,139.0,5.5,15.8,213.0,14.4,1.08,249.0,5.8,95.0,9.59,5.5,6.0,420.0,1.0,1.0,5.0,2.0,,2.0,2.0,1.0,,2.0,2.0,0
131929.0,53.0,1.32,32.1,108.4,147.0,77.0,139.0,54.0,5.3,1.26,140.0,10.8,10.9,241.0,37.5,0.79,78.0,7.6,118.0,36.93,9.5,8.0,180.0,2.0,4.0,3.0,2.0,,2.0,1.0,2.0,1.0,2.0,3.0,0
131934.0,47.0,0.33,27.1,109.0,120.0,85.0,257.0,35.0,7.0,1.79,140.0,10.2,17.3,279.0,13.9,0.86,208.0,5.8,84.0,13.58,8.0,8.0,480.0,1.0,3.0,4.0,1.0,1.0,1.0,1.0,2.0,2.0,2.0,4.0,0
131936.0,80.0,2.87,31.0,92.9,118.0,69.0,122.0,54.0,5.7,0.37,141.0,5.3,10.8,274.0,15.5,0.62,87.0,4.1,95.0,21.31,11.0,7.0,300.0,2.0,3.0,3.0,1.0,3.0,2.0,1.0,2.0,1.0,2.0,2.0,0
131937.0,72.0,0.96,31.9,102.6,126.0,72.0,154.0,56.0,5.6,1.55,141.0,7.8,13.7,185.0,13.8,0.93,143.0,3.9,122.0,5.97,9.0,9.0,120.0,2.0,3.0,5.0,1.0,3.0,2.0,2.0,1.0,,2.0,4.0,0
131938.0,22.0,,36.7,126.9,90.0,56.0,229.0,37.0,5.7,1.41,138.0,9.2,14.4,237.0,13.3,0.77,236.0,6.0,97.0,5.02,7.0,9.5,840.0,2.0,3.0,4.0,1.0,1.0,2.0,2.0,1.0,,2.0,3.0,0
131939.0,67.0,5.0,21.4,91.5,112.0,72.0,199.0,91.0,5.7,1.29,141.0,5.2,13.7,190.0,14.4,0.74,61.0,4.8,86.0,0.75,8.0,8.0,420.0,2.0,3.0,5.0,2.0,,2.0,2.0,1.0,,1.0,2.0,0
131940.0,65.0,4.34,31.6,110.2,130.0,87.0,219.0,62.0,5.6,6.89,140.0,8.2,13.0,258.0,14.0,0.83,155.0,6.5,92.0,21.19,8.0,8.0,360.0,2.0,3.0,4.0,2.0,,2.0,2.0,1.0,,1.0,2.0,0
131944.0,59.0,4.12,20.8,74.3,100.0,59.0,211.0,75.0,5.3,0.38,141.0,3.5,14.3,257.0,13.2,0.9,73.0,3.6,95.0,7.74,7.0,7.5,480.0,2.0,3.0,5.0,2.0,,2.0,2.0,2.0,,2.0,1.0,0
131945.0,58.0,1.43,20.1,81.0,143.0,82.0,181.0,72.0,5.5,0.18,142.0,7.2,12.4,321.0,14.2,0.61,71.0,7.2,95.0,296.14,8.0,13.0,600.0,1.0,4.0,2.0,1.0,1.0,2.0,2.0,2.0,,2.0,3.0,0
131947.0,26.0,3.22,31.8,99.6,119.0,84.0,172.0,37.0,5.5,13.51,139.0,8.7,13.5,324.0,13.4,0.9,100.0,6.2,89.0,4.75,7.5,9.5,240.0,1.0,7.0,5.0,2.0,,2.0,2.0,2.0,,2.0,1.0,0
131948.0,34.0,4.33,18.3,71.7,113.0,61.0,168.0,60.0,5.3,0.37,141.0,9.7,13.5,288.0,12.5,0.67,92.0,4.0,99.0,2.33,7.5,9.5,180.0,2.0,3.0,5.0,2.0,,2.0,2.0,2.0,,2.0,1.0,0
131951.0,69.0,2.57,49.5,146.4,123.0,62.0,136.0,42.0,6.7,0.84,142.0,8.6,14.5,240.0,13.4,1.07,117.0,5.9,90.0,5.65,7.0,9.0,600.0,1.0,3.0,3.0,1.0,3.0,1.0,1.0,1.0,1.0,1.0,3.0,1
131958.0,20.0,0.7,25.6,77.4,108.0,39.0,122.0,49.0,5.3,0.83,139.0,7.6,14.7,145.0,14.4,1.13,98.0,5.3,56.0,8.25,6.0,8.0,300.0,1.0,2.0,4.0,2.0,,2.0,2.0,2.0,,2.0,1.0,0
131959.0,70.0,,30.1,103.9,154.0,76.0,149.0,50.0,8.9,2.45,132.0,8.9,10.2,322.0,15.6,1.5,95.0,4.8,364.0,202.33,4.0,2.0,240.0,2.0,4.0,4.0,1.0,1.0,1.0,1.0,1.0,1.0,2.0,5.0,0
131962.0,44.0,,27.1,94.4,105.0,61.0,135.0,53.0,5.3,1.89,140.0,5.6,12.3,217.0,13.7,0.62,53.0,3.1,88.0,40.63,8.0,8.5,180.0,2.0,1.0,1.0,2.0,,2.0,2.0,2.0,,2.0,2.0,0
131967.0,71.0,3.09,26.2,109.0,124.0,63.0,231.0,45.0,5.6,7.65,140.0,5.2,17.6,148.0,14.4,1.86,128.0,5.5,83.0,5.37,7.5,7.5,240.0,1.0,3.0,4.0,1.0,1.0,2.0,1.0,2.0,1.0,2.0,1.0,0
131970.0,76.0,1.76,27.7,,133.0,72.0,191.0,72.0,5.6,3.28,143.0,3.7,12.2,216.0,15.0,0.84,46.0,4.8,80.0,12.35,6.5,8.0,900.0,2.0,4.0,3.0,1.0,3.0,3.0,1.0,1.0,1.0,2.0,5.0,0
131972.0,26.0,1.51,47.2,115.7,108.0,84.0,215.0,61.0,5.7,18.94,136.0,6.4,12.0,287.0,14.8,0.78,73.0,6.7,102.0,5.96,9.0,6.0,240.0,2.0,4.0,5.0,2.0,,2.0,2.0,2.0,,2.0,2.0,0
131974.0,34.0,3.26,25.0,88.1,121.0,71.0,161.0,60.0,5.2,4.87,139.0,6.3,13.8,317.0,12.7,0.76,96.0,3.7,88.0,4.34,8.0,8.0,180.0,2.0,7.0,5.0,2.0,,2.0,2.0,2.0,,2.0,3.0,0
131976.0,70.0,1.86,29.3,103.7,102.0,65.0,242.0,60.0,5.6,6.8,141.0,7.6,12.9,185.0,15.0,1.14,125.0,4.7,98.0,6.75,7.5,7.5,480.0,2.0,3.0,4.0,2.0,,2.0,2.0,1.0,,2.0,2.0,0
131979.0,37.0,4.32,24.5,81.6,109.0,70.0,141.0,37.0,5.3,0.84,141.0,4.6,13.5,183.0,13.7,0.89,142.0,5.5,84.0,12.72,8.0,9.0,600.0,1.0,6.0,5.0,2.0,,2.0,2.0,1.0,,2.0,3.0,0
131985.0,44.0,,30.6,95.8,87.0,57.0,169.0,49.0,5.0,0.43,140.0,6.0,12.8,205.0,13.1,0.6,62.0,3.6,87.0,1.05,7.0,7.0,480.0,2.0,3.0,5.0,2.0,,2.0,2.0,2.0,,2.0,2.0,0
131990.0,50.0,2.58,22.0,83.4,131.0,81.0,128.0,66.0,7.6,0.59,136.0,4.1,13.9,189.0,13.4,1.11,50.0,5.2,272.0,8.23,6.0,7.0,180.0,1.0,3.0,5.0,1.0,3.0,1.0,1.0,2.0,2.0,2.0,3.0,0
131991.0,71.0,1.06,32.5,94.4,128.0,71.0,104.0,40.0,5.5,3.12,143.0,3.8,12.8,211.0,14.4,0.87,47.0,4.3,83.0,4.94,6.5,5.0,60.0,2.0,4.0,4.0,1.0,2.0,2.0,1.0,1.0,1.0,1.0,2.0,0
131992.0,73.0,3.3,32.4,,120.0,62.0,212.0,77.0,5.0,3.59,141.0,4.8,12.6,211.0,13.4,0.63,58.0,3.3,89.0,9.17,10.0,8.0,240.0,2.0,3.0,5.0,2.0,,2.0,2.0,2.0,,2.0,3.0,0
131997.0,69.0,0.62,22.5,91.8,131.0,68.0,204.0,84.0,5.4,1.75,136.0,7.5,15.7,185.0,13.1,0.85,103.0,4.9,106.0,50.56,6.0,12.0,180.0,1.0,3.0,2.0,1.0,1.0,2.0,2.0,2.0,,2.0,1.0,0
131998.0,55.0,,33.5,113.2,109.0,78.0,171.0,45.0,5.3,2.57,138.0,6.0,13.4,261.0,13.1,0.74,160.0,5.6,83.0,41.38,8.5,8.5,240.0,2.0,3.0,4.0,2.0,,2.0,2.0,2.0,,2.0,3.0,0
132000.0,67.0,5.397605346934028e-79,30.5,101.1,128.0,81.0,261.0,67.0,6.0,1.62,140.0,5.9,13.3,259.0,13.0,0.67,108.0,3.1,116.0,6.94,7.0,7.0,60.0,2.0,1.0,1.0,2.0,,2.0,2.0,2.0,,2.0,4.0,0
132001.0,64.0,5.0,23.8,82.2,125.0,76.0,118.0,64.0,5.1,0.46,144.0,6.5,15.4,271.0,12.9,0.86,57.0,4.4,93.0,10.64,7.0,8.0,180.0,1.0,3.0,4.0,1.0,3.0,2.0,1.0,2.0,1.0,1.0,3.0,0
132007.0,53.0,2.73,35.7,121.0,115.0,79.0,204.0,53.0,5.4,3.22,139.0,11.3,16.3,246.0,14.2,1.11,84.0,5.3,83.0,3.18,9.5,14.0,240.0,1.0,3.0,2.0,2.0,,2.0,2.0,2.0,,2.0,3.0,0
132008.0,63.0,0.93,38.7,126.4,124.0,76.0,264.0,59.0,5.9,4.02,139.0,5.7,13.7,351.0,14.7,0.82,139.0,4.7,90.0,14.07,7.5,7.5,240.0,2.0,4.0,5.0,2.0,,2.0,2.0,1.0,,2.0,2.0,0
132010.0,32.0,5.0,29.9,94.3,111.0,72.0,172.0,51.0,5.1,3.54,141.0,5.6,13.3,238.0,12.2,0.8,78.0,5.1,99.0,4.07,7.0,8.0,480.0,2.0,3.0,5.0,2.0,,2.0,2.0,2.0,,2.0,2.0,0
132011.0,24.0,,25.3,92.1,106.0,70.0,191.0,52.0,5.2,0.51,139.0,5.3,14.5,242.0,13.7,0.94,93.0,4.3,91.0,9.32,8.5,9.0,660.0,1.0,3.0,5.0,2.0,,2.0,2.0,2.0,,2.0,2.0,0
132021.0,62.0,5.0,25.8,102.5,115.0,77.0,173.0,43.0,4.9,3.93,139.0,6.6,14.8,249.0,12.6,1.04,246.0,6.7,92.0,0.78,7.0,7.0,720.0,1.0,3.0,5.0,2.0,,2.0,2.0,1.0,,2.0,3.0,0
132028.0,44.0,2.92,21.6,75.4,109.0,71.0,164.0,64.0,5.2,0.37,138.0,7.0,13.6,282.0,13.1,0.7,70.0,4.8,87.0,1.5,7.5,8.0,180.0,2.0,3.0,5.0,1.0,3.0,2.0,2.0,2.0,,2.0,1.0,0
132029.0,56.0,1.95,24.8,84.2,118.0,73.0,157.0,66.0,5.4,1.95,142.0,7.9,14.2,223.0,12.5,0.62,90.0,3.6,80.0,7.55,10.0,9.0,360.0,2.0,3.0,4.0,1.0,3.0,2.0,2.0,1.0,,1.0,4.0,0
132030.0,68.0,5.0,28.7,112.5,140.0,90.0,153.0,57.0,5.7,6.51,146.0,5.3,14.6,204.0,14.7,0.89,44.0,5.1,90.0,6.34,8.5,8.5,360.0,1.0,7.0,5.0,2.0,,3.0,1.0,2.0,2.0,2.0,1.0,0
132031.0,76.0,2.58,30.0,96.3,147.0,86.0,265.0,61.0,5.7,9.8,138.0,3.4,13.4,194.0,13.6,0.7,126.0,4.6,92.0,12.65,9.0,7.5,120.0,2.0,3.0,3.0,2.0,,2.0,2.0,1.0,,2.0,3.0,1
132033.0,39.0,3.0,24.1,82.6,117.0,79.0,231.0,62.0,5.2,0.23,139.0,5.7,15.5,290.0,12.4,1.04,146.0,6.0,96.0,6.28,8.0,8.0,180.0,1.0,2.0,1.0,2.0,,2.0,2.0,2.0,,2.0,3.0,0
132036.0,79.0,,28.7,102.5,135.0,64.0,155.0,44.0,7.7,11.65,141.0,6.3,11.0,217.0,14.6,0.72,109.0,5.0,227.0,11.57,8.0,8.0,300.0,1.0,1.0,1.0,1.0,3.0,2.0,2.0,2.0,,2.0,4.0,0
132037.0,65.0,5.0,39.2,118.6,141.0,89.0,126.0,48.0,11.4,2.38,135.0,7.1,15.2,211.0,13.1,0.92,61.0,3.0,317.0,14.59,8.0,8.0,420.0,1.0,1.0,4.0,2.0,,1.0,1.0,2.0,2.0,2.0,3.0,0
132038.0,71.0,0.96,34.9,118.6,137.0,81.0,182.0,48.0,6.0,3.26,140.0,6.2,12.3,230.0,13.9,0.55,104.0,5.3,107.0,5.89,9.0,8.0,360.0,2.0,1.0,1.0,2.0,,1.0,1.0,1.0,1.0,1.0,4.0,0
132041.0,38.0,2.92,29.7,95.8,106.0,66.0,197.0,49.0,5.7,0.56,138.0,5.7,14.2,224.0,13.5,0.87,142.0,5.9,91.0,5.07,14.0,5.0,120.0,1.0,2.0,5.0,2.0,,2.0,2.0,2.0,,2.0,2.0,0
132045.0,30.0,5.0,27.0,93.3,115.0,74.0,175.0,60.0,4.8,4.11,140.0,9.3,14.8,254.0,12.6,1.11,63.0,6.3,86.0,9.57,8.5,10.0,600.0,1.0,1.0,5.0,2.0,,2.0,2.0,2.0,,2.0,2.0,0
132046.0,72.0,5.0,26.7,95.6,115.0,74.0,161.0,54.0,5.5,0.25,128.0,5.1,13.9,192.0,12.8,0.93,77.0,4.6,82.0,19.95,6.0,6.0,240.0,1.0,3.0,5.0,2.0,,2.0,1.0,2.0,1.0,2.0,2.0,0
132049.0,70.0,3.8,32.6,106.2,147.0,88.0,111.0,45.0,5.8,0.52,142.0,7.6,15.0,182.0,13.0,1.02,129.0,7.1,100.0,8.76,7.0,7.0,360.0,1.0,3.0,5.0,2.0,,2.0,1.0,1.0,1.0,1.0,3.0,0
132053.0,34.0,5.0,32.3,107.7,123.0,76.0,189.0,46.0,5.1,1.49,138.0,6.5,15.4,234.0,13.3,0.9,112.0,6.5,86.0,5.26,8.0,8.0,180.0,1.0,3.0,5.0,2.0,,2.0,2.0,2.0,,2.0,4.0,0
132055.0,76.0,5.0,27.0,89.5,141.0,85.0,193.0,84.0,5.5,0.89,142.0,7.4,12.8,331.0,14.8,1.34,135.0,5.1,114.0,23.16,7.0,7.0,240.0,2.0,3.0,5.0,1.0,3.0,2.0,1.0,1.0,1.0,2.0,3.0,1
132056.0,65.0,1.26,34.1,108.8,114.0,73.0,238.0,65.0,8.2,17.74,142.0,8.0,13.7,343.0,14.2,0.48,112.0,3.7,129.0,11.02,9.0,10.0,180.0,2.0,1.0,1.0,2.0,,2.0,2.0,2.0,,2.0,3.0,0
132059.0,37.0,0.88,31.9,101.0,123.0,82.0,142.0,63.0,5.6,0.71,138.0,5.1,12.2,328.0,13.3,0.8,32.0,3.8,84.0,5.29,8.0,8.0,300.0,2.0,4.0,5.0,2.0,,2.0,2.0,2.0,,2.0,2.0,0
132061.0,70.0,4.12,39.9,141.4,100.0,65.0,176.0,46.0,6.4,4.53,139.0,10.1,16.4,270.0,13.7,0.83,138.0,6.4,99.0,5.84,8.5,8.5,600.0,1.0,3.0,4.0,1.0,1.0,3.0,1.0,1.0,1.0,1.0,2.0,0
132062.0,60.0,5.0,24.1,85.5,128.0,70.0,204.0,62.0,5.4,0.44,139.0,5.4,14.1,165.0,13.2,1.09,79.0,6.5,95.0,0.57,7.0,9.5,120.0,1.0,3.0,3.0,2.0,,2.0,2.0,2.0,,2.0,1.0,0
132063.0,80.0,0.41,34.8,127.4,124.0,68.0,107.0,58.0,6.0,1.0,141.0,4.8,11.3,160.0,15.7,1.12,122.0,6.1,108.0,16.93,13.0,13.0,360.0,1.0,2.0,1.0,2.0,,2.0,1.0,2.0,1.0,1.0,4.0,0
132064.0,28.0,5.0,44.4,131.0,125.0,80.0,150.0,41.0,5.0,7.06,140.0,7.7,14.5,204.0,13.0,0.75,153.0,3.7,89.0,4.02,7.0,10.0,480.0,1.0,7.0,5.0,2.0,,2.0,2.0,2.0,,2.0,4.0,0
132065.0,79.0,,23.2,90.0,147.0,68.0,225.0,74.0,5.4,0.65,141.0,7.7,14.3,355.0,12.3,0.84,204.0,7.4,134.0,23.21,9.0,9.0,180.0,2.0,6.0,2.0,2.0,,2.0,1.0,1.0,1.0,2.0,3.0,1
132067.0,30.0,3.43,19.0,80.2,109.0,62.0,184.0,91.0,5.0,0.3,140.0,6.9,14.3,308.0,12.9,0.83,54.0,4.3,93.0,35.56,7.5,8.5,600.0,1.0,3.0,5.0,1.0,3.0,2.0,2.0,2.0,,2.0,3.0,0
132071.0,51.0,5.0,24.5,89.2,106.0,65.0,287.0,72.0,5.3,0.7,140.0,8.5,14.8,245.0,13.2,0.98,61.0,5.3,79.0,1.24,7.5,11.0,180.0,2.0,3.0,5.0,2.0,,2.0,2.0,1.0,,2.0,2.0,0
132072.0,58.0,2.47,35.0,120.8,122.0,80.0,215.0,48.0,5.6,4.28,136.0,8.1,14.8,227.0,14.0,0.92,66.0,6.3,94.0,5.59,8.0,8.0,180.0,1.0,3.0,2.0,2.0,,2.0,1.0,1.0,1.0,1.0,3.0,0
132073.0,79.0,2.46,29.3,106.4,109.0,67.0,95.0,52.0,5.7,0.36,133.0,5.4,13.1,206.0,15.3,0.71,45.0,4.9,106.0,6.11,6.5,6.5,240.0,1.0,3.0,3.0,2.0,,2.0,2.0,2.0,,1.0,2.0,1
132074.0,47.0,1.97,29.0,113.6,128.0,80.0,183.0,51.0,5.6,5.7,138.0,8.6,15.3,236.0,13.1,0.78,140.0,7.5,88.0,6.99,7.5,7.5,360.0,1.0,3.0,4.0,2.0,,2.0,1.0,2.0,1.0,2.0,2.0,0
132075.0,69.0,1.13,21.9,81.3,148.0,87.0,219.0,66.0,5.9,0.56,135.0,3.0,14.7,194.0,14.1,0.85,84.0,4.1,114.0,12.93,8.5,8.5,300.0,1.0,6.0,3.0,1.0,3.0,3.0,2.0,1.0,,1.0,4.0,0
132077.0,80.0,2.03,27.7,100.7,113.0,72.0,197.0,60.0,6.1,0.47,140.0,4.4,14.1,256.0,14.8,0.96,76.0,5.3,99.0,4.07,,,840.0,1.0,3.0,4.0,2.0,,3.0,2.0,2.0,,2.0,2.0,0
132079.0,61.0,5.0,36.3,111.0,132.0,89.0,179.0,66.0,6.5,7.75,139.0,5.4,11.0,243.0,15.0,0.84,119.0,5.2,79.0,4.13,9.0,8.5,840.0,2.0,4.0,4.0,2.0,,1.0,1.0,2.0,1.0,2.0,2.0,0
132085.0,65.0,,26.8,88.4,129.0,75.0,194.0,60.0,5.2,3.56,142.0,3.9,11.3,190.0,14.0,1.03,43.0,3.6,91.0,10.3,5.0,10.0,240.0,2.0,4.0,3.0,2.0,,2.0,2.0,1.0,,2.0,3.0,0
132088.0,73.0,0.82,26.9,102.2,135.0,65.0,149.0,57.0,5.9,0.26,141.0,5.9,13.7,180.0,13.2,0.84,137.0,4.0,112.0,12.97,12.0,2.0,60.0,2.0,1.0,2.0,2.0,,2.0,2.0,1.0,,1.0,4.0,0
132092.0,52.0,0.74,23.9,93.9,88.0,52.0,264.0,50.0,5.7,7.14,137.0,14.5,14.3,259.0,14.2,0.96,86.0,3.2,87.0,4.96,8.0,8.5,840.0,1.0,2.0,1.0,1.0,1.0,2.0,2.0,1.0,,2.0,2.0,0
132093.0,60.0,5.0,23.1,83.3,124.0,75.0,226.0,78.0,5.1,0.64,138.0,5.7,13.2,291.0,13.3,0.69,81.0,4.7,86.0,21.22,9.0,7.5,120.0,2.0,3.0,4.0,2.0,,2.0,2.0,1.0,,1.0,2.0,0
132095.0,70.0,2.41,46.5,130.3,114.0,52.0,162.0,54.0,5.1,4.46,141.0,8.2,10.4,165.0,17.8,0.7,93.0,5.0,111.0,4.77,7.0,7.0,480.0,2.0,3.0,5.0,2.0,,1.0,1.0,1.0,1.0,1.0,5.0,1
132097.0,48.0,4.02,34.3,105.5,127.0,82.0,166.0,38.0,5.2,2.96,144.0,7.8,14.0,266.0,13.2,0.68,220.0,6.0,99.0,8.5,8.5,9.0,360.0,2.0,3.0,4.0,2.0,,2.0,1.0,1.0,1.0,1.0,2.0,0
132099.0,61.0,1.12,22.0,93.2,121.0,81.0,198.0,60.0,5.7,0.59,140.0,5.7,14.9,211.0,13.2,0.92,81.0,3.6,93.0,5.21,7.0,6.0,120.0,1.0,1.0,1.0,2.0,,2.0,2.0,2.0,,2.0,4.0,0
132101.0,52.0,5.0,24.6,100.0,157.0,104.0,166.0,92.0,5.0,0.88,144.0,5.0,15.8,261.0,13.8,0.73,50.0,4.7,106.0,10.81,8.5,8.5,360.0,1.0,3.0,5.0,2.0,,2.0,2.0,2.0,,2.0,2.0,0
132102.0,43.0,4.02,25.5,93.0,117.0,83.0,197.0,69.0,5.0,0.87,138.0,8.9,14.1,348.0,12.7,0.75,87.0,4.1,86.0,11.75,8.0,7.5,600.0,2.0,3.0,4.0,2.0,,2.0,2.0,2.0,,2.0,2.0,0
132105.0,80.0,0.93,24.3,92.1,143.0,68.0,230.0,63.0,5.7,6.97,141.0,8.2,15.8,200.0,14.6,0.74,133.0,3.5,85.0,19.96,7.5,7.5,180.0,2.0,3.0,1.0,1.0,1.0,2.0,1.0,2.0,1.0,2.0,2.0,0
132107.0,54.0,0.74,31.4,106.1,141.0,79.0,195.0,55.0,7.1,3.95,143.0,6.8,15.0,210.0,13.1,0.64,160.0,4.3,146.0,5.72,7.0,9.0,120.0,2.0,1.0,1.0,1.0,2.0,1.0,1.0,1.0,2.0,2.0,3.0,0
132110.0,51.0,2.21,22.1,99.5,112.0,74.0,221.0,51.0,5.7,1.63,134.0,5.5,15.3,231.0,12.5,0.92,120.0,7.8,99.0,1.91,8.0,8.0,120.0,1.0,3.0,3.0,1.0,1.0,2.0,2.0,2.0,,2.0,3.0,0
132112.0,31.0,5.0,28.1,92.5,112.0,73.0,208.0,41.0,5.5,2.95,136.0,6.2,11.4,343.0,12.8,0.8,244.0,6.0,85.0,5.46,6.5,8.5,240.0,2.0,6.0,5.0,2.0,,2.0,2.0,1.0,,2.0,3.0,0
132116.0,40.0,4.0,18.4,73.5,105.0,62.0,150.0,62.0,5.7,0.57,139.0,3.4,11.8,234.0,15.4,0.75,48.0,3.2,91.0,6.95,5.0,8.0,120.0,2.0,2.0,5.0,2.0,,2.0,2.0,2.0,,2.0,1.0,0
132118.0,78.0,,28.3,105.8,120.0,70.0,122.0,42.0,8.9,2.57,142.0,6.0,12.4,231.0,13.9,1.01,153.0,4.6,182.0,15.64,9.5,9.5,240.0,2.0,2.0,2.0,1.0,3.0,1.0,1.0,1.0,1.0,1.0,4.0,1
132121.0,80.0,0.62,26.2,97.5,131.0,78.0,192.0,64.0,5.4,2.18,144.0,3.6,11.9,184.0,16.2,1.09,96.0,5.3,90.0,8.1,9.0,9.0,720.0,2.0,3.0,1.0,1.0,3.0,2.0,2.0,2.0,,2.0,4.0,0
132122.0,73.0,5.0,30.3,110.4,132.0,68.0,166.0,58.0,6.3,1.68,142.0,5.2,15.3,210.0,13.9,0.83,164.0,4.3,111.0,16.71,8.0,8.0,480.0,2.0,3.0,5.0,2.0,,1.0,2.0,1.0,,1.0,3.0,0
132123.0,55.0,,32.8,111.5,128.0,80.0,145.0,60.0,8.0,2.42,136.0,4.2,14.3,230.0,12.8,0.76,90.0,4.0,301.0,8.21,10.0,9.0,180.0,1.0,6.0,1.0,1.0,2.0,1.0,1.0,1.0,1.0,2.0,4.0,0
132124.0,42.0,,34.8,102.0,126.0,84.0,110.0,39.0,6.2,1.56,137.0,6.3,9.3,380.0,20.4,0.43,74.0,4.1,102.0,8.36,7.0,7.0,600.0,2.0,7.0,3.0,1.0,3.0,2.0,2.0,2.0,,2.0,3.0,0
132125.0,66.0,2.39,28.0,86.0,117.0,61.0,185.0,61.0,5.8,0.92,141.0,4.7,12.9,323.0,12.9,0.93,115.0,4.7,94.0,5.15,9.0,7.0,240.0,2.0,4.0,5.0,1.0,1.0,2.0,1.0,1.0,1.0,1.0,2.0,0
132126.0,26.0,,31.2,109.0,126.0,90.0,188.0,48.0,5.3,6.47,140.0,6.7,15.3,349.0,12.9,1.0,56.0,6.6,93.0,11.27,9.5,12.0,240.0,1.0,3.0,3.0,1.0,3.0,2.0,2.0,2.0,,2.0,3.0,0
132132.0,31.0,,24.6,79.5,110.0,64.0,160.0,70.0,4.7,0.61,138.0,5.6,13.3,183.0,12.4,0.6,60.0,3.0,89.0,6.74,6.0,7.0,360.0,2.0,7.0,3.0,1.0,3.0,2.0,2.0,2.0,,2.0,4.0,0
132134.0,74.0,4.56,28.5,102.8,103.0,64.0,214.0,70.0,5.2,0.39,138.0,6.2,13.9,338.0,14.3,0.63,96.0,4.2,92.0,11.06,9.5,9.5,480.0,2.0,7.0,5.0,1.0,3.0,2.0,2.0,2.0,,2.0,2.0,0
132137.0,43.0,2.96,28.4,105.6,122.0,90.0,167.0,56.0,6.7,0.58,,10.1,13.9,287.0,12.9,,,,,14.89,7.5,7.5,120.0,1.0,7.0,5.0,2.0,,1.0,1.0,1.0,1.0,1.0,2.0,0
132138.0,22.0,,21.6,88.9,112.0,70.0,184.0,60.0,4.6,0.7,135.0,11.4,12.9,199.0,12.8,0.5,92.0,2.7,77.0,8.27,12.0,12.0,480.0,2.0,3.0,3.0,2.0,,2.0,2.0,2.0,,2.0,3.0,0
132141.0,56.0,4.8,29.1,99.0,115.0,70.0,205.0,98.0,5.4,2.05,143.0,6.0,12.6,260.0,13.3,0.79,35.0,2.5,83.0,23.03,6.5,5.0,600.0,2.0,4.0,5.0,2.0,,2.0,2.0,2.0,,2.0,1.0,0
132143.0,22.0,0.63,50.2,139.2,115.0,85.0,139.0,56.0,5.6,12.55,142.0,11.5,12.7,406.0,14.3,0.69,70.0,5.0,92.0,5.25,11.0,11.0,300.0,2.0,2.0,4.0,2.0,,1.0,1.0,2.0,2.0,2.0,2.0,0
132145.0,59.0,3.28,30.3,96.0,125.0,78.0,122.0,39.0,5.5,0.46,136.0,5.3,11.6,177.0,13.0,0.55,101.0,5.1,88.0,9.0,8.5,9.0,120.0,2.0,3.0,4.0,1.0,3.0,2.0,2.0,2.0,,2.0,2.0,0
132147.0,58.0,5.397605346934028e-79,42.9,,100.0,70.0,109.0,45.0,7.6,3.92,141.0,4.9,14.9,206.0,14.2,0.76,119.0,3.8,142.0,6.23,6.0,8.0,720.0,2.0,7.0,5.0,1.0,3.0,1.0,1.0,1.0,1.0,1.0,4.0,0
132149.0,73.0,3.28,36.7,124.3,148.0,88.0,172.0,54.0,8.3,2.95,140.0,8.0,14.9,186.0,12.8,0.96,119.0,5.4,222.0,20.38,8.5,8.5,360.0,1.0,7.0,3.0,2.0,,1.0,2.0,1.0,,1.0,3.0,0
132150.0,56.0,5.0,26.9,99.1,105.0,67.0,245.0,49.0,5.5,1.73,140.0,5.1,14.0,263.0,14.0,0.8,127.0,5.2,94.0,4.99,8.0,8.5,480.0,1.0,3.0,5.0,1.0,3.0,2.0,2.0,2.0,,2.0,2.0,1
132151.0,61.0,5.0,34.5,106.1,102.0,58.0,198.0,56.0,5.7,1.61,141.0,6.1,11.0,225.0,15.7,0.89,110.0,5.2,84.0,5.59,8.0,8.0,480.0,2.0,3.0,5.0,2.0,,2.0,2.0,1.0,,2.0,1.0,0
132152.0,73.0,1.3,22.1,90.0,139.0,76.0,143.0,71.0,5.7,0.5,137.0,5.4,14.4,239.0,13.3,0.97,49.0,3.1,90.0,7.26,7.5,7.5,480.0,1.0,3.0,4.0,1.0,3.0,2.0,1.0,1.0,1.0,1.0,3.0,1
132154.0,35.0,3.12,35.7,114.9,146.0,94.0,244.0,38.0,9.1,4.97,138.0,4.1,13.2,130.0,13.0,0.59,303.0,3.3,305.0,50.23,8.0,8.0,840.0,1.0,3.0,3.0,1.0,1.0,1.0,1.0,2.0,1.0,2.0,5.0,0
132155.0,25.0,3.86,48.0,135.5,135.0,105.0,179.0,33.0,14.6,42.98,134.0,11.3,13.9,322.0,12.8,0.46,202.0,3.2,330.0,324.52,11.0,9.0,480.0,2.0,7.0,4.0,2.0,,1.0,2.0,1.0,,2.0,2.0,0
132159.0,68.0,5.0,23.8,89.2,162.0,101.0,184.0,63.0,5.4,0.69,,5.1,17.4,241.0,13.6,,,,,6.2,7.5,8.5,240.0,1.0,3.0,3.0,2.0,,2.0,1.0,2.0,2.0,2.0,3.0,0
132162.0,34.0,1.09,33.7,91.4,135.0,87.0,161.0,58.0,5.4,2.24,140.0,6.2,12.2,302.0,15.0,0.89,57.0,3.9,81.0,3.48,9.0,10.0,420.0,2.0,4.0,4.0,2.0,,2.0,2.0,2.0,,2.0,3.0,0
132165.0,26.0,5.0,27.3,97.2,126.0,74.0,224.0,72.0,5.1,5.06,139.0,9.5,14.8,194.0,14.0,0.99,77.0,5.5,95.0,1.0,8.0,9.5,780.0,1.0,3.0,5.0,2.0,,2.0,2.0,2.0,,2.0,2.0,0
132169.0,80.0,3.08,,,105.0,67.0,111.0,42.0,6.4,2.09,141.0,3.9,9.9,147.0,15.7,1.26,91.0,4.3,158.0,738.02,9.5,11.5,720.0,1.0,3.0,5.0,1.0,3.0,1.0,1.0,1.0,1.0,1.0,3.0,1
132170.0,29.0,,26.1,92.5,111.0,77.0,117.0,48.0,5.1,3.14,139.0,5.7,12.4,243.0,13.7,0.65,51.0,3.4,101.0,8.27,8.5,8.5,240.0,2.0,3.0,4.0,2.0,,2.0,2.0,2.0,,2.0,3.0,0
132171.0,35.0,0.73,20.3,78.8,114.0,78.0,171.0,57.0,5.1,1.36,139.0,11.3,13.7,322.0,13.3,0.76,71.0,2.9,90.0,10.79,4.0,8.0,120.0,2.0,3.0,4.0,1.0,1.0,2.0,2.0,2.0,,2.0,3.0,0
132177.0,28.0,2.9,28.2,103.7,110.0,68.0,181.0,49.0,4.7,1.97,141.0,8.9,17.1,202.0,13.3,0.85,128.0,5.4,90.0,0.66,6.0,6.0,720.0,1.0,3.0,4.0,2.0,,2.0,2.0,2.0,,2.0,3.0,0
132178.0,67.0,0.7,29.5,106.0,174.0,109.0,233.0,47.0,5.7,5.09,140.0,8.4,16.1,237.0,15.5,1.36,381.0,7.0,99.0,,8.0,8.0,540.0,1.0,3.0,3.0,1.0,1.0,2.0,2.0,1.0,,2.0,4.0,0
132180.0,51.0,5.0,29.3,90.9,99.0,54.0,209.0,63.0,5.5,2.17,142.0,2.6,14.9,215.0,13.1,0.82,83.0,5.9,93.0,16.02,8.5,8.5,240.0,2.0,3.0,5.0,2.0,,2.0,2.0,2.0,,2.0,1.0,0
132181.0,55.0,5.0,27.9,100.9,139.0,88.0,182.0,57.0,8.0,5.71,137.0,5.3,15.0,137.0,13.6,0.72,162.0,4.7,182.0,17.12,8.0,8.0,660.0,1.0,3.0,5.0,2.0,,1.0,1.0,1.0,1.0,1.0,2.0,0
132185.0,39.0,3.55,26.7,87.7,109.0,76.0,185.0,55.0,5.3,0.67,138.0,9.3,13.5,349.0,12.7,0.77,90.0,5.4,120.0,6.93,8.5,9.0,600.0,2.0,7.0,5.0,1.0,3.0,2.0,2.0,2.0,,2.0,2.0,0
132186.0,80.0,,37.5,110.6,138.0,96.0,179.0,86.0,5.3,3.36,140.0,6.7,13.2,221.0,14.6,0.79,69.0,7.3,99.0,9.3,9.0,9.0,300.0,2.0,3.0,4.0,1.0,3.0,2.0,1.0,2.0,1.0,2.0,3.0,1
132188.0,29.0,0.02,27.8,100.1,113.0,66.0,231.0,36.0,5.6,3.73,138.0,8.7,13.6,381.0,13.2,0.73,331.0,4.8,106.0,8.18,7.0,9.0,120.0,2.0,2.0,1.0,2.0,,2.0,2.0,2.0,,2.0,1.0,0
132189.0,63.0,1.69,29.9,121.2,141.0,90.0,184.0,36.0,6.2,0.77,138.0,8.3,16.7,358.0,14.0,0.75,215.0,7.2,108.0,78.66,6.0,6.0,420.0,1.0,3.0,2.0,1.0,3.0,2.0,2.0,2.0,,2.0,4.0,0
132194.0,36.0,0.69,25.2,94.7,113.0,69.0,150.0,47.0,5.4,1.18,141.0,8.2,15.0,193.0,13.7,0.88,101.0,5.3,118.0,7.82,10.0,12.0,480.0,1.0,4.0,3.0,1.0,1.0,2.0,1.0,2.0,2.0,2.0,3.0,0
132197.0,70.0,2.82,30.6,107.4,121.0,57.0,188.0,63.0,5.7,1.18,140.0,5.3,11.2,238.0,13.3,1.39,151.0,4.9,98.0,18.31,11.0,10.0,300.0,2.0,1.0,4.0,2.0,,1.0,1.0,1.0,1.0,1.0,4.0,1
132198.0,62.0,4.67,37.5,106.9,121.0,80.0,195.0,56.0,5.7,5.04,141.0,6.2,13.9,271.0,13.5,0.75,74.0,6.0,108.0,6.15,7.0,7.0,540.0,2.0,3.0,3.0,1.0,3.0,2.0,1.0,2.0,1.0,2.0,4.0,0
132201.0,74.0,5.0,33.5,102.6,135.0,80.0,187.0,61.0,6.2,6.08,141.0,7.5,14.5,182.0,13.5,0.75,111.0,5.1,121.0,17.07,8.0,8.0,120.0,2.0,3.0,5.0,1.0,3.0,2.0,1.0,1.0,1.0,2.0,1.0,0
132202.0,31.0,5.0,24.4,82.1,105.0,72.0,211.0,67.0,5.0,6.14,138.0,6.7,13.4,356.0,13.8,0.57,74.0,4.4,90.0,5.93,7.5,7.0,240.0,2.0,6.0,5.0,2.0,,2.0,2.0,2.0,,2.0,2.0,0
132203.0,70.0,1.75,35.6,120.7,168.0,75.0,180.0,35.0,6.4,3.85,145.0,9.4,15.0,199.0,14.2,1.23,96.0,7.1,98.0,16.43,6.5,8.5,720.0,1.0,1.0,5.0,2.0,,2.0,2.0,2.0,,2.0,3.0,0
132207.0,21.0,1.08,21.4,72.5,111.0,51.0,138.0,45.0,5.2,0.11,139.0,5.9,15.6,241.0,13.2,1.05,54.0,5.1,98.0,7.38,7.5,8.0,120.0,1.0,1.0,3.0,2.0,,2.0,2.0,2.0,,2.0,3.0,0
132211.0,68.0,0.79,37.9,106.8,139.0,91.0,177.0,59.0,5.5,1.95,138.0,8.6,12.8,249.0,14.2,0.68,143.0,3.4,89.0,1.11,7.5,7.5,600.0,2.0,3.0,2.0,1.0,3.0,2.0,1.0,1.0,1.0,1.0,4.0,0
132214.0,76.0,2.61,24.8,91.5,152.0,97.0,121.0,48.0,9.6,0.41,143.0,3.4,14.5,169.0,14.1,0.91,72.0,6.1,141.0,54.15,7.5,10.0,300.0,1.0,4.0,2.0,2.0,,1.0,2.0,1.0,,1.0,2.0,0
132215.0,39.0,2.88,44.0,120.6,107.0,77.0,186.0,81.0,5.4,14.77,138.0,8.6,13.1,316.0,13.3,0.67,56.0,5.9,90.0,3.64,7.5,10.5,480.0,2.0,4.0,4.0,2.0,,2.0,2.0,2.0,,2.0,3.0,0
132219.0,53.0,2.56,25.7,90.5,148.0,90.0,250.0,72.0,6.0,3.0,141.0,5.7,15.3,272.0,13.9,0.86,92.0,5.5,107.0,5.57,6.0,11.0,60.0,1.0,1.0,3.0,2.0,,2.0,1.0,2.0,2.0,2.0,3.0,0
132220.0,42.0,1.92,18.7,76.6,122.0,68.0,175.0,66.0,5.3,0.15,138.0,6.7,14.5,172.0,13.8,1.09,81.0,5.5,109.0,,9.0,6.0,360.0,1.0,3.0,3.0,2.0,,2.0,2.0,2.0,,2.0,4.0,0
132221.0,52.0,1.49,19.7,83.9,120.0,75.0,207.0,79.0,5.2,0.49,137.0,8.2,15.1,264.0,14.0,0.82,72.0,4.4,75.0,1.5,6.0,8.0,240.0,1.0,3.0,4.0,1.0,1.0,2.0,2.0,2.0,,2.0,1.0,0
132222.0,27.0,,24.4,88.4,117.0,72.0,178.0,52.0,5.5,2.9,144.0,5.5,13.3,231.0,12.7,0.96,96.0,7.8,98.0,32.15,7.5,7.0,180.0,1.0,7.0,4.0,2.0,,2.0,2.0,2.0,,2.0,2.0,0
132224.0,54.0,2.65,27.7,106.7,109.0,64.0,199.0,56.0,5.6,2.32,143.0,8.1,13.7,327.0,13.7,0.84,166.0,2.1,93.0,5.26,6.0,6.0,840.0,2.0,3.0,5.0,2.0,,2.0,2.0,2.0,,2.0,3.0,0
132226.0,36.0,3.46,27.7,93.5,118.0,85.0,183.0,35.0,5.3,1.22,140.0,6.1,16.1,209.0,13.1,0.84,228.0,4.9,95.0,3.95,7.0,11.0,360.0,1.0,7.0,3.0,2.0,,2.0,2.0,2.0,,2.0,4.0,0
132231.0,29.0,1.4,20.5,80.8,104.0,68.0,170.0,50.0,9.8,0.25,137.0,,,,,0.75,174.0,3.2,418.0,0.6,10.0,10.0,180.0,1.0,7.0,1.0,1.0,1.0,1.0,2.0,2.0,,2.0,4.0,0
132233.0,40.0,3.71,34.9,110.0,121.0,79.0,200.0,48.0,5.6,4.45,139.0,7.4,14.9,207.0,13.5,1.15,70.0,7.0,97.0,2.74,6.5,8.5,300.0,1.0,3.0,4.0,2.0,,2.0,2.0,2.0,,2.0,2.0,0
132235.0,80.0,1.62,25.5,103.6,129.0,78.0,211.0,38.0,6.3,0.9,141.0,6.0,14.4,208.0,13.3,1.38,230.0,6.8,110.0,4.04,8.0,8.0,120.0,1.0,3.0,5.0,1.0,3.0,3.0,1.0,1.0,1.0,2.0,2.0,0
132236.0,31.0,1.05,22.2,81.5,89.0,56.0,112.0,45.0,5.2,0.17,140.0,5.3,11.6,256.0,14.1,0.7,72.0,3.1,82.0,6.9,9.0,9.0,840.0,2.0,3.0,4.0,2.0,,2.0,2.0,2.0,,2.0,2.0,0
132237.0,76.0,3.9,28.6,101.0,116.0,61.0,175.0,41.0,5.6,1.24,138.0,7.6,15.5,191.0,13.4,1.03,163.0,6.3,103.0,6.66,8.0,8.0,360.0,1.0,3.0,5.0,2.0,,2.0,1.0,2.0,1.0,2.0,2.0,0
132239.0,35.0,0.82,25.8,99.3,115.0,74.0,238.0,46.0,5.5,5.58,140.0,6.5,12.8,289.0,13.6,0.83,342.0,4.5,100.0,3.47,9.0,11.0,240.0,1.0,4.0,3.0,1.0,1.0,2.0,2.0,2.0,,2.0,1.0,0
132243.0,61.0,5.0,28.5,93.5,134.0,76.0,150.0,67.0,5.6,0.74,139.0,8.3,14.8,257.0,13.8,0.65,140.0,3.8,89.0,11.3,8.0,8.5,240.0,2.0,3.0,5.0,2.0,,1.0,2.0,1.0,,1.0,2.0,0
132245.0,61.0,2.33,24.2,88.5,128.0,67.0,198.0,60.0,5.4,0.46,137.0,3.4,11.7,269.0,13.8,0.66,246.0,4.6,104.0,7.63,4.0,6.5,240.0,2.0,4.0,4.0,2.0,,2.0,2.0,2.0,,2.0,2.0,0
132248.0,45.0,1.23,26.8,98.1,137.0,96.0,194.0,53.0,5.5,2.76,136.0,10.4,16.4,281.0,13.5,0.87,113.0,6.6,94.0,0.91,9.0,9.0,360.0,1.0,4.0,4.0,1.0,1.0,2.0,1.0,2.0,1.0,2.0,3.0,0
132251.0,44.0,5.0,28.9,103.1,132.0,84.0,248.0,47.0,5.0,1.0,141.0,5.1,15.2,189.0,12.9,1.01,109.0,6.9,89.0,4.23,6.5,6.5,600.0,1.0,3.0,5.0,1.0,3.0,2.0,1.0,2.0,2.0,2.0,2.0,0
132256.0,31.0,1.33,44.8,121.5,121.0,85.0,167.0,55.0,5.6,9.75,134.0,8.6,11.8,219.0,13.2,,71.0,,99.0,5.35,7.0,9.0,240.0,2.0,4.0,4.0,1.0,3.0,2.0,2.0,2.0,,2.0,3.0,0
132258.0,62.0,1.03,42.3,,138.0,89.0,212.0,55.0,5.4,7.0,133.0,6.1,15.0,163.0,14.8,0.88,84.0,5.8,104.0,33.9,8.0,8.0,720.0,1.0,3.0,3.0,2.0,,1.0,1.0,2.0,1.0,2.0,3.0,0
132259.0,72.0,5.0,27.1,98.0,153.0,80.0,133.0,59.0,6.0,0.64,141.0,5.9,14.8,157.0,13.2,0.84,52.0,4.5,104.0,7.12,6.0,6.0,600.0,1.0,3.0,4.0,1.0,3.0,3.0,2.0,1.0,,1.0,2.0,0
132260.0,29.0,4.94,20.0,73.6,109.0,64.0,140.0,71.0,4.9,0.27,141.0,6.8,13.2,218.0,12.8,0.66,58.0,4.4,88.0,11.42,7.5,7.5,720.0,2.0,3.0,5.0,2.0,,2.0,2.0,2.0,,2.0,1.0,0
132262.0,60.0,3.32,29.6,98.3,103.0,67.0,204.0,51.0,5.3,1.75,141.0,4.7,14.8,209.0,12.8,1.0,143.0,4.8,92.0,19.03,8.5,9.0,360.0,2.0,3.0,3.0,2.0,,2.0,2.0,2.0,,2.0,3.0,0
132267.0,80.0,2.87,25.5,89.5,155.0,55.0,201.0,63.0,5.7,4.58,141.0,5.3,13.9,245.0,13.8,0.98,75.0,6.2,90.0,4.64,9.0,7.0,480.0,2.0,4.0,5.0,2.0,,2.0,1.0,1.0,1.0,1.0,3.0,0
132269.0,29.0,5.0,26.6,100.0,116.0,67.0,209.0,36.0,5.1,1.38,140.0,6.7,14.7,301.0,13.5,0.87,176.0,6.1,90.0,3.56,7.0,10.0,600.0,1.0,3.0,5.0,2.0,,2.0,1.0,1.0,9.0,2.0,3.0,0
132271.0,61.0,1.82,30.8,110.1,106.0,80.0,185.0,54.0,5.9,6.01,139.0,9.1,13.7,241.0,15.3,,211.0,,107.0,19.87,7.0,8.0,540.0,2.0,3.0,3.0,1.0,3.0,1.0,2.0,2.0,,2.0,4.0,0
132272.0,67.0,,27.6,96.0,125.0,75.0,163.0,44.0,5.6,0.52,141.0,6.6,14.7,298.0,13.1,1.45,136.0,8.0,99.0,4.73,8.0,8.0,600.0,1.0,3.0,5.0,2.0,,2.0,1.0,2.0,1.0,1.0,2.0,0
132273.0,21.0,0.65,28.7,102.6,115.0,65.0,204.0,65.0,5.0,4.63,135.0,8.7,11.7,194.0,12.3,0.61,198.0,3.0,80.0,14.66,14.0,10.5,300.0,2.0,4.0,4.0,2.0,,2.0,2.0,2.0,,2.0,3.0,0
132277.0,68.0,5.0,23.3,89.6,140.0,92.0,188.0,84.0,5.5,1.81,139.0,5.5,14.4,228.0,15.0,0.71,71.0,3.8,99.0,14.31,8.0,8.0,720.0,2.0,3.0,5.0,2.0,,2.0,2.0,2.0,,2.0,1.0,0
132280.0,58.0,5.0,23.8,78.3,120.0,69.0,194.0,73.0,4.9,1.89,139.0,5.3,13.3,165.0,12.6,0.89,65.0,4.2,85.0,6.85,7.0,8.0,660.0,2.0,3.0,5.0,2.0,,2.0,2.0,2.0,,2.0,2.0,0
132282.0,28.0,,26.4,87.3,111.0,66.0,165.0,71.0,5.1,0.73,138.0,5.9,12.7,267.0,13.3,0.5,55.0,3.7,80.0,1.0,7.5,8.0,120.0,2.0,6.0,5.0,2.0,,2.0,2.0,2.0,,2.0,3.0,0
132283.0,71.0,3.38,26.0,108.5,113.0,57.0,137.0,46.0,5.2,0.53,142.0,4.7,11.0,250.0,14.0,0.89,99.0,5.0,130.0,6.21,6.0,6.0,240.0,1.0,3.0,5.0,2.0,,2.0,2.0,1.0,,1.0,2.0,0
132284.0,76.0,1.69,28.7,105.9,145.0,73.0,163.0,41.0,6.0,0.72,140.0,5.5,12.8,232.0,13.6,1.06,578.0,5.2,96.0,14.88,9.5,9.5,9999.0,2.0,4.0,4.0,2.0,,2.0,1.0,1.0,1.0,1.0,2.0,0
132286.0,26.0,4.42,32.4,110.1,121.0,79.0,189.0,48.0,5.0,2.01,141.0,4.9,15.3,201.0,12.9,0.81,90.0,7.6,93.0,5.44,10.0,9.0,360.0,1.0,6.0,5.0,2.0,,2.0,2.0,2.0,,2.0,2.0,0
132287.0,61.0,,32.4,115.5,150.0,83.0,175.0,32.0,7.5,5.22,138.0,6.8,14.5,249.0,14.2,0.89,253.0,7.3,118.0,106.75,8.0,8.0,540.0,1.0,3.0,3.0,1.0,3.0,1.0,1.0,9.0,1.0,1.0,3.0,0
132288.0,78.0,2.06,23.0,89.2,146.0,66.0,134.0,72.0,6.4,2.58,140.0,5.1,11.3,285.0,18.2,1.53,28.0,6.7,122.0,270.32,5.0,13.0,180.0,1.0,4.0,5.0,1.0,2.0,1.0,1.0,1.0,1.0,1.0,3.0,1
132289.0,62.0,0.82,28.3,90.6,98.0,57.0,127.0,57.0,6.2,0.23,138.0,5.1,12.2,224.0,14.6,0.79,79.0,5.6,106.0,8.61,8.0,5.0,420.0,2.0,2.0,1.0,1.0,3.0,1.0,1.0,1.0,1.0,1.0,4.0,1
132291.0,75.0,2.03,32.4,114.0,133.0,82.0,165.0,66.0,5.4,6.54,143.0,9.5,14.2,240.0,13.4,1.19,80.0,5.9,81.0,53.41,4.0,4.0,480.0,1.0,3.0,4.0,2.0,,2.0,2.0,1.0,,2.0,3.0,0
132296.0,68.0,0.88,38.8,130.9,111.0,71.0,197.0,46.0,5.3,11.58,137.0,7.6,12.7,198.0,16.6,0.59,117.0,10.2,95.0,9.81,7.0,7.0,9999.0,2.0,3.0,4.0,1.0,3.0,2.0,1.0,2.0,1.0,2.0,4.0,0
132297.0,51.0,0.79,25.3,93.9,96.0,61.0,122.0,48.0,5.2,1.84,142.0,8.7,14.2,143.0,12.9,0.87,64.0,3.9,91.0,0.48,12.0,12.0,240.0,2.0,3.0,1.0,1.0,3.0,2.0,1.0,1.0,1.0,1.0,5.0,1
132302.0,74.0,,27.5,99.6,108.0,65.0,196.0,55.0,5.6,0.53,143.0,6.0,14.1,209.0,12.7,0.85,86.0,5.7,94.0,13.83,8.0,8.0,240.0,2.0,3.0,5.0,2.0,,2.0,2.0,2.0,,2.0,1.0,0
132303.0,76.0,2.03,27.2,95.5,147.0,73.0,148.0,25.0,5.4,1.31,140.0,7.7,13.2,148.0,13.3,0.72,656.0,4.6,106.0,56.61,6.5,6.5,60.0,1.0,3.0,5.0,2.0,,2.0,1.0,1.0,1.0,1.0,1.0,1
132309.0,21.0,3.13,25.5,75.2,134.0,77.0,173.0,61.0,4.9,0.46,139.0,10.1,13.2,210.0,12.5,0.75,149.0,4.6,91.0,0.72,10.0,11.0,300.0,2.0,3.0,4.0,2.0,,2.0,2.0,2.0,,2.0,1.0,0
132310.0,47.0,0.52,27.4,92.2,146.0,95.0,235.0,45.0,6.1,3.07,138.0,12.7,15.1,166.0,13.5,0.73,100.0,4.8,95.0,10.33,9.0,8.0,480.0,2.0,2.0,3.0,1.0,1.0,2.0,1.0,2.0,1.0,2.0,3.0,1
132311.0,51.0,0.79,22.7,,112.0,74.0,253.0,51.0,5.9,2.45,143.0,10.2,15.3,248.0,14.1,0.79,136.0,5.3,106.0,20.04,7.0,6.0,60.0,1.0,3.0,3.0,1.0,1.0,2.0,2.0,2.0,,2.0,5.0,1
132312.0,27.0,5.0,20.7,74.5,94.0,51.0,170.0,76.0,5.0,0.18,138.0,3.2,12.7,175.0,13.6,0.77,45.0,4.0,84.0,5.03,8.0,9.5,300.0,2.0,7.0,5.0,2.0,,2.0,2.0,2.0,,2.0,1.0,0
132315.0,66.0,1.38,24.4,85.2,134.0,67.0,158.0,41.0,6.9,0.63,141.0,6.8,15.0,253.0,12.8,0.94,323.0,6.0,114.0,36.13,8.0,8.0,300.0,1.0,6.0,4.0,1.0,3.0,3.0,1.0,1.0,1.0,1.0,1.0,0
132316.0,21.0,0.21,24.9,89.5,119.0,81.0,246.0,58.0,5.4,5.41,139.0,6.3,13.1,220.0,13.4,0.69,94.0,3.5,82.0,3.98,10.0,10.0,480.0,2.0,3.0,2.0,2.0,,2.0,2.0,2.0,,2.0,2.0,0
132317.0,75.0,,39.1,112.8,131.0,59.0,127.0,35.0,5.2,0.98,129.0,7.4,16.3,182.0,14.0,1.16,227.0,8.0,85.0,8.16,10.0,10.0,300.0,1.0,2.0,4.0,2.0,,2.0,1.0,1.0,1.0,1.0,3.0,1
132318.0,55.0,5.0,34.1,111.6,134.0,96.0,199.0,72.0,5.7,13.47,138.0,7.5,14.9,210.0,12.7,0.64,98.0,6.3,110.0,33.7,7.0,9.5,660.0,2.0,3.0,5.0,2.0,,2.0,2.0,1.0,,2.0,3.0,0
132325.0,40.0,3.42,34.2,110.3,116.0,80.0,177.0,47.0,5.2,1.81,141.0,7.2,16.0,285.0,13.3,1.11,197.0,10.6,102.0,3.64,7.5,6.5,600.0,1.0,3.0,5.0,2.0,,2.0,2.0,1.0,,2.0,3.0,0
132331.0,37.0,,29.9,110.2,121.0,77.0,199.0,69.0,5.4,0.53,138.0,5.1,14.5,327.0,13.7,0.93,48.0,4.7,92.0,0.7,8.0,8.0,120.0,1.0,3.0,3.0,2.0,,2.0,1.0,2.0,1.0,2.0,2.0,0
132336.0,38.0,3.0,42.8,123.9,108.0,72.0,133.0,41.0,6.0,19.64,135.0,10.4,12.9,321.0,14.0,0.67,111.0,3.3,139.0,4.42,8.0,8.0,180.0,2.0,2.0,3.0,2.0,,2.0,2.0,2.0,,2.0,4.0,0
132337.0,49.0,4.14,36.1,106.7,110.0,70.0,226.0,61.0,5.6,5.31,140.0,6.7,13.9,335.0,13.0,0.69,87.0,3.6,91.0,0.66,6.5,7.5,480.0,2.0,3.0,5.0,2.0,,2.0,2.0,2.0,,2.0,2.0,0
132339.0,55.0,5.0,40.1,118.8,123.0,86.0,210.0,54.0,5.8,3.42,139.0,7.8,14.3,324.0,14.0,0.67,123.0,4.1,102.0,16.52,10.0,9.0,300.0,2.0,3.0,5.0,2.0,,2.0,1.0,1.0,1.0,2.0,4.0,0
132340.0,60.0,0.71,29.0,98.3,85.0,57.0,184.0,72.0,5.1,0.6,138.0,5.5,13.4,298.0,13.1,1.3,47.0,5.0,116.0,3.19,8.0,11.0,60.0,1.0,4.0,3.0,1.0,3.0,2.0,2.0,2.0,,2.0,2.0,0
132341.0,28.0,4.1,30.2,96.2,105.0,80.0,167.0,43.0,5.2,2.62,139.0,10.7,13.9,336.0,13.0,0.78,107.0,4.2,97.0,5.04,8.0,9.0,240.0,2.0,3.0,4.0,2.0,,2.0,2.0,2.0,,2.0,2.0,0
132342.0,61.0,1.3,29.7,94.8,113.0,73.0,189.0,45.0,6.1,3.14,137.0,7.8,13.5,212.0,14.1,0.8,121.0,5.9,93.0,7.33,7.5,10.0,300.0,2.0,3.0,4.0,1.0,2.0,3.0,2.0,2.0,,2.0,2.0,0
132344.0,75.0,3.54,40.3,135.0,135.0,75.0,161.0,43.0,5.6,1.23,138.0,6.6,12.5,212.0,13.0,1.62,241.0,8.2,99.0,13.19,8.0,8.0,300.0,1.0,2.0,4.0,1.0,3.0,3.0,1.0,1.0,1.0,1.0,3.0,1
132351.0,27.0,5.0,25.1,75.6,104.0,72.0,220.0,76.0,4.7,0.53,137.0,7.0,13.3,275.0,12.1,0.94,68.0,3.1,83.0,0.7,8.0,9.0,480.0,2.0,2.0,5.0,2.0,,2.0,2.0,2.0,,2.0,4.0,0
132352.0,42.0,,30.8,96.0,106.0,64.0,195.0,82.0,5.3,0.84,138.0,4.7,12.5,214.0,14.4,0.65,63.0,3.3,90.0,311.48,9.0,6.0,480.0,2.0,2.0,3.0,1.0,3.0,2.0,2.0,2.0,,2.0,3.0,1
132353.0,53.0,5.0,29.5,107.0,139.0,91.0,248.0,41.0,5.4,1.22,,6.6,18.2,271.0,13.8,,,,,6.14,7.5,7.5,480.0,1.0,3.0,4.0,2.0,,2.0,2.0,1.0,,2.0,3.0,0
132354.0,58.0,5.0,30.3,104.3,129.0,83.0,221.0,66.0,5.4,1.9,141.0,5.4,14.9,187.0,12.3,0.7,245.0,5.7,97.0,10.85,8.0,8.5,480.0,2.0,3.0,5.0,1.0,3.0,1.0,1.0,2.0,1.0,2.0,3.0,0
132356.0,49.0,0.06,23.5,73.8,125.0,85.0,242.0,66.0,5.6,0.6,139.0,8.3,15.6,329.0,13.7,0.74,88.0,4.0,89.0,7.74,10.0,10.0,120.0,1.0,1.0,1.0,2.0,,2.0,2.0,2.0,,2.0,3.0,0
132358.0,40.0,3.6,25.0,94.1,135.0,84.0,140.0,76.0,7.7,0.92,138.0,7.2,14.0,191.0,12.2,0.52,75.0,3.3,163.0,9.97,7.0,11.0,240.0,2.0,3.0,4.0,1.0,1.0,1.0,2.0,1.0,,1.0,3.0,0
132359.0,24.0,5.0,25.4,89.0,124.0,69.0,176.0,54.0,5.4,0.11,137.0,3.8,15.3,256.0,13.2,1.02,53.0,6.3,90.0,0.36,7.0,9.0,180.0,1.0,3.0,4.0,2.0,,2.0,2.0,2.0,,2.0,2.0,0
132361.0,62.0,4.32,22.4,93.9,130.0,66.0,190.0,48.0,6.6,0.11,138.0,8.7,15.7,312.0,13.5,0.86,95.0,4.7,80.0,57.62,8.5,8.5,300.0,1.0,3.0,5.0,2.0,,1.0,1.0,1.0,1.0,1.0,3.0,0
132366.0,79.0,2.58,31.0,109.7,133.0,84.0,174.0,58.0,5.9,2.05,134.0,5.6,13.4,320.0,16.5,0.6,75.0,3.4,101.0,37.75,6.0,6.0,360.0,2.0,3.0,4.0,2.0,,2.0,1.0,1.0,1.0,1.0,2.0,0
132370.0,65.0,4.44,26.3,98.0,127.0,66.0,187.0,59.0,10.3,0.65,140.0,5.0,14.0,252.0,13.1,0.97,73.0,3.6,120.0,6.27,8.5,8.5,180.0,1.0,3.0,3.0,2.0,,1.0,2.0,1.0,,1.0,3.0,1
132375.0,64.0,5.0,24.0,95.4,113.0,76.0,185.0,57.0,5.4,1.46,141.0,4.9,15.0,222.0,13.3,1.35,88.0,5.0,102.0,4.07,8.0,8.0,480.0,1.0,3.0,5.0,2.0,,2.0,2.0,1.0,,2.0,2.0,0
132378.0,74.0,3.77,33.1,115.3,161.0,89.0,168.0,44.0,6.6,2.82,138.0,7.1,13.6,228.0,14.2,1.72,192.0,7.7,60.0,165.88,8.5,8.5,360.0,1.0,3.0,5.0,1.0,3.0,1.0,2.0,1.0,,1.0,2.0,0
132380.0,75.0,3.04,26.9,92.5,129.0,58.0,138.0,42.0,6.0,6.18,137.0,6.8,12.8,353.0,13.4,0.71,130.0,5.5,104.0,7.14,9.0,9.0,240.0,2.0,7.0,4.0,1.0,3.0,1.0,1.0,1.0,1.0,1.0,1.0,0
132382.0,35.0,,23.1,82.6,127.0,76.0,131.0,41.0,3.9,2.86,142.0,3.1,9.1,107.0,19.9,1.03,62.0,7.9,89.0,3.55,5.5,6.0,300.0,1.0,4.0,3.0,2.0,,2.0,2.0,2.0,,2.0,3.0,0
132383.0,73.0,1.47,18.1,72.9,116.0,61.0,201.0,69.0,5.5,0.34,140.0,7.5,12.2,312.0,13.5,0.69,81.0,4.4,82.0,2.63,9.0,9.0,360.0,2.0,3.0,4.0,1.0,1.0,2.0,2.0,2.0,,2.0,1.0,0
132386.0,42.0,2.72,34.3,102.6,112.0,79.0,118.0,32.0,5.0,1.51,135.0,6.7,14.5,315.0,12.9,0.72,129.0,3.7,97.0,0.81,8.0,8.0,240.0,2.0,3.0,5.0,2.0,,2.0,2.0,2.0,,2.0,1.0,0
132389.0,70.0,2.33,35.8,108.7,135.0,90.0,195.0,72.0,5.5,6.3,139.0,6.5,13.6,280.0,13.2,0.79,119.0,4.8,79.0,21.55,8.5,9.0,600.0,2.0,3.0,4.0,2.0,,2.0,1.0,2.0,1.0,2.0,2.0,0
132391.0,35.0,5.0,22.5,86.8,110.0,63.0,204.0,68.0,5.2,0.8,140.0,4.8,14.6,233.0,13.6,1.07,63.0,4.8,96.0,6.81,8.0,8.0,480.0,1.0,3.0,5.0,1.0,3.0,2.0,2.0,2.0,,2.0,3.0,0
132392.0,60.0,1.3,33.9,108.4,108.0,62.0,127.0,58.0,4.6,14.25,143.0,5.9,12.6,255.0,12.9,1.07,85.0,6.8,91.0,3.39,9.0,8.0,300.0,1.0,4.0,2.0,1.0,1.0,2.0,1.0,2.0,1.0,1.0,4.0,0
132393.0,27.0,5.0,40.9,111.8,102.0,75.0,141.0,48.0,5.3,1.76,140.0,7.5,13.5,286.0,13.8,0.83,48.0,4.7,106.0,3.17,7.0,7.0,840.0,2.0,4.0,5.0,2.0,,2.0,2.0,2.0,,2.0,2.0,0
132397.0,80.0,,24.3,86.5,149.0,86.0,226.0,84.0,6.1,0.85,139.0,3.8,12.4,249.0,14.0,0.92,81.0,4.4,84.0,16.31,8.0,8.0,120.0,2.0,4.0,4.0,1.0,1.0,2.0,2.0,2.0,,2.0,1.0,0
132398.0,31.0,0.94,24.6,84.1,112.0,72.0,205.0,85.0,5.5,0.96,137.0,5.1,15.9,260.0,13.6,0.96,54.0,5.7,77.0,4.52,8.0,9.0,30.0,1.0,2.0,5.0,1.0,1.0,2.0,2.0,2.0,,2.0,3.0,0
132399.0,27.0,5.397605346934028e-79,24.1,80.9,117.0,63.0,157.0,74.0,4.8,0.72,139.0,4.4,13.1,191.0,14.3,0.86,49.0,3.6,77.0,12.05,7.0,6.0,420.0,2.0,4.0,3.0,2.0,,2.0,1.0,2.0,2.0,2.0,4.0,0
132400.0,65.0,1.32,32.9,122.9,98.0,58.0,327.0,54.0,6.5,9.17,140.0,14.5,15.8,308.0,13.8,0.67,371.0,5.5,104.0,10.98,10.5,10.5,240.0,2.0,7.0,4.0,1.0,1.0,1.0,1.0,1.0,1.0,1.0,4.0,1
132403.0,58.0,1.6,25.2,93.9,141.0,87.0,306.0,60.0,5.6,1.54,137.0,5.9,15.1,283.0,13.8,0.75,272.0,5.4,99.0,22.6,8.0,13.0,240.0,1.0,1.0,3.0,2.0,,2.0,2.0,2.0,,2.0,3.0,0
132404.0,55.0,5.0,50.7,146.7,129.0,87.0,221.0,40.0,7.6,17.63,141.0,6.1,15.5,200.0,13.6,0.93,133.0,7.1,139.0,10.15,6.5,6.0,360.0,1.0,3.0,5.0,2.0,,1.0,1.0,1.0,1.0,2.0,4.0,0
132406.0,23.0,5.0,21.8,75.4,126.0,54.0,197.0,68.0,5.4,0.99,138.0,5.5,14.7,242.0,12.8,0.9,38.0,6.8,82.0,8.95,6.0,7.0,300.0,1.0,7.0,5.0,2.0,,2.0,2.0,2.0,,2.0,3.0,0
132407.0,32.0,5.0,28.5,94.0,104.0,72.0,170.0,49.0,4.8,1.18,139.0,6.2,12.2,369.0,12.7,0.56,170.0,4.5,96.0,11.25,8.5,7.5,600.0,2.0,2.0,5.0,2.0,,2.0,2.0,2.0,,2.0,4.0,0
132408.0,37.0,,31.0,100.5,126.0,74.0,181.0,70.0,4.7,0.46,141.0,5.6,15.7,269.0,13.2,0.84,33.0,8.0,91.0,6.02,7.5,7.5,720.0,1.0,3.0,5.0,2.0,,2.0,2.0,2.0,,2.0,2.0,0
132410.0,51.0,2.88,33.8,106.9,119.0,83.0,170.0,43.0,6.5,4.22,138.0,9.4,15.5,289.0,13.8,1.11,177.0,6.6,113.0,11.39,7.0,7.0,240.0,1.0,3.0,4.0,2.0,,1.0,1.0,1.0,1.0,1.0,2.0,0
132412.0,38.0,5.0,16.9,66.6,112.0,81.0,274.0,113.0,5.3,1.68,139.0,7.6,14.5,302.0,13.8,0.62,63.0,4.7,83.0,12.7,7.5,7.5,240.0,2.0,6.0,5.0,1.0,3.0,2.0,2.0,2.0,,2.0,1.0,0
132416.0,31.0,2.47,30.7,94.1,122.0,72.0,165.0,46.0,5.2,3.69,137.0,6.0,13.6,231.0,12.6,0.97,68.0,3.3,87.0,5.91,7.0,7.0,600.0,1.0,2.0,5.0,2.0,,2.0,2.0,1.0,,2.0,3.0,0
132417.0,64.0,5.0,38.0,119.3,100.0,62.0,208.0,54.0,5.9,1.77,140.0,6.0,12.6,207.0,12.7,0.93,114.0,4.4,95.0,13.04,7.0,7.0,240.0,2.0,3.0,5.0,1.0,3.0,2.0,2.0,1.0,,2.0,3.0,0
132421.0,34.0,0.79,26.6,91.3,123.0,81.0,161.0,47.0,5.7,9.34,140.0,7.5,13.5,288.0,14.5,1.07,207.0,7.1,96.0,6.36,5.0,7.0,120.0,1.0,2.0,3.0,2.0,,2.0,2.0,2.0,,2.0,2.0,0
132422.0,54.0,1.6,25.5,79.0,100.0,71.0,204.0,60.0,5.1,0.51,143.0,5.1,15.0,305.0,12.4,0.93,64.0,3.8,84.0,3.13,8.0,8.0,180.0,2.0,7.0,4.0,2.0,,2.0,2.0,2.0,,2.0,3.0,0
132425.0,55.0,,34.2,112.8,126.0,88.0,165.0,59.0,5.9,2.17,138.0,6.1,14.2,221.0,15.3,1.02,118.0,5.6,93.0,4.26,6.5,7.0,180.0,2.0,3.0,5.0,1.0,3.0,2.0,2.0,2.0,,2.0,1.0,0
132429.0,32.0,3.82,25.3,84.5,108.0,61.0,180.0,49.0,5.7,1.0,140.0,5.7,13.7,239.0,13.9,1.03,62.0,5.1,88.0,3.1,7.5,9.5,720.0,1.0,4.0,4.0,1.0,1.0,2.0,2.0,2.0,,2.0,2.0,0
132432.0,26.0,4.55,25.0,77.2,110.0,63.0,176.0,62.0,4.9,0.37,139.0,8.5,12.2,195.0,13.3,0.84,59.0,4.0,103.0,9.24,8.0,5.0,240.0,2.0,4.0,4.0,2.0,,2.0,2.0,2.0,,2.0,3.0,0
132434.0,80.0,3.28,24.4,90.5,125.0,52.0,151.0,58.0,6.0,0.44,139.0,6.2,13.0,201.0,13.3,0.89,145.0,3.8,132.0,7.69,8.5,8.5,720.0,2.0,3.0,5.0,2.0,,3.0,1.0,1.0,1.0,1.0,3.0,0
132435.0,39.0,,34.2,105.7,120.0,79.0,147.0,37.0,5.4,0.58,139.0,7.6,15.0,266.0,12.7,1.04,232.0,6.7,91.0,4.93,6.5,9.0,480.0,1.0,7.0,2.0,1.0,1.0,2.0,2.0,2.0,,2.0,3.0,0
132438.0,56.0,1.09,38.8,130.7,148.0,78.0,256.0,49.0,10.7,5.3,133.0,5.6,11.4,309.0,15.0,1.62,299.0,10.6,315.0,1297.75,6.0,6.0,600.0,1.0,4.0,2.0,1.0,3.0,1.0,1.0,1.0,1.0,1.0,4.0,1
132439.0,61.0,0.02,22.4,88.8,181.0,115.0,221.0,67.0,5.9,1.41,136.0,6.4,14.1,168.0,13.7,1.09,48.0,6.5,89.0,390.98,9.0,7.0,360.0,1.0,4.0,3.0,1.0,2.0,1.0,1.0,2.0,2.0,2.0,4.0,1
132442.0,29.0,,24.1,87.2,106.0,58.0,135.0,56.0,5.2,2.76,139.0,7.0,14.9,243.0,14.4,0.79,55.0,6.2,95.0,0.49,10.0,10.0,480.0,1.0,2.0,4.0,1.0,3.0,2.0,2.0,2.0,,2.0,2.0,0
132444.0,79.0,,33.5,102.9,135.0,75.0,153.0,56.0,5.7,0.57,143.0,5.9,12.2,306.0,14.1,0.7,155.0,4.3,93.0,5.88,9.0,9.0,180.0,2.0,3.0,4.0,2.0,,2.0,1.0,1.0,1.0,1.0,4.0,1
132445.0,62.0,0.74,45.7,118.1,106.0,64.0,235.0,73.0,5.3,9.23,141.0,5.7,13.3,312.0,13.7,0.98,149.0,5.7,95.0,3.43,5.0,5.0,900.0,2.0,4.0,4.0,1.0,3.0,3.0,1.0,1.0,1.0,2.0,3.0,1
132446.0,80.0,2.57,27.5,99.0,134.0,81.0,191.0,68.0,5.9,4.21,141.0,5.8,13.4,226.0,14.2,0.81,144.0,6.1,121.0,13.11,9.0,9.0,300.0,2.0,3.0,4.0,2.0,,2.0,2.0,1.0,,1.0,2.0,0
132448.0,63.0,1.6,38.9,127.5,116.0,78.0,168.0,37.0,8.3,5.13,142.0,8.3,12.7,253.0,15.3,0.59,127.0,4.9,100.0,70.65,8.0,8.0,180.0,2.0,1.0,1.0,2.0,,1.0,1.0,1.0,1.0,1.0,4.0,0
132450.0,29.0,0.77,28.1,104.5,115.0,75.0,141.0,46.0,5.4,1.72,136.0,7.1,15.5,240.0,12.8,1.12,73.0,6.0,94.0,3.78,7.0,7.5,420.0,1.0,2.0,5.0,2.0,,2.0,2.0,2.0,,2.0,2.0,0
132451.0,59.0,,22.7,90.9,130.0,72.0,217.0,66.0,5.5,2.16,141.0,5.1,15.1,175.0,13.0,1.08,69.0,4.2,96.0,9.32,6.5,,120.0,1.0,3.0,3.0,2.0,,2.0,2.0,2.0,,2.0,3.0,0
132453.0,61.0,0.75,32.5,120.8,105.0,67.0,186.0,31.0,5.9,19.27,139.0,7.5,12.4,223.0,15.3,1.27,272.0,8.4,116.0,3.78,11.0,11.0,540.0,1.0,3.0,2.0,1.0,1.0,2.0,2.0,1.0,,2.0,4.0,0
132456.0,28.0,3.77,23.2,83.8,121.0,65.0,230.0,72.0,5.7,0.48,141.0,10.1,14.4,206.0,13.2,1.1,126.0,4.8,94.0,3.34,7.0,7.5,600.0,1.0,2.0,5.0,2.0,,2.0,2.0,2.0,,2.0,3.0,0
132459.0,80.0,3.55,28.4,106.1,155.0,70.0,153.0,38.0,6.7,6.39,141.0,4.8,13.1,148.0,12.1,1.35,187.0,8.2,134.0,20.04,7.0,7.0,300.0,1.0,3.0,5.0,2.0,,1.0,1.0,1.0,1.0,1.0,3.0,0
132463.0,72.0,2.46,35.7,127.4,125.0,77.0,163.0,38.0,6.1,4.17,141.0,7.0,13.5,173.0,15.3,1.48,133.0,6.3,98.0,4.71,9.0,9.0,180.0,1.0,4.0,4.0,2.0,,2.0,1.0,2.0,1.0,2.0,3.0,0
132467.0,67.0,5.0,31.2,119.4,145.0,86.0,187.0,56.0,6.5,3.39,139.0,10.3,15.6,196.0,13.0,1.08,121.0,6.3,95.0,9.96,7.0,7.0,300.0,1.0,3.0,5.0,2.0,,2.0,1.0,2.0,1.0,2.0,2.0,0
132468.0,73.0,2.73,29.5,,139.0,76.0,198.0,58.0,5.8,0.98,138.0,8.9,12.7,283.0,13.8,0.74,99.0,5.5,103.0,9.6,8.5,8.5,360.0,2.0,3.0,5.0,2.0,,1.0,1.0,1.0,1.0,2.0,3.0,1
132469.0,43.0,5.0,35.1,124.9,109.0,65.0,231.0,60.0,5.4,1.67,141.0,7.5,14.8,270.0,13.2,0.91,203.0,5.5,99.0,4.66,7.0,7.5,720.0,1.0,3.0,5.0,2.0,,2.0,2.0,2.0,,2.0,3.0,0
132471.0,58.0,1.32,34.5,114.8,129.0,78.0,191.0,37.0,6.2,7.13,139.0,9.4,11.8,272.0,15.1,0.99,550.0,6.6,79.0,14.82,5.5,7.0,240.0,2.0,3.0,4.0,1.0,1.0,2.0,1.0,1.0,1.0,1.0,2.0,0
132472.0,72.0,2.17,33.6,112.1,143.0,84.0,223.0,55.0,6.5,4.15,143.0,6.6,14.9,262.0,15.0,0.9,206.0,4.4,101.0,34.58,9.5,11.0,900.0,2.0,3.0,4.0,1.0,1.0,2.0,2.0,1.0,,1.0,3.0,0
132474.0,63.0,5.0,37.6,126.4,109.0,75.0,212.0,57.0,5.8,6.62,137.0,6.9,14.2,266.0,13.7,0.73,139.0,5.7,98.0,7.49,8.0,8.0,300.0,2.0,3.0,5.0,2.0,,2.0,2.0,1.0,,2.0,2.0,0
132477.0,58.0,0.53,30.2,115.9,145.0,98.0,230.0,123.0,5.3,2.47,143.0,3.9,15.1,185.0,13.9,0.9,90.0,5.9,86.0,5.63,7.5,6.0,240.0,1.0,7.0,3.0,1.0,1.0,2.0,1.0,1.0,1.0,1.0,4.0,0
132481.0,60.0,1.92,24.1,94.5,103.0,56.0,115.0,46.0,5.5,0.73,141.0,4.8,14.3,184.0,13.6,1.19,63.0,9.0,108.0,4.32,8.0,6.0,300.0,1.0,3.0,4.0,1.0,3.0,2.0,1.0,1.0,1.0,1.0,4.0,1
132486.0,51.0,3.6,42.4,118.2,115.0,78.0,142.0,44.0,5.6,2.86,138.0,5.6,12.5,287.0,13.8,0.72,62.0,7.0,92.0,4.47,8.5,9.0,600.0,2.0,4.0,4.0,2.0,,2.0,1.0,2.0,1.0,2.0,3.0,0
132491.0,33.0,0.74,30.5,112.5,136.0,90.0,235.0,41.0,5.8,3.95,141.0,,,,,1.08,130.0,6.0,86.0,6.07,10.0,9.0,120.0,1.0,4.0,2.0,1.0,1.0,2.0,2.0,2.0,,2.0,1.0,0
132492.0,52.0,5.0,31.8,104.2,114.0,78.0,169.0,44.0,5.5,1.13,142.0,5.4,15.2,255.0,13.5,0.98,106.0,5.3,113.0,3.47,6.0,10.0,420.0,1.0,2.0,5.0,2.0,,2.0,2.0,1.0,,1.0,2.0,0
132493.0,61.0,5.0,21.5,84.3,111.0,62.0,137.0,36.0,7.2,0.19,139.0,7.3,12.6,258.0,16.4,1.13,154.0,5.3,141.0,7.25,8.0,8.0,480.0,1.0,2.0,5.0,2.0,,1.0,2.0,1.0,,1.0,3.0,1
132499.0,70.0,2.84,28.7,99.5,141.0,71.0,135.0,42.0,4.8,2.83,141.0,10.3,14.2,282.0,14.0,1.64,100.0,8.7,104.0,213.88,6.5,6.5,300.0,1.0,4.0,2.0,1.0,1.0,2.0,1.0,1.0,1.0,1.0,4.0,0
132500.0,54.0,3.42,25.1,,125.0,84.0,239.0,41.0,5.4,2.88,140.0,10.6,13.5,357.0,13.6,0.66,243.0,5.6,81.0,0.6,6.0,6.0,240.0,2.0,3.0,4.0,2.0,,2.0,2.0,2.0,,2.0,1.0,0
132502.0,69.0,4.55,26.1,100.2,129.0,71.0,155.0,30.0,9.5,1.15,139.0,9.8,14.0,216.0,11.9,0.89,405.0,4.4,305.0,15.44,6.0,7.0,300.0,1.0,2.0,4.0,1.0,3.0,1.0,1.0,2.0,1.0,1.0,3.0,0
132505.0,31.0,0.51,30.9,101.6,94.0,66.0,240.0,41.0,5.0,1.95,139.0,8.9,14.7,320.0,13.1,0.58,161.0,3.1,95.0,4.47,7.0,6.0,240.0,2.0,3.0,3.0,1.0,1.0,2.0,2.0,2.0,,2.0,3.0,0
132507.0,80.0,5.0,24.1,85.0,96.0,58.0,211.0,48.0,6.0,19.64,136.0,5.9,12.3,341.0,18.2,0.89,120.0,3.2,107.0,,8.5,9.5,240.0,2.0,4.0,5.0,2.0,,2.0,2.0,1.0,,2.0,2.0,0
132508.0,46.0,2.88,22.0,73.1,107.0,65.0,191.0,84.0,5.4,0.27,139.0,5.1,14.6,181.0,13.1,0.88,73.0,5.3,92.0,5.53,7.0,8.0,240.0,2.0,6.0,4.0,2.0,,2.0,2.0,1.0,,2.0,4.0,0
132510.0,56.0,4.36,28.3,99.1,177.0,86.0,161.0,41.0,5.2,5.34,141.0,6.5,13.0,270.0,16.5,0.88,166.0,8.9,92.0,24.4,7.5,7.5,540.0,1.0,3.0,4.0,2.0,,2.0,1.0,2.0,2.0,2.0,3.0,0
132516.0,68.0,,30.1,107.7,113.0,70.0,180.0,71.0,5.3,5.36,142.0,4.1,15.0,178.0,13.8,0.88,61.0,5.6,106.0,4.66,8.5,8.5,480.0,1.0,3.0,4.0,2.0,,2.0,2.0,2.0,,2.0,2.0,0
132518.0,37.0,3.6,39.4,111.0,98.0,72.0,140.0,38.0,5.3,4.28,139.0,9.1,15.6,213.0,13.1,0.72,123.0,4.9,78.0,0.44,8.5,10.0,1080.0,2.0,3.0,3.0,1.0,1.0,2.0,2.0,2.0,,2.0,2.0,0
132521.0,55.0,0.85,24.8,97.2,137.0,88.0,161.0,53.0,5.1,2.87,139.0,4.5,14.4,247.0,13.1,1.01,135.0,7.1,93.0,17.26,9.0,10.0,180.0,1.0,4.0,4.0,1.0,1.0,2.0,1.0,2.0,2.0,2.0,4.0,1
132522.0,64.0,,41.4,109.6,113.0,90.0,215.0,71.0,5.6,2.54,141.0,5.1,13.9,180.0,13.8,0.94,114.0,4.7,114.0,5.56,9.0,9.0,360.0,2.0,3.0,4.0,2.0,,2.0,1.0,1.0,1.0,1.0,2.0,1
132523.0,44.0,4.68,27.8,87.2,134.0,91.0,250.0,56.0,5.1,1.82,141.0,6.9,13.5,261.0,13.7,0.98,83.0,5.9,91.0,4.79,6.5,9.0,600.0,2.0,3.0,5.0,1.0,3.0,2.0,1.0,1.0,2.0,2.0,3.0,0
132524.0,41.0,1.98,25.8,93.2,103.0,63.0,229.0,44.0,5.0,0.71,138.0,5.2,14.9,243.0,12.5,0.94,212.0,5.7,88.0,5.16,8.0,8.0,480.0,1.0,1.0,4.0,1.0,3.0,2.0,2.0,2.0,,2.0,2.0,0
132525.0,67.0,0.96,29.9,104.4,138.0,101.0,264.0,51.0,5.6,4.66,141.0,8.3,15.3,466.0,13.2,0.86,77.0,6.3,92.0,0.72,7.0,7.0,240.0,1.0,3.0,4.0,2.0,,2.0,2.0,2.0,,2.0,2.0,0
132526.0,23.0,,27.6,84.5,99.0,61.0,177.0,57.0,5.0,0.25,138.0,3.9,13.3,204.0,12.7,0.87,55.0,3.2,95.0,11.74,9.0,8.0,480.0,2.0,4.0,5.0,2.0,,2.0,2.0,2.0,,2.0,1.0,0
132533.0,72.0,5.0,26.2,97.5,121.0,66.0,181.0,55.0,5.6,0.55,143.0,3.1,14.9,179.0,13.5,0.91,60.0,4.4,108.0,7.42,7.5,7.5,300.0,1.0,3.0,4.0,2.0,,2.0,2.0,2.0,,2.0,2.0,0
132534.0,48.0,5.0,19.0,72.6,113.0,76.0,198.0,84.0,5.3,0.42,140.0,4.3,14.1,187.0,13.7,0.58,63.0,3.5,92.0,10.49,8.0,8.0,360.0,2.0,3.0,5.0,2.0,,2.0,2.0,2.0,,2.0,2.0,0
132538.0,30.0,1.39,32.9,99.8,120.0,76.0,172.0,48.0,5.2,0.45,140.0,5.1,15.5,203.0,13.1,0.96,126.0,4.9,101.0,11.97,9.0,8.0,300.0,1.0,2.0,4.0,2.0,,2.0,2.0,2.0,,2.0,1.0,0
132539.0,70.0,5.0,35.5,119.8,111.0,72.0,182.0,49.0,5.8,4.07,142.0,8.7,14.9,193.0,14.9,0.97,150.0,6.0,128.0,273.74,8.0,8.0,480.0,1.0,3.0,5.0,2.0,,1.0,2.0,1.0,,1.0,3.0,1
132540.0,67.0,1.92,24.7,96.0,131.0,63.0,242.0,92.0,5.1,0.52,130.0,5.6,14.7,255.0,12.2,0.7,67.0,4.8,107.0,17.76,4.0,4.0,240.0,1.0,3.0,3.0,1.0,1.0,2.0,1.0,2.0,1.0,1.0,3.0,0
132546.0,49.0,,29.0,108.8,114.0,75.0,171.0,33.0,5.7,0.7,139.0,4.9,14.1,136.0,13.1,1.29,168.0,6.1,99.0,2.79,7.0,7.0,420.0,1.0,6.0,5.0,2.0,,2.0,2.0,2.0,,2.0,3.0,0
132547.0,64.0,5.397605346934028e-79,29.4,99.7,138.0,64.0,150.0,51.0,5.8,1.39,140.0,4.5,13.3,170.0,13.2,1.17,96.0,5.6,104.0,7.33,7.5,7.5,240.0,1.0,3.0,4.0,2.0,,2.0,1.0,1.0,1.0,1.0,3.0,0
132548.0,61.0,,27.7,92.3,131.0,74.0,301.0,46.0,6.0,2.27,141.0,8.1,14.5,374.0,13.6,0.64,311.0,5.8,111.0,13.27,8.0,8.0,60.0,2.0,3.0,3.0,1.0,3.0,1.0,1.0,1.0,1.0,2.0,4.0,1
132549.0,65.0,5.0,32.7,111.4,120.0,73.0,195.0,45.0,5.8,0.81,141.0,7.6,15.3,283.0,13.1,1.08,120.0,6.8,104.0,10.08,9.0,9.0,360.0,1.0,3.0,4.0,1.0,3.0,3.0,1.0,1.0,1.0,2.0,2.0,0
132550.0,62.0,5.0,22.6,85.8,126.0,87.0,172.0,64.0,5.8,1.28,142.0,6.1,12.1,280.0,13.7,0.66,94.0,4.9,85.0,5.88,7.0,7.0,360.0,2.0,6.0,5.0,2.0,,2.0,2.0,2.0,,2.0,2.0,0
132552.0,29.0,,33.2,96.2,106.0,78.0,172.0,56.0,5.1,2.57,138.0,5.7,9.3,165.0,19.6,0.73,91.0,3.2,89.0,6.82,9.0,11.0,120.0,2.0,4.0,4.0,2.0,,2.0,2.0,2.0,,2.0,3.0,0
132553.0,35.0,4.21,23.3,77.0,115.0,66.0,159.0,57.0,5.1,1.68,137.0,6.6,14.1,202.0,12.7,0.82,52.0,3.9,88.0,19.81,8.0,7.5,300.0,2.0,3.0,5.0,2.0,,2.0,2.0,2.0,,2.0,1.0,0
132554.0,29.0,0.11,29.2,85.8,85.0,56.0,140.0,57.0,5.3,0.89,138.0,6.4,12.5,202.0,13.1,0.62,41.0,3.8,95.0,4.84,7.0,8.0,360.0,2.0,2.0,4.0,1.0,1.0,2.0,2.0,2.0,,2.0,3.0,0
132555.0,72.0,0.56,18.1,75.2,108.0,66.0,227.0,50.0,11.1,0.45,138.0,6.6,14.8,190.0,12.0,0.61,116.0,4.1,385.0,15.7,9.0,11.0,480.0,2.0,3.0,4.0,2.0,,1.0,2.0,2.0,,2.0,4.0,0
132556.0,53.0,2.34,32.8,92.2,136.0,72.0,165.0,37.0,6.2,3.91,137.0,6.5,12.4,379.0,13.6,0.68,136.0,5.2,94.0,35.79,4.0,8.0,240.0,2.0,2.0,4.0,2.0,,2.0,1.0,1.0,1.0,2.0,4.0,0
132558.0,60.0,0.79,29.4,111.6,136.0,83.0,196.0,55.0,5.6,12.76,141.0,10.7,15.3,195.0,13.9,1.08,112.0,7.2,101.0,35.42,5.5,5.5,180.0,1.0,7.0,2.0,1.0,3.0,3.0,2.0,1.0,,1.0,5.0,0
132559.0,68.0,1.29,36.1,118.0,121.0,76.0,196.0,48.0,6.0,2.98,141.0,7.0,13.5,267.0,14.0,0.93,264.0,5.6,93.0,7.75,7.0,7.5,240.0,2.0,7.0,4.0,1.0,1.0,2.0,1.0,1.0,1.0,2.0,3.0,0
132560.0,30.0,5.0,34.8,101.9,107.0,70.0,218.0,54.0,5.4,2.61,134.0,5.2,13.3,272.0,13.4,0.65,105.0,4.4,81.0,4.66,7.0,8.0,960.0,2.0,6.0,5.0,2.0,,2.0,2.0,2.0,,2.0,4.0,0
132564.0,80.0,5.0,25.6,99.0,142.0,59.0,157.0,62.0,6.0,2.49,138.0,4.5,11.1,239.0,14.9,1.97,76.0,9.9,92.0,17.2,9.0,9.0,480.0,1.0,3.0,5.0,2.0,,2.0,1.0,1.0,1.0,1.0,2.0,0
132567.0,55.0,2.18,21.4,83.9,116.0,70.0,163.0,40.0,5.4,3.31,140.0,6.3,14.3,200.0,13.1,0.89,138.0,7.6,110.0,4.64,9.0,8.0,420.0,1.0,6.0,5.0,1.0,3.0,2.0,2.0,1.0,,2.0,3.0,0
132571.0,77.0,5.0,38.1,110.8,116.0,78.0,151.0,70.0,6.6,5.8,139.0,7.6,12.7,294.0,14.1,0.82,153.0,4.2,137.0,25.19,7.5,7.5,300.0,2.0,3.0,5.0,1.0,3.0,2.0,2.0,1.0,,2.0,2.0,1
132572.0,42.0,3.02,27.3,97.6,109.0,78.0,204.0,39.0,5.4,1.14,140.0,5.0,14.9,267.0,13.3,1.12,111.0,6.0,100.0,13.7,8.0,10.0,300.0,1.0,3.0,4.0,2.0,,2.0,2.0,2.0,,2.0,2.0,0
132576.0,44.0,5.0,35.4,114.1,123.0,90.0,251.0,41.0,5.9,8.47,141.0,10.6,17.7,273.0,13.9,1.0,272.0,6.8,74.0,1.11,6.0,7.5,840.0,1.0,2.0,5.0,1.0,1.0,2.0,2.0,2.0,,2.0,3.0,0
132579.0,43.0,0.75,38.5,103.3,115.0,87.0,237.0,55.0,5.0,14.7,139.0,8.8,13.2,307.0,13.8,,195.0,,87.0,0.64,8.5,8.5,720.0,2.0,3.0,3.0,2.0,,2.0,2.0,9.0,,2.0,4.0,0
132583.0,40.0,5.0,38.6,127.8,132.0,86.0,247.0,45.0,5.0,4.25,139.0,8.9,16.8,179.0,14.0,0.89,250.0,6.7,97.0,4.36,7.5,9.5,180.0,1.0,3.0,3.0,2.0,,2.0,2.0,2.0,,2.0,2.0,0
132584.0,34.0,3.47,21.7,78.5,101.0,64.0,122.0,47.0,5.3,1.91,141.0,5.3,13.6,218.0,13.6,0.61,47.0,3.8,87.0,15.4,6.0,10.0,60.0,2.0,2.0,4.0,2.0,,2.0,2.0,2.0,,2.0,2.0,0
132585.0,74.0,1.01,26.6,96.2,148.0,66.0,114.0,41.0,5.8,0.33,138.0,7.1,15.4,243.0,13.7,0.71,178.0,4.6,105.0,14.61,8.5,7.0,180.0,2.0,3.0,4.0,1.0,1.0,3.0,1.0,1.0,1.0,1.0,3.0,1
132587.0,24.0,1.92,27.4,89.6,119.0,75.0,251.0,70.0,5.2,0.51,138.0,5.5,15.8,186.0,12.9,1.3,79.0,5.5,93.0,2.49,9.0,9.5,240.0,1.0,3.0,4.0,2.0,,2.0,2.0,2.0,,2.0,1.0,0
132591.0,32.0,3.09,29.7,91.5,118.0,79.0,233.0,88.0,5.3,36.13,138.0,8.2,12.1,246.0,12.6,0.88,84.0,5.3,73.0,16.32,8.5,7.0,240.0,2.0,4.0,5.0,2.0,,2.0,1.0,2.0,1.0,2.0,2.0,0
132594.0,43.0,5.0,37.8,115.5,111.0,72.0,251.0,59.0,4.9,0.64,140.0,6.4,13.9,238.0,12.9,0.79,176.0,4.1,89.0,7.07,6.0,8.0,360.0,2.0,3.0,4.0,2.0,,2.0,1.0,1.0,1.0,2.0,2.0,0
132596.0,62.0,0.71,27.0,100.0,123.0,74.0,247.0,48.0,6.2,6.88,142.0,6.3,12.5,319.0,13.3,0.92,184.0,4.7,85.0,4.19,6.0,10.0,120.0,2.0,4.0,2.0,2.0,,1.0,1.0,1.0,1.0,1.0,5.0,0
132597.0,38.0,,38.2,128.0,121.0,87.0,229.0,44.0,5.6,3.67,140.0,9.0,16.0,243.0,13.5,0.87,472.0,5.0,85.0,11.5,7.5,7.5,720.0,1.0,1.0,1.0,2.0,,2.0,2.0,2.0,,2.0,1.0,0
132601.0,47.0,1.08,30.1,101.6,102.0,69.0,216.0,62.0,5.8,3.02,141.0,7.5,11.4,275.0,15.1,0.62,99.0,3.5,89.0,8.95,7.0,9.0,540.0,2.0,2.0,3.0,2.0,,3.0,2.0,1.0,,2.0,3.0,0
132610.0,43.0,2.54,22.0,70.2,112.0,70.0,213.0,54.0,5.3,0.58,139.0,6.2,12.8,313.0,15.6,0.66,74.0,2.2,90.0,33.15,6.5,8.0,120.0,2.0,3.0,3.0,1.0,3.0,2.0,2.0,2.0,,2.0,2.0,0
132612.0,30.0,2.81,39.0,123.3,133.0,91.0,260.0,50.0,5.6,1.97,140.0,7.3,15.3,252.0,13.3,0.83,212.0,6.1,92.0,7.53,7.5,9.0,240.0,1.0,3.0,4.0,2.0,,2.0,2.0,2.0,,2.0,2.0,0
132617.0,28.0,,33.9,119.4,129.0,95.0,173.0,38.0,13.7,8.87,137.0,6.3,13.9,292.0,14.0,0.51,240.0,4.0,318.0,95.39,7.5,6.0,540.0,1.0,7.0,5.0,2.0,,1.0,1.0,2.0,2.0,2.0,3.0,0
132618.0,67.0,,30.9,105.8,128.0,74.0,174.0,31.0,5.2,4.12,141.0,7.1,14.1,230.0,14.2,0.92,222.0,8.0,85.0,9.49,8.0,8.0,240.0,1.0,3.0,4.0,2.0,,2.0,1.0,2.0,1.0,1.0,3.0,0
132619.0,54.0,1.91,31.8,98.5,101.0,66.0,183.0,42.0,7.4,4.84,137.0,9.6,10.6,432.0,17.1,0.58,145.0,4.4,122.0,55.56,8.5,8.5,240.0,2.0,3.0,3.0,2.0,,1.0,2.0,1.0,,1.0,5.0,1
132622.0,55.0,5.0,32.5,110.3,129.0,84.0,218.0,38.0,5.6,5.0,139.0,5.6,14.3,224.0,13.4,0.83,151.0,5.8,98.0,10.56,7.0,7.0,180.0,1.0,3.0,5.0,2.0,,2.0,2.0,2.0,,2.0,2.0,0
132623.0,75.0,5.0,37.9,124.5,126.0,80.0,223.0,90.0,5.9,1.07,138.0,6.5,12.6,243.0,13.6,0.68,119.0,3.8,109.0,10.92,8.0,8.0,420.0,2.0,3.0,4.0,1.0,3.0,2.0,2.0,1.0,,1.0,3.0,0
132625.0,61.0,,34.0,126.9,95.0,56.0,180.0,35.0,11.1,4.42,139.0,12.2,13.6,295.0,15.3,1.06,273.0,4.9,221.0,,6.0,8.0,540.0,1.0,3.0,3.0,1.0,1.0,1.0,2.0,1.0,,1.0,4.0,1
132631.0,29.0,1.85,28.8,102.9,126.0,72.0,227.0,48.0,4.8,5.74,136.0,6.9,11.6,167.0,14.3,0.55,204.0,4.9,75.0,11.02,6.5,10.5,180.0,2.0,3.0,3.0,2.0,,2.0,2.0,2.0,,2.0,3.0,0
132632.0,23.0,2.95,23.0,80.4,123.0,90.0,230.0,83.0,5.4,1.1,138.0,8.2,13.7,461.0,13.1,0.62,82.0,2.8,87.0,8.84,9.5,10.0,600.0,2.0,3.0,5.0,2.0,,2.0,2.0,1.0,,2.0,3.0,0
132633.0,66.0,5.0,26.0,99.4,133.0,80.0,255.0,68.0,4.8,4.37,138.0,7.5,14.3,290.0,13.7,0.76,70.0,6.8,97.0,5.65,8.5,8.5,360.0,2.0,3.0,3.0,2.0,,2.0,1.0,1.0,1.0,2.0,2.0,0
132635.0,71.0,4.92,22.0,92.0,116.0,61.0,219.0,56.0,5.4,0.71,140.0,5.5,16.4,273.0,13.0,0.76,129.0,5.4,87.0,13.76,8.5,8.5,240.0,1.0,7.0,5.0,2.0,,2.0,2.0,1.0,,1.0,1.0,0
132636.0,59.0,1.82,30.8,107.6,144.0,94.0,189.0,66.0,6.0,4.94,140.0,5.0,12.2,253.0,15.3,0.99,57.0,4.4,91.0,21.08,7.5,6.0,480.0,2.0,4.0,4.0,2.0,,2.0,1.0,2.0,1.0,2.0,2.0,0
132638.0,23.0,3.19,22.7,73.2,101.0,66.0,172.0,59.0,5.3,0.43,141.0,3.2,11.7,225.0,13.7,0.77,43.0,5.1,82.0,7.41,7.0,8.0,420.0,2.0,4.0,5.0,2.0,,2.0,2.0,1.0,,2.0,2.0,0
132639.0,22.0,,32.2,110.4,111.0,80.0,166.0,60.0,4.7,1.47,142.0,7.0,15.0,223.0,13.8,0.75,29.0,6.7,97.0,4.1,5.5,9.0,960.0,1.0,3.0,3.0,1.0,3.0,2.0,2.0,2.0,,2.0,3.0,0
132641.0,45.0,5.0,22.3,82.3,119.0,84.0,177.0,67.0,4.9,0.31,141.0,4.7,15.0,232.0,12.8,1.13,112.0,5.0,95.0,3.64,8.5,8.5,660.0,1.0,3.0,5.0,2.0,,2.0,2.0,2.0,,2.0,2.0,0
132642.0,60.0,,25.3,96.0,130.0,90.0,200.0,90.0,5.3,0.9,140.0,4.6,15.2,198.0,13.2,0.75,53.0,5.7,94.0,,7.5,7.5,300.0,1.0,3.0,5.0,2.0,,2.0,2.0,2.0,,1.0,1.0,1
132645.0,31.0,0.73,33.1,109.8,116.0,85.0,199.0,36.0,5.5,3.45,140.0,10.3,14.5,324.0,12.9,0.7,146.0,5.5,91.0,18.45,7.5,8.5,180.0,2.0,3.0,3.0,1.0,1.0,2.0,2.0,2.0,,2.0,3.0,0
132646.0,63.0,,20.5,80.0,118.0,65.0,231.0,90.0,5.1,0.67,134.0,6.1,13.6,221.0,13.9,0.74,94.0,4.1,86.0,1.31,7.5,7.5,540.0,2.0,3.0,5.0,2.0,,2.0,2.0,2.0,,2.0,1.0,0
132648.0,67.0,5.0,32.5,113.4,141.0,78.0,180.0,60.0,6.0,0.86,139.0,5.7,13.4,197.0,13.1,0.73,194.0,6.7,118.0,5.93,9.5,9.5,480.0,1.0,3.0,4.0,1.0,3.0,2.0,1.0,1.0,1.0,1.0,3.0,0
132651.0,66.0,2.59,26.3,95.4,114.0,75.0,115.0,50.0,5.5,0.35,142.0,3.5,14.6,161.0,12.7,0.82,81.0,5.2,88.0,6.04,9.0,9.0,60.0,1.0,6.0,5.0,2.0,,2.0,1.0,2.0,1.0,1.0,3.0,1
132652.0,68.0,1.13,21.2,85.5,126.0,75.0,166.0,54.0,6.5,1.65,142.0,3.9,13.2,220.0,13.7,0.52,87.0,4.8,116.0,1.62,8.5,8.5,300.0,2.0,6.0,2.0,2.0,,3.0,2.0,1.0,,1.0,4.0,0
132655.0,56.0,5.0,32.3,101.1,117.0,81.0,187.0,59.0,5.5,0.33,143.0,4.9,14.2,380.0,14.1,0.72,81.0,4.3,90.0,0.75,7.0,7.0,300.0,2.0,3.0,3.0,1.0,3.0,2.0,2.0,2.0,,2.0,2.0,0
132661.0,63.0,2.39,30.2,113.5,121.0,77.0,219.0,50.0,5.2,7.65,139.0,7.8,16.5,238.0,13.4,0.77,127.0,9.6,96.0,104.44,7.0,8.0,180.0,1.0,3.0,1.0,1.0,1.0,1.0,1.0,1.0,1.0,1.0,4.0,1
132662.0,25.0,3.57,27.3,100.7,120.0,88.0,227.0,40.0,5.3,2.21,141.0,9.9,15.5,331.0,13.1,1.04,367.0,6.9,91.0,3.06,6.5,6.5,720.0,1.0,3.0,5.0,1.0,3.0,2.0,2.0,1.0,,2.0,3.0,0
132663.0,60.0,1.31,28.6,97.1,121.0,83.0,135.0,56.0,8.1,1.21,142.0,8.6,12.2,214.0,15.2,0.52,67.0,3.3,152.0,1.5,3.5,6.5,15.0,2.0,2.0,1.0,2.0,,1.0,1.0,1.0,1.0,1.0,4.0,0
132666.0,62.0,,25.6,98.9,130.0,79.0,219.0,48.0,5.5,1.84,142.0,5.4,12.5,214.0,12.6,0.55,88.0,4.2,86.0,7.34,7.0,7.5,360.0,2.0,3.0,2.0,1.0,3.0,2.0,2.0,1.0,,2.0,1.0,0
132667.0,32.0,2.46,32.8,101.7,111.0,79.0,225.0,55.0,5.2,2.57,138.0,7.7,13.7,247.0,14.2,0.86,107.0,3.8,85.0,5.98,8.0,7.0,180.0,2.0,3.0,3.0,2.0,,2.0,2.0,2.0,,2.0,3.0,0
132669.0,35.0,5.0,28.9,103.3,107.0,62.0,135.0,47.0,5.2,0.84,139.0,5.3,14.4,208.0,12.8,0.98,47.0,3.5,86.0,6.52,8.0,8.0,240.0,1.0,3.0,5.0,2.0,,2.0,2.0,2.0,,2.0,2.0,0
132672.0,69.0,4.42,27.1,94.7,96.0,62.0,111.0,44.0,6.9,1.74,140.0,7.0,14.6,193.0,13.4,1.09,161.0,3.7,120.0,19.4,7.0,7.5,480.0,2.0,2.0,4.0,1.0,3.0,2.0,1.0,2.0,1.0,1.0,3.0,0
132675.0,24.0,5.0,28.5,99.2,110.0,76.0,160.0,67.0,4.8,3.57,140.0,8.7,15.3,302.0,13.6,0.55,83.0,3.3,80.0,10.83,4.0,7.0,360.0,2.0,3.0,5.0,2.0,,2.0,2.0,2.0,,2.0,2.0,0
132678.0,65.0,,29.5,104.2,131.0,92.0,186.0,61.0,5.2,2.47,137.0,8.0,16.2,239.0,12.9,1.0,109.0,5.7,99.0,44.23,10.0,10.0,720.0,1.0,4.0,5.0,2.0,,2.0,1.0,1.0,1.0,1.0,3.0,0
132679.0,53.0,0.85,24.5,85.8,120.0,74.0,213.0,60.0,5.7,1.6,139.0,5.3,10.9,295.0,12.5,0.52,164.0,4.5,91.0,6.34,8.0,8.0,120.0,2.0,6.0,5.0,2.0,,2.0,1.0,2.0,1.0,2.0,1.0,0
132683.0,70.0,2.04,32.6,119.2,166.0,84.0,120.0,34.0,5.8,0.72,137.0,11.7,16.2,144.0,13.9,1.01,121.0,5.1,98.0,43.86,8.5,8.5,360.0,1.0,7.0,3.0,1.0,1.0,2.0,1.0,1.0,1.0,1.0,2.0,1
132684.0,43.0,2.12,28.8,92.6,124.0,87.0,169.0,61.0,5.2,4.47,138.0,7.4,14.2,316.0,13.3,0.77,52.0,4.2,80.0,20.37,7.0,9.0,180.0,2.0,3.0,5.0,2.0,,2.0,1.0,2.0,1.0,2.0,2.0,0
132690.0,51.0,1.32,29.1,97.0,97.0,59.0,198.0,54.0,5.5,4.21,141.0,6.8,14.1,252.0,13.9,0.72,103.0,3.5,108.0,6.26,8.5,8.0,600.0,2.0,1.0,5.0,2.0,,2.0,2.0,2.0,,2.0,1.0,0
132691.0,39.0,0.47,23.9,85.4,116.0,68.0,205.0,76.0,5.3,0.83,139.0,8.3,13.7,283.0,12.7,0.91,90.0,2.9,99.0,11.2,6.0,8.0,240.0,2.0,3.0,5.0,2.0,,2.0,2.0,2.0,,2.0,2.0,0
132692.0,44.0,2.16,27.1,91.6,133.0,84.0,270.0,32.0,10.8,6.46,138.0,8.4,16.2,273.0,13.8,0.58,658.0,2.9,257.0,139.41,7.5,8.0,180.0,1.0,1.0,2.0,1.0,3.0,2.0,2.0,2.0,,2.0,1.0,0
132696.0,50.0,,41.2,112.4,118.0,84.0,185.0,35.0,5.4,2.39,140.0,7.6,12.8,324.0,13.2,0.78,238.0,5.2,102.0,8.17,8.0,9.0,120.0,2.0,2.0,2.0,1.0,3.0,2.0,1.0,2.0,1.0,2.0,3.0,0
132699.0,37.0,0.16,32.0,107.3,109.0,75.0,169.0,47.0,6.0,4.26,139.0,6.7,12.8,296.0,14.1,1.01,99.0,6.7,98.0,4.46,10.0,10.0,1020.0,2.0,4.0,2.0,1.0,3.0,2.0,1.0,2.0,1.0,2.0,4.0,0
132706.0,21.0,5.0,52.7,127.7,106.0,69.0,158.0,47.0,5.6,35.7,141.0,8.5,10.3,214.0,18.1,0.49,124.0,5.4,91.0,15.13,6.0,11.0,120.0,2.0,2.0,3.0,2.0,,2.0,2.0,2.0,,2.0,2.0,0
132710.0,24.0,3.0,23.3,83.4,116.0,78.0,130.0,54.0,5.2,0.9,137.0,6.5,13.3,252.0,13.1,0.61,39.0,4.8,73.0,5.08,8.0,10.0,120.0,2.0,6.0,3.0,2.0,,2.0,2.0,2.0,,2.0,2.0,0
132711.0,60.0,1.61,22.0,86.0,109.0,66.0,198.0,48.0,5.4,0.31,138.0,5.9,13.4,243.0,13.3,0.78,110.0,5.7,104.0,4.63,7.5,7.5,180.0,1.0,3.0,3.0,2.0,,2.0,2.0,2.0,,2.0,2.0,0
132720.0,37.0,2.96,25.9,85.6,124.0,75.0,168.0,45.0,5.2,2.25,139.0,10.3,13.0,365.0,13.2,0.65,139.0,4.8,92.0,9.06,3.0,13.0,120.0,2.0,6.0,5.0,2.0,,2.0,1.0,2.0,1.0,2.0,1.0,0
132721.0,33.0,1.1,35.9,120.2,129.0,78.0,231.0,36.0,5.5,1.04,139.0,5.8,15.3,229.0,13.5,0.79,197.0,3.1,96.0,5.1,6.0,8.0,600.0,1.0,3.0,4.0,1.0,3.0,2.0,2.0,1.0,,2.0,3.0,0
132722.0,45.0,2.71,34.5,116.0,143.0,89.0,219.0,41.0,5.9,0.84,137.0,7.2,14.1,277.0,12.8,1.58,182.0,7.3,106.0,12.04,8.0,9.0,240.0,1.0,3.0,3.0,2.0,,1.0,1.0,1.0,1.0,2.0,2.0,1
132723.0,35.0,5.0,26.8,97.0,117.0,74.0,192.0,51.0,5.4,1.99,142.0,6.4,15.5,203.0,13.2,0.94,139.0,5.9,89.0,6.56,6.5,8.0,480.0,1.0,7.0,5.0,1.0,3.0,2.0,2.0,1.0,,2.0,2.0,0
132725.0,44.0,5.0,31.1,105.6,119.0,73.0,102.0,39.0,5.5,2.09,139.0,5.1,15.2,198.0,14.5,1.07,88.0,5.7,84.0,9.71,8.0,9.0,180.0,1.0,4.0,3.0,1.0,1.0,2.0,2.0,2.0,,2.0,2.0,0
132727.0,66.0,1.23,17.8,70.5,127.0,68.0,213.0,106.0,5.6,0.27,141.0,3.7,13.5,145.0,14.1,0.77,44.0,3.7,93.0,9.51,7.5,7.5,180.0,2.0,3.0,5.0,2.0,,2.0,2.0,2.0,,2.0,1.0,0
132728.0,58.0,4.05,38.2,123.2,107.0,69.0,180.0,49.0,5.8,2.17,139.0,6.6,13.3,197.0,12.7,0.83,85.0,3.3,90.0,0.75,6.0,8.0,480.0,2.0,3.0,5.0,2.0,,2.0,2.0,1.0,,1.0,1.0,0
132729.0,60.0,2.79,27.9,96.3,135.0,82.0,275.0,45.0,5.6,2.48,138.0,9.5,14.9,224.0,13.8,0.88,94.0,5.2,95.0,5.4,7.5,7.5,60.0,1.0,3.0,3.0,1.0,3.0,2.0,2.0,1.0,,1.0,2.0,0
132730.0,68.0,1.55,33.6,114.5,105.0,61.0,192.0,35.0,9.9,3.78,139.0,8.3,14.6,170.0,15.4,1.23,288.0,3.7,284.0,6.22,9.0,9.0,300.0,2.0,3.0,4.0,1.0,3.0,1.0,1.0,1.0,1.0,1.0,4.0,0
132733.0,44.0,1.85,29.9,88.9,97.0,69.0,135.0,45.0,5.6,5.61,138.0,9.0,12.9,462.0,14.3,0.72,107.0,3.6,82.0,0.53,9.0,9.0,240.0,2.0,2.0,5.0,2.0,,2.0,2.0,2.0,,2.0,3.0,0
132739.0,63.0,5.0,34.2,116.7,89.0,61.0,166.0,54.0,7.1,0.51,141.0,5.2,14.2,279.0,14.4,0.97,133.0,4.3,113.0,6.71,7.0,7.0,240.0,1.0,7.0,4.0,2.0,,1.0,1.0,1.0,1.0,1.0,4.0,0
132740.0,71.0,2.82,32.1,102.7,147.0,72.0,182.0,110.0,5.6,110.98,134.0,5.5,14.0,313.0,13.5,0.81,54.0,5.2,97.0,55.33,9.0,9.0,180.0,1.0,3.0,4.0,1.0,3.0,2.0,1.0,1.0,1.0,1.0,2.0,1
132741.0,70.0,0.96,35.6,126.6,114.0,70.0,276.0,67.0,5.6,6.13,142.0,6.5,13.7,188.0,13.0,0.69,142.0,5.3,101.0,0.78,9.5,9.5,120.0,2.0,3.0,5.0,1.0,1.0,2.0,2.0,1.0,,2.0,2.0,0
132744.0,75.0,1.16,47.9,149.5,133.0,78.0,174.0,69.0,6.6,7.19,139.0,9.2,12.9,93.0,15.7,1.29,131.0,5.0,97.0,13.94,8.0,8.0,300.0,1.0,3.0,4.0,1.0,3.0,1.0,1.0,1.0,1.0,1.0,4.0,1
132745.0,75.0,2.18,31.9,99.7,147.0,90.0,250.0,48.0,5.7,2.06,141.0,7.8,13.7,336.0,14.6,0.71,133.0,4.4,93.0,7.28,8.0,8.0,600.0,2.0,3.0,4.0,2.0,,2.0,2.0,2.0,,2.0,3.0,0
132746.0,71.0,5.0,30.8,94.6,127.0,87.0,188.0,66.0,5.3,2.65,136.0,7.6,14.2,403.0,14.0,0.7,132.0,3.4,74.0,13.88,9.0,9.0,300.0,2.0,7.0,5.0,2.0,,2.0,2.0,1.0,,1.0,2.0,0
132748.0,23.0,0.79,20.0,,116.0,64.0,139.0,46.0,5.4,1.08,142.0,10.6,13.9,245.0,12.9,0.91,123.0,5.3,99.0,5.24,6.5,8.0,120.0,1.0,3.0,4.0,2.0,,2.0,2.0,2.0,,2.0,3.0,0
132749.0,35.0,2.21,27.6,93.5,99.0,69.0,130.0,42.0,5.5,8.15,138.0,10.1,12.6,332.0,13.3,0.62,72.0,3.3,94.0,4.84,7.0,8.0,360.0,2.0,1.0,5.0,2.0,,2.0,2.0,2.0,,2.0,2.0,0
132750.0,35.0,2.34,36.3,107.7,108.0,80.0,175.0,48.0,5.6,8.31,141.0,10.4,13.1,302.0,14.8,0.83,136.0,6.1,82.0,21.5,8.0,8.5,720.0,2.0,3.0,5.0,2.0,,2.0,1.0,2.0,2.0,2.0,3.0,0
132754.0,52.0,3.42,23.2,86.5,111.0,69.0,175.0,95.0,5.3,2.2,143.0,6.9,13.2,267.0,13.3,0.92,90.0,6.4,91.0,1.0,7.0,7.5,120.0,2.0,6.0,5.0,2.0,,2.0,2.0,2.0,,2.0,2.0,0
132755.0,57.0,2.17,46.7,130.7,120.0,71.0,180.0,40.0,9.1,5.09,139.0,8.9,12.5,345.0,15.5,0.66,387.0,7.0,156.0,11.51,8.0,9.0,360.0,2.0,3.0,3.0,1.0,3.0,1.0,1.0,1.0,1.0,1.0,3.0,1
132756.0,58.0,3.76,29.1,103.6,141.0,84.0,191.0,51.0,5.3,0.56,142.0,6.4,15.6,210.0,14.0,1.18,118.0,6.4,97.0,5.04,6.5,5.5,300.0,1.0,3.0,3.0,1.0,3.0,2.0,2.0,2.0,,2.0,3.0,1
132757.0,61.0,3.16,40.4,125.2,119.0,85.0,238.0,64.0,5.5,1.73,141.0,4.2,14.2,252.0,13.5,0.67,91.0,3.5,91.0,6.38,8.0,8.0,600.0,2.0,3.0,5.0,2.0,,2.0,2.0,2.0,,2.0,3.0,0
132758.0,33.0,0.84,32.5,93.0,105.0,67.0,174.0,62.0,5.5,1.6,139.0,5.2,12.3,241.0,15.1,0.73,51.0,4.2,88.0,4.66,5.0,5.0,600.0,2.0,4.0,3.0,2.0,,2.0,2.0,2.0,,2.0,2.0,0
132760.0,60.0,0.83,,92.0,232.0,116.0,156.0,53.0,7.2,3.83,135.0,6.4,13.5,155.0,19.3,8.66,106.0,5.1,175.0,5869.27,,,480.0,1.0,4.0,4.0,1.0,1.0,1.0,1.0,2.0,1.0,2.0,5.0,1
132762.0,61.0,0.62,30.3,104.0,115.0,86.0,250.0,92.0,4.9,3.45,141.0,6.7,15.9,216.0,13.7,0.74,70.0,3.1,99.0,7.23,9.0,9.0,600.0,2.0,3.0,4.0,1.0,2.0,2.0,2.0,1.0,,2.0,3.0,0
132763.0,31.0,5.0,25.7,88.8,114.0,69.0,189.0,54.0,4.4,0.29,140.0,4.8,15.2,195.0,13.3,0.93,103.0,6.4,83.0,4.81,7.5,9.0,600.0,1.0,3.0,5.0,2.0,,2.0,2.0,2.0,,2.0,2.0,0
132765.0,70.0,0.78,31.0,100.9,154.0,79.0,135.0,56.0,7.3,1.79,142.0,4.8,13.0,222.0,13.7,0.98,87.0,4.8,117.0,3.66,8.0,8.0,120.0,1.0,4.0,1.0,2.0,,1.0,1.0,1.0,1.0,1.0,2.0,0
132770.0,76.0,4.97,25.0,87.0,111.0,62.0,165.0,66.0,5.4,8.0,138.0,4.2,12.9,166.0,15.0,1.06,47.0,6.2,98.0,8.51,9.5,9.5,300.0,2.0,3.0,4.0,1.0,3.0,2.0,1.0,1.0,1.0,1.0,2.0,1
132771.0,64.0,0.88,20.0,82.9,121.0,65.0,160.0,66.0,3.6,0.97,142.0,5.8,11.4,298.0,15.4,0.98,68.0,5.2,89.0,3.98,7.0,7.0,480.0,1.0,4.0,2.0,1.0,1.0,2.0,2.0,2.0,,2.0,3.0,0
132775.0,46.0,0.15,,,80.0,45.0,93.0,43.0,4.1,19.03,141.0,7.2,11.2,136.0,13.6,6.41,89.0,5.1,81.0,,7.0,8.0,480.0,2.0,1.0,2.0,2.0,,1.0,1.0,1.0,2.0,1.0,4.0,0
132780.0,70.0,5.0,26.9,93.6,103.0,63.0,270.0,54.0,5.8,13.07,135.0,7.9,12.1,338.0,14.1,0.99,139.0,3.9,87.0,9.52,8.5,8.5,240.0,2.0,4.0,4.0,2.0,,2.0,2.0,1.0,,1.0,2.0,0
132782.0,79.0,5.0,23.5,86.0,155.0,66.0,155.0,71.0,5.5,1.68,143.0,5.6,13.6,200.0,13.0,0.96,49.0,4.3,95.0,9.69,7.0,7.0,300.0,2.0,3.0,4.0,2.0,,2.0,1.0,1.0,1.0,1.0,2.0,0
132784.0,75.0,5.0,20.2,76.8,123.0,71.0,179.0,91.0,5.6,0.23,140.0,5.5,12.8,287.0,12.8,0.86,108.0,4.0,96.0,16.09,9.0,9.5,120.0,2.0,3.0,5.0,2.0,,2.0,2.0,2.0,,2.0,2.0,0
132785.0,27.0,2.0,29.7,96.8,96.0,59.0,147.0,36.0,4.9,2.25,139.0,7.9,13.2,272.0,13.6,0.78,69.0,4.9,82.0,4.61,8.0,9.5,60.0,2.0,3.0,4.0,2.0,,2.0,2.0,2.0,,2.0,2.0,0
132786.0,74.0,,21.3,92.1,155.0,103.0,221.0,46.0,5.7,11.79,135.0,11.5,14.9,644.0,16.5,0.93,147.0,4.6,97.0,337.92,8.5,8.5,9999.0,1.0,3.0,4.0,1.0,1.0,2.0,1.0,1.0,1.0,2.0,5.0,1
132787.0,38.0,3.58,33.0,108.9,120.0,73.0,205.0,37.0,5.5,2.49,138.0,8.1,15.3,213.0,13.6,0.91,174.0,7.2,93.0,5.79,7.0,8.0,600.0,1.0,3.0,4.0,2.0,,2.0,2.0,1.0,,1.0,2.0,0
132788.0,41.0,,30.9,104.2,124.0,80.0,179.0,45.0,5.6,2.14,138.0,5.6,13.0,270.0,14.9,1.3,110.0,7.6,97.0,3.01,8.0,10.0,60.0,1.0,3.0,3.0,2.0,,2.0,2.0,2.0,,2.0,3.0,0
132791.0,61.0,4.02,34.1,114.5,152.0,69.0,187.0,49.0,6.8,1.77,140.0,6.2,14.1,216.0,14.0,0.92,79.0,5.2,124.0,8.21,9.5,9.5,240.0,1.0,2.0,5.0,2.0,,1.0,2.0,1.0,,2.0,3.0,0
132793.0,68.0,1.6,45.6,142.1,123.0,80.0,140.0,37.0,5.6,3.47,140.0,7.9,14.2,210.0,14.5,1.15,178.0,6.1,97.0,7.04,9.0,9.0,360.0,1.0,7.0,3.0,1.0,3.0,2.0,1.0,1.0,1.0,1.0,4.0,1
132795.0,62.0,1.44,28.5,101.2,135.0,79.0,158.0,51.0,7.5,2.56,139.0,8.2,13.8,236.0,13.1,0.62,216.0,4.7,109.0,11.84,9.0,10.0,300.0,2.0,2.0,3.0,2.0,,1.0,1.0,1.0,1.0,1.0,4.0,0
132797.0,70.0,1.31,,,116.0,45.0,108.0,32.0,6.2,9.8,139.0,6.6,11.4,197.0,14.8,1.46,84.0,9.5,97.0,10.25,7.0,7.0,600.0,1.0,4.0,4.0,1.0,1.0,2.0,1.0,1.0,1.0,1.0,3.0,1
132801.0,35.0,,27.4,94.2,106.0,59.0,188.0,48.0,5.9,0.55,140.0,2.5,13.8,204.0,14.3,0.95,78.0,5.9,103.0,4.28,6.0,6.0,240.0,1.0,2.0,3.0,2.0,,2.0,2.0,2.0,,2.0,1.0,0
132802.0,64.0,4.92,34.6,109.1,162.0,89.0,150.0,40.0,6.2,4.93,139.0,6.8,14.4,270.0,14.7,0.81,66.0,5.5,87.0,31.34,8.0,8.0,12.0,1.0,4.0,4.0,1.0,3.0,2.0,1.0,1.0,1.0,1.0,3.0,0
132803.0,57.0,,32.6,117.8,110.0,66.0,126.0,31.0,7.2,39.26,138.0,13.2,17.5,228.0,13.4,1.09,267.0,4.3,174.0,5.84,8.0,10.0,720.0,1.0,3.0,5.0,2.0,,1.0,1.0,1.0,1.0,1.0,2.0,0
132804.0,70.0,5.0,33.8,113.7,104.0,70.0,271.0,59.0,5.8,6.15,142.0,7.8,12.1,295.0,16.0,0.79,155.0,5.4,107.0,11.23,7.0,7.0,720.0,2.0,3.0,5.0,2.0,,2.0,2.0,1.0,,2.0,3.0,0
132805.0,39.0,0.65,23.6,74.1,99.0,65.0,184.0,47.0,5.2,1.27,142.0,5.0,11.7,354.0,13.7,0.48,58.0,3.1,90.0,11.47,7.0,8.0,180.0,2.0,4.0,4.0,2.0,,2.0,2.0,2.0,,2.0,3.0,0
132807.0,38.0,5.0,20.1,68.5,112.0,68.0,171.0,80.0,4.6,0.71,140.0,6.5,13.6,405.0,13.2,0.77,57.0,3.9,91.0,0.88,8.5,9.5,480.0,2.0,3.0,5.0,2.0,,2.0,2.0,2.0,,2.0,2.0,0
132808.0,73.0,,25.2,95.4,168.0,93.0,193.0,46.0,6.0,2.64,142.0,6.8,14.1,206.0,13.6,0.92,311.0,5.5,85.0,6.89,8.5,9.5,120.0,1.0,3.0,5.0,1.0,3.0,2.0,2.0,2.0,,2.0,2.0,0
132809.0,51.0,4.68,24.4,95.2,122.0,68.0,201.0,46.0,5.3,0.63,141.0,5.3,15.2,226.0,13.6,0.98,88.0,4.3,84.0,8.84,7.0,8.0,420.0,1.0,3.0,5.0,2.0,,2.0,2.0,2.0,,2.0,1.0,0
132810.0,48.0,5.0,22.8,75.9,98.0,63.0,216.0,88.0,5.0,1.36,140.0,4.1,13.2,315.0,13.8,0.77,93.0,3.1,80.0,6.22,9.0,9.5,480.0,2.0,3.0,5.0,2.0,,2.0,2.0,2.0,,2.0,1.0,0
132814.0,64.0,5.0,20.4,74.1,119.0,62.0,195.0,77.0,5.5,2.35,140.0,6.8,13.8,248.0,14.3,0.66,91.0,4.1,106.0,19.33,8.0,9.0,180.0,2.0,3.0,4.0,1.0,1.0,2.0,2.0,2.0,,2.0,1.0,0
132815.0,30.0,4.97,33.9,115.0,119.0,76.0,225.0,59.0,5.3,0.59,142.0,6.1,14.5,250.0,13.8,0.99,192.0,8.1,100.0,6.5,9.5,9.5,360.0,1.0,3.0,4.0,1.0,3.0,2.0,2.0,2.0,,2.0,2.0,0
132817.0,54.0,5.0,23.1,82.8,107.0,63.0,158.0,55.0,4.4,0.51,140.0,5.7,14.4,198.0,12.8,0.71,85.0,3.4,80.0,7.47,5.0,7.0,960.0,2.0,3.0,5.0,1.0,3.0,2.0,2.0,2.0,,2.0,2.0,0
132818.0,30.0,0.17,31.4,106.2,107.0,75.0,174.0,54.0,5.9,4.23,138.0,8.9,11.0,305.0,16.7,0.82,78.0,4.4,89.0,3.94,7.0,4.0,300.0,2.0,7.0,4.0,1.0,3.0,2.0,2.0,2.0,,2.0,3.0,0
132819.0,79.0,4.92,30.3,108.5,135.0,51.0,122.0,50.0,5.6,2.61,141.0,6.5,14.7,204.0,14.5,0.87,61.0,4.7,179.0,24.37,8.5,8.0,480.0,1.0,3.0,5.0,2.0,,1.0,1.0,2.0,1.0,2.0,3.0,0
132820.0,73.0,3.68,31.7,111.4,155.0,87.0,175.0,42.0,6.7,2.8,139.0,4.7,15.2,167.0,13.7,1.37,216.0,4.8,115.0,25.92,7.0,6.0,360.0,1.0,7.0,3.0,1.0,3.0,2.0,2.0,2.0,,2.0,2.0,0
132825.0,39.0,,32.0,106.6,119.0,85.0,186.0,35.0,5.4,0.85,137.0,4.7,18.2,212.0,12.8,0.82,254.0,7.0,93.0,0.58,6.5,9.5,360.0,1.0,1.0,3.0,2.0,,2.0,1.0,1.0,2.0,2.0,2.0,0
132827.0,68.0,2.03,42.5,141.3,108.0,80.0,178.0,57.0,5.6,3.05,141.0,12.7,15.6,162.0,13.9,0.94,80.0,4.5,97.0,4.68,5.5,5.5,600.0,1.0,3.0,4.0,1.0,3.0,2.0,1.0,1.0,1.0,1.0,3.0,1
132832.0,47.0,1.16,40.5,123.1,121.0,90.0,175.0,51.0,5.8,7.93,139.0,9.0,11.7,236.0,14.2,0.73,104.0,4.1,97.0,4.77,7.0,8.0,480.0,2.0,3.0,5.0,1.0,3.0,2.0,2.0,2.0,,2.0,4.0,0
132837.0,60.0,5.0,25.4,90.3,129.0,83.0,172.0,54.0,6.6,2.07,142.0,6.9,13.3,222.0,15.4,1.48,115.0,6.6,133.0,1047.63,8.0,7.0,240.0,1.0,3.0,3.0,2.0,,1.0,1.0,1.0,1.0,1.0,4.0,0
132838.0,39.0,5.0,27.3,85.2,116.0,71.0,220.0,73.0,5.1,6.02,141.0,4.5,13.5,179.0,12.8,0.71,146.0,4.4,86.0,7.61,9.0,9.5,120.0,2.0,3.0,4.0,2.0,,2.0,2.0,1.0,,2.0,1.0,0
132840.0,65.0,4.06,29.5,101.1,129.0,72.0,154.0,61.0,6.0,1.9,142.0,4.4,15.1,154.0,13.9,0.93,81.0,5.6,122.0,5.57,9.0,9.0,300.0,1.0,3.0,3.0,2.0,,2.0,2.0,1.0,,1.0,3.0,0
132847.0,74.0,1.48,25.4,91.3,145.0,65.0,201.0,56.0,6.5,0.32,140.0,5.4,13.5,91.0,13.4,0.69,381.0,4.5,103.0,29.38,9.0,8.5,60.0,2.0,2.0,1.0,9.0,,1.0,1.0,2.0,1.0,2.0,4.0,0
132848.0,74.0,2.21,29.7,100.4,122.0,84.0,192.0,66.0,5.9,18.86,137.0,8.7,12.2,448.0,15.5,0.85,147.0,5.3,100.0,5.83,6.0,6.0,480.0,2.0,4.0,4.0,1.0,3.0,3.0,1.0,2.0,1.0,2.0,4.0,0
132850.0,34.0,0.88,47.2,133.7,105.0,76.0,116.0,39.0,5.4,5.38,140.0,9.3,8.1,484.0,26.8,0.6,157.0,5.5,102.0,17.92,8.0,5.0,240.0,2.0,2.0,4.0,2.0,,2.0,2.0,2.0,,2.0,3.0,0
132851.0,43.0,3.55,33.7,110.6,110.0,75.0,204.0,43.0,5.8,1.51,139.0,6.5,10.0,405.0,17.2,0.77,119.0,3.6,83.0,7.8,7.5,7.5,840.0,2.0,3.0,4.0,1.0,3.0,2.0,2.0,1.0,,2.0,2.0,0
132855.0,20.0,2.92,22.2,76.4,106.0,68.0,144.0,49.0,5.0,1.04,138.0,5.6,13.0,324.0,13.5,0.69,100.0,4.1,85.0,6.11,10.0,10.0,240.0,2.0,3.0,4.0,2.0,,2.0,2.0,2.0,,2.0,1.0,0
132862.0,31.0,5.0,23.4,83.2,118.0,70.0,154.0,56.0,4.7,0.26,139.0,4.8,16.1,177.0,13.2,0.96,43.0,5.0,88.0,4.43,8.0,9.0,600.0,1.0,3.0,5.0,2.0,,2.0,2.0,2.0,,2.0,2.0,0
132864.0,57.0,2.46,40.4,112.6,130.0,93.0,254.0,66.0,5.8,1.56,140.0,6.5,13.3,269.0,14.3,0.72,131.0,5.4,88.0,7.91,6.0,6.0,240.0,2.0,3.0,5.0,1.0,3.0,2.0,2.0,2.0,,2.0,2.0,0
132865.0,72.0,,24.9,,154.0,82.0,200.0,60.0,4.9,10.33,139.0,8.9,14.3,259.0,14.0,1.0,95.0,5.3,95.0,11.66,9.5,9.0,180.0,1.0,3.0,4.0,1.0,3.0,2.0,1.0,1.0,1.0,1.0,2.0,0
132868.0,69.0,1.46,19.1,71.4,117.0,85.0,263.0,62.0,5.7,1.26,139.0,7.5,16.1,333.0,13.6,0.99,115.0,4.5,108.0,7.63,10.0,10.0,300.0,2.0,3.0,3.0,1.0,1.0,2.0,2.0,2.0,,2.0,2.0,0
132869.0,70.0,3.55,37.8,127.9,173.0,87.0,209.0,37.0,5.0,3.04,139.0,9.5,14.8,258.0,14.1,1.58,250.0,8.7,104.0,34.46,7.0,11.0,720.0,1.0,3.0,4.0,2.0,,2.0,1.0,1.0,1.0,2.0,3.0,0
132870.0,71.0,1.44,27.8,99.9,191.0,98.0,233.0,66.0,5.1,2.82,139.0,5.6,15.9,212.0,13.1,0.96,60.0,6.7,104.0,24.63,6.0,6.0,90.0,1.0,7.0,4.0,1.0,3.0,2.0,1.0,2.0,2.0,2.0,3.0,0
132872.0,26.0,1.48,35.2,111.3,105.0,66.0,239.0,51.0,5.2,5.09,137.0,6.6,12.9,260.0,13.3,0.63,105.0,4.8,88.0,4.9,7.0,8.0,360.0,2.0,2.0,3.0,2.0,,2.0,2.0,1.0,,2.0,3.0,0
132873.0,61.0,,35.2,121.0,120.0,73.0,190.0,49.0,5.3,1.15,140.0,4.9,16.7,180.0,13.4,1.06,70.0,6.8,98.0,3.7,4.0,4.0,120.0,1.0,3.0,3.0,1.0,3.0,2.0,2.0,2.0,,2.0,1.0,0
132875.0,71.0,3.61,19.5,83.6,185.0,95.0,175.0,90.0,4.9,1.95,129.0,2.9,12.0,186.0,13.8,1.41,93.0,5.4,88.0,29.0,9.0,9.0,240.0,1.0,3.0,5.0,1.0,1.0,2.0,2.0,2.0,,2.0,3.0,0
132876.0,32.0,5.0,20.3,83.7,109.0,61.0,141.0,42.0,4.8,0.39,141.0,4.2,14.1,182.0,12.9,0.95,133.0,7.0,92.0,0.7,8.0,8.5,720.0,1.0,3.0,5.0,2.0,,2.0,2.0,2.0,,2.0,2.0,0
132877.0,79.0,1.12,24.6,96.4,124.0,71.0,174.0,49.0,6.4,1.58,137.0,6.0,15.2,213.0,14.5,0.89,93.0,4.7,128.0,9.6,6.0,6.0,360.0,1.0,7.0,1.0,1.0,3.0,3.0,1.0,1.0,1.0,1.0,5.0,1
132878.0,30.0,5.0,23.6,77.1,108.0,65.0,149.0,54.0,4.2,0.23,138.0,6.1,14.6,313.0,11.8,1.26,59.0,6.5,80.0,0.35,10.0,11.0,600.0,1.0,2.0,5.0,2.0,,2.0,2.0,2.0,,2.0,2.0,0
132881.0,65.0,5.0,41.4,121.9,102.0,59.0,150.0,48.0,5.9,0.19,138.0,6.0,11.3,170.0,15.7,0.74,80.0,2.7,98.0,9.64,8.5,9.0,600.0,2.0,3.0,4.0,2.0,,1.0,1.0,1.0,1.0,1.0,2.0,0
132884.0,72.0,5.0,35.0,126.5,134.0,81.0,161.0,45.0,5.9,3.77,142.0,9.9,14.9,374.0,14.3,0.93,120.0,5.1,98.0,74.53,8.0,8.0,480.0,1.0,3.0,2.0,1.0,3.0,2.0,1.0,2.0,1.0,2.0,4.0,0
132885.0,61.0,0.62,38.6,133.5,180.0,116.0,224.0,48.0,5.6,5.07,,5.1,16.2,197.0,13.3,,,,,58.01,10.0,9.0,480.0,1.0,3.0,1.0,1.0,1.0,2.0,1.0,2.0,1.0,2.0,4.0,0
132889.0,79.0,,29.1,108.4,145.0,72.0,264.0,42.0,6.2,6.98,137.0,8.8,13.9,252.0,14.6,1.03,371.0,6.0,105.0,19.78,8.0,8.0,600.0,2.0,3.0,4.0,2.0,,2.0,1.0,1.0,1.0,2.0,2.0,0
132891.0,32.0,5.0,28.9,106.7,88.0,59.0,186.0,45.0,5.3,3.0,140.0,6.9,13.6,318.0,12.5,0.51,101.0,6.4,85.0,9.47,8.0,8.0,360.0,2.0,3.0,5.0,2.0,,2.0,2.0,2.0,,2.0,2.0,0
132893.0,67.0,,26.3,108.9,142.0,79.0,173.0,60.0,5.5,6.77,137.0,4.9,11.4,171.0,15.0,1.27,51.0,6.4,117.0,6.22,6.0,6.0,120.0,1.0,3.0,3.0,2.0,,2.0,1.0,2.0,1.0,2.0,4.0,0
132895.0,64.0,,28.7,101.6,136.0,81.0,207.0,78.0,5.9,1.98,141.0,7.1,15.4,199.0,13.9,0.99,104.0,8.1,110.0,3.04,7.0,9.0,240.0,1.0,1.0,1.0,1.0,3.0,2.0,2.0,2.0,,2.0,3.0,0
132899.0,55.0,4.02,35.0,120.7,121.0,77.0,169.0,42.0,5.7,4.53,142.0,5.2,14.2,223.0,13.2,0.89,166.0,8.2,98.0,6.32,7.5,11.0,480.0,1.0,3.0,3.0,2.0,,2.0,2.0,1.0,,1.0,2.0,0
132900.0,77.0,5.0,30.1,109.8,107.0,62.0,105.0,36.0,5.6,2.48,139.0,7.7,14.5,178.0,13.6,1.02,85.0,4.3,97.0,19.26,8.5,8.5,120.0,1.0,3.0,4.0,1.0,3.0,2.0,2.0,1.0,,1.0,2.0,1
132902.0,46.0,3.3,31.8,107.5,122.0,73.0,141.0,48.0,5.3,0.31,138.0,6.7,10.5,227.0,12.9,0.73,105.0,3.6,84.0,11.74,6.0,8.0,180.0,2.0,3.0,4.0,1.0,1.0,3.0,2.0,2.0,,2.0,3.0,0
132903.0,51.0,1.47,46.0,146.8,125.0,87.0,135.0,36.0,6.0,4.54,143.0,6.0,13.2,235.0,14.0,1.07,120.0,5.9,97.0,22.48,8.5,8.0,420.0,1.0,3.0,4.0,2.0,,2.0,1.0,1.0,1.0,1.0,3.0,0
132904.0,80.0,2.43,24.2,92.0,142.0,69.0,187.0,59.0,6.6,13.06,141.0,7.2,13.9,195.0,13.2,0.67,114.0,3.7,117.0,13.56,8.0,8.0,360.0,2.0,3.0,3.0,2.0,,2.0,2.0,1.0,,1.0,2.0,0
132905.0,56.0,2.51,53.0,132.4,134.0,88.0,183.0,53.0,6.1,5.66,140.0,7.6,13.4,275.0,15.5,0.87,150.0,6.8,95.0,8.78,5.0,9.0,300.0,2.0,3.0,4.0,1.0,3.0,2.0,1.0,1.0,1.0,1.0,3.0,0
132908.0,39.0,5.0,23.7,86.3,105.0,82.0,195.0,59.0,5.4,1.13,138.0,9.3,12.0,398.0,15.1,0.7,69.0,6.0,90.0,6.16,9.5,10.0,840.0,2.0,3.0,5.0,1.0,3.0,2.0,1.0,2.0,1.0,2.0,2.0,0
132910.0,39.0,0.89,31.8,91.3,125.0,73.0,196.0,42.0,6.3,15.6,139.0,6.1,10.8,309.0,14.9,0.77,192.0,3.8,117.0,5.37,6.0,10.5,720.0,2.0,1.0,1.0,2.0,,2.0,2.0,2.0,,2.0,3.0,0
132911.0,76.0,2.78,18.6,72.7,132.0,65.0,194.0,56.0,5.5,0.58,140.0,6.9,14.6,178.0,13.9,1.01,98.0,5.4,119.0,246.74,,10.0,360.0,1.0,3.0,3.0,1.0,3.0,2.0,2.0,2.0,,2.0,5.0,1
132913.0,59.0,5.0,23.6,89.8,111.0,74.0,226.0,60.0,5.7,2.05,141.0,7.9,13.5,227.0,13.8,0.83,173.0,4.5,87.0,13.7,9.0,9.0,660.0,2.0,3.0,5.0,2.0,,2.0,2.0,1.0,,2.0,2.0,0
132914.0,43.0,1.23,35.6,105.3,119.0,83.0,173.0,49.0,5.4,8.23,139.0,8.5,14.3,271.0,13.7,0.73,119.0,4.6,94.0,20.41,8.0,8.5,360.0,2.0,1.0,2.0,2.0,,2.0,2.0,2.0,,2.0,2.0,0
132916.0,62.0,5.0,26.3,96.1,134.0,77.0,181.0,60.0,5.3,1.22,142.0,5.0,14.4,264.0,13.3,1.05,79.0,4.3,99.0,4.45,7.5,8.0,180.0,2.0,3.0,5.0,2.0,,2.0,2.0,1.0,,1.0,3.0,0
132920.0,24.0,0.52,42.2,116.1,94.0,41.0,140.0,50.0,5.3,4.81,140.0,5.8,10.2,394.0,18.9,0.63,57.0,4.0,83.0,6.49,6.0,12.0,360.0,2.0,4.0,2.0,2.0,,2.0,2.0,2.0,,2.0,3.0,0
132921.0,31.0,5.0,22.9,80.6,122.0,74.0,214.0,61.0,4.7,0.7,139.0,5.2,14.1,213.0,12.8,1.04,47.0,4.7,108.0,0.35,7.5,8.0,720.0,1.0,1.0,5.0,2.0,,2.0,2.0,2.0,,2.0,2.0,0
132922.0,79.0,0.16,32.3,,156.0,75.0,152.0,51.0,6.4,3.72,140.0,7.3,13.4,245.0,13.3,1.09,303.0,4.5,143.0,55.61,7.0,7.0,180.0,2.0,7.0,2.0,2.0,,1.0,1.0,1.0,1.0,1.0,4.0,1
132924.0,80.0,1.84,21.0,95.0,158.0,66.0,202.0,77.0,5.1,0.87,140.0,5.7,14.8,203.0,12.9,0.76,97.0,4.9,92.0,24.94,8.0,8.0,360.0,1.0,3.0,5.0,1.0,3.0,2.0,1.0,1.0,1.0,2.0,1.0,0
132926.0,65.0,5.0,35.3,98.8,106.0,67.0,265.0,54.0,5.5,0.99,137.0,6.0,13.9,286.0,13.5,1.02,323.0,6.9,98.0,10.47,7.5,7.5,720.0,2.0,3.0,4.0,2.0,,1.0,1.0,1.0,1.0,2.0,3.0,0
132927.0,65.0,0.31,20.4,80.0,117.0,78.0,324.0,45.0,4.7,2.35,134.0,6.2,14.3,323.0,13.9,1.16,228.0,4.7,107.0,5.63,8.0,10.0,360.0,1.0,4.0,4.0,1.0,1.0,1.0,2.0,1.0,,2.0,2.0,0
132928.0,80.0,1.47,26.9,105.3,121.0,60.0,122.0,41.0,5.6,3.06,141.0,7.0,13.6,307.0,13.0,1.44,103.0,5.1,105.0,6.79,8.0,8.0,840.0,1.0,7.0,4.0,1.0,3.0,2.0,1.0,1.0,1.0,1.0,2.0,1
132929.0,72.0,1.65,23.4,89.5,128.0,69.0,168.0,43.0,5.7,2.91,141.0,8.1,13.8,235.0,14.2,1.08,218.0,7.2,100.0,50.28,5.5,7.0,120.0,2.0,3.0,3.0,1.0,3.0,2.0,1.0,1.0,1.0,1.0,3.0,1
132931.0,37.0,5.0,32.1,102.9,128.0,82.0,149.0,35.0,4.8,1.43,142.0,9.4,15.7,286.0,12.7,1.21,257.0,8.1,91.0,5.31,6.5,8.0,300.0,1.0,3.0,4.0,2.0,,2.0,2.0,2.0,,2.0,3.0,0
132932.0,54.0,3.94,37.4,107.7,108.0,75.0,224.0,60.0,5.2,4.08,141.0,4.5,15.6,239.0,13.2,0.54,104.0,5.3,100.0,4.8,9.0,9.0,480.0,2.0,3.0,4.0,1.0,1.0,2.0,2.0,2.0,,2.0,3.0,0
132934.0,71.0,,30.1,103.3,129.0,67.0,190.0,61.0,5.7,1.66,138.0,5.8,14.0,262.0,12.0,0.64,99.0,3.8,108.0,8.93,7.0,7.0,60.0,1.0,2.0,1.0,1.0,2.0,2.0,2.0,2.0,,2.0,2.0,0
132937.0,80.0,2.58,25.5,98.4,151.0,69.0,171.0,60.0,6.4,1.02,,6.4,13.9,347.0,14.0,,,,,13.0,8.0,8.0,240.0,2.0,3.0,1.0,1.0,3.0,2.0,2.0,1.0,,1.0,1.0,0
132938.0,58.0,5.0,23.5,90.1,135.0,74.0,193.0,63.0,5.9,1.75,140.0,7.9,15.5,241.0,13.1,0.79,141.0,6.6,98.0,6.4,6.0,3.5,180.0,1.0,3.0,4.0,1.0,3.0,2.0,2.0,1.0,,1.0,2.0,0
132941.0,58.0,1.6,32.0,106.4,134.0,86.0,156.0,54.0,5.8,17.36,141.0,7.3,15.0,258.0,14.5,0.81,117.0,5.9,101.0,11.36,6.5,7.5,180.0,2.0,3.0,3.0,1.0,1.0,2.0,1.0,2.0,1.0,2.0,5.0,0
132942.0,31.0,2.07,21.2,82.1,117.0,61.0,137.0,48.0,5.3,0.54,140.0,6.3,15.0,258.0,12.9,1.1,54.0,5.5,93.0,3.84,5.5,8.0,60.0,1.0,3.0,4.0,1.0,1.0,2.0,2.0,2.0,,2.0,2.0,0
132945.0,65.0,5.0,34.1,121.2,113.0,82.0,187.0,48.0,5.0,4.11,139.0,5.4,14.8,180.0,14.3,1.34,134.0,6.8,95.0,5.71,6.0,6.0,120.0,1.0,3.0,4.0,2.0,,2.0,1.0,2.0,1.0,2.0,2.0,0
132947.0,29.0,3.31,24.1,87.5,134.0,77.0,124.0,44.0,5.3,0.69,138.0,6.6,14.6,390.0,12.3,0.94,61.0,5.0,95.0,0.64,8.5,12.0,240.0,1.0,3.0,4.0,2.0,,2.0,2.0,2.0,,2.0,3.0,0
132952.0,35.0,3.42,21.6,84.0,110.0,75.0,209.0,51.0,5.6,0.66,137.0,6.7,11.2,145.0,14.3,0.62,131.0,4.6,90.0,16.6,9.0,10.0,120.0,2.0,6.0,5.0,2.0,,2.0,2.0,2.0,,2.0,2.0,0
132956.0,54.0,5.397605346934028e-79,30.0,101.2,119.0,90.0,232.0,55.0,4.5,3.83,140.0,6.9,14.5,180.0,13.9,0.77,137.0,3.9,102.0,10.93,9.0,9.0,120.0,2.0,7.0,3.0,1.0,3.0,2.0,1.0,1.0,2.0,2.0,3.0,0
132957.0,20.0,,41.2,113.0,119.0,80.0,180.0,36.0,5.8,2.7,138.0,7.4,13.2,293.0,13.4,0.85,123.0,6.9,90.0,5.87,7.5,10.0,1200.0,1.0,2.0,4.0,2.0,,2.0,2.0,2.0,,2.0,5.0,0
132958.0,70.0,4.12,32.3,106.4,118.0,77.0,203.0,56.0,5.4,0.7,140.0,6.7,13.7,299.0,14.4,0.76,150.0,4.7,104.0,9.51,9.0,9.0,480.0,2.0,3.0,5.0,1.0,3.0,2.0,1.0,1.0,1.0,1.0,3.0,0
132959.0,56.0,2.15,27.1,103.0,130.0,88.0,213.0,66.0,4.8,0.9,139.0,6.5,15.3,261.0,13.4,0.83,167.0,8.2,109.0,4.87,6.0,6.0,300.0,1.0,6.0,5.0,1.0,3.0,2.0,2.0,2.0,,1.0,3.0,0
132961.0,75.0,1.77,24.3,91.5,115.0,59.0,181.0,50.0,6.1,1.5,141.0,6.8,13.6,267.0,14.8,0.8,109.0,4.3,92.0,23.71,8.0,8.0,600.0,2.0,3.0,4.0,1.0,1.0,2.0,2.0,1.0,,1.0,3.0,0
132963.0,69.0,,37.2,123.8,140.0,89.0,235.0,47.0,6.2,3.46,140.0,11.0,14.1,341.0,14.4,0.83,87.0,4.3,120.0,15.75,5.5,5.5,720.0,2.0,4.0,5.0,1.0,1.0,2.0,1.0,1.0,1.0,1.0,4.0,0
132964.0,58.0,5.0,24.5,80.1,111.0,73.0,252.0,82.0,5.5,1.21,142.0,3.5,13.7,185.0,13.3,0.58,71.0,4.4,88.0,11.73,8.0,8.5,600.0,2.0,2.0,5.0,2.0,,2.0,1.0,2.0,1.0,2.0,3.0,0
132965.0,64.0,2.33,27.4,103.8,118.0,65.0,252.0,69.0,5.6,1.01,136.0,6.6,11.7,223.0,13.3,0.65,98.0,3.5,97.0,15.67,7.0,7.0,360.0,2.0,3.0,5.0,2.0,,2.0,2.0,1.0,,2.0,1.0,0
132970.0,40.0,4.0,20.8,77.6,107.0,60.0,186.0,72.0,5.3,0.63,139.0,7.5,13.2,242.0,12.9,0.73,114.0,3.4,80.0,6.78,8.0,8.5,540.0,2.0,6.0,5.0,2.0,,2.0,2.0,2.0,,2.0,1.0,0
132971.0,39.0,2.54,22.5,80.5,90.0,58.0,180.0,50.0,5.1,0.59,139.0,7.0,13.6,286.0,12.5,0.65,53.0,2.4,87.0,5.37,7.0,8.0,480.0,2.0,3.0,5.0,2.0,,2.0,2.0,2.0,,2.0,2.0,0
132972.0,47.0,,31.0,101.7,126.0,90.0,218.0,54.0,5.7,1.3,135.0,4.5,13.4,342.0,14.3,0.75,96.0,3.2,87.0,6.17,7.0,8.0,480.0,2.0,4.0,5.0,2.0,,2.0,2.0,1.0,,2.0,2.0,0
132977.0,58.0,5.0,23.2,87.0,132.0,77.0,226.0,67.0,5.4,0.23,140.0,4.5,13.2,238.0,14.8,0.89,117.0,3.4,88.0,4.66,8.0,8.0,720.0,2.0,3.0,5.0,2.0,,2.0,2.0,1.0,,2.0,2.0,0
132978.0,23.0,5.0,24.8,85.6,105.0,71.0,167.0,47.0,4.9,1.75,140.0,3.9,16.7,187.0,12.3,0.95,80.0,7.5,96.0,4.89,8.5,9.0,480.0,1.0,6.0,5.0,2.0,,2.0,2.0,2.0,,2.0,2.0,0
132979.0,63.0,4.56,33.5,120.5,129.0,79.0,254.0,57.0,5.8,2.24,139.0,5.9,15.8,216.0,13.6,0.89,128.0,5.8,107.0,4.47,8.5,9.5,180.0,1.0,3.0,5.0,2.0,,2.0,2.0,2.0,,2.0,2.0,0
132983.0,38.0,0.14,25.9,95.2,99.0,66.0,173.0,41.0,5.2,0.35,139.0,7.7,14.3,266.0,13.8,0.86,129.0,3.7,97.0,11.84,9.0,9.0,360.0,2.0,2.0,3.0,2.0,,2.0,2.0,2.0,,2.0,1.0,0
132990.0,60.0,3.42,33.9,117.4,132.0,76.0,132.0,53.0,5.5,3.2,141.0,8.5,13.9,279.0,12.6,0.8,131.0,4.6,92.0,6.03,7.5,9.0,720.0,2.0,3.0,5.0,2.0,,2.0,2.0,1.0,,1.0,2.0,1
132991.0,64.0,3.0,23.6,85.5,126.0,68.0,192.0,67.0,6.1,1.59,141.0,7.3,11.6,241.0,13.9,0.72,59.0,4.2,85.0,12.04,6.5,6.5,60.0,2.0,6.0,3.0,2.0,,2.0,2.0,1.0,,2.0,3.0,0
132992.0,74.0,1.37,44.1,118.0,103.0,61.0,234.0,53.0,6.0,17.39,141.0,7.4,12.5,288.0,14.1,0.98,244.0,6.8,96.0,6.25,6.0,6.0,240.0,2.0,3.0,4.0,2.0,,2.0,2.0,2.0,,2.0,4.0,0
132994.0,65.0,2.61,31.1,110.7,152.0,87.0,261.0,50.0,5.6,1.14,140.0,6.9,14.0,341.0,13.7,0.69,162.0,6.6,123.0,8.2,8.0,8.0,360.0,2.0,3.0,5.0,1.0,3.0,2.0,2.0,1.0,,2.0,2.0,0
132995.0,66.0,,27.9,110.2,103.0,56.0,227.0,48.0,6.0,42.54,136.0,11.9,14.6,376.0,14.9,0.58,215.0,5.8,100.0,9.55,14.0,14.0,420.0,2.0,3.0,3.0,1.0,1.0,2.0,2.0,2.0,,2.0,4.0,0
132996.0,51.0,2.16,34.9,109.5,135.0,84.0,267.0,51.0,9.3,0.81,136.0,5.6,12.7,250.0,13.2,0.85,204.0,3.6,290.0,16.91,5.5,10.0,420.0,1.0,4.0,4.0,1.0,3.0,1.0,1.0,1.0,1.0,2.0,2.0,0
132998.0,66.0,0.41,23.7,87.6,134.0,65.0,228.0,97.0,5.5,0.41,140.0,4.7,14.5,255.0,12.6,0.77,115.0,5.3,103.0,7.97,6.5,10.0,180.0,1.0,1.0,1.0,2.0,,2.0,2.0,2.0,,2.0,4.0,0
133002.0,28.0,0.87,35.8,119.4,128.0,92.0,119.0,37.0,6.1,9.17,137.0,9.5,11.7,587.0,15.3,0.49,94.0,5.2,122.0,10.98,8.5,10.0,180.0,1.0,4.0,3.0,1.0,1.0,1.0,1.0,2.0,1.0,2.0,1.0,0
133003.0,77.0,2.36,24.8,102.5,124.0,67.0,99.0,41.0,6.0,1.21,136.0,5.1,13.6,183.0,13.0,0.82,89.0,4.2,97.0,6.75,7.5,7.5,360.0,1.0,3.0,4.0,1.0,3.0,1.0,2.0,1.0,,1.0,4.0,1
133009.0,26.0,5.0,27.6,103.2,119.0,81.0,201.0,58.0,4.5,0.99,141.0,8.1,16.5,388.0,12.7,0.77,83.0,5.1,86.0,8.89,7.0,7.5,480.0,1.0,3.0,5.0,2.0,,2.0,2.0,2.0,,2.0,2.0,0
133010.0,64.0,1.47,24.1,95.0,111.0,66.0,224.0,51.0,5.5,1.94,139.0,8.6,13.9,248.0,14.0,1.01,148.0,5.3,96.0,7.22,7.0,7.0,1080.0,2.0,3.0,4.0,1.0,1.0,2.0,2.0,1.0,,2.0,4.0,0
133013.0,23.0,1.74,23.8,79.5,117.0,75.0,174.0,68.0,5.5,2.24,138.0,5.6,11.3,292.0,13.8,0.66,78.0,4.2,93.0,4.18,8.0,10.0,480.0,2.0,4.0,4.0,2.0,,2.0,2.0,2.0,,2.0,2.0,0
133015.0,28.0,4.19,34.3,97.2,115.0,79.0,186.0,44.0,5.5,30.75,137.0,11.7,13.0,319.0,13.6,0.8,121.0,4.4,95.0,3.55,9.0,9.5,180.0,2.0,3.0,5.0,2.0,,2.0,2.0,2.0,,2.0,4.0,0
133018.0,71.0,5.397605346934028e-79,36.3,119.3,152.0,97.0,180.0,60.0,11.3,3.01,137.0,7.5,13.8,327.0,15.3,0.93,159.0,6.6,343.0,234.65,10.0,10.0,240.0,2.0,1.0,1.0,2.0,,1.0,1.0,1.0,1.0,1.0,4.0,0
133019.0,64.0,,27.5,99.0,140.0,78.0,178.0,40.0,5.6,3.22,141.0,6.8,13.0,266.0,15.0,0.84,106.0,4.7,82.0,5.25,9.0,13.0,20.0,2.0,4.0,2.0,1.0,2.0,2.0,1.0,1.0,1.0,1.0,4.0,1
133020.0,67.0,2.8,23.2,80.0,153.0,79.0,321.0,76.0,5.4,1.43,141.0,8.6,15.9,253.0,14.0,0.77,134.0,3.4,90.0,9.66,8.5,8.5,240.0,2.0,7.0,4.0,1.0,1.0,2.0,2.0,1.0,,2.0,2.0,0
133023.0,56.0,5.0,34.2,107.0,119.0,88.0,143.0,35.0,8.9,2.67,138.0,7.6,11.5,375.0,14.6,0.85,262.0,5.7,181.0,7.46,10.0,10.0,300.0,2.0,6.0,4.0,2.0,,1.0,1.0,1.0,2.0,1.0,3.0,1
133025.0,65.0,4.18,34.6,123.8,126.0,65.0,167.0,31.0,7.1,0.8,138.0,5.2,16.3,146.0,14.3,1.25,366.0,4.4,226.0,6.72,9.0,9.0,720.0,1.0,3.0,2.0,1.0,1.0,1.0,2.0,1.0,,1.0,4.0,0
133027.0,36.0,5.0,35.6,121.4,97.0,76.0,237.0,41.0,5.3,1.57,140.0,6.6,17.3,215.0,13.1,0.97,181.0,9.3,98.0,28.39,7.5,7.5,720.0,1.0,3.0,5.0,2.0,,2.0,2.0,2.0,,2.0,4.0,0
133028.0,79.0,5.0,36.0,113.1,155.0,102.0,190.0,58.0,5.5,2.95,144.0,2.9,13.9,154.0,13.9,0.97,152.0,5.8,101.0,12.65,10.0,10.0,180.0,2.0,3.0,3.0,2.0,,2.0,2.0,2.0,,1.0,2.0,0
133030.0,63.0,,31.3,100.2,173.0,94.0,292.0,54.0,5.9,3.97,138.0,9.3,12.4,391.0,14.4,0.82,205.0,4.8,96.0,21.05,8.0,9.0,360.0,2.0,3.0,5.0,2.0,,2.0,2.0,1.0,,1.0,2.0,0
133031.0,66.0,4.06,31.0,101.5,126.0,77.0,169.0,41.0,5.7,12.37,137.0,6.3,11.7,313.0,15.1,0.74,215.0,5.8,92.0,5.63,10.5,10.5,360.0,2.0,3.0,3.0,2.0,,2.0,1.0,2.0,1.0,2.0,3.0,0
133035.0,29.0,3.24,36.0,117.3,108.0,79.0,184.0,40.0,5.9,5.19,138.0,8.0,15.3,339.0,12.5,0.87,267.0,6.8,81.0,151.23,6.0,9.0,660.0,2.0,7.0,4.0,1.0,3.0,2.0,2.0,2.0,,2.0,3.0,0
133038.0,60.0,,31.6,101.5,118.0,75.0,230.0,65.0,5.9,8.52,138.0,3.6,11.9,330.0,13.6,0.81,82.0,4.2,87.0,7.2,5.5,9.0,480.0,2.0,4.0,5.0,2.0,,2.0,1.0,1.0,1.0,2.0,2.0,0
133041.0,42.0,0.48,36.0,105.7,90.0,52.0,157.0,28.0,5.4,5.19,140.0,7.4,12.0,388.0,13.6,0.93,100.0,5.0,88.0,22.94,8.5,8.5,120.0,2.0,3.0,4.0,2.0,,2.0,2.0,2.0,,2.0,2.0,0
133042.0,68.0,5.0,26.6,91.2,135.0,81.0,181.0,59.0,5.8,1.92,138.0,5.2,15.7,353.0,13.5,0.9,85.0,5.3,95.0,23.08,8.0,8.0,240.0,1.0,3.0,3.0,1.0,3.0,2.0,1.0,1.0,1.0,2.0,2.0,0
133044.0,25.0,1.44,30.0,103.8,111.0,80.0,154.0,54.0,4.9,3.77,137.0,6.1,12.9,248.0,13.0,0.63,65.0,4.8,82.0,5.95,3.5,3.5,480.0,2.0,1.0,4.0,2.0,,2.0,2.0,2.0,,2.0,3.0,0
133046.0,23.0,1.3,36.5,125.8,111.0,76.0,188.0,44.0,4.9,15.75,140.0,6.8,11.8,275.0,12.5,0.76,141.0,7.5,108.0,8.06,8.0,9.0,180.0,2.0,4.0,4.0,2.0,,2.0,2.0,2.0,,2.0,2.0,0
133049.0,75.0,1.71,26.0,97.4,146.0,86.0,176.0,67.0,5.2,1.41,140.0,5.6,12.6,287.0,15.2,0.67,89.0,3.4,99.0,22.67,8.0,8.0,480.0,2.0,3.0,4.0,1.0,3.0,2.0,1.0,1.0,1.0,2.0,2.0,0
133050.0,80.0,,21.1,82.0,162.0,70.0,173.0,63.0,6.4,0.87,144.0,7.8,11.6,176.0,14.1,1.36,149.0,5.3,106.0,20.14,7.0,7.0,240.0,1.0,6.0,3.0,2.0,,1.0,1.0,1.0,1.0,1.0,3.0,0
133051.0,40.0,,23.5,89.3,114.0,68.0,207.0,62.0,5.7,0.52,139.0,5.2,11.1,334.0,15.8,0.58,87.0,2.6,87.0,11.59,9.5,10.0,180.0,2.0,1.0,1.0,2.0,,2.0,2.0,2.0,,2.0,4.0,0
133053.0,70.0,2.06,20.0,92.1,115.0,65.0,156.0,40.0,5.6,3.08,141.0,7.1,14.6,237.0,14.0,1.17,144.0,5.5,67.0,6.53,6.5,6.5,480.0,1.0,3.0,3.0,1.0,3.0,2.0,2.0,1.0,,2.0,1.0,0
133055.0,26.0,5.0,34.5,116.4,123.0,78.0,144.0,41.0,5.4,0.76,138.0,8.7,15.2,303.0,12.8,0.79,98.0,5.8,94.0,12.62,7.0,8.0,600.0,1.0,3.0,4.0,2.0,,2.0,2.0,2.0,,2.0,2.0,0
133056.0,60.0,5.0,31.6,116.3,114.0,82.0,176.0,72.0,5.6,0.87,141.0,6.1,12.9,247.0,13.3,0.92,118.0,5.4,84.0,18.14,8.0,7.0,720.0,2.0,3.0,5.0,2.0,,2.0,2.0,2.0,,2.0,2.0,0
133057.0,62.0,,23.4,88.5,118.0,69.0,212.0,66.0,5.1,1.09,141.0,6.4,13.9,251.0,12.6,0.44,112.0,4.7,90.0,2.1,8.0,9.5,360.0,2.0,3.0,3.0,2.0,,2.0,2.0,2.0,,2.0,2.0,0
133058.0,38.0,,21.2,75.6,103.0,63.0,148.0,76.0,5.4,0.27,143.0,7.4,13.3,261.0,14.0,0.88,51.0,4.2,90.0,3.34,9.0,8.0,240.0,2.0,3.0,3.0,2.0,,2.0,2.0,2.0,,2.0,2.0,0
133059.0,63.0,,24.8,92.1,132.0,76.0,220.0,46.0,5.4,1.84,141.0,7.9,14.5,315.0,13.3,0.98,155.0,5.8,88.0,4.41,9.0,7.0,480.0,1.0,3.0,4.0,1.0,3.0,2.0,2.0,2.0,,2.0,2.0,0
133060.0,57.0,3.0,30.2,111.7,133.0,87.0,235.0,53.0,5.4,2.05,143.0,4.4,16.0,244.0,12.6,0.98,211.0,7.2,97.0,4.29,9.5,10.0,480.0,1.0,6.0,5.0,1.0,3.0,2.0,1.0,1.0,1.0,1.0,5.0,0
133065.0,59.0,,30.0,104.4,125.0,73.0,159.0,62.0,5.4,0.47,141.0,8.2,13.6,260.0,13.5,0.94,92.0,4.0,63.0,10.61,8.0,10.0,360.0,1.0,3.0,4.0,2.0,,2.0,1.0,1.0,1.0,1.0,3.0,1
133068.0,68.0,0.82,25.1,91.2,113.0,77.0,233.0,50.0,5.6,5.58,141.0,7.2,13.0,262.0,13.4,0.69,121.0,4.2,91.0,6.65,2.0,2.0,600.0,2.0,3.0,5.0,2.0,,2.0,2.0,2.0,,2.0,4.0,0
133069.0,70.0,1.94,30.9,106.6,114.0,71.0,218.0,63.0,5.9,4.19,143.0,7.5,12.5,259.0,16.7,0.72,87.0,3.9,96.0,7.01,10.5,10.5,120.0,2.0,1.0,2.0,2.0,,2.0,2.0,2.0,,2.0,3.0,0
133071.0,67.0,3.04,30.6,92.8,109.0,75.0,234.0,59.0,5.7,0.77,142.0,6.5,14.4,297.0,13.0,0.83,69.0,4.3,101.0,5.99,7.0,6.5,180.0,2.0,3.0,4.0,2.0,,2.0,2.0,2.0,,2.0,1.0,0
133074.0,66.0,2.07,35.9,114.7,115.0,87.0,238.0,47.0,5.9,3.73,140.0,8.3,14.2,366.0,13.3,0.88,242.0,5.4,85.0,10.79,10.5,10.5,600.0,2.0,3.0,3.0,2.0,,2.0,1.0,1.0,1.0,2.0,3.0,1
133076.0,59.0,0.91,32.8,112.1,138.0,80.0,391.0,38.0,5.8,6.09,142.0,9.3,16.0,124.0,13.7,1.6,262.0,7.2,94.0,61.39,7.0,8.0,600.0,1.0,3.0,3.0,1.0,1.0,2.0,1.0,1.0,1.0,1.0,5.0,1
133077.0,69.0,5.0,33.3,110.5,101.0,64.0,211.0,39.0,5.4,2.85,138.0,5.8,14.0,184.0,15.1,0.91,155.0,6.7,116.0,4.23,7.0,7.0,9999.0,1.0,3.0,4.0,2.0,,2.0,2.0,1.0,,2.0,2.0,0
133078.0,63.0,4.66,32.1,116.2,136.0,93.0,140.0,48.0,5.9,0.57,138.0,3.1,14.1,206.0,13.1,0.83,279.0,7.1,123.0,25.18,6.0,6.0,300.0,1.0,4.0,5.0,1.0,3.0,2.0,1.0,1.0,1.0,1.0,2.0,0
133080.0,38.0,5.0,27.0,99.2,110.0,68.0,215.0,51.0,5.7,0.38,140.0,6.8,14.9,260.0,12.8,0.96,137.0,6.1,98.0,3.69,7.0,8.0,360.0,1.0,1.0,5.0,1.0,3.0,2.0,2.0,1.0,,1.0,2.0,0
133081.0,76.0,4.88,34.0,116.3,131.0,73.0,178.0,48.0,8.4,1.4,132.0,6.1,11.1,319.0,16.3,0.62,67.0,3.8,204.0,13.12,14.0,14.0,240.0,1.0,7.0,4.0,2.0,,1.0,2.0,2.0,,2.0,4.0,0
133082.0,37.0,2.83,23.5,78.1,97.0,67.0,182.0,54.0,5.2,17.44,137.0,5.3,12.8,240.0,12.7,0.63,93.0,3.6,87.0,6.63,8.5,8.5,180.0,2.0,3.0,5.0,2.0,,2.0,2.0,2.0,,2.0,2.0,0
133083.0,78.0,1.49,27.8,107.8,115.0,55.0,200.0,34.0,8.6,1.17,141.0,8.6,16.8,213.0,13.9,1.35,353.0,8.0,54.0,14.55,10.0,10.0,240.0,1.0,1.0,1.0,2.0,,1.0,1.0,1.0,1.0,1.0,4.0,0
133084.0,63.0,,,,153.0,84.0,205.0,84.0,4.9,0.23,133.0,4.7,13.8,146.0,14.7,1.13,87.0,6.2,79.0,80.89,7.5,7.5,420.0,1.0,4.0,5.0,2.0,,2.0,1.0,2.0,1.0,2.0,4.0,0
133089.0,39.0,1.77,22.3,80.0,105.0,69.0,186.0,77.0,5.2,1.69,139.0,5.7,12.3,198.0,13.0,0.66,58.0,2.9,80.0,12.62,5.5,7.5,120.0,2.0,2.0,5.0,2.0,,2.0,2.0,2.0,,2.0,1.0,0
133090.0,77.0,5.0,28.7,107.1,121.0,79.0,188.0,41.0,5.2,4.43,141.0,7.9,14.5,268.0,13.1,1.06,184.0,7.2,77.0,18.53,8.0,8.0,300.0,1.0,3.0,5.0,1.0,3.0,2.0,2.0,2.0,,2.0,3.0,0
133093.0,61.0,5.0,22.4,82.5,128.0,84.0,211.0,74.0,5.4,0.62,141.0,9.4,13.3,281.0,12.9,0.8,84.0,4.3,90.0,13.18,7.5,9.0,180.0,2.0,2.0,5.0,2.0,,2.0,2.0,1.0,,1.0,2.0,0
133095.0,54.0,3.68,29.9,98.5,118.0,81.0,173.0,66.0,6.1,1.78,139.0,9.4,13.0,476.0,13.9,0.82,121.0,4.1,96.0,1.17,8.5,9.0,240.0,2.0,3.0,3.0,1.0,3.0,2.0,2.0,1.0,,1.0,2.0,0
133096.0,69.0,5.0,29.6,101.3,129.0,71.0,187.0,48.0,5.6,0.81,140.0,5.9,14.2,166.0,13.6,0.99,146.0,5.3,102.0,6.15,7.0,7.0,180.0,1.0,2.0,5.0,2.0,,2.0,1.0,2.0,1.0,1.0,2.0,1
133097.0,80.0,0.95,32.4,119.0,102.0,63.0,156.0,42.0,8.0,8.36,139.0,10.2,14.8,233.0,14.2,1.0,214.0,7.3,116.0,20.96,7.0,7.0,300.0,2.0,7.0,4.0,1.0,3.0,1.0,1.0,1.0,1.0,1.0,2.0,0
133098.0,71.0,2.21,34.2,124.3,120.0,76.0,188.0,51.0,5.7,3.6,139.0,4.9,14.2,193.0,13.5,1.25,69.0,5.2,105.0,6.23,6.0,6.0,480.0,1.0,7.0,5.0,1.0,3.0,2.0,2.0,2.0,,2.0,1.0,0
133099.0,65.0,1.12,35.8,,140.0,82.0,186.0,57.0,6.6,1.11,142.0,5.8,12.8,205.0,13.9,0.65,126.0,4.6,130.0,7.55,6.0,11.0,200.0,2.0,2.0,2.0,2.0,,2.0,1.0,1.0,1.0,1.0,4.0,0
133100.0,63.0,1.77,22.2,81.6,115.0,78.0,217.0,68.0,5.3,1.65,140.0,4.8,12.8,155.0,13.1,0.83,76.0,4.8,82.0,48.76,7.0,7.0,360.0,2.0,3.0,4.0,2.0,,2.0,1.0,1.0,1.0,2.0,3.0,0
133101.0,45.0,1.52,54.2,171.0,114.0,83.0,89.0,49.0,5.8,76.44,134.0,13.4,12.2,271.0,15.1,0.97,108.0,9.1,118.0,6.5,8.0,8.0,780.0,1.0,3.0,4.0,1.0,3.0,2.0,1.0,1.0,9.0,2.0,5.0,1
133104.0,62.0,1.13,41.0,119.8,161.0,87.0,154.0,63.0,5.3,5.95,141.0,5.6,14.0,205.0,14.7,1.01,115.0,5.1,97.0,4.34,7.0,9.0,240.0,2.0,4.0,4.0,2.0,,2.0,1.0,1.0,1.0,1.0,3.0,0
133106.0,66.0,4.95,25.0,89.8,116.0,68.0,267.0,88.0,5.3,0.47,133.0,5.8,12.5,315.0,13.0,0.73,102.0,3.2,94.0,12.52,6.0,7.0,660.0,2.0,3.0,3.0,2.0,,2.0,2.0,1.0,,2.0,2.0,0
133108.0,45.0,2.82,39.0,129.2,123.0,73.0,224.0,54.0,5.6,6.45,142.0,9.8,14.3,263.0,14.8,0.78,254.0,6.2,126.0,17.79,9.5,10.0,840.0,1.0,3.0,5.0,2.0,,1.0,2.0,1.0,,2.0,5.0,0
133109.0,69.0,2.21,23.2,78.7,134.0,65.0,171.0,56.0,5.5,1.32,140.0,7.0,15.8,247.0,14.4,0.58,78.0,4.9,84.0,10.21,,,600.0,2.0,3.0,3.0,1.0,1.0,2.0,2.0,2.0,,2.0,4.0,0
133111.0,61.0,2.98,42.9,138.5,138.0,99.0,163.0,38.0,10.3,26.12,135.0,12.0,14.7,304.0,12.7,0.58,146.0,5.1,170.0,28.22,8.0,9.0,480.0,2.0,3.0,3.0,1.0,3.0,2.0,1.0,2.0,2.0,2.0,3.0,0
133112.0,37.0,5.0,30.0,96.2,105.0,76.0,166.0,52.0,4.9,0.49,141.0,6.6,15.0,294.0,13.0,1.03,95.0,4.9,101.0,3.83,8.5,9.5,240.0,1.0,1.0,5.0,2.0,,2.0,2.0,2.0,,2.0,3.0,0
133113.0,37.0,,39.2,128.7,117.0,78.0,133.0,36.0,5.3,2.92,136.0,7.1,12.9,297.0,13.1,0.68,108.0,4.1,97.0,6.34,7.0,10.0,600.0,2.0,3.0,3.0,2.0,,2.0,2.0,2.0,,2.0,3.0,0
133114.0,69.0,2.31,27.1,100.2,132.0,81.0,163.0,57.0,5.5,1.13,141.0,4.9,12.4,271.0,13.7,1.53,113.0,7.5,106.0,7.46,8.0,11.0,720.0,1.0,4.0,3.0,1.0,3.0,2.0,1.0,2.0,1.0,1.0,5.0,1
133115.0,43.0,5.0,28.2,97.9,119.0,70.0,190.0,92.0,4.9,2.07,139.0,6.7,14.3,197.0,13.1,0.61,60.0,3.5,94.0,8.32,8.0,9.5,600.0,2.0,1.0,5.0,2.0,,2.0,2.0,2.0,,2.0,2.0,0
133116.0,53.0,,22.9,83.7,115.0,67.0,205.0,62.0,4.7,1.54,141.0,5.9,13.0,193.0,12.5,1.01,107.0,4.6,93.0,7.65,8.0,11.0,60.0,1.0,2.0,5.0,2.0,,2.0,1.0,2.0,2.0,2.0,2.0,0
133123.0,80.0,4.97,28.9,110.4,152.0,97.0,90.0,47.0,5.6,1.16,141.0,6.0,13.9,135.0,14.9,1.14,78.0,3.2,111.0,28.41,7.0,7.0,300.0,1.0,3.0,4.0,2.0,,1.0,1.0,2.0,1.0,2.0,4.0,1
133125.0,40.0,5.0,33.6,110.0,147.0,94.0,228.0,46.0,6.0,0.99,140.0,4.3,16.3,242.0,13.4,0.94,161.0,5.6,96.0,9.13,7.5,10.0,300.0,1.0,4.0,5.0,2.0,,2.0,2.0,2.0,,2.0,3.0,0
133127.0,21.0,5.0,28.2,83.0,102.0,65.0,171.0,66.0,5.1,0.68,139.0,4.5,12.9,266.0,13.1,0.79,60.0,3.7,86.0,3.98,8.5,9.0,360.0,2.0,3.0,3.0,2.0,,2.0,2.0,2.0,,2.0,1.0,0
133129.0,80.0,0.69,33.8,98.2,144.0,88.0,188.0,67.0,5.2,0.44,139.0,4.8,12.0,135.0,14.0,0.77,61.0,3.9,89.0,11.32,8.0,4.0,120.0,2.0,4.0,5.0,2.0,,2.0,1.0,2.0,1.0,2.0,3.0,0
133130.0,61.0,,21.5,84.3,113.0,68.0,258.0,46.0,5.7,1.31,142.0,6.7,13.9,342.0,12.3,0.64,159.0,3.8,99.0,12.27,7.0,7.0,720.0,2.0,7.0,4.0,1.0,3.0,2.0,1.0,1.0,1.0,1.0,3.0,0
133133.0,32.0,,40.7,120.5,126.0,93.0,216.0,53.0,5.2,1.87,138.0,9.0,15.2,322.0,13.2,1.33,47.0,7.5,94.0,4.67,8.5,7.5,360.0,1.0,4.0,5.0,2.0,,2.0,2.0,2.0,,2.0,2.0,0
133134.0,28.0,2.19,29.9,110.9,117.0,76.0,172.0,57.0,5.2,0.94,142.0,6.1,16.0,287.0,12.6,0.94,142.0,6.8,98.0,3.39,7.0,7.5,960.0,1.0,3.0,4.0,1.0,3.0,2.0,2.0,2.0,,2.0,3.0,0
133135.0,61.0,0.03,32.6,108.0,127.0,79.0,226.0,42.0,6.3,9.45,139.0,9.1,15.2,326.0,16.3,1.43,93.0,8.3,101.0,53.02,10.0,6.0,60.0,1.0,4.0,3.0,1.0,2.0,2.0,1.0,1.0,1.0,1.0,3.0,0
133139.0,80.0,2.87,28.6,104.4,119.0,70.0,123.0,46.0,5.2,0.78,144.0,5.6,13.5,158.0,15.2,1.84,114.0,8.7,77.0,7.33,8.0,9.0,360.0,1.0,4.0,4.0,2.0,,2.0,1.0,1.0,1.0,1.0,3.0,1
133140.0,52.0,4.56,26.3,99.0,120.0,72.0,192.0,60.0,5.4,1.24,139.0,9.5,12.3,300.0,13.2,0.84,101.0,4.3,87.0,4.59,8.0,10.0,240.0,2.0,3.0,5.0,1.0,3.0,2.0,2.0,2.0,,2.0,2.0,0
133143.0,31.0,0.58,27.6,93.2,115.0,83.0,237.0,66.0,5.2,0.46,140.0,5.7,13.9,179.0,13.1,0.75,99.0,5.1,86.0,9.24,9.5,10.0,360.0,2.0,2.0,1.0,2.0,,2.0,1.0,2.0,1.0,2.0,2.0,0
133144.0,46.0,5.0,32.4,115.3,118.0,70.0,175.0,53.0,5.2,0.62,140.0,6.0,15.9,237.0,13.3,0.92,131.0,5.6,97.0,3.73,7.0,8.0,600.0,1.0,3.0,5.0,1.0,3.0,2.0,2.0,1.0,,1.0,3.0,0
133147.0,67.0,2.19,27.7,96.9,124.0,76.0,187.0,71.0,5.6,4.16,139.0,6.0,13.0,364.0,14.8,,76.0,,82.0,6.8,7.5,9.5,120.0,2.0,3.0,4.0,2.0,,2.0,2.0,1.0,,1.0,2.0,0
133150.0,24.0,4.34,25.4,86.9,100.0,65.0,216.0,83.0,5.6,2.77,136.0,8.2,12.3,293.0,16.2,0.76,80.0,3.4,83.0,6.39,8.5,9.0,240.0,2.0,4.0,3.0,2.0,,2.0,2.0,2.0,,2.0,3.0,0
133151.0,80.0,5.0,22.8,91.4,165.0,62.0,146.0,63.0,5.6,0.52,141.0,5.8,13.5,258.0,13.3,0.74,80.0,3.1,102.0,8.54,7.5,7.5,300.0,2.0,3.0,3.0,1.0,3.0,2.0,2.0,1.0,,1.0,4.0,0
133153.0,24.0,2.94,22.7,87.7,109.0,68.0,161.0,51.0,5.2,0.23,142.0,5.2,14.5,245.0,13.1,0.96,44.0,6.0,102.0,4.36,6.5,8.0,240.0,1.0,3.0,3.0,2.0,,2.0,2.0,2.0,,2.0,3.0,0
133156.0,71.0,0.75,33.9,116.3,130.0,84.0,235.0,39.0,6.7,34.01,141.0,5.6,13.7,256.0,15.9,1.82,165.0,9.0,132.0,22.15,8.5,8.0,600.0,1.0,4.0,3.0,1.0,3.0,2.0,1.0,2.0,2.0,2.0,3.0,0
133159.0,63.0,3.69,26.4,88.5,108.0,65.0,207.0,78.0,6.2,0.22,142.0,3.2,12.0,264.0,15.3,0.51,46.0,3.0,108.0,5.23,8.0,8.0,120.0,2.0,4.0,4.0,2.0,,2.0,1.0,2.0,1.0,2.0,3.0,0
133160.0,75.0,5.0,29.8,116.8,132.0,75.0,187.0,60.0,8.2,2.88,139.0,6.0,14.4,312.0,14.1,0.78,52.0,6.1,243.0,0.91,8.5,8.5,660.0,1.0,3.0,5.0,2.0,,2.0,1.0,2.0,2.0,2.0,1.0,0
133161.0,51.0,,24.6,94.7,120.0,71.0,192.0,42.0,5.7,1.21,139.0,8.0,11.7,328.0,17.1,0.66,116.0,3.6,76.0,3.0,6.0,9.5,480.0,2.0,3.0,3.0,2.0,,2.0,1.0,2.0,1.0,2.0,3.0,0
133167.0,43.0,3.96,42.4,134.6,127.0,85.0,275.0,32.0,6.2,1.72,138.0,7.4,15.7,251.0,14.3,1.02,634.0,8.0,87.0,6.23,7.0,8.0,720.0,1.0,3.0,4.0,1.0,1.0,2.0,2.0,1.0,,2.0,3.0,0
133169.0,48.0,5.0,24.5,86.5,112.0,71.0,155.0,77.0,5.1,0.36,133.0,3.4,11.5,290.0,13.1,0.84,42.0,3.5,90.0,41.94,6.5,9.0,300.0,2.0,3.0,5.0,1.0,3.0,2.0,2.0,2.0,,2.0,3.0,0
133170.0,67.0,4.56,28.1,92.8,132.0,66.0,222.0,62.0,7.3,3.8,140.0,6.5,12.8,290.0,13.4,0.76,135.0,5.1,150.0,17.77,7.0,8.0,360.0,2.0,3.0,4.0,2.0,,1.0,1.0,1.0,1.0,1.0,2.0,0
133171.0,55.0,5.0,32.2,115.0,125.0,80.0,182.0,48.0,6.2,2.11,138.0,7.2,15.3,196.0,14.5,1.15,119.0,5.8,117.0,4.21,5.0,7.5,480.0,1.0,6.0,5.0,2.0,,1.0,1.0,2.0,1.0,2.0,3.0,0
133172.0,60.0,0.57,31.8,126.0,111.0,63.0,150.0,35.0,6.0,3.33,141.0,7.5,12.2,193.0,15.3,1.9,78.0,5.6,80.0,24.33,9.0,7.0,180.0,1.0,7.0,2.0,1.0,1.0,1.0,1.0,1.0,1.0,1.0,4.0,1
133174.0,39.0,,23.8,87.6,116.0,70.0,177.0,43.0,5.2,2.91,140.0,7.7,14.0,286.0,12.9,0.96,98.0,4.4,90.0,4.07,8.5,8.5,120.0,1.0,2.0,5.0,2.0,,2.0,2.0,2.0,,2.0,1.0,0
133177.0,63.0,1.03,26.5,90.5,106.0,63.0,237.0,40.0,5.4,0.5,140.0,4.7,13.8,197.0,13.7,1.05,221.0,4.6,88.0,4.53,8.0,8.0,120.0,1.0,2.0,3.0,1.0,3.0,2.0,2.0,1.0,,2.0,4.0,1
133178.0,80.0,4.92,26.9,108.3,147.0,95.0,183.0,41.0,5.7,3.57,140.0,6.7,14.3,301.0,14.7,1.06,143.0,7.8,95.0,10.97,9.0,9.0,240.0,2.0,3.0,4.0,2.0,,2.0,2.0,2.0,,2.0,2.0,0
133179.0,45.0,2.0,28.4,97.5,108.0,64.0,267.0,38.0,5.7,0.8,140.0,6.8,15.5,195.0,13.2,1.13,138.0,7.0,95.0,3.02,7.0,8.0,240.0,1.0,1.0,3.0,1.0,1.0,2.0,2.0,2.0,,2.0,3.0,0
133182.0,37.0,,34.2,123.2,120.0,84.0,164.0,41.0,5.3,3.48,139.0,7.5,14.9,337.0,13.6,1.04,158.0,7.0,92.0,4.36,8.0,9.0,600.0,1.0,3.0,5.0,2.0,,2.0,2.0,2.0,,2.0,3.0,0
133183.0,66.0,0.77,36.6,,124.0,85.0,144.0,44.0,6.2,7.46,143.0,6.4,12.0,277.0,15.6,2.11,143.0,7.6,68.0,181.45,6.0,6.0,420.0,2.0,4.0,2.0,1.0,1.0,2.0,1.0,2.0,1.0,2.0,3.0,0
133184.0,56.0,1.51,27.9,110.0,142.0,103.0,158.0,49.0,5.2,0.58,140.0,8.6,16.2,244.0,14.0,0.82,84.0,5.1,101.0,9.05,5.0,5.0,360.0,1.0,3.0,2.0,1.0,3.0,2.0,1.0,1.0,1.0,1.0,3.0,1
133185.0,69.0,4.37,26.1,98.2,146.0,78.0,190.0,56.0,5.5,2.27,140.0,7.6,14.4,201.0,13.5,1.06,80.0,4.8,82.0,4.28,6.0,7.0,240.0,1.0,3.0,4.0,1.0,3.0,2.0,1.0,1.0,1.0,2.0,1.0,0
133188.0,80.0,1.5,31.1,118.3,224.0,91.0,148.0,59.0,6.7,5.86,140.0,13.3,15.1,204.0,16.1,1.31,222.0,5.5,140.0,37.69,7.0,7.0,300.0,2.0,3.0,3.0,1.0,1.0,2.0,1.0,1.0,1.0,1.0,5.0,1
133191.0,58.0,3.3,39.3,134.0,154.0,76.0,125.0,41.0,6.9,0.22,141.0,5.6,13.6,240.0,13.5,0.81,167.0,4.7,203.0,12.08,7.5,11.0,360.0,2.0,3.0,3.0,2.0,,1.0,1.0,1.0,1.0,1.0,4.0,1
133192.0,68.0,5.0,27.4,96.1,133.0,73.0,180.0,60.0,7.4,1.73,139.0,3.0,10.4,291.0,15.4,0.73,55.0,3.6,101.0,9.61,7.5,7.0,480.0,2.0,4.0,4.0,2.0,,1.0,1.0,2.0,1.0,1.0,4.0,1
133193.0,70.0,1.62,21.4,84.1,125.0,62.0,126.0,54.0,5.2,1.79,142.0,5.4,12.1,252.0,19.5,1.59,106.0,4.7,98.0,14.2,8.0,9.0,300.0,1.0,4.0,2.0,1.0,1.0,2.0,1.0,1.0,1.0,1.0,3.0,1
133194.0,32.0,2.61,28.6,90.5,103.0,67.0,162.0,56.0,5.6,9.35,137.0,6.6,11.9,357.0,14.4,0.83,61.0,2.8,82.0,6.58,7.5,9.0,360.0,2.0,4.0,5.0,2.0,,2.0,2.0,2.0,,2.0,2.0,0
133206.0,69.0,3.39,24.1,82.9,110.0,70.0,200.0,70.0,5.5,0.99,141.0,2.2,13.3,191.0,14.5,0.93,109.0,4.6,89.0,12.52,10.0,10.0,360.0,2.0,3.0,5.0,2.0,,2.0,2.0,1.0,,2.0,3.0,0
133208.0,57.0,5.0,34.7,112.7,127.0,79.0,180.0,51.0,6.7,1.86,139.0,6.0,14.4,208.0,14.6,1.0,65.0,5.9,101.0,5.53,4.0,6.0,300.0,1.0,4.0,4.0,2.0,,1.0,1.0,1.0,1.0,1.0,3.0,0
133209.0,66.0,5.0,22.5,81.4,111.0,80.0,259.0,52.0,5.3,1.61,142.0,9.7,14.8,314.0,12.0,0.92,224.0,6.0,89.0,4.64,8.0,8.0,360.0,2.0,3.0,5.0,1.0,3.0,2.0,2.0,1.0,,2.0,3.0,0
133211.0,58.0,5.0,26.5,100.5,117.0,92.0,276.0,66.0,5.6,1.42,141.0,7.7,15.8,252.0,12.7,1.0,146.0,6.6,106.0,7.65,10.0,10.0,120.0,1.0,3.0,5.0,1.0,3.0,2.0,2.0,1.0,,1.0,2.0,0
133212.0,58.0,0.66,21.1,81.0,119.0,73.0,257.0,85.0,5.5,0.11,138.0,4.6,13.2,265.0,14.4,0.65,77.0,4.5,84.0,7.87,4.0,4.0,60.0,2.0,3.0,5.0,2.0,,2.0,2.0,2.0,,2.0,3.0,0
133215.0,76.0,5.0,22.4,87.5,126.0,78.0,174.0,57.0,6.0,1.06,141.0,4.9,15.6,214.0,13.7,0.93,108.0,5.3,105.0,8.42,7.0,7.0,720.0,1.0,6.0,5.0,1.0,3.0,2.0,2.0,1.0,,1.0,5.0,1
133216.0,51.0,5.0,35.7,110.3,143.0,100.0,183.0,44.0,6.2,1.84,138.0,13.1,14.2,304.0,13.7,0.73,162.0,4.6,90.0,11.35,8.0,10.0,720.0,2.0,3.0,4.0,2.0,,2.0,2.0,1.0,,1.0,3.0,0
133218.0,65.0,2.62,24.8,93.7,133.0,80.0,139.0,35.0,6.2,5.94,139.0,8.2,14.7,180.0,13.7,0.83,145.0,5.3,92.0,37.89,8.0,8.0,480.0,1.0,3.0,4.0,1.0,1.0,1.0,2.0,1.0,,1.0,3.0,0
133221.0,74.0,3.06,31.0,117.2,131.0,66.0,215.0,36.0,5.6,2.45,139.0,4.3,13.8,256.0,14.4,2.38,87.0,3.9,109.0,12.89,7.0,7.0,300.0,1.0,3.0,4.0,2.0,,1.0,2.0,1.0,,2.0,3.0,0
133222.0,46.0,,25.1,87.8,101.0,61.0,159.0,56.0,5.6,1.83,140.0,7.9,14.3,335.0,12.8,0.6,56.0,4.0,95.0,6.66,6.5,9.0,120.0,2.0,2.0,3.0,1.0,2.0,2.0,2.0,2.0,,2.0,3.0,0
133223.0,32.0,,27.7,87.7,102.0,65.0,141.0,51.0,5.5,0.4,137.0,8.2,12.1,209.0,13.2,0.84,76.0,3.9,91.0,6.01,9.5,10.0,120.0,2.0,2.0,2.0,2.0,,2.0,2.0,2.0,,2.0,3.0,0
133224.0,73.0,,28.3,98.5,142.0,80.0,292.0,51.0,5.4,5.25,138.0,10.5,14.6,481.0,15.0,0.58,334.0,3.0,96.0,45.7,9.0,9.0,240.0,2.0,3.0,2.0,1.0,3.0,2.0,2.0,1.0,,2.0,3.0,0
133229.0,32.0,,18.7,,99.0,63.0,183.0,91.0,4.9,0.11,137.0,6.0,12.2,210.0,13.6,0.82,74.0,3.1,77.0,,8.5,9.0,720.0,2.0,4.0,5.0,2.0,,2.0,2.0,2.0,,2.0,2.0,0
133230.0,44.0,3.15,26.2,91.0,102.0,55.0,116.0,52.0,4.7,0.54,142.0,6.7,12.9,329.0,13.3,0.74,54.0,4.1,88.0,8.79,4.5,9.0,180.0,1.0,1.0,2.0,2.0,,3.0,1.0,1.0,2.0,2.0,3.0,0
133233.0,65.0,0.88,30.7,,135.0,79.0,214.0,77.0,5.9,0.64,143.0,4.5,11.1,260.0,14.4,0.89,64.0,4.7,90.0,7.3,6.5,10.0,240.0,2.0,4.0,2.0,1.0,3.0,2.0,1.0,1.0,1.0,1.0,3.0,0
133235.0,36.0,2.17,24.3,92.5,118.0,71.0,159.0,57.0,4.9,0.57,143.0,6.3,16.5,258.0,12.7,0.75,61.0,4.0,97.0,4.42,7.0,9.0,360.0,1.0,7.0,3.0,2.0,,2.0,2.0,2.0,,2.0,2.0,0
133236.0,60.0,3.02,25.2,96.6,120.0,90.0,222.0,63.0,5.3,2.15,142.0,6.1,15.4,244.0,13.9,0.78,90.0,3.9,90.0,6.12,7.0,8.0,240.0,1.0,3.0,5.0,1.0,3.0,2.0,2.0,1.0,,2.0,3.0,0
133243.0,44.0,5.0,22.6,81.7,116.0,79.0,151.0,55.0,5.6,3.01,136.0,6.5,10.7,320.0,15.2,0.65,140.0,3.2,89.0,10.66,7.0,8.0,480.0,2.0,6.0,5.0,2.0,,2.0,2.0,2.0,,2.0,2.0,0
133246.0,62.0,4.56,24.8,90.1,137.0,93.0,269.0,103.0,5.2,0.58,140.0,5.9,14.2,253.0,12.6,0.64,93.0,3.3,87.0,1.4,6.5,6.5,540.0,2.0,3.0,5.0,2.0,,2.0,2.0,2.0,,2.0,3.0,0
133249.0,41.0,0.72,25.6,83.1,107.0,66.0,114.0,43.0,5.7,7.75,143.0,5.0,14.5,199.0,15.7,0.98,95.0,6.4,81.0,9.17,7.0,3.0,480.0,1.0,4.0,4.0,1.0,1.0,2.0,1.0,2.0,2.0,2.0,3.0,0
133250.0,57.0,0.99,31.1,106.2,103.0,66.0,205.0,33.0,5.4,5.99,138.0,5.5,13.2,271.0,13.7,0.66,333.0,4.9,96.0,9.39,6.0,7.0,300.0,2.0,1.0,4.0,2.0,,2.0,2.0,2.0,,2.0,3.0,0
133251.0,68.0,,23.4,87.4,113.0,65.0,179.0,57.0,5.6,0.26,140.0,5.7,15.0,222.0,13.6,1.02,91.0,4.0,99.0,0.49,8.0,8.0,180.0,1.0,3.0,3.0,2.0,,2.0,2.0,1.0,,1.0,3.0,0
133255.0,52.0,5.0,25.6,93.2,138.0,87.0,254.0,77.0,5.6,1.41,138.0,7.4,15.2,260.0,13.3,1.0,145.0,6.3,87.0,6.75,8.5,8.5,360.0,1.0,3.0,5.0,2.0,,2.0,2.0,1.0,,2.0,2.0,0
133261.0,79.0,2.58,27.7,95.6,116.0,71.0,222.0,92.0,5.4,2.96,141.0,6.3,13.7,270.0,13.0,0.71,98.0,4.0,96.0,21.34,7.5,7.5,540.0,2.0,3.0,3.0,2.0,,2.0,2.0,1.0,,2.0,1.0,0
133262.0,21.0,0.37,22.6,79.9,121.0,65.0,157.0,75.0,5.3,1.19,142.0,7.2,13.7,387.0,13.1,0.76,36.0,4.0,99.0,4.8,9.0,9.0,480.0,2.0,3.0,4.0,2.0,,2.0,2.0,2.0,,2.0,3.0,0
133263.0,34.0,1.6,49.4,152.2,122.0,97.0,174.0,36.0,5.4,7.03,140.0,8.7,14.7,335.0,13.2,0.8,170.0,4.7,102.0,4.17,7.0,7.0,600.0,1.0,3.0,3.0,2.0,,2.0,1.0,2.0,1.0,2.0,4.0,0
133265.0,55.0,5.0,40.9,127.0,109.0,73.0,190.0,45.0,5.8,2.95,135.0,5.2,11.9,224.0,18.2,1.03,113.0,5.5,78.0,5.05,6.0,8.0,720.0,1.0,2.0,4.0,1.0,3.0,2.0,1.0,2.0,1.0,2.0,3.0,0
133270.0,60.0,,39.7,124.8,161.0,89.0,178.0,55.0,5.9,0.71,139.0,8.5,16.9,215.0,14.8,0.85,61.0,7.3,139.0,48.7,7.0,14.0,240.0,1.0,3.0,4.0,1.0,1.0,2.0,1.0,1.0,1.0,2.0,4.0,1
133271.0,80.0,2.16,25.3,96.3,117.0,61.0,148.0,69.0,6.6,0.97,141.0,12.9,12.9,179.0,14.4,0.73,72.0,5.1,98.0,9.3,11.0,11.0,240.0,2.0,2.0,5.0,2.0,,2.0,2.0,2.0,,1.0,3.0,0
133273.0,59.0,1.92,35.5,113.9,110.0,59.0,176.0,49.0,5.7,2.67,137.0,7.4,13.3,218.0,14.0,0.8,153.0,5.2,90.0,1.17,8.0,8.0,600.0,2.0,3.0,3.0,1.0,1.0,2.0,1.0,1.0,1.0,1.0,3.0,0
133277.0,60.0,5.0,27.4,93.5,110.0,70.0,197.0,62.0,5.3,6.41,139.0,2.2,12.5,121.0,14.2,0.74,80.0,4.9,97.0,4.31,7.5,9.0,300.0,2.0,3.0,5.0,2.0,,2.0,2.0,2.0,,2.0,3.0,0
133278.0,80.0,0.81,28.3,95.8,109.0,70.0,150.0,53.0,5.7,0.74,140.0,6.3,14.1,159.0,13.3,0.92,124.0,6.1,88.0,9.4,8.0,8.0,600.0,2.0,6.0,1.0,1.0,3.0,3.0,1.0,1.0,2.0,1.0,4.0,1
133279.0,54.0,0.49,32.3,105.9,144.0,95.0,185.0,51.0,6.2,2.4,140.0,5.9,14.3,174.0,18.9,0.8,133.0,6.8,112.0,7.82,11.0,13.0,300.0,1.0,4.0,3.0,2.0,,2.0,2.0,2.0,,2.0,2.0,0
133283.0,73.0,5.0,20.5,77.0,108.0,72.0,176.0,90.0,5.9,0.34,141.0,4.8,12.7,237.0,15.1,0.76,46.0,3.8,89.0,21.87,8.5,8.5,300.0,2.0,3.0,5.0,2.0,,2.0,2.0,1.0,,1.0,3.0,0
133284.0,36.0,2.41,45.7,126.1,133.0,92.0,179.0,37.0,7.0,37.75,137.0,6.8,10.4,333.0,18.3,0.89,225.0,7.2,123.0,48.2,6.0,8.0,120.0,2.0,4.0,4.0,2.0,,2.0,2.0,2.0,,2.0,2.0,0
133287.0,71.0,3.43,35.5,126.5,111.0,58.0,161.0,39.0,6.1,3.69,138.0,9.7,14.5,383.0,14.6,0.98,143.0,5.8,109.0,12.06,8.0,8.0,480.0,1.0,3.0,5.0,1.0,3.0,2.0,1.0,1.0,1.0,1.0,3.0,0
133289.0,28.0,1.37,24.1,91.1,105.0,73.0,195.0,71.0,5.4,0.59,143.0,5.8,12.5,327.0,17.1,0.75,93.0,5.5,83.0,10.54,10.0,10.0,60.0,2.0,3.0,4.0,2.0,,2.0,2.0,2.0,,2.0,3.0,0
133291.0,68.0,5.0,30.4,116.8,134.0,81.0,206.0,63.0,5.9,3.43,139.0,6.0,15.8,213.0,12.5,0.87,239.0,6.9,109.0,8.14,7.0,8.0,600.0,1.0,3.0,5.0,1.0,3.0,2.0,1.0,1.0,1.0,1.0,4.0,0
133293.0,68.0,,34.8,124.3,120.0,67.0,148.0,54.0,5.0,1.97,139.0,6.4,14.6,222.0,15.0,1.02,78.0,6.1,86.0,0.6,5.0,6.0,720.0,1.0,3.0,4.0,1.0,3.0,2.0,1.0,2.0,1.0,2.0,3.0,0
133298.0,42.0,5.0,23.6,76.8,119.0,85.0,180.0,62.0,4.9,1.75,137.0,5.7,14.0,277.0,13.1,,76.0,,75.0,6.69,7.0,8.5,180.0,2.0,3.0,5.0,2.0,,2.0,2.0,2.0,,2.0,2.0,0
133299.0,57.0,0.4,24.3,96.5,101.0,63.0,190.0,53.0,5.7,4.82,144.0,10.6,14.1,279.0,12.7,1.12,246.0,4.6,105.0,6.37,9.5,9.5,360.0,2.0,7.0,2.0,1.0,1.0,2.0,2.0,2.0,,2.0,4.0,1
133300.0,54.0,5.0,24.8,93.9,127.0,76.0,209.0,48.0,5.2,0.46,133.0,4.8,15.0,215.0,12.4,0.86,96.0,4.3,100.0,6.36,6.5,8.0,300.0,1.0,3.0,5.0,2.0,,2.0,2.0,2.0,,2.0,1.0,0
133302.0,66.0,5.0,21.7,86.6,123.0,75.0,240.0,66.0,5.6,1.42,143.0,4.8,13.2,275.0,13.1,0.6,159.0,4.2,100.0,18.41,8.0,8.0,360.0,2.0,6.0,3.0,2.0,,2.0,2.0,1.0,,2.0,3.0,0
133303.0,71.0,5.0,28.4,94.0,109.0,74.0,176.0,78.0,5.8,0.86,140.0,8.3,14.2,314.0,13.7,0.85,61.0,4.1,92.0,6.96,7.0,7.0,600.0,2.0,3.0,3.0,1.0,1.0,1.0,1.0,1.0,1.0,1.0,2.0,0
133305.0,39.0,4.46,25.8,86.6,112.0,75.0,223.0,80.0,5.0,0.63,143.0,9.5,13.8,254.0,12.7,0.73,64.0,4.1,87.0,1.0,8.0,10.0,120.0,2.0,3.0,5.0,1.0,2.0,2.0,2.0,2.0,,2.0,1.0,0
133310.0,63.0,1.86,33.5,107.7,92.0,48.0,144.0,29.0,8.5,16.25,136.0,10.5,11.7,399.0,13.4,1.08,438.0,8.2,143.0,15.52,9.5,10.0,360.0,2.0,3.0,4.0,1.0,1.0,1.0,1.0,1.0,1.0,1.0,4.0,0
133311.0,40.0,5.0,19.9,76.7,105.0,67.0,179.0,48.0,5.2,0.39,139.0,3.9,13.5,223.0,13.7,0.85,80.0,5.4,91.0,6.76,8.0,8.5,360.0,1.0,6.0,5.0,2.0,,2.0,2.0,1.0,,2.0,2.0,0
133315.0,76.0,5.0,22.2,88.2,106.0,59.0,168.0,51.0,5.7,0.61,141.0,8.2,16.0,154.0,14.0,1.19,129.0,6.1,87.0,4.93,8.5,8.5,240.0,1.0,3.0,5.0,1.0,3.0,2.0,2.0,1.0,,2.0,1.0,0
133316.0,61.0,4.92,43.0,122.3,112.0,86.0,220.0,52.0,6.5,4.77,140.0,7.4,15.0,325.0,13.9,0.72,200.0,7.1,103.0,7.25,9.0,9.0,360.0,2.0,3.0,1.0,2.0,,1.0,1.0,1.0,1.0,2.0,3.0,0
133317.0,41.0,5.0,25.2,92.6,139.0,89.0,229.0,53.0,6.0,2.73,140.0,6.0,14.5,264.0,13.3,0.9,133.0,6.8,95.0,5.12,8.0,9.0,240.0,1.0,3.0,5.0,2.0,,2.0,2.0,2.0,,2.0,3.0,0
133318.0,63.0,2.85,23.7,89.5,116.0,64.0,254.0,66.0,5.3,0.52,141.0,6.2,15.0,186.0,13.4,0.78,113.0,5.6,110.0,7.83,8.0,8.0,360.0,1.0,3.0,4.0,1.0,3.0,2.0,2.0,2.0,,2.0,1.0,0
133320.0,47.0,5.0,32.7,109.6,131.0,86.0,210.0,63.0,5.0,0.59,140.0,6.0,16.1,239.0,14.5,1.04,46.0,5.8,86.0,15.55,8.0,9.0,300.0,1.0,3.0,5.0,1.0,3.0,2.0,2.0,1.0,,2.0,2.0,0
133324.0,63.0,3.82,22.8,81.0,111.0,61.0,155.0,66.0,6.3,0.58,144.0,6.7,13.7,224.0,14.1,0.91,78.0,5.7,104.0,5.91,8.0,8.0,240.0,2.0,3.0,4.0,1.0,2.0,2.0,2.0,1.0,,1.0,3.0,0
133325.0,40.0,5.0,28.6,100.3,125.0,77.0,201.0,52.0,5.1,0.62,140.0,6.1,14.3,340.0,13.5,0.73,57.0,6.7,106.0,4.75,6.5,6.0,360.0,1.0,1.0,5.0,1.0,3.0,2.0,1.0,2.0,1.0,2.0,3.0,0
133329.0,55.0,5.0,30.0,111.2,112.0,79.0,198.0,46.0,5.6,1.83,140.0,9.2,14.4,288.0,13.9,1.06,129.0,8.6,81.0,0.81,8.5,8.5,480.0,1.0,3.0,5.0,1.0,2.0,3.0,2.0,2.0,,2.0,3.0,0
133334.0,75.0,5.0,32.1,109.2,102.0,67.0,182.0,43.0,5.8,1.12,138.0,6.5,13.9,238.0,13.9,1.77,101.0,7.2,94.0,6.28,9.5,10.0,240.0,1.0,3.0,4.0,1.0,3.0,2.0,1.0,2.0,1.0,1.0,3.0,1
133336.0,63.0,5.0,40.1,113.0,131.0,60.0,185.0,63.0,5.5,2.8,142.0,5.0,13.4,161.0,14.1,0.65,94.0,3.8,84.0,8.01,8.5,10.0,720.0,2.0,3.0,4.0,2.0,,1.0,1.0,1.0,1.0,1.0,2.0,0
133337.0,49.0,5.0,28.7,88.0,121.0,82.0,207.0,66.0,5.5,2.03,142.0,11.4,13.1,306.0,13.5,0.77,89.0,3.3,83.0,4.97,7.5,6.0,240.0,2.0,7.0,4.0,1.0,1.0,2.0,2.0,1.0,,1.0,2.0,0
133338.0,42.0,0.82,23.9,83.2,104.0,67.0,176.0,43.0,5.4,1.3,140.0,6.2,14.4,200.0,13.4,0.83,113.0,4.2,104.0,20.03,9.0,9.0,120.0,1.0,1.0,2.0,2.0,,2.0,2.0,2.0,,2.0,3.0,0
133340.0,80.0,4.05,22.8,84.0,134.0,78.0,136.0,50.0,5.9,2.62,144.0,4.8,12.8,100.0,14.4,0.82,55.0,4.9,114.0,20.24,4.0,4.0,240.0,2.0,3.0,5.0,2.0,,2.0,2.0,2.0,,2.0,1.0,1
133342.0,46.0,1.15,31.5,102.1,123.0,90.0,205.0,41.0,5.6,14.44,141.0,6.6,12.0,332.0,16.4,0.63,138.0,4.1,90.0,11.26,6.0,7.0,720.0,2.0,3.0,3.0,2.0,,2.0,1.0,2.0,2.0,2.0,3.0,0
133343.0,59.0,3.55,28.6,101.9,127.0,83.0,128.0,54.0,6.3,0.34,138.0,6.8,15.1,270.0,12.6,0.75,87.0,2.9,99.0,60.03,5.5,6.5,120.0,1.0,6.0,3.0,1.0,3.0,2.0,2.0,1.0,,1.0,2.0,0
133346.0,51.0,3.16,52.5,,133.0,85.0,192.0,60.0,5.8,6.43,142.0,6.6,15.1,187.0,14.2,0.71,143.0,7.0,89.0,13.65,3.0,4.5,300.0,2.0,1.0,4.0,2.0,,2.0,2.0,2.0,,2.0,4.0,0
133348.0,47.0,2.62,41.4,142.9,117.0,77.0,257.0,52.0,6.5,10.33,137.0,6.9,12.5,576.0,17.6,0.92,110.0,5.8,102.0,20.2,8.0,8.0,240.0,1.0,3.0,4.0,2.0,,2.0,2.0,1.0,,2.0,4.0,0
133350.0,67.0,5.0,25.3,99.3,128.0,72.0,130.0,47.0,5.6,0.24,141.0,4.8,14.4,260.0,12.8,0.9,84.0,7.1,111.0,35.85,8.5,9.5,300.0,1.0,3.0,4.0,2.0,,2.0,1.0,1.0,1.0,1.0,2.0,0
133352.0,22.0,5.0,41.6,131.7,101.0,70.0,148.0,39.0,5.0,3.45,139.0,8.5,15.1,287.0,14.0,0.81,126.0,6.4,85.0,11.9,8.0,7.5,300.0,1.0,3.0,3.0,2.0,,2.0,2.0,2.0,,2.0,4.0,0
133356.0,77.0,2.36,39.7,112.6,147.0,55.0,142.0,49.0,7.5,5.18,137.0,9.2,12.7,214.0,14.3,0.71,106.0,5.0,270.0,130.01,9.0,9.0,180.0,2.0,2.0,5.0,2.0,,1.0,1.0,1.0,1.0,1.0,3.0,0
133357.0,77.0,,30.9,114.6,136.0,78.0,158.0,35.0,5.2,2.06,142.0,6.3,14.0,195.0,14.2,1.1,169.0,7.0,87.0,12.7,8.0,7.5,240.0,1.0,3.0,5.0,1.0,3.0,2.0,1.0,2.0,1.0,2.0,2.0,0
133358.0,80.0,0.76,25.9,92.8,148.0,80.0,155.0,44.0,5.2,1.17,143.0,6.7,13.6,174.0,14.6,1.23,125.0,5.9,108.0,12.58,7.0,7.0,480.0,2.0,3.0,4.0,1.0,3.0,2.0,1.0,1.0,1.0,1.0,3.0,1
133360.0,55.0,5.0,19.8,83.8,123.0,69.0,239.0,109.0,5.1,0.46,141.0,4.5,13.8,244.0,12.6,0.76,62.0,4.9,81.0,9.03,9.0,9.0,360.0,2.0,3.0,5.0,2.0,,2.0,2.0,2.0,,2.0,1.0,0
133366.0,69.0,3.28,32.2,117.6,133.0,89.0,194.0,45.0,5.5,3.54,142.0,5.9,13.4,197.0,14.0,0.95,140.0,6.4,83.0,5.14,6.0,8.0,360.0,2.0,3.0,3.0,1.0,3.0,2.0,1.0,2.0,1.0,2.0,5.0,1
133369.0,63.0,5.0,20.5,77.2,96.0,63.0,228.0,66.0,5.9,1.04,141.0,6.4,13.5,293.0,12.8,0.62,95.0,4.7,107.0,5.79,6.0,6.0,300.0,2.0,6.0,5.0,2.0,,3.0,2.0,1.0,,2.0,2.0,0
133370.0,26.0,2.21,21.8,82.0,107.0,61.0,174.0,57.0,5.0,9.93,138.0,12.4,13.1,231.0,13.0,0.71,80.0,2.4,91.0,7.37,9.5,10.5,600.0,2.0,3.0,5.0,2.0,,2.0,2.0,2.0,,2.0,2.0,0
133373.0,24.0,,19.8,74.5,92.0,51.0,145.0,60.0,5.0,0.67,138.0,8.6,12.1,245.0,13.0,0.52,86.0,3.3,58.0,8.62,8.0,8.5,180.0,2.0,3.0,5.0,2.0,,2.0,2.0,2.0,,2.0,2.0,0
133379.0,71.0,2.57,18.7,71.6,132.0,71.0,235.0,78.0,5.8,1.2,142.0,8.1,15.2,213.0,13.6,0.77,185.0,5.3,84.0,21.69,6.5,5.5,360.0,2.0,3.0,3.0,1.0,3.0,2.0,2.0,2.0,,2.0,1.0,0
133380.0,69.0,5.0,27.8,99.0,142.0,81.0,262.0,94.0,5.6,0.54,139.0,4.1,13.9,268.0,13.1,0.91,97.0,5.0,104.0,5.59,6.5,6.5,480.0,2.0,3.0,5.0,2.0,,2.0,1.0,1.0,1.0,1.0,2.0,0
133382.0,66.0,1.88,27.0,90.1,92.0,71.0,243.0,41.0,5.7,6.22,139.0,6.5,15.1,142.0,13.6,0.73,353.0,4.9,100.0,11.58,8.0,8.0,360.0,2.0,3.0,3.0,2.0,,2.0,2.0,1.0,,2.0,2.0,0
133386.0,58.0,0.69,24.2,86.8,140.0,96.0,185.0,75.0,5.4,5.7,145.0,4.8,14.4,375.0,13.1,1.0,64.0,5.5,90.0,0.37,7.0,7.0,60.0,2.0,4.0,2.0,1.0,2.0,2.0,1.0,2.0,1.0,2.0,4.0,0
133388.0,32.0,3.67,27.4,100.7,111.0,71.0,136.0,32.0,5.1,0.34,138.0,6.5,16.7,228.0,13.1,1.01,216.0,5.6,87.0,6.84,13.0,13.0,480.0,1.0,7.0,4.0,1.0,1.0,2.0,2.0,1.0,,1.0,3.0,0
133389.0,70.0,2.71,24.3,96.0,148.0,93.0,138.0,54.0,5.3,2.78,139.0,5.7,15.6,146.0,13.1,0.83,75.0,5.2,114.0,29.63,5.5,5.5,480.0,1.0,3.0,4.0,1.0,3.0,2.0,1.0,1.0,1.0,1.0,1.0,1
133390.0,49.0,4.33,38.5,114.0,113.0,78.0,225.0,43.0,5.5,3.71,138.0,6.8,13.0,323.0,13.8,0.71,100.0,3.7,99.0,3.82,8.0,9.0,240.0,2.0,3.0,5.0,2.0,,2.0,2.0,1.0,,2.0,3.0,0
133393.0,45.0,5.0,24.0,91.0,109.0,69.0,202.0,40.0,5.6,0.72,140.0,5.9,14.5,216.0,14.1,0.87,188.0,6.5,99.0,,7.0,7.0,480.0,1.0,6.0,5.0,2.0,,3.0,1.0,2.0,1.0,2.0,3.0,0
133395.0,57.0,3.43,30.8,103.8,109.0,64.0,243.0,41.0,5.6,5.47,141.0,12.8,14.9,363.0,13.6,0.71,281.0,5.2,79.0,6.11,5.0,5.0,540.0,2.0,7.0,4.0,1.0,1.0,2.0,2.0,2.0,,2.0,5.0,0
133396.0,48.0,5.0,29.5,105.2,113.0,80.0,185.0,54.0,5.3,2.0,140.0,3.5,13.8,184.0,13.0,1.03,76.0,3.8,82.0,12.3,7.0,8.5,540.0,2.0,3.0,1.0,2.0,,2.0,2.0,2.0,,2.0,2.0,0
133399.0,58.0,4.78,24.7,77.0,117.0,84.0,267.0,55.0,5.7,2.44,141.0,6.4,13.4,225.0,12.7,0.71,134.0,3.6,95.0,4.1,8.5,8.0,600.0,2.0,3.0,4.0,1.0,3.0,2.0,1.0,1.0,1.0,2.0,2.0,0
133401.0,59.0,5.0,30.3,102.4,117.0,95.0,189.0,54.0,5.1,0.76,141.0,5.2,15.4,227.0,13.1,1.04,77.0,6.3,98.0,5.68,8.5,8.5,360.0,1.0,3.0,5.0,2.0,,2.0,1.0,1.0,1.0,1.0,2.0,0
133402.0,51.0,0.46,34.0,107.2,124.0,64.0,121.0,43.0,6.3,6.07,138.0,6.1,6.3,384.0,21.5,0.4,110.0,2.8,80.0,36.39,6.0,8.5,120.0,2.0,1.0,1.0,2.0,,2.0,1.0,1.0,1.0,1.0,4.0,1
133406.0,39.0,5.0,26.4,88.4,106.0,71.0,202.0,72.0,4.9,0.47,142.0,6.6,14.2,222.0,12.8,0.75,87.0,3.9,102.0,11.08,8.0,9.0,240.0,2.0,3.0,5.0,2.0,,2.0,2.0,2.0,,2.0,1.0,0
133414.0,45.0,5.0,50.2,147.4,127.0,86.0,217.0,51.0,5.3,4.65,142.0,6.2,14.6,304.0,13.5,0.78,165.0,6.2,95.0,17.66,9.5,9.5,540.0,2.0,3.0,5.0,1.0,2.0,2.0,2.0,1.0,,2.0,3.0,0
133418.0,36.0,5.0,34.2,101.3,105.0,73.0,226.0,61.0,5.2,4.31,138.0,8.0,13.1,328.0,13.0,0.66,146.0,4.4,91.0,0.91,9.0,9.0,360.0,2.0,3.0,5.0,2.0,,2.0,2.0,2.0,,2.0,2.0,0
133421.0,29.0,5.0,29.8,106.0,116.0,69.0,234.0,77.0,4.7,5.58,136.0,8.4,11.0,195.0,17.1,0.54,215.0,3.7,85.0,8.41,7.5,11.0,240.0,2.0,1.0,5.0,2.0,,2.0,1.0,2.0,1.0,2.0,5.0,0
133422.0,37.0,5.397605346934028e-79,32.4,108.1,144.0,92.0,235.0,62.0,5.1,7.92,139.0,8.3,14.5,306.0,13.6,0.77,125.0,6.6,96.0,10.9,2.0,2.0,180.0,1.0,7.0,3.0,1.0,1.0,2.0,1.0,2.0,2.0,2.0,2.0,0
133425.0,31.0,2.74,19.9,71.8,119.0,68.0,159.0,66.0,5.3,0.18,141.0,6.1,14.2,258.0,13.7,1.03,52.0,5.6,82.0,3.82,10.0,11.0,300.0,1.0,4.0,2.0,1.0,3.0,2.0,2.0,2.0,,2.0,1.0,0
133427.0,43.0,2.09,28.4,97.0,116.0,68.0,221.0,61.0,5.6,1.82,139.0,6.7,13.8,241.0,13.1,0.75,66.0,4.1,95.0,4.53,3.5,6.0,180.0,2.0,2.0,3.0,2.0,,3.0,2.0,1.0,,2.0,3.0,0
133428.0,71.0,1.32,36.0,119.8,119.0,66.0,211.0,50.0,10.4,56.96,138.0,14.1,14.1,277.0,15.9,0.68,128.0,4.0,184.0,15.77,10.0,11.0,480.0,2.0,3.0,3.0,1.0,1.0,1.0,1.0,1.0,1.0,1.0,4.0,1
133430.0,74.0,,38.8,116.8,131.0,68.0,151.0,51.0,5.6,3.96,142.0,5.4,15.2,330.0,14.2,1.01,74.0,6.9,103.0,4.04,5.0,5.0,600.0,2.0,4.0,5.0,2.0,,2.0,1.0,1.0,1.0,1.0,3.0,0
133434.0,30.0,,30.8,,110.0,74.0,135.0,42.0,5.4,0.98,140.0,4.1,9.5,218.0,13.6,0.64,52.0,4.1,79.0,6.3,10.5,11.0,420.0,2.0,4.0,4.0,2.0,,2.0,2.0,2.0,,2.0,1.0,0
133438.0,32.0,1.73,28.0,98.7,111.0,71.0,166.0,34.0,5.3,2.43,140.0,6.2,14.6,231.0,12.9,0.85,257.0,5.7,96.0,5.24,6.0,11.0,60.0,1.0,1.0,2.0,1.0,2.0,2.0,2.0,1.0,,2.0,3.0,0
133439.0,43.0,5.0,38.3,115.2,111.0,73.0,213.0,54.0,5.8,8.57,139.0,7.6,12.9,216.0,13.5,0.64,125.0,3.8,98.0,5.43,7.0,8.0,600.0,2.0,3.0,4.0,1.0,3.0,2.0,2.0,2.0,,2.0,3.0,0
133440.0,43.0,4.46,25.1,84.0,134.0,81.0,188.0,72.0,5.1,0.93,138.0,4.4,15.9,239.0,12.6,1.13,54.0,5.2,105.0,7.77,7.5,6.5,180.0,1.0,3.0,5.0,2.0,,2.0,2.0,2.0,,2.0,2.0,0
133441.0,49.0,3.45,19.8,75.9,125.0,77.0,223.0,127.0,4.9,1.56,138.0,4.3,12.8,145.0,13.1,0.55,64.0,3.3,86.0,8.44,8.0,10.0,480.0,2.0,3.0,5.0,2.0,,2.0,2.0,2.0,,2.0,2.0,0
133448.0,56.0,5.0,27.7,91.9,135.0,80.0,195.0,61.0,4.9,0.47,138.0,7.6,15.7,190.0,13.2,1.0,96.0,5.0,98.0,6.31,5.0,8.0,240.0,1.0,3.0,3.0,1.0,3.0,2.0,1.0,2.0,1.0,1.0,2.0,0
133451.0,48.0,4.04,27.9,101.5,107.0,71.0,319.0,45.0,5.6,1.99,141.0,10.4,14.2,307.0,13.2,1.54,591.0,6.8,104.0,4.41,8.0,8.0,180.0,1.0,3.0,5.0,1.0,3.0,2.0,2.0,1.0,,2.0,1.0,0
133453.0,43.0,4.9,33.9,109.5,135.0,83.0,238.0,35.0,5.1,1.45,130.0,7.1,16.1,275.0,13.9,1.0,134.0,5.4,91.0,6.21,,8.0,360.0,1.0,3.0,4.0,1.0,3.0,2.0,2.0,1.0,,2.0,2.0,0
133454.0,37.0,0.89,33.0,109.5,135.0,90.0,155.0,39.0,5.6,5.97,138.0,5.0,14.7,233.0,13.9,0.82,72.0,6.8,91.0,11.21,8.0,7.0,300.0,1.0,4.0,3.0,1.0,3.0,2.0,2.0,1.0,,2.0,2.0,0
133457.0,39.0,0.76,33.4,97.6,139.0,89.0,155.0,38.0,5.6,7.93,139.0,9.9,13.6,327.0,14.7,1.06,191.0,6.8,117.0,291.44,10.0,9.0,60.0,2.0,2.0,3.0,2.0,,2.0,2.0,2.0,,2.0,4.0,0
133459.0,77.0,5.397605346934028e-79,29.6,106.9,133.0,75.0,145.0,29.0,5.9,1.81,134.0,8.0,14.8,298.0,13.4,1.0,327.0,3.6,100.0,21.14,7.5,7.5,30.0,1.0,1.0,1.0,1.0,1.0,2.0,1.0,1.0,1.0,1.0,3.0,0
133461.0,67.0,4.31,22.7,82.5,114.0,68.0,271.0,111.0,5.1,1.19,139.0,7.1,13.6,336.0,13.3,0.58,68.0,3.9,97.0,8.32,10.0,9.0,180.0,2.0,7.0,4.0,1.0,3.0,2.0,2.0,2.0,,2.0,3.0,0
133465.0,68.0,2.03,29.3,93.7,158.0,71.0,182.0,67.0,5.8,1.34,144.0,3.6,13.2,217.0,13.3,,77.0,,109.0,4.71,9.5,9.5,180.0,2.0,3.0,3.0,2.0,,2.0,1.0,2.0,1.0,2.0,1.0,0
133470.0,35.0,3.34,34.3,105.2,106.0,72.0,161.0,42.0,5.2,1.78,139.0,7.2,13.0,288.0,13.6,0.93,109.0,5.3,103.0,5.21,9.5,9.5,360.0,2.0,3.0,5.0,2.0,,2.0,2.0,2.0,,2.0,2.0,0
133472.0,80.0,5.0,17.9,79.2,159.0,67.0,194.0,74.0,5.2,0.74,141.0,6.8,13.3,254.0,13.1,0.75,92.0,4.4,95.0,15.75,8.5,8.5,120.0,2.0,3.0,4.0,1.0,3.0,2.0,1.0,2.0,1.0,2.0,1.0,0
133474.0,65.0,3.77,42.2,125.8,143.0,86.0,179.0,60.0,6.0,4.9,139.0,7.1,10.4,270.0,18.2,0.81,106.0,5.0,94.0,9.07,7.5,8.5,600.0,2.0,3.0,4.0,2.0,,2.0,1.0,2.0,1.0,2.0,3.0,0
133476.0,55.0,2.15,25.8,94.6,102.0,68.0,164.0,52.0,5.5,0.51,142.0,8.5,13.6,337.0,12.8,0.79,328.0,4.7,110.0,5.05,7.0,6.0,360.0,2.0,3.0,1.0,1.0,1.0,2.0,2.0,2.0,,2.0,3.0,0
133478.0,80.0,1.25,31.6,105.5,165.0,83.0,167.0,54.0,5.1,1.12,140.0,7.5,13.7,205.0,13.9,0.6,207.0,4.9,99.0,18.79,10.0,9.0,240.0,2.0,3.0,4.0,2.0,,2.0,1.0,1.0,1.0,1.0,3.0,0
133479.0,50.0,1.83,27.2,104.4,111.0,76.0,264.0,44.0,5.6,10.06,140.0,12.8,15.1,280.0,14.1,0.8,99.0,4.9,95.0,6.51,9.5,9.5,480.0,1.0,3.0,3.0,1.0,1.0,2.0,1.0,1.0,2.0,2.0,2.0,0
133480.0,50.0,3.04,32.8,115.2,143.0,96.0,146.0,31.0,5.7,1.23,141.0,7.3,15.6,238.0,19.1,1.28,174.0,7.4,92.0,3.56,7.5,8.0,300.0,1.0,3.0,4.0,2.0,,2.0,2.0,1.0,,2.0,3.0,0
133481.0,29.0,,30.6,96.9,117.0,78.0,200.0,47.0,5.4,2.21,140.0,6.0,15.2,349.0,13.1,1.03,100.0,5.3,98.0,3.61,7.5,9.5,480.0,1.0,3.0,5.0,2.0,,2.0,2.0,2.0,,2.0,1.0,0
133482.0,76.0,1.31,26.0,103.3,134.0,76.0,204.0,36.0,6.4,1.02,138.0,5.1,14.7,198.0,13.1,0.89,240.0,6.8,118.0,7.06,12.0,12.0,120.0,1.0,3.0,5.0,2.0,,2.0,2.0,2.0,,2.0,1.0,0
133487.0,77.0,,30.5,119.9,81.0,50.0,169.0,35.0,6.4,31.09,138.0,9.0,13.9,303.0,16.6,1.32,119.0,6.7,128.0,20.01,9.5,9.5,480.0,1.0,3.0,5.0,1.0,3.0,3.0,2.0,1.0,,1.0,4.0,1
133489.0,54.0,5.0,28.4,82.3,112.0,69.0,272.0,69.0,5.2,0.93,139.0,3.8,13.3,244.0,13.2,0.84,80.0,3.4,95.0,5.25,7.5,8.0,300.0,2.0,3.0,5.0,1.0,3.0,2.0,2.0,1.0,,2.0,3.0,0
133490.0,64.0,,24.7,93.6,138.0,78.0,178.0,54.0,5.9,5.8,139.0,5.0,13.7,216.0,14.2,1.16,49.0,7.7,83.0,6.08,10.5,6.0,240.0,1.0,7.0,3.0,1.0,3.0,2.0,1.0,2.0,1.0,2.0,3.0,0
133491.0,68.0,1.55,31.1,115.5,139.0,78.0,176.0,76.0,5.6,0.78,140.0,4.1,13.7,164.0,16.2,0.65,84.0,3.8,96.0,21.11,9.0,9.0,360.0,2.0,3.0,4.0,2.0,,1.0,1.0,1.0,2.0,1.0,4.0,1
133492.0,45.0,5.0,27.4,104.3,114.0,72.0,171.0,46.0,4.6,1.94,140.0,5.7,14.6,236.0,13.7,0.82,54.0,5.3,97.0,4.69,7.0,8.0,360.0,1.0,3.0,5.0,2.0,,2.0,2.0,2.0,,2.0,3.0,0
133494.0,43.0,5.0,25.0,86.6,111.0,70.0,204.0,54.0,5.5,1.04,141.0,8.6,13.2,240.0,13.4,0.72,128.0,3.9,88.0,7.44,7.5,8.0,60.0,2.0,3.0,5.0,2.0,,2.0,9.0,1.0,,2.0,3.0,0
133496.0,25.0,5.0,25.0,87.3,100.0,67.0,151.0,42.0,5.4,0.55,136.0,6.2,14.7,203.0,13.4,0.72,51.0,4.2,82.0,5.61,7.0,7.0,300.0,1.0,3.0,5.0,1.0,3.0,2.0,2.0,2.0,,2.0,2.0,0
133500.0,24.0,0.03,,,115.0,77.0,167.0,58.0,5.1,1.02,143.0,4.2,13.2,200.0,14.0,0.52,43.0,3.2,84.0,,5.0,6.0,600.0,2.0,4.0,3.0,2.0,,2.0,2.0,2.0,,2.0,3.0,0
133504.0,45.0,0.43,44.6,135.9,104.0,78.0,250.0,40.0,5.7,2.97,143.0,5.3,14.3,208.0,13.7,0.79,230.0,7.0,95.0,4.43,7.5,10.0,240.0,1.0,1.0,3.0,9.0,,2.0,2.0,1.0,,2.0,4.0,0
133506.0,79.0,5.0,26.8,97.2,138.0,79.0,170.0,63.0,5.6,1.55,140.0,5.2,12.4,232.0,12.9,1.49,70.0,6.3,87.0,5.67,9.5,9.5,60.0,1.0,7.0,5.0,2.0,,2.0,2.0,2.0,,1.0,2.0,0
133508.0,50.0,,29.2,101.1,109.0,71.0,141.0,33.0,5.9,1.95,138.0,3.5,9.0,390.0,18.7,0.88,343.0,3.9,111.0,,8.0,8.0,300.0,1.0,1.0,3.0,1.0,1.0,2.0,1.0,1.0,1.0,2.0,3.0,0
133511.0,62.0,5.0,25.8,92.6,121.0,86.0,213.0,66.0,5.3,2.31,140.0,6.1,14.5,225.0,13.7,1.03,147.0,6.8,97.0,0.57,9.0,9.0,360.0,2.0,3.0,3.0,1.0,3.0,2.0,1.0,2.0,1.0,2.0,2.0,0
133513.0,71.0,1.86,33.3,105.7,98.0,66.0,107.0,41.0,6.3,1.94,142.0,6.4,13.6,225.0,14.4,1.2,123.0,6.3,97.0,10.77,8.5,8.5,180.0,2.0,3.0,2.0,1.0,3.0,1.0,2.0,1.0,,1.0,3.0,1
133515.0,52.0,5.0,23.5,89.5,128.0,80.0,208.0,42.0,5.3,0.58,140.0,6.2,14.2,334.0,13.3,0.96,111.0,4.6,81.0,7.48,8.0,8.0,300.0,1.0,3.0,5.0,2.0,,2.0,2.0,2.0,,2.0,1.0,0
133517.0,73.0,1.4,30.1,96.9,91.0,49.0,180.0,60.0,5.5,0.57,140.0,4.8,11.6,258.0,15.2,1.11,112.0,4.4,105.0,6.25,6.0,6.0,240.0,2.0,3.0,4.0,2.0,,2.0,1.0,2.0,1.0,2.0,3.0,1
133520.0,30.0,5.0,26.5,88.4,108.0,69.0,188.0,66.0,4.9,0.93,141.0,4.7,13.9,233.0,12.2,0.78,38.0,4.2,90.0,13.04,7.5,8.0,720.0,2.0,7.0,5.0,2.0,,2.0,2.0,2.0,,2.0,1.0,0
133522.0,80.0,1.19,,,147.0,70.0,177.0,42.0,6.2,0.53,139.0,4.8,13.9,184.0,14.4,0.87,237.0,5.0,107.0,10.6,10.0,9.0,180.0,1.0,1.0,1.0,2.0,,2.0,2.0,2.0,,2.0,2.0,0
133524.0,39.0,1.87,28.8,95.1,114.0,84.0,195.0,48.0,4.9,0.67,140.0,6.4,14.7,207.0,13.1,0.66,82.0,3.4,97.0,7.1,7.5,7.0,720.0,2.0,3.0,4.0,1.0,3.0,2.0,1.0,2.0,2.0,2.0,4.0,0
133525.0,59.0,,24.3,80.4,111.0,78.0,273.0,65.0,5.5,2.49,142.0,6.3,14.0,231.0,13.5,1.15,84.0,4.5,89.0,5.57,12.0,12.0,600.0,2.0,3.0,3.0,2.0,,2.0,2.0,1.0,,2.0,2.0,0
133526.0,58.0,0.66,27.0,91.1,131.0,83.0,194.0,51.0,5.9,5.06,138.0,7.8,14.3,297.0,13.3,0.65,96.0,5.0,116.0,16.88,2.0,3.5,420.0,2.0,7.0,2.0,2.0,,1.0,1.0,1.0,2.0,2.0,5.0,1
133529.0,62.0,1.64,29.1,105.2,117.0,75.0,165.0,38.0,3.8,3.07,143.0,6.8,14.5,299.0,12.8,0.75,125.0,4.7,107.0,6.22,7.0,7.0,60.0,1.0,2.0,4.0,1.0,1.0,2.0,2.0,2.0,,2.0,3.0,0
133530.0,62.0,0.8,24.3,91.3,143.0,91.0,247.0,51.0,5.4,9.45,,11.0,15.8,169.0,14.4,,,,,2.1,6.0,6.0,480.0,1.0,4.0,3.0,2.0,,2.0,2.0,2.0,,2.0,1.0,0
133531.0,68.0,1.29,38.1,116.6,126.0,83.0,193.0,63.0,5.3,0.92,136.0,5.1,15.2,227.0,12.5,1.28,166.0,5.8,112.0,4.15,10.0,10.0,180.0,2.0,3.0,3.0,2.0,,2.0,1.0,1.0,1.0,1.0,3.0,0
133532.0,63.0,0.53,32.5,117.4,87.0,56.0,185.0,36.0,10.2,0.88,135.0,8.9,15.1,163.0,12.9,0.86,426.0,2.4,297.0,8.18,6.0,5.0,1020.0,1.0,7.0,2.0,1.0,1.0,1.0,1.0,1.0,2.0,1.0,4.0,0
133533.0,56.0,5.0,33.6,120.8,136.0,88.0,184.0,48.0,5.3,1.04,141.0,6.5,16.6,251.0,13.6,1.02,117.0,6.3,94.0,3.51,8.0,8.0,300.0,1.0,3.0,5.0,1.0,1.0,2.0,1.0,1.0,1.0,1.0,2.0,0
133535.0,29.0,0.94,39.8,116.0,105.0,71.0,180.0,55.0,5.0,5.14,137.0,5.3,13.0,285.0,13.5,0.64,50.0,4.8,96.0,4.58,9.0,9.0,240.0,2.0,7.0,4.0,2.0,,2.0,2.0,2.0,,2.0,2.0,0
133536.0,68.0,3.87,41.2,143.6,120.0,63.0,84.0,32.0,7.4,4.24,140.0,8.0,15.6,168.0,14.4,1.0,115.0,6.6,128.0,3.52,7.5,9.5,240.0,1.0,3.0,1.0,1.0,3.0,2.0,1.0,1.0,1.0,1.0,2.0,1
133537.0,50.0,5.0,31.2,99.5,107.0,78.0,183.0,52.0,5.2,1.01,138.0,5.1,13.3,257.0,12.0,0.82,68.0,3.4,100.0,5.4,9.0,9.5,360.0,2.0,3.0,5.0,2.0,,2.0,2.0,2.0,,2.0,4.0,0
133539.0,80.0,5.0,31.0,116.4,121.0,84.0,147.0,46.0,5.4,0.59,143.0,6.8,14.2,282.0,12.5,0.79,149.0,4.2,111.0,8.12,10.5,9.0,240.0,2.0,3.0,4.0,2.0,,2.0,2.0,2.0,,1.0,4.0,1
133541.0,46.0,1.41,36.6,115.7,182.0,142.0,153.0,48.0,17.1,16.05,133.0,9.2,15.9,245.0,13.2,0.73,100.0,5.3,466.0,391.03,5.5,7.0,480.0,2.0,3.0,3.0,1.0,3.0,1.0,1.0,2.0,2.0,2.0,5.0,0
133543.0,69.0,1.32,26.5,83.0,101.0,65.0,125.0,56.0,5.8,2.32,142.0,4.7,11.8,246.0,13.2,0.77,46.0,2.6,88.0,8.35,9.0,8.0,120.0,2.0,3.0,5.0,2.0,,2.0,2.0,2.0,,1.0,3.0,0
133545.0,80.0,1.47,35.0,111.1,122.0,60.0,202.0,48.0,5.4,3.47,140.0,5.3,14.7,176.0,12.5,0.78,142.0,5.9,95.0,12.28,8.0,8.0,240.0,2.0,3.0,3.0,2.0,,2.0,1.0,1.0,1.0,1.0,2.0,0
133547.0,37.0,4.13,34.3,105.2,103.0,69.0,165.0,48.0,5.2,5.81,139.0,6.9,14.7,379.0,14.1,0.76,85.0,4.3,92.0,6.17,6.5,8.5,540.0,2.0,2.0,4.0,1.0,1.0,2.0,2.0,2.0,,2.0,3.0,0
133548.0,75.0,3.55,23.6,87.5,96.0,58.0,184.0,63.0,5.7,1.16,141.0,5.6,12.9,227.0,13.9,0.76,115.0,4.8,101.0,19.1,10.0,10.0,300.0,2.0,3.0,5.0,1.0,3.0,2.0,2.0,2.0,,2.0,3.0,0
133550.0,34.0,1.97,52.5,138.6,119.0,85.0,187.0,46.0,5.1,10.6,139.0,9.4,13.8,360.0,13.3,0.9,128.0,6.9,84.0,6.37,9.5,8.5,660.0,2.0,3.0,4.0,1.0,3.0,2.0,2.0,2.0,,2.0,4.0,0
133551.0,49.0,2.78,45.7,131.0,118.0,84.0,177.0,53.0,5.9,3.62,139.0,7.3,14.3,379.0,13.2,0.9,160.0,4.6,95.0,7.65,7.5,8.5,300.0,2.0,3.0,5.0,1.0,3.0,2.0,2.0,1.0,,1.0,2.0,0
133554.0,37.0,4.33,26.0,,96.0,56.0,183.0,54.0,5.3,0.6,141.0,7.4,14.4,205.0,12.8,0.71,115.0,4.3,91.0,27.61,9.0,8.5,240.0,2.0,3.0,5.0,2.0,,2.0,2.0,2.0,,2.0,3.0,0
133555.0,58.0,5.0,22.6,88.2,101.0,60.0,255.0,90.0,5.8,0.97,142.0,4.3,13.8,173.0,13.3,0.9,47.0,5.7,102.0,1.24,7.5,8.0,540.0,2.0,3.0,5.0,2.0,,2.0,2.0,1.0,,2.0,2.0,0
133556.0,79.0,1.38,24.2,102.9,143.0,75.0,196.0,60.0,5.3,0.74,142.0,7.5,15.2,339.0,12.7,0.8,72.0,7.3,91.0,49.71,9.0,9.0,240.0,1.0,3.0,2.0,1.0,3.0,2.0,2.0,1.0,,2.0,4.0,0
133558.0,66.0,3.42,35.3,130.5,144.0,74.0,126.0,43.0,6.9,2.9,138.0,7.1,13.2,309.0,14.1,0.93,107.0,6.8,153.0,12.8,8.0,8.0,360.0,1.0,3.0,4.0,1.0,3.0,1.0,1.0,1.0,1.0,1.0,3.0,0
133559.0,38.0,1.3,33.0,113.7,127.0,83.0,246.0,41.0,10.4,2.51,138.0,7.9,14.6,284.0,13.6,0.9,544.0,5.1,168.0,5.74,6.5,7.0,360.0,1.0,6.0,5.0,1.0,3.0,2.0,2.0,2.0,,2.0,2.0,0
133560.0,60.0,1.69,24.2,90.6,127.0,77.0,166.0,60.0,5.4,4.62,140.0,4.3,14.3,208.0,12.2,0.88,61.0,4.1,95.0,0.38,5.0,5.0,480.0,2.0,3.0,2.0,1.0,3.0,2.0,2.0,1.0,,2.0,3.0,0
133563.0,80.0,3.09,26.3,95.6,129.0,65.0,227.0,62.0,5.5,1.55,142.0,8.5,14.6,246.0,14.2,0.78,103.0,4.6,105.0,18.2,6.0,6.0,600.0,1.0,3.0,5.0,1.0,3.0,2.0,2.0,2.0,,2.0,3.0,0
133566.0,67.0,4.46,29.1,99.1,118.0,62.0,205.0,67.0,5.5,0.56,141.0,4.4,14.1,192.0,13.0,0.82,85.0,5.0,97.0,6.92,7.0,7.0,720.0,2.0,3.0,5.0,1.0,3.0,2.0,2.0,1.0,,1.0,2.0,0
133567.0,80.0,3.43,26.1,107.3,116.0,52.0,169.0,58.0,7.0,0.8,142.0,7.9,10.2,266.0,13.4,1.91,105.0,3.5,178.0,11.52,11.0,13.0,360.0,1.0,3.0,2.0,1.0,3.0,1.0,1.0,2.0,2.0,2.0,3.0,0
133569.0,69.0,4.32,38.5,118.7,105.0,62.0,221.0,55.0,5.9,2.15,140.0,6.9,12.9,245.0,12.8,0.81,110.0,5.9,93.0,6.67,8.5,9.0,480.0,2.0,3.0,5.0,2.0,,3.0,2.0,9.0,,2.0,3.0,0
133570.0,29.0,5.0,34.4,113.8,113.0,73.0,238.0,34.0,4.9,3.65,138.0,8.5,16.0,295.0,13.3,0.77,583.0,7.4,90.0,16.06,6.5,6.5,300.0,1.0,3.0,5.0,2.0,,2.0,2.0,2.0,,2.0,3.0,0
133571.0,71.0,5.0,,,166.0,71.0,98.0,35.0,6.1,0.78,140.0,7.3,13.2,183.0,15.2,3.81,111.0,7.6,118.0,3537.75,4.5,6.0,960.0,1.0,3.0,5.0,1.0,3.0,1.0,1.0,1.0,1.0,1.0,5.0,1
133575.0,80.0,,23.7,97.3,141.0,72.0,141.0,42.0,5.6,1.45,144.0,5.9,13.5,259.0,14.4,0.79,69.0,4.9,106.0,5.66,9.0,9.0,240.0,1.0,3.0,3.0,1.0,3.0,2.0,2.0,1.0,,1.0,3.0,0
133576.0,40.0,5.0,26.4,91.9,108.0,73.0,210.0,58.0,5.3,0.65,140.0,4.0,15.4,181.0,12.7,1.2,114.0,5.9,93.0,3.91,8.0,8.0,240.0,1.0,3.0,5.0,1.0,3.0,2.0,2.0,2.0,,2.0,2.0,0
133579.0,56.0,5.0,30.5,107.8,135.0,82.0,120.0,44.0,7.3,0.67,141.0,6.8,17.4,241.0,12.9,1.01,89.0,3.6,113.0,14.74,8.0,8.0,720.0,1.0,3.0,5.0,2.0,,1.0,2.0,1.0,,1.0,3.0,0
133582.0,75.0,3.16,32.5,118.5,143.0,84.0,128.0,41.0,6.3,0.91,139.0,6.7,14.2,198.0,14.3,1.27,89.0,5.8,130.0,8.49,9.0,9.0,180.0,1.0,1.0,4.0,1.0,3.0,1.0,1.0,1.0,1.0,1.0,3.0,0
133583.0,64.0,2.19,29.6,99.4,117.0,72.0,242.0,50.0,6.2,3.42,139.0,5.9,12.4,275.0,12.8,0.88,101.0,4.2,103.0,3.55,5.0,7.0,300.0,2.0,7.0,4.0,1.0,3.0,2.0,2.0,1.0,,2.0,3.0,0
133584.0,75.0,1.78,29.0,106.7,107.0,58.0,197.0,35.0,5.6,3.19,138.0,7.6,14.2,271.0,14.4,2.26,240.0,7.0,102.0,29.43,6.0,7.0,360.0,1.0,3.0,5.0,2.0,,2.0,1.0,1.0,1.0,1.0,3.0,1
133588.0,38.0,5.0,25.2,92.4,113.0,80.0,138.0,55.0,5.4,1.31,141.0,4.9,14.3,200.0,13.1,0.78,70.0,4.9,94.0,0.68,9.0,8.5,420.0,1.0,3.0,5.0,2.0,,2.0,2.0,2.0,,2.0,3.0,0
133590.0,62.0,1.77,28.7,99.7,130.0,73.0,142.0,54.0,5.5,1.03,140.0,6.0,13.6,198.0,13.3,0.96,74.0,4.1,96.0,7.55,10.0,10.0,120.0,2.0,3.0,4.0,1.0,3.0,2.0,1.0,2.0,1.0,2.0,2.0,0
133593.0,30.0,1.72,26.9,103.0,114.0,69.0,272.0,49.0,5.3,3.81,142.0,6.9,15.2,275.0,13.7,0.91,353.0,10.7,101.0,5.92,7.0,9.0,180.0,1.0,1.0,3.0,2.0,,2.0,2.0,2.0,,2.0,4.0,0
133596.0,57.0,5.0,30.4,114.8,117.0,81.0,124.0,39.0,5.7,1.14,142.0,7.4,15.7,257.0,12.6,0.95,113.0,6.5,111.0,5.95,7.5,7.5,360.0,1.0,2.0,4.0,2.0,,1.0,2.0,1.0,,1.0,2.0,0
133597.0,56.0,3.09,47.5,159.6,128.0,67.0,151.0,41.0,5.0,13.57,139.0,6.9,13.2,271.0,16.2,1.18,101.0,7.5,126.0,,12.0,11.0,540.0,1.0,3.0,3.0,1.0,3.0,3.0,1.0,1.0,1.0,1.0,5.0,0
133598.0,62.0,2.21,25.3,93.0,124.0,71.0,205.0,64.0,5.3,1.85,140.0,5.0,13.5,311.0,13.4,0.53,93.0,3.8,106.0,3.0,6.5,6.5,120.0,2.0,3.0,4.0,1.0,3.0,2.0,2.0,2.0,,2.0,1.0,0
133602.0,69.0,5.0,23.6,100.7,115.0,64.0,231.0,44.0,8.9,5.6,136.0,7.3,14.0,246.0,13.2,0.83,455.0,4.5,194.0,19.96,9.0,9.0,360.0,1.0,6.0,5.0,1.0,1.0,1.0,2.0,2.0,,2.0,1.0,0
133603.0,64.0,3.28,26.9,95.9,142.0,95.0,176.0,40.0,5.6,1.77,143.0,7.2,15.5,215.0,13.3,1.01,237.0,7.1,106.0,47.87,7.5,7.0,660.0,1.0,3.0,4.0,1.0,3.0,2.0,1.0,2.0,1.0,2.0,2.0,0
133613.0,39.0,,33.6,129.6,114.0,84.0,216.0,59.0,7.6,3.15,138.0,7.6,14.2,252.0,13.2,0.49,87.0,4.6,180.0,52.46,4.0,7.0,720.0,2.0,3.0,3.0,2.0,,2.0,2.0,2.0,,2.0,3.0,0
133615.0,54.0,1.8,29.1,96.0,126.0,77.0,218.0,54.0,10.3,4.9,136.0,5.7,15.4,223.0,13.1,0.77,141.0,4.6,260.0,28.13,5.0,6.0,35.0,1.0,1.0,1.0,1.0,3.0,1.0,2.0,2.0,,2.0,4.0,0
133617.0,60.0,1.9,17.3,76.4,145.0,75.0,189.0,68.0,5.7,0.97,138.0,9.9,14.4,254.0,13.3,0.84,88.0,3.5,87.0,19.78,8.0,8.0,240.0,2.0,3.0,3.0,1.0,1.0,2.0,1.0,1.0,1.0,1.0,3.0,0
133621.0,72.0,,28.0,93.0,125.0,74.0,153.0,60.0,5.0,0.62,140.0,4.0,13.9,216.0,13.8,0.75,127.0,4.0,91.0,12.91,8.0,8.0,600.0,2.0,3.0,4.0,2.0,,2.0,2.0,1.0,,1.0,1.0,0
133622.0,54.0,4.75,48.2,143.0,124.0,67.0,177.0,63.0,5.9,12.26,140.0,6.4,14.6,181.0,14.2,1.17,75.0,5.9,103.0,3.45,5.0,8.0,240.0,1.0,7.0,4.0,2.0,,2.0,2.0,2.0,,2.0,3.0,0
133624.0,49.0,2.28,51.9,142.6,120.0,53.0,200.0,60.0,6.0,3.09,142.0,8.1,11.0,349.0,15.2,0.67,86.0,5.4,95.0,6.9,5.5,5.0,180.0,2.0,3.0,2.0,2.0,,2.0,2.0,1.0,,1.0,4.0,0
133627.0,57.0,5.0,22.4,83.3,125.0,72.0,205.0,65.0,5.1,0.41,139.0,4.2,15.5,257.0,13.1,1.05,81.0,5.0,115.0,7.8,6.5,9.5,240.0,1.0,3.0,5.0,2.0,,2.0,2.0,2.0,,2.0,2.0,0
133628.0,53.0,,28.7,96.0,129.0,84.0,179.0,44.0,5.5,0.53,141.0,,,,,1.05,98.0,6.2,101.0,3.9,7.5,10.0,9999.0,1.0,2.0,4.0,1.0,3.0,2.0,2.0,2.0,,2.0,3.0,0
133630.0,40.0,1.67,22.1,91.3,124.0,79.0,137.0,46.0,5.2,0.62,138.0,9.0,15.4,373.0,12.7,1.03,100.0,3.8,92.0,21.94,8.0,8.0,120.0,1.0,3.0,3.0,1.0,3.0,2.0,2.0,2.0,,2.0,2.0,0
133631.0,62.0,3.43,30.5,108.5,140.0,99.0,179.0,53.0,6.4,1.66,140.0,5.2,14.6,281.0,14.1,0.86,119.0,5.1,111.0,5.75,8.0,8.0,600.0,1.0,2.0,3.0,1.0,1.0,3.0,1.0,1.0,1.0,1.0,3.0,0
133635.0,44.0,5.0,38.2,121.0,107.0,73.0,206.0,55.0,5.5,0.91,142.0,5.1,14.4,267.0,13.3,1.04,86.0,5.4,98.0,3.88,7.0,7.0,600.0,1.0,3.0,4.0,2.0,,2.0,2.0,2.0,,2.0,2.0,0
133637.0,54.0,5.0,26.8,91.8,125.0,76.0,132.0,55.0,4.9,5.15,141.0,4.7,13.6,217.0,13.8,0.62,130.0,5.1,81.0,4.59,7.5,7.5,420.0,2.0,7.0,4.0,1.0,3.0,2.0,2.0,2.0,,2.0,2.0,0
133638.0,31.0,,25.8,84.2,116.0,64.0,138.0,39.0,5.6,2.68,138.0,5.7,13.5,228.0,13.7,0.66,107.0,4.9,143.0,10.27,9.0,9.0,60.0,2.0,2.0,3.0,2.0,,2.0,2.0,2.0,,2.0,1.0,0
133640.0,30.0,5.0,22.9,76.7,93.0,66.0,143.0,59.0,4.9,0.62,139.0,5.5,12.8,202.0,12.4,0.62,46.0,2.9,85.0,6.99,6.5,8.0,480.0,2.0,4.0,5.0,2.0,,2.0,2.0,2.0,,2.0,3.0,0
133641.0,45.0,,26.5,80.8,110.0,81.0,219.0,54.0,5.2,0.57,137.0,6.5,14.1,295.0,12.9,0.74,108.0,2.1,95.0,11.22,8.5,9.0,240.0,2.0,3.0,4.0,2.0,,2.0,2.0,1.0,,2.0,2.0,0
133642.0,67.0,0.79,20.8,,107.0,61.0,211.0,57.0,5.0,2.36,134.0,4.9,11.2,212.0,13.0,1.04,194.0,4.4,78.0,5.9,14.0,9.0,540.0,1.0,3.0,3.0,1.0,3.0,2.0,1.0,1.0,1.0,2.0,4.0,0
133645.0,58.0,0.88,22.3,92.0,132.0,71.0,186.0,49.0,14.1,0.82,133.0,8.7,15.0,248.0,13.1,0.74,150.0,2.8,471.0,27.86,5.0,5.0,480.0,1.0,3.0,3.0,1.0,1.0,1.0,1.0,1.0,1.0,2.0,4.0,0
133646.0,21.0,0.45,25.0,88.0,120.0,72.0,170.0,60.0,5.1,4.81,140.0,8.9,13.0,339.0,13.5,0.74,116.0,3.8,95.0,9.69,10.0,10.0,480.0,2.0,1.0,4.0,2.0,,2.0,2.0,2.0,,2.0,1.0,0
133648.0,28.0,0.6,21.7,76.5,97.0,67.0,150.0,46.0,5.1,0.99,139.0,4.0,14.2,213.0,14.0,0.74,106.0,4.3,89.0,5.57,6.0,7.0,180.0,2.0,4.0,4.0,2.0,,2.0,2.0,2.0,,2.0,2.0,0
133650.0,66.0,,36.6,102.0,140.0,81.0,197.0,56.0,5.3,13.42,143.0,7.2,11.8,289.0,14.3,0.77,101.0,4.8,102.0,6.39,9.0,9.0,120.0,2.0,2.0,1.0,2.0,,2.0,1.0,1.0,1.0,2.0,3.0,0
133657.0,35.0,0.88,23.4,84.6,128.0,74.0,156.0,47.0,5.0,1.56,138.0,8.3,14.3,193.0,13.6,0.93,181.0,6.0,84.0,4.94,8.5,9.5,420.0,1.0,7.0,5.0,2.0,,2.0,2.0,2.0,,2.0,2.0,0
133659.0,80.0,,29.7,96.2,126.0,65.0,156.0,50.0,5.5,0.9,143.0,8.0,13.5,238.0,13.6,0.86,86.0,5.4,87.0,7.2,8.5,8.5,300.0,2.0,3.0,4.0,2.0,,2.0,1.0,1.0,1.0,1.0,1.0,0
133664.0,67.0,0.78,34.9,108.3,133.0,94.0,114.0,44.0,5.7,2.41,139.0,4.0,14.0,151.0,13.9,0.82,69.0,5.1,99.0,51.14,7.0,8.0,480.0,1.0,4.0,2.0,1.0,3.0,3.0,2.0,2.0,,2.0,4.0,0
133676.0,60.0,2.31,28.5,99.6,141.0,88.0,154.0,62.0,6.0,1.78,143.0,6.5,14.9,214.0,13.6,0.63,63.0,5.3,100.0,0.72,7.5,10.0,600.0,2.0,1.0,1.0,1.0,1.0,3.0,2.0,2.0,,2.0,4.0,0
133680.0,28.0,,22.2,78.5,114.0,75.0,142.0,54.0,5.1,0.66,140.0,7.2,13.1,243.0,12.9,0.64,44.0,3.6,78.0,9.2,7.0,9.0,1.0,2.0,2.0,3.0,2.0,,2.0,2.0,2.0,,2.0,3.0,0
133681.0,35.0,5.0,27.8,98.3,125.0,78.0,191.0,41.0,5.2,0.97,140.0,5.7,14.7,229.0,13.2,1.17,85.0,4.3,106.0,0.55,9.0,8.0,780.0,1.0,3.0,5.0,2.0,,2.0,2.0,1.0,,2.0,2.0,0
133683.0,56.0,0.69,19.8,77.0,110.0,65.0,221.0,87.0,5.1,0.15,142.0,5.9,12.9,336.0,13.2,0.54,52.0,3.0,96.0,16.47,8.0,8.0,60.0,2.0,6.0,3.0,2.0,,2.0,2.0,2.0,,2.0,2.0,0
133684.0,47.0,0.86,28.7,91.0,116.0,78.0,119.0,49.0,5.7,29.77,140.0,14.0,13.2,316.0,14.2,0.92,92.0,3.9,71.0,1.75,9.0,8.0,780.0,1.0,3.0,3.0,1.0,1.0,2.0,1.0,2.0,2.0,2.0,3.0,0
133686.0,63.0,3.91,28.3,108.7,132.0,85.0,153.0,35.0,5.5,2.87,140.0,8.0,15.3,185.0,13.7,1.05,145.0,6.3,105.0,9.98,7.5,7.5,300.0,1.0,3.0,4.0,1.0,3.0,2.0,2.0,2.0,,2.0,3.0,0
133688.0,55.0,0.74,18.0,76.4,132.0,96.0,230.0,108.0,5.5,1.15,142.0,5.7,16.5,142.0,13.7,0.64,85.0,3.6,101.0,0.68,6.0,6.0,180.0,2.0,3.0,4.0,1.0,1.0,2.0,1.0,1.0,2.0,2.0,4.0,1
133689.0,55.0,0.77,26.0,101.4,132.0,87.0,127.0,35.0,6.0,0.74,143.0,7.2,15.7,240.0,14.5,1.11,129.0,5.4,91.0,6.43,5.0,7.0,600.0,1.0,3.0,3.0,1.0,1.0,2.0,2.0,2.0,,2.0,4.0,0
133690.0,72.0,1.27,29.4,97.5,169.0,95.0,227.0,71.0,5.5,3.33,141.0,7.6,14.6,172.0,13.5,0.95,55.0,5.1,92.0,14.43,5.5,5.5,150.0,1.0,4.0,3.0,1.0,3.0,2.0,1.0,2.0,1.0,1.0,3.0,1
133692.0,64.0,1.37,25.9,94.0,114.0,72.0,99.0,48.0,5.2,0.33,142.0,4.1,15.3,141.0,13.7,0.82,44.0,2.4,79.0,8.02,11.0,12.0,180.0,1.0,3.0,5.0,2.0,,2.0,2.0,1.0,,1.0,4.0,1
133693.0,59.0,5.0,23.3,88.5,127.0,78.0,183.0,66.0,5.4,2.29,142.0,9.5,14.3,313.0,13.5,0.95,66.0,4.9,85.0,7.35,8.0,9.0,240.0,2.0,3.0,5.0,2.0,,2.0,2.0,2.0,,2.0,2.0,0
133694.0,56.0,2.13,25.3,95.0,126.0,78.0,174.0,42.0,5.3,10.84,140.0,6.5,17.3,245.0,13.9,1.09,92.0,5.9,84.0,14.41,13.0,4.5,1080.0,1.0,7.0,2.0,1.0,3.0,2.0,2.0,2.0,,2.0,2.0,0
133700.0,68.0,0.88,41.5,121.3,103.0,75.0,180.0,54.0,6.0,2.72,141.0,7.4,11.8,244.0,15.3,0.96,132.0,7.2,105.0,3.85,9.0,6.5,120.0,2.0,4.0,3.0,2.0,,2.0,1.0,2.0,1.0,2.0,2.0,1
133702.0,62.0,0.84,29.7,108.4,97.0,62.0,248.0,40.0,7.4,2.89,138.0,7.4,14.5,298.0,13.7,1.09,296.0,6.2,187.0,6.25,9.0,9.0,30.0,2.0,2.0,3.0,1.0,3.0,3.0,2.0,1.0,,2.0,3.0,0
133703.0,27.0,2.21,22.1,74.0,127.0,86.0,128.0,48.0,5.8,0.48,142.0,5.4,14.0,170.0,14.7,0.97,54.0,5.8,86.0,17.37,7.5,8.0,120.0,1.0,4.0,4.0,1.0,3.0,2.0,2.0,1.0,,2.0,1.0,0
133704.0,68.0,3.96,26.6,106.0,131.0,69.0,149.0,42.0,5.6,1.67,141.0,10.1,14.9,282.0,12.2,1.06,114.0,4.9,92.0,6.83,9.5,10.0,240.0,1.0,3.0,5.0,2.0,,2.0,2.0,9.0,,1.0,3.0,0
133706.0,39.0,0.49,26.9,91.0,101.0,70.0,115.0,40.0,5.9,13.94,138.0,4.1,14.0,197.0,13.6,0.84,40.0,4.1,88.0,5.74,6.5,9.0,60.0,2.0,2.0,1.0,2.0,,2.0,2.0,2.0,,2.0,5.0,0
133707.0,43.0,3.15,29.6,99.0,112.0,79.0,190.0,48.0,5.5,2.68,138.0,9.2,15.2,234.0,14.0,0.8,57.0,4.5,91.0,0.7,8.0,9.0,180.0,2.0,3.0,4.0,1.0,1.0,2.0,2.0,2.0,,2.0,2.0,0
133713.0,80.0,2.65,26.2,100.8,101.0,51.0,171.0,45.0,5.5,3.5,144.0,3.8,11.9,171.0,14.3,1.14,65.0,8.2,101.0,141.95,10.0,10.0,480.0,1.0,3.0,3.0,1.0,3.0,2.0,2.0,2.0,,2.0,4.0,0
133715.0,70.0,5.0,36.5,128.0,130.0,78.0,166.0,35.0,6.1,9.86,134.0,6.4,14.8,175.0,14.1,0.8,256.0,4.9,89.0,7.47,8.5,8.0,360.0,1.0,3.0,4.0,1.0,1.0,2.0,1.0,1.0,1.0,1.0,2.0,0
133717.0,23.0,,26.6,85.6,115.0,72.0,151.0,74.0,4.7,0.7,138.0,5.9,14.2,218.0,12.9,0.86,44.0,3.5,96.0,6.28,7.0,8.0,480.0,2.0,3.0,5.0,2.0,,2.0,2.0,2.0,,2.0,2.0,0
133718.0,40.0,5.0,30.3,106.9,119.0,82.0,197.0,44.0,5.7,2.34,136.0,7.5,14.1,254.0,13.9,0.96,125.0,6.1,106.0,10.68,6.5,6.0,420.0,1.0,1.0,5.0,2.0,,2.0,1.0,2.0,2.0,2.0,4.0,0
133723.0,58.0,5.0,29.9,106.3,115.0,74.0,184.0,51.0,6.0,3.46,140.0,7.6,13.5,296.0,14.1,0.78,89.0,4.8,86.0,9.23,7.5,8.0,600.0,2.0,3.0,4.0,2.0,,2.0,2.0,2.0,,2.0,2.0,0
133725.0,60.0,2.92,30.6,107.7,121.0,91.0,241.0,41.0,5.9,2.49,143.0,6.9,13.1,281.0,14.1,0.88,298.0,4.8,93.0,14.1,9.5,9.5,360.0,2.0,3.0,5.0,2.0,,2.0,2.0,2.0,,2.0,2.0,0
133726.0,68.0,1.51,25.3,87.6,126.0,82.0,147.0,48.0,6.3,0.61,139.0,9.7,13.9,211.0,14.4,0.63,258.0,4.3,102.0,7.62,5.0,5.0,240.0,2.0,1.0,2.0,1.0,3.0,2.0,1.0,1.0,1.0,1.0,4.0,0
133728.0,72.0,1.93,,,126.0,83.0,153.0,66.0,5.6,0.48,139.0,6.4,13.3,233.0,13.8,0.79,57.0,4.2,95.0,7.23,7.0,8.0,90.0,1.0,6.0,2.0,2.0,,3.0,1.0,2.0,1.0,2.0,3.0,0
133730.0,27.0,1.47,32.2,95.1,92.0,63.0,159.0,42.0,5.7,4.88,138.0,8.4,12.4,341.0,14.2,0.82,77.0,3.9,98.0,3.27,6.0,6.0,600.0,2.0,4.0,5.0,2.0,,2.0,2.0,2.0,,2.0,2.0,0
133731.0,31.0,0.86,27.6,100.5,117.0,71.0,138.0,41.0,4.8,0.24,140.0,5.7,15.6,274.0,13.3,0.98,82.0,6.9,96.0,5.74,5.0,11.0,50.0,1.0,1.0,5.0,1.0,2.0,2.0,2.0,2.0,,2.0,1.0,0
133732.0,27.0,0.23,39.1,110.4,106.0,79.0,132.0,36.0,5.6,7.49,139.0,6.6,14.5,281.0,13.6,0.72,96.0,5.4,86.0,5.25,7.5,8.5,180.0,2.0,2.0,1.0,2.0,,2.0,2.0,2.0,,2.0,4.0,0
133733.0,56.0,0.72,25.1,83.6,128.0,73.0,184.0,52.0,5.1,0.35,135.0,7.1,14.4,205.0,13.0,0.66,64.0,4.0,82.0,5.61,8.5,10.0,600.0,2.0,3.0,3.0,1.0,1.0,2.0,2.0,1.0,,2.0,4.0,1
133741.0,36.0,1.48,64.0,133.1,121.0,96.0,159.0,33.0,5.5,12.86,140.0,11.6,13.0,386.0,14.4,0.86,92.0,4.6,107.0,137.69,3.5,2.0,300.0,2.0,4.0,4.0,2.0,,2.0,2.0,2.0,,2.0,4.0,0
133748.0,65.0,4.78,33.2,108.5,125.0,75.0,194.0,74.0,5.4,0.93,140.0,5.8,15.3,188.0,13.4,0.95,60.0,5.2,93.0,3.74,7.0,7.0,120.0,1.0,4.0,5.0,2.0,,2.0,1.0,1.0,2.0,2.0,1.0,0
133751.0,36.0,3.38,33.8,105.7,110.0,76.0,184.0,55.0,6.2,6.69,136.0,6.0,13.3,333.0,13.4,0.71,103.0,4.5,110.0,5.35,7.5,9.0,600.0,2.0,4.0,3.0,2.0,,3.0,2.0,2.0,,2.0,3.0,0
133753.0,73.0,1.38,23.3,98.1,133.0,76.0,116.0,39.0,5.8,2.91,135.0,6.6,13.7,190.0,15.0,1.42,88.0,6.1,88.0,2.5,10.0,10.0,300.0,1.0,3.0,4.0,1.0,1.0,2.0,2.0,2.0,,2.0,3.0,1
133760.0,22.0,1.03,27.4,82.7,100.0,57.0,165.0,66.0,4.8,1.17,139.0,4.9,13.1,292.0,13.1,0.79,44.0,3.9,93.0,58.16,7.0,9.0,600.0,2.0,3.0,4.0,2.0,,2.0,2.0,2.0,,2.0,4.0,0
133762.0,39.0,5.0,24.1,84.1,141.0,101.0,226.0,48.0,5.1,0.57,142.0,6.4,16.6,227.0,12.7,0.96,113.0,6.6,105.0,3.39,7.5,7.5,600.0,1.0,6.0,5.0,2.0,,2.0,1.0,2.0,2.0,2.0,2.0,0
133764.0,48.0,,23.6,89.0,126.0,85.0,180.0,48.0,5.4,0.33,143.0,5.2,13.9,247.0,13.7,0.81,73.0,4.3,103.0,5.55,7.0,8.5,120.0,1.0,3.0,4.0,2.0,,2.0,2.0,2.0,,2.0,1.0,0
133766.0,66.0,0.89,31.5,112.0,131.0,98.0,261.0,51.0,5.6,10.68,142.0,9.1,15.8,322.0,15.1,0.76,136.0,5.8,102.0,4.0,9.0,9.0,300.0,2.0,3.0,4.0,1.0,3.0,2.0,1.0,1.0,1.0,2.0,5.0,1
133769.0,31.0,0.58,28.3,96.5,108.0,73.0,228.0,41.0,5.4,0.98,139.0,7.7,13.0,218.0,16.3,0.68,513.0,5.0,85.0,64.77,8.5,10.0,60.0,2.0,6.0,4.0,2.0,,2.0,2.0,2.0,,2.0,3.0,0
133772.0,24.0,4.32,27.3,84.0,109.0,70.0,158.0,75.0,5.1,0.31,140.0,7.7,12.5,359.0,13.1,0.78,70.0,5.4,118.0,3.9,7.0,8.0,420.0,2.0,7.0,5.0,2.0,,2.0,2.0,2.0,,2.0,2.0,0
133773.0,44.0,,19.0,76.0,119.0,88.0,172.0,77.0,5.6,0.44,138.0,5.5,13.0,234.0,13.5,0.82,99.0,3.4,92.0,5.74,8.5,9.0,240.0,2.0,6.0,5.0,2.0,,2.0,2.0,2.0,,2.0,2.0,0
133774.0,68.0,5.0,25.2,99.3,131.0,79.0,223.0,80.0,5.2,1.12,139.0,7.6,15.5,241.0,12.5,1.34,122.0,5.5,100.0,4.67,8.0,8.5,300.0,1.0,3.0,5.0,1.0,3.0,2.0,2.0,2.0,,2.0,2.0,0
133777.0,57.0,0.29,34.3,119.5,126.0,84.0,231.0,56.0,5.7,3.31,141.0,6.2,14.8,85.0,16.6,0.73,95.0,8.2,76.0,73.13,7.0,7.0,300.0,1.0,3.0,2.0,1.0,1.0,2.0,1.0,2.0,1.0,2.0,4.0,0
133778.0,31.0,0.68,29.5,105.9,107.0,84.0,216.0,55.0,5.4,4.77,140.0,7.1,14.4,281.0,13.2,0.79,91.0,5.2,93.0,4.18,4.0,11.0,720.0,1.0,2.0,4.0,2.0,,2.0,2.0,2.0,,2.0,3.0,0
133779.0,69.0,5.0,24.0,83.1,131.0,81.0,247.0,85.0,5.5,0.9,141.0,5.6,14.8,187.0,13.7,0.9,69.0,5.0,90.0,7.19,8.0,8.0,300.0,2.0,3.0,5.0,2.0,,2.0,1.0,2.0,1.0,2.0,2.0,0
133780.0,70.0,3.08,24.3,86.3,117.0,72.0,233.0,57.0,5.6,0.22,141.0,6.4,13.9,268.0,13.1,0.67,126.0,4.0,101.0,10.31,8.5,8.0,180.0,2.0,3.0,4.0,1.0,3.0,2.0,2.0,1.0,,2.0,3.0,0
133781.0,70.0,1.09,23.9,89.6,147.0,77.0,174.0,55.0,5.2,0.42,139.0,6.4,15.3,247.0,14.1,1.17,118.0,5.5,106.0,5.48,7.0,7.0,30.0,1.0,1.0,1.0,2.0,,2.0,1.0,2.0,1.0,2.0,4.0,0
133782.0,39.0,3.42,24.4,86.3,113.0,72.0,245.0,47.0,5.2,1.12,140.0,5.4,13.5,271.0,12.5,1.08,129.0,7.1,81.0,0.53,8.0,8.0,300.0,1.0,3.0,4.0,2.0,,2.0,2.0,2.0,,2.0,2.0,0
133783.0,31.0,2.92,35.4,117.4,124.0,78.0,197.0,39.0,5.1,2.28,142.0,5.9,14.5,235.0,13.1,0.92,147.0,6.0,95.0,7.8,7.5,7.5,240.0,1.0,3.0,4.0,1.0,3.0,2.0,2.0,2.0,,2.0,3.0,0
133784.0,74.0,,31.6,105.2,85.0,52.0,204.0,43.0,7.4,0.58,131.0,8.2,12.7,274.0,12.7,1.57,194.0,4.6,107.0,17.52,9.0,8.0,480.0,2.0,3.0,3.0,1.0,3.0,1.0,2.0,2.0,,1.0,3.0,0
133786.0,71.0,0.06,36.3,114.8,103.0,81.0,201.0,53.0,5.3,12.26,141.0,6.9,14.4,180.0,14.3,0.73,89.0,6.7,104.0,11.5,6.0,7.5,360.0,2.0,3.0,5.0,2.0,,2.0,2.0,2.0,,2.0,2.0,0
133787.0,25.0,,20.9,76.6,124.0,74.0,201.0,96.0,5.5,0.11,139.0,2.6,15.2,232.0,13.7,0.87,97.0,7.8,90.0,3.47,14.0,14.0,420.0,1.0,4.0,3.0,2.0,,2.0,2.0,2.0,,2.0,3.0,0
133791.0,40.0,2.42,39.2,111.9,108.0,84.0,168.0,66.0,5.0,1.91,138.0,5.4,15.6,230.0,12.8,0.73,58.0,5.0,96.0,8.58,7.5,8.0,240.0,2.0,3.0,4.0,1.0,3.0,2.0,2.0,2.0,,2.0,3.0,0
133794.0,44.0,5.0,23.3,89.5,118.0,77.0,159.0,53.0,5.2,0.99,136.0,3.5,13.5,194.0,13.1,1.2,87.0,4.8,100.0,7.77,8.0,8.0,480.0,1.0,7.0,5.0,2.0,,2.0,2.0,1.0,,1.0,2.0,0
133798.0,77.0,5.0,28.0,102.3,112.0,59.0,198.0,79.0,6.3,6.06,137.0,7.0,14.3,180.0,14.5,1.23,119.0,4.5,85.0,5.67,7.5,7.5,360.0,1.0,3.0,4.0,1.0,3.0,1.0,1.0,1.0,2.0,1.0,3.0,0
133799.0,73.0,,44.5,129.7,119.0,77.0,185.0,35.0,7.4,5.69,140.0,7.9,14.9,232.0,14.4,0.59,188.0,9.4,139.0,1.91,8.0,6.0,420.0,2.0,3.0,4.0,2.0,,1.0,1.0,2.0,1.0,2.0,2.0,1
133801.0,74.0,,34.3,112.3,125.0,70.0,225.0,50.0,5.5,1.94,139.0,6.8,14.5,235.0,13.6,0.64,138.0,6.7,104.0,16.23,9.0,9.0,540.0,2.0,3.0,4.0,1.0,1.0,2.0,1.0,2.0,1.0,2.0,1.0,0
133802.0,69.0,,36.1,118.5,106.0,69.0,211.0,59.0,5.4,6.34,137.0,6.7,14.1,266.0,13.4,0.92,141.0,6.0,106.0,11.38,8.0,8.0,60.0,1.0,2.0,3.0,1.0,2.0,2.0,1.0,2.0,1.0,2.0,2.0,0
133806.0,49.0,5.0,25.4,99.7,134.0,90.0,238.0,59.0,5.4,0.98,141.0,6.8,16.1,271.0,13.6,1.03,114.0,5.5,94.0,4.6,7.0,7.0,600.0,1.0,3.0,4.0,2.0,,2.0,2.0,2.0,,2.0,2.0,0
133808.0,40.0,5.0,26.7,96.5,111.0,74.0,196.0,61.0,5.3,2.78,141.0,5.7,13.6,275.0,13.3,1.08,112.0,4.9,97.0,3.2,6.0,7.0,1020.0,1.0,3.0,5.0,2.0,,2.0,2.0,2.0,,2.0,3.0,0
133810.0,76.0,3.9,27.8,93.7,118.0,69.0,231.0,80.0,5.6,3.01,137.0,6.0,13.8,313.0,14.2,0.82,123.0,4.2,85.0,24.84,5.5,5.5,300.0,2.0,3.0,5.0,2.0,,2.0,2.0,1.0,,1.0,2.0,0
133811.0,23.0,1.61,39.6,118.4,132.0,73.0,178.0,41.0,5.2,0.83,139.0,5.8,15.5,258.0,12.4,0.91,179.0,6.1,103.0,6.84,9.0,10.0,480.0,1.0,2.0,2.0,1.0,2.0,2.0,2.0,2.0,,2.0,2.0,0
133813.0,73.0,4.59,40.6,,123.0,80.0,203.0,54.0,6.7,6.79,142.0,11.8,15.9,212.0,15.4,0.89,154.0,4.8,201.0,31.28,8.0,8.0,240.0,1.0,3.0,4.0,1.0,3.0,2.0,2.0,2.0,,2.0,5.0,0
133821.0,60.0,,29.9,111.9,108.0,83.0,238.0,52.0,5.2,1.92,141.0,7.4,16.8,230.0,13.5,0.95,121.0,6.6,99.0,21.08,7.0,7.0,480.0,1.0,3.0,4.0,1.0,1.0,2.0,2.0,1.0,,2.0,3.0,0
133822.0,80.0,,27.7,106.7,122.0,67.0,235.0,38.0,5.8,11.44,140.0,9.0,12.4,363.0,17.5,0.9,255.0,5.8,99.0,,8.0,8.0,240.0,2.0,3.0,4.0,1.0,3.0,2.0,1.0,1.0,2.0,9.0,1.0,0
133825.0,46.0,3.47,35.2,100.6,106.0,80.0,214.0,71.0,5.9,1.22,138.0,5.1,11.3,380.0,16.7,0.84,82.0,4.7,96.0,6.02,7.0,9.0,240.0,2.0,3.0,5.0,2.0,,2.0,2.0,2.0,,2.0,2.0,0
133826.0,37.0,,28.6,95.8,150.0,117.0,195.0,52.0,4.6,3.86,138.0,8.6,15.2,345.0,12.4,0.64,115.0,2.4,95.0,15.67,7.0,11.0,720.0,2.0,2.0,5.0,2.0,,2.0,2.0,2.0,,2.0,2.0,0
133827.0,67.0,2.43,28.7,99.0,110.0,59.0,88.0,40.0,6.9,1.18,135.0,7.4,13.4,216.0,14.7,1.09,61.0,6.7,103.0,12.86,8.5,8.5,480.0,1.0,3.0,3.0,1.0,3.0,1.0,2.0,1.0,,1.0,3.0,1
133831.0,62.0,4.44,29.6,112.1,134.0,81.0,208.0,28.0,12.0,12.91,134.0,8.5,15.0,291.0,13.6,0.46,655.0,3.6,248.0,321.43,7.5,8.5,840.0,2.0,3.0,3.0,1.0,1.0,2.0,1.0,9.0,1.0,2.0,4.0,0
133835.0,21.0,1.84,43.1,119.8,124.0,93.0,161.0,44.0,4.7,1.06,140.0,6.1,14.0,365.0,12.9,0.63,107.0,5.5,99.0,8.47,8.0,8.0,240.0,2.0,1.0,4.0,2.0,,2.0,2.0,2.0,,2.0,3.0,0
133838.0,80.0,,34.7,,145.0,66.0,182.0,67.0,5.9,1.93,139.0,4.6,13.2,220.0,15.2,0.75,88.0,4.4,93.0,,9.0,8.5,180.0,2.0,3.0,3.0,1.0,3.0,2.0,1.0,1.0,1.0,1.0,3.0,0
133839.0,29.0,5.0,31.1,97.8,134.0,84.0,210.0,51.0,5.0,0.55,137.0,6.2,15.9,185.0,13.2,1.1,114.0,7.4,94.0,4.05,8.0,7.5,840.0,1.0,3.0,5.0,2.0,,2.0,1.0,1.0,2.0,2.0,3.0,0
133841.0,66.0,1.31,39.1,117.5,106.0,67.0,178.0,69.0,5.6,4.73,138.0,7.6,13.7,316.0,15.9,0.66,193.0,4.7,84.0,16.93,6.0,7.0,300.0,2.0,3.0,3.0,1.0,3.0,2.0,2.0,1.0,,1.0,3.0,0
133843.0,74.0,3.49,27.0,85.0,138.0,71.0,186.0,76.0,5.5,3.04,140.0,8.7,14.2,341.0,13.6,0.79,99.0,4.0,97.0,43.81,8.0,8.0,480.0,2.0,3.0,3.0,2.0,,2.0,1.0,1.0,1.0,1.0,2.0,0
133846.0,54.0,1.4,32.9,112.8,153.0,92.0,183.0,84.0,5.7,0.87,138.0,9.7,14.9,259.0,14.2,0.74,79.0,4.0,118.0,94.48,5.0,4.0,240.0,1.0,4.0,3.0,1.0,3.0,2.0,1.0,1.0,1.0,1.0,3.0,0
133852.0,69.0,2.87,41.0,130.0,107.0,72.0,178.0,57.0,5.1,7.55,142.0,12.5,13.2,302.0,12.6,0.81,131.0,5.0,100.0,6.56,6.5,7.0,480.0,2.0,3.0,4.0,1.0,2.0,2.0,1.0,1.0,1.0,1.0,3.0,1
133856.0,20.0,1.41,21.5,77.5,124.0,69.0,131.0,50.0,4.9,1.11,141.0,4.1,15.9,233.0,12.2,0.91,90.0,4.7,92.0,3.62,7.0,11.0,180.0,1.0,2.0,3.0,2.0,,2.0,2.0,2.0,,2.0,1.0,0
133857.0,56.0,2.5,25.1,81.6,108.0,69.0,203.0,45.0,5.4,0.3,138.0,6.5,12.6,309.0,13.4,0.71,236.0,3.9,94.0,7.87,8.0,10.0,120.0,2.0,1.0,4.0,2.0,,2.0,2.0,1.0,,2.0,3.0,0
133858.0,49.0,5.0,26.0,95.0,144.0,99.0,210.0,60.0,5.7,1.08,142.0,5.9,14.9,307.0,13.2,0.82,81.0,5.0,87.0,0.54,7.0,8.0,600.0,2.0,7.0,5.0,1.0,3.0,2.0,2.0,1.0,,2.0,1.0,0
133859.0,74.0,3.0,26.7,97.3,109.0,65.0,215.0,77.0,5.7,2.62,137.0,6.6,13.5,191.0,13.9,0.67,122.0,3.5,94.0,7.52,6.0,7.0,540.0,2.0,3.0,3.0,2.0,,2.0,2.0,1.0,,1.0,3.0,0
133861.0,62.0,5.0,34.2,112.6,114.0,75.0,178.0,30.0,5.4,3.05,141.0,6.4,14.7,247.0,13.4,,155.0,,101.0,3.92,7.5,8.0,600.0,1.0,3.0,3.0,1.0,3.0,2.0,1.0,1.0,1.0,2.0,4.0,0
133862.0,35.0,1.46,30.3,88.4,86.0,62.0,212.0,90.0,5.2,2.45,138.0,5.6,12.2,339.0,14.7,0.78,40.0,3.4,87.0,5.46,8.0,10.0,300.0,2.0,2.0,4.0,1.0,3.0,2.0,2.0,2.0,,2.0,1.0,0
133864.0,80.0,,,79.9,110.0,67.0,177.0,78.0,5.6,0.35,138.0,4.3,12.6,157.0,13.5,0.72,51.0,3.5,94.0,79.42,8.0,9.0,360.0,2.0,3.0,5.0,2.0,,2.0,2.0,2.0,,2.0,3.0,0
133865.0,50.0,2.65,42.9,135.3,129.0,87.0,207.0,47.0,5.4,2.64,139.0,6.5,15.8,272.0,12.6,0.96,96.0,8.4,98.0,9.1,9.0,7.5,480.0,1.0,6.0,4.0,1.0,3.0,2.0,2.0,2.0,,2.0,3.0,0
133868.0,61.0,4.81,27.6,91.7,146.0,86.0,150.0,82.0,5.2,2.2,138.0,5.5,13.6,221.0,14.0,0.77,71.0,5.0,97.0,5.14,8.0,8.0,240.0,2.0,3.0,4.0,1.0,3.0,2.0,2.0,2.0,,2.0,1.0,0
133870.0,36.0,1.3,33.8,106.1,111.0,85.0,204.0,51.0,5.3,0.78,136.0,6.0,13.8,313.0,12.7,0.9,100.0,6.0,87.0,8.88,9.0,9.0,540.0,2.0,3.0,5.0,2.0,,2.0,1.0,1.0,2.0,2.0,3.0,0
133874.0,37.0,0.8,23.1,81.8,97.0,61.0,189.0,72.0,4.8,1.43,139.0,6.6,12.1,241.0,13.4,0.61,68.0,5.2,83.0,6.28,8.0,8.0,180.0,2.0,2.0,5.0,2.0,,2.0,2.0,2.0,,2.0,3.0,0
133875.0,71.0,5.0,24.9,84.0,108.0,64.0,236.0,75.0,5.2,0.45,141.0,4.5,13.8,227.0,13.3,1.14,78.0,5.8,94.0,11.43,7.0,7.0,180.0,1.0,7.0,5.0,2.0,,2.0,2.0,2.0,,2.0,1.0,0
133878.0,78.0,3.26,30.3,113.2,136.0,80.0,140.0,60.0,5.7,1.28,141.0,9.0,16.5,263.0,13.5,0.83,108.0,5.9,125.0,52.14,7.0,7.0,360.0,1.0,3.0,4.0,2.0,,2.0,2.0,1.0,,1.0,1.0,0
133882.0,65.0,1.3,36.9,115.3,150.0,93.0,174.0,48.0,11.4,11.02,139.0,7.1,12.4,158.0,14.1,1.98,113.0,8.2,464.0,948.44,3.0,5.0,480.0,2.0,4.0,3.0,2.0,,1.0,1.0,2.0,1.0,2.0,4.0,0
133883.0,72.0,4.67,38.8,129.7,122.0,72.0,162.0,47.0,5.1,3.74,141.0,9.3,16.4,211.0,12.6,0.88,79.0,5.1,99.0,10.82,8.5,8.5,240.0,1.0,3.0,4.0,2.0,,2.0,1.0,2.0,1.0,2.0,2.0,0
133893.0,46.0,2.05,33.7,116.2,139.0,83.0,216.0,60.0,5.8,7.58,142.0,6.3,13.9,288.0,14.2,1.05,109.0,4.1,99.0,4.11,6.0,6.0,120.0,1.0,4.0,3.0,2.0,,2.0,2.0,2.0,,2.0,3.0,0
133894.0,43.0,2.03,27.7,104.5,125.0,78.0,244.0,35.0,5.2,4.65,137.0,8.6,14.1,318.0,13.2,1.03,234.0,5.3,88.0,0.48,7.5,8.0,480.0,1.0,3.0,5.0,2.0,,2.0,2.0,1.0,,2.0,2.0,0
133895.0,34.0,4.0,22.1,74.0,125.0,78.0,171.0,60.0,4.8,0.35,139.0,8.0,14.1,279.0,13.3,0.63,75.0,2.4,93.0,4.95,8.5,9.0,480.0,2.0,3.0,5.0,2.0,,2.0,2.0,1.0,,2.0,3.0,0
133907.0,80.0,3.93,26.2,101.6,118.0,66.0,194.0,60.0,6.2,0.56,144.0,5.0,16.5,184.0,14.0,1.42,200.0,5.9,105.0,16.37,10.5,10.5,360.0,1.0,3.0,5.0,1.0,3.0,2.0,2.0,1.0,,1.0,3.0,1
133909.0,22.0,0.15,22.9,78.8,124.0,88.0,173.0,61.0,5.1,3.31,140.0,6.2,13.5,203.0,14.3,1.27,104.0,4.2,77.0,8.58,8.0,9.0,180.0,2.0,3.0,5.0,2.0,,2.0,2.0,2.0,,2.0,1.0,0
133912.0,68.0,2.74,29.4,106.0,136.0,75.0,171.0,48.0,6.1,3.41,141.0,7.2,13.7,309.0,13.1,0.86,205.0,6.1,106.0,8.02,7.0,8.5,480.0,2.0,3.0,2.0,2.0,,2.0,1.0,2.0,1.0,2.0,4.0,0
133915.0,45.0,2.69,22.6,83.5,108.0,66.0,229.0,72.0,5.5,0.52,139.0,7.5,12.3,491.0,15.9,0.65,124.0,2.7,95.0,23.58,11.0,11.0,120.0,2.0,1.0,1.0,2.0,,2.0,2.0,2.0,,2.0,1.0,0
133916.0,80.0,5.0,26.7,109.0,118.0,75.0,137.0,41.0,5.2,0.81,143.0,5.2,13.7,181.0,14.2,1.27,186.0,6.2,94.0,9.55,10.0,10.0,300.0,1.0,3.0,4.0,2.0,,2.0,1.0,1.0,1.0,1.0,2.0,0
133919.0,44.0,1.99,30.8,114.0,116.0,83.0,191.0,36.0,4.9,1.28,140.0,7.4,15.6,315.0,13.2,1.11,208.0,5.3,88.0,4.16,4.0,7.0,300.0,1.0,3.0,3.0,2.0,,2.0,2.0,2.0,,2.0,2.0,0
133930.0,72.0,5.0,25.9,94.7,112.0,76.0,116.0,58.0,5.2,1.1,143.0,7.1,14.7,378.0,13.2,1.14,69.0,6.3,86.0,5.66,6.0,6.0,360.0,1.0,3.0,5.0,2.0,,2.0,2.0,1.0,,1.0,2.0,1
133933.0,58.0,1.84,34.5,108.5,128.0,79.0,270.0,35.0,7.3,5.89,139.0,6.3,15.4,244.0,13.3,0.67,397.0,4.1,157.0,5.42,8.0,7.0,120.0,1.0,1.0,5.0,1.0,3.0,2.0,2.0,2.0,,2.0,2.0,0
133934.0,65.0,5.0,30.4,104.0,161.0,92.0,235.0,72.0,5.3,3.32,139.0,6.7,14.7,205.0,13.1,0.6,178.0,3.6,95.0,26.64,8.5,8.5,240.0,2.0,3.0,5.0,2.0,,2.0,1.0,1.0,1.0,1.0,1.0,0
133937.0,23.0,0.34,26.3,89.6,112.0,84.0,216.0,80.0,5.4,4.81,140.0,7.2,12.6,301.0,14.3,0.85,138.0,4.3,98.0,6.44,6.5,8.5,360.0,2.0,3.0,5.0,2.0,,2.0,2.0,2.0,,2.0,1.0,0
133940.0,39.0,2.43,29.1,84.2,110.0,73.0,203.0,58.0,5.2,2.31,138.0,6.6,13.2,291.0,12.9,0.68,135.0,3.7,90.0,5.12,7.5,8.5,240.0,2.0,2.0,4.0,2.0,,2.0,2.0,2.0,,2.0,3.0,0
133945.0,70.0,2.79,32.1,108.4,132.0,83.0,145.0,35.0,5.8,5.45,139.0,8.5,15.8,323.0,14.7,1.07,116.0,5.5,95.0,4.44,9.0,9.0,240.0,1.0,3.0,3.0,2.0,,2.0,1.0,2.0,1.0,1.0,3.0,0
133946.0,80.0,,30.3,,155.0,89.0,144.0,48.0,5.3,2.44,140.0,7.2,17.4,243.0,15.7,1.1,79.0,6.4,100.0,6.73,8.0,8.0,180.0,1.0,3.0,5.0,1.0,3.0,2.0,1.0,2.0,1.0,1.0,2.0,0
133951.0,48.0,5.0,22.2,81.3,117.0,76.0,166.0,72.0,6.4,1.06,138.0,3.9,15.3,269.0,12.7,1.15,43.0,4.4,192.0,4.11,8.0,9.0,480.0,1.0,3.0,5.0,2.0,,1.0,2.0,2.0,,2.0,2.0,0
133954.0,80.0,2.3,22.5,90.6,125.0,68.0,284.0,49.0,5.5,1.02,140.0,5.9,14.0,240.0,13.5,0.7,167.0,5.4,101.0,12.59,11.0,11.0,360.0,2.0,3.0,4.0,1.0,3.0,2.0,2.0,2.0,,2.0,2.0,0
133955.0,52.0,1.58,23.9,100.1,115.0,81.0,210.0,52.0,5.1,0.92,141.0,6.4,15.9,256.0,13.3,0.89,115.0,5.5,93.0,0.91,6.0,7.0,240.0,1.0,3.0,4.0,1.0,3.0,2.0,2.0,1.0,,2.0,3.0,0
133956.0,43.0,4.33,33.1,102.4,100.0,77.0,190.0,46.0,5.3,1.35,140.0,6.7,13.4,344.0,14.4,0.73,123.0,3.6,89.0,245.14,7.5,9.0,300.0,2.0,3.0,3.0,1.0,3.0,2.0,2.0,1.0,,1.0,3.0,0
133957.0,69.0,4.56,24.1,94.9,149.0,79.0,211.0,69.0,5.9,0.52,139.0,6.0,15.0,211.0,13.0,0.94,66.0,5.6,106.0,5.09,7.0,9.0,420.0,1.0,3.0,5.0,1.0,3.0,2.0,2.0,1.0,,1.0,2.0,0
133958.0,59.0,5.0,44.5,134.0,145.0,93.0,185.0,43.0,8.7,3.68,141.0,7.9,16.6,213.0,15.4,1.31,230.0,3.6,151.0,21.28,6.0,8.0,420.0,1.0,4.0,5.0,2.0,,1.0,1.0,1.0,1.0,1.0,3.0,0
133959.0,63.0,5.0,32.2,120.7,127.0,73.0,143.0,46.0,5.6,0.23,140.0,7.5,14.9,172.0,13.8,1.05,216.0,5.3,108.0,0.62,8.5,9.5,960.0,1.0,3.0,4.0,2.0,,1.0,1.0,1.0,1.0,1.0,3.0,1
133960.0,73.0,,21.9,92.2,146.0,66.0,127.0,45.0,7.8,0.68,139.0,6.2,13.1,233.0,13.4,1.42,169.0,6.3,125.0,99.05,8.0,8.0,240.0,1.0,6.0,3.0,2.0,,1.0,1.0,1.0,1.0,1.0,3.0,0
133965.0,65.0,5.0,26.5,98.9,184.0,101.0,212.0,68.0,5.4,1.59,140.0,6.0,13.4,264.0,13.2,0.71,113.0,3.3,85.0,15.57,9.0,9.0,300.0,2.0,7.0,4.0,1.0,3.0,2.0,2.0,1.0,,2.0,3.0,0
133966.0,80.0,1.52,25.5,103.7,160.0,76.0,168.0,48.0,7.3,1.45,139.0,5.6,14.3,196.0,14.4,1.07,144.0,6.4,121.0,20.78,7.5,7.5,600.0,1.0,7.0,2.0,1.0,3.0,1.0,1.0,1.0,1.0,1.0,4.0,1
133971.0,22.0,4.3,30.2,99.1,122.0,76.0,196.0,37.0,4.6,3.13,138.0,12.5,14.3,407.0,12.4,1.03,228.0,7.6,91.0,3.03,7.0,10.0,600.0,1.0,6.0,5.0,2.0,,2.0,2.0,2.0,,2.0,3.0,0
133972.0,50.0,1.14,26.9,105.9,112.0,66.0,152.0,62.0,5.7,1.14,139.0,11.5,15.0,358.0,13.9,0.8,65.0,4.8,106.0,4.96,6.5,8.0,120.0,1.0,3.0,2.0,1.0,1.0,2.0,2.0,2.0,,2.0,4.0,0
133976.0,34.0,0.9,27.8,85.9,89.0,65.0,129.0,44.0,5.2,1.29,143.0,7.1,13.2,262.0,13.1,0.55,47.0,3.9,81.0,6.22,7.0,10.0,120.0,2.0,1.0,5.0,1.0,3.0,2.0,2.0,2.0,,2.0,3.0,0
133978.0,30.0,5.0,25.5,92.4,99.0,65.0,173.0,53.0,5.2,0.35,142.0,6.4,13.6,205.0,13.3,1.33,98.0,5.7,101.0,9.44,9.0,9.5,180.0,1.0,1.0,5.0,2.0,,2.0,2.0,2.0,,2.0,3.0,0
133984.0,53.0,3.67,40.3,117.0,116.0,70.0,253.0,52.0,5.1,7.65,139.0,10.2,13.7,355.0,13.1,0.71,196.0,4.1,99.0,7.69,8.5,9.0,360.0,2.0,3.0,5.0,2.0,,2.0,1.0,2.0,1.0,2.0,2.0,0
133986.0,53.0,5.0,25.2,102.4,102.0,69.0,190.0,55.0,5.4,0.66,140.0,4.4,14.6,156.0,14.3,0.73,69.0,4.1,104.0,0.4,7.5,7.5,540.0,1.0,3.0,5.0,2.0,,2.0,2.0,2.0,,2.0,3.0,0
133988.0,73.0,2.74,45.9,129.9,164.0,85.0,215.0,71.0,6.8,2.65,137.0,8.7,15.8,315.0,14.2,0.87,86.0,3.9,157.0,7.56,9.5,10.0,360.0,2.0,3.0,3.0,2.0,,1.0,1.0,2.0,1.0,2.0,2.0,0
133992.0,47.0,,24.3,83.8,115.0,85.0,157.0,54.0,5.5,1.17,138.0,7.1,12.7,210.0,13.6,0.98,127.0,3.7,92.0,6.88,8.0,10.0,120.0,2.0,2.0,5.0,2.0,,2.0,2.0,2.0,,2.0,2.0,0
133994.0,51.0,3.88,38.2,117.4,137.0,88.0,249.0,38.0,5.1,2.85,137.0,6.9,16.4,261.0,13.5,1.11,282.0,7.8,92.0,13.8,6.0,8.0,300.0,1.0,3.0,3.0,1.0,3.0,2.0,1.0,1.0,1.0,2.0,3.0,0
133998.0,76.0,3.11,,,118.0,67.0,257.0,159.0,5.1,6.05,134.0,8.7,12.2,378.0,14.5,0.64,75.0,5.5,99.0,8.26,8.0,8.0,180.0,2.0,3.0,5.0,2.0,,2.0,1.0,2.0,1.0,2.0,3.0,0
133999.0,70.0,3.0,25.8,93.3,115.0,80.0,193.0,45.0,5.6,1.73,142.0,7.5,14.1,272.0,13.8,1.01,111.0,5.2,101.0,6.06,7.0,7.0,240.0,1.0,3.0,5.0,1.0,3.0,2.0,2.0,1.0,,2.0,2.0,0
134002.0,29.0,5.0,18.6,67.2,110.0,77.0,203.0,72.0,5.1,0.94,138.0,5.0,13.6,216.0,13.7,0.62,117.0,5.0,74.0,6.45,8.0,9.0,480.0,2.0,6.0,5.0,2.0,,2.0,2.0,2.0,,2.0,2.0,0
134003.0,54.0,0.83,29.9,89.0,112.0,88.0,179.0,54.0,5.8,9.48,139.0,5.8,11.6,301.0,15.1,0.71,143.0,3.8,90.0,12.82,8.0,12.0,180.0,2.0,2.0,4.0,2.0,,2.0,1.0,1.0,1.0,1.0,3.0,0
134006.0,70.0,3.8,29.4,101.8,129.0,74.0,232.0,58.0,5.2,1.54,139.0,7.2,13.2,294.0,13.8,0.72,222.0,4.3,100.0,14.38,7.5,7.5,300.0,2.0,3.0,5.0,2.0,,2.0,1.0,1.0,1.0,2.0,3.0,0
134007.0,61.0,0.02,32.3,98.8,103.0,65.0,246.0,48.0,6.2,2.06,141.0,5.9,13.3,216.0,13.6,0.9,226.0,4.3,99.0,4.12,8.5,,60.0,2.0,1.0,1.0,2.0,,2.0,2.0,2.0,,2.0,4.0,0
134010.0,71.0,5.0,27.2,90.9,109.0,75.0,193.0,57.0,5.9,3.91,146.0,5.0,14.1,325.0,14.1,0.65,95.0,4.2,79.0,11.19,6.0,6.0,660.0,2.0,3.0,5.0,1.0,3.0,2.0,2.0,1.0,,1.0,3.0,0
134012.0,51.0,4.64,19.0,79.7,98.0,69.0,180.0,79.0,9.2,0.11,137.0,5.2,15.8,159.0,12.9,0.55,59.0,2.3,282.0,18.16,5.5,8.0,300.0,2.0,3.0,3.0,1.0,1.0,1.0,2.0,1.0,,1.0,3.0,0
134013.0,63.0,1.42,26.2,95.8,141.0,80.0,194.0,42.0,6.7,6.86,140.0,7.5,15.0,282.0,12.9,0.81,143.0,9.2,126.0,9.41,8.5,8.5,360.0,1.0,6.0,2.0,1.0,1.0,3.0,1.0,2.0,1.0,2.0,3.0,0
134019.0,51.0,5.0,28.6,96.4,152.0,90.0,227.0,62.0,6.1,1.22,142.0,5.4,14.6,316.0,13.4,0.79,101.0,6.3,107.0,6.48,5.0,5.0,720.0,1.0,6.0,3.0,2.0,,2.0,1.0,2.0,2.0,2.0,2.0,0
134021.0,58.0,2.21,36.8,122.3,116.0,82.0,123.0,60.0,6.3,7.93,137.0,5.9,12.4,257.0,15.0,0.88,79.0,4.1,108.0,5.14,7.0,7.0,360.0,2.0,3.0,3.0,1.0,1.0,1.0,2.0,1.0,,1.0,3.0,0
134022.0,24.0,1.99,19.7,66.0,91.0,62.0,145.0,50.0,5.2,0.11,136.0,6.2,13.6,275.0,12.2,0.77,53.0,3.8,91.0,15.8,7.5,8.0,660.0,2.0,3.0,4.0,2.0,,2.0,2.0,2.0,,2.0,3.0,0
134024.0,66.0,5.0,23.6,86.7,138.0,87.0,215.0,55.0,5.1,0.69,138.0,6.7,14.5,211.0,12.7,0.77,202.0,3.6,96.0,10.27,8.0,8.5,300.0,2.0,3.0,4.0,1.0,1.0,2.0,2.0,2.0,,2.0,1.0,0
134025.0,65.0,3.09,28.3,106.8,139.0,82.0,119.0,60.0,5.2,0.92,141.0,10.5,14.0,248.0,15.7,0.83,57.0,3.4,71.0,1.24,8.5,7.5,720.0,2.0,3.0,5.0,1.0,3.0,2.0,1.0,1.0,1.0,1.0,2.0,1
134029.0,37.0,1.04,35.7,100.5,101.0,67.0,240.0,38.0,5.5,7.41,139.0,10.6,14.9,336.0,13.5,0.6,170.0,6.4,102.0,8.71,5.0,10.0,300.0,2.0,7.0,4.0,2.0,,2.0,2.0,2.0,,2.0,4.0,0
134037.0,55.0,2.03,27.4,105.1,101.0,74.0,177.0,60.0,5.6,1.0,140.0,5.8,15.3,204.0,13.6,1.0,75.0,5.8,89.0,7.32,8.0,9.5,660.0,1.0,6.0,5.0,1.0,3.0,2.0,2.0,2.0,,2.0,2.0,0
134039.0,63.0,5.0,23.3,85.8,141.0,99.0,237.0,58.0,5.7,1.03,141.0,5.1,13.7,245.0,13.0,0.85,103.0,4.7,81.0,12.7,5.5,10.5,360.0,2.0,3.0,4.0,2.0,,2.0,2.0,2.0,,2.0,2.0,0
134040.0,49.0,5.0,27.8,99.8,119.0,76.0,213.0,51.0,5.7,0.76,141.0,5.8,14.8,274.0,13.2,0.96,113.0,6.2,111.0,4.08,5.0,7.5,480.0,1.0,3.0,5.0,2.0,,2.0,1.0,2.0,2.0,2.0,3.0,0
134042.0,80.0,1.64,39.9,137.1,128.0,74.0,141.0,48.0,5.6,3.45,143.0,6.7,16.5,162.0,13.0,1.02,163.0,6.6,96.0,11.27,10.5,10.5,360.0,1.0,3.0,4.0,1.0,3.0,2.0,2.0,2.0,,2.0,2.0,0
134044.0,62.0,2.34,30.0,105.3,132.0,77.0,106.0,41.0,6.7,0.35,140.0,7.2,13.0,242.0,14.5,0.59,109.0,4.6,138.0,8.86,10.0,9.0,360.0,1.0,2.0,4.0,1.0,3.0,1.0,1.0,1.0,1.0,1.0,4.0,1
134045.0,80.0,0.98,24.3,90.7,137.0,86.0,200.0,62.0,5.6,0.8,142.0,6.1,14.1,152.0,15.8,0.99,87.0,5.4,91.0,26.47,7.5,8.5,240.0,2.0,3.0,3.0,2.0,,2.0,1.0,2.0,1.0,2.0,2.0,1
134046.0,75.0,5.0,36.4,124.2,138.0,77.0,156.0,48.0,5.8,10.73,138.0,9.2,14.7,303.0,14.7,0.74,97.0,4.1,100.0,6.86,8.5,8.5,600.0,1.0,3.0,4.0,1.0,3.0,2.0,1.0,2.0,1.0,2.0,5.0,1
134047.0,30.0,5.0,22.4,81.7,112.0,65.0,157.0,55.0,5.0,0.4,140.0,4.4,14.3,195.0,12.9,1.14,44.0,5.9,81.0,4.16,8.0,9.0,600.0,1.0,3.0,5.0,1.0,3.0,2.0,2.0,2.0,,2.0,2.0,0
134049.0,65.0,5.0,24.8,88.6,143.0,80.0,181.0,78.0,6.2,0.64,139.0,6.1,13.3,190.0,12.1,0.61,138.0,4.1,129.0,10.5,7.5,7.5,360.0,2.0,2.0,5.0,2.0,,1.0,1.0,1.0,1.0,1.0,3.0,0
134050.0,49.0,3.6,46.2,149.0,132.0,87.0,196.0,58.0,5.6,6.09,141.0,9.5,12.8,509.0,17.4,0.77,87.0,5.8,107.0,3.88,6.5,9.0,540.0,1.0,3.0,3.0,2.0,,3.0,1.0,2.0,2.0,2.0,3.0,0
134051.0,41.0,5.0,35.1,105.2,93.0,68.0,172.0,51.0,5.3,3.58,139.0,6.9,14.3,292.0,13.4,0.86,80.0,5.0,92.0,4.52,8.0,8.0,480.0,2.0,3.0,5.0,2.0,,2.0,2.0,2.0,,2.0,3.0,0
134054.0,60.0,,24.5,84.4,109.0,74.0,160.0,64.0,5.6,1.12,140.0,7.7,13.3,222.0,13.7,0.93,90.0,5.7,91.0,4.88,9.0,9.0,240.0,2.0,3.0,4.0,2.0,,2.0,2.0,2.0,,2.0,3.0,0
134055.0,55.0,0.1,27.6,108.5,87.0,59.0,159.0,51.0,7.6,3.64,138.0,13.1,15.2,281.0,14.6,0.85,134.0,6.3,170.0,12.77,,,9999.0,2.0,3.0,3.0,1.0,1.0,1.0,2.0,1.0,,1.0,4.0,1
134056.0,67.0,3.91,22.5,82.1,95.0,61.0,116.0,50.0,5.0,45.99,138.0,7.7,13.2,323.0,14.3,1.05,49.0,2.6,93.0,18.17,10.0,10.0,30.0,1.0,3.0,5.0,1.0,3.0,2.0,2.0,2.0,,2.0,2.0,0
134057.0,62.0,2.73,37.5,119.0,146.0,79.0,180.0,34.0,5.7,9.66,143.0,9.5,13.4,375.0,15.0,1.13,215.0,5.9,111.0,15.47,7.0,10.0,600.0,1.0,2.0,5.0,2.0,,2.0,1.0,1.0,1.0,1.0,4.0,0
134062.0,76.0,4.8,33.9,120.0,150.0,73.0,148.0,52.0,7.4,2.48,139.0,7.1,14.2,210.0,15.0,0.84,58.0,4.8,148.0,17.78,8.0,8.0,300.0,1.0,3.0,5.0,2.0,,1.0,1.0,1.0,1.0,1.0,3.0,0
134064.0,78.0,2.58,29.0,109.0,122.0,83.0,176.0,42.0,5.2,4.2,142.0,8.5,15.9,217.0,13.8,1.24,113.0,6.5,88.0,6.5,9.0,9.0,540.0,1.0,3.0,5.0,2.0,,2.0,1.0,2.0,2.0,2.0,4.0,1
134066.0,53.0,,32.5,102.2,111.0,61.0,153.0,49.0,6.6,5.27,140.0,4.4,9.5,224.0,16.9,0.76,65.0,3.5,113.0,20.58,6.0,11.0,60.0,2.0,4.0,3.0,2.0,,2.0,2.0,2.0,,2.0,2.0,0
134068.0,71.0,4.06,40.4,125.0,143.0,76.0,116.0,41.0,5.4,1.94,140.0,4.4,14.2,82.0,14.2,1.23,103.0,5.6,119.0,4.29,9.0,9.0,240.0,1.0,3.0,1.0,2.0,,2.0,2.0,2.0,,2.0,4.0,0
134073.0,63.0,1.39,29.7,96.1,136.0,77.0,148.0,38.0,7.5,0.99,139.0,4.8,15.8,150.0,13.8,0.91,101.0,4.0,111.0,11.71,5.0,6.0,300.0,1.0,4.0,3.0,1.0,3.0,1.0,1.0,1.0,1.0,1.0,3.0,0
134075.0,35.0,1.85,37.9,121.6,121.0,85.0,181.0,39.0,5.4,7.66,141.0,4.9,13.8,381.0,13.0,0.73,117.0,11.5,133.0,8.46,12.0,13.0,660.0,1.0,3.0,3.0,1.0,3.0,2.0,2.0,2.0,,2.0,2.0,0
134077.0,40.0,1.51,46.9,134.8,103.0,82.0,176.0,34.0,6.4,8.63,138.0,11.8,12.8,297.0,13.9,0.65,276.0,7.3,97.0,88.47,7.5,7.5,600.0,2.0,3.0,4.0,1.0,3.0,2.0,2.0,1.0,,1.0,3.0,0
134079.0,75.0,3.8,30.2,112.3,132.0,74.0,168.0,46.0,6.9,1.81,141.0,3.9,15.4,93.0,14.0,0.89,257.0,4.9,151.0,12.61,7.5,7.5,180.0,1.0,3.0,5.0,2.0,,1.0,1.0,1.0,1.0,1.0,3.0,1
134081.0,73.0,5.0,25.9,84.6,110.0,61.0,185.0,72.0,6.0,0.61,145.0,5.2,12.3,205.0,15.6,0.81,67.0,2.4,82.0,15.36,10.0,10.0,180.0,2.0,4.0,5.0,2.0,,2.0,1.0,2.0,1.0,1.0,3.0,0
134082.0,48.0,,25.7,90.5,114.0,80.0,177.0,40.0,5.0,1.57,140.0,6.8,16.4,149.0,13.2,1.07,164.0,5.4,96.0,2.81,8.0,10.0,120.0,1.0,1.0,3.0,2.0,,2.0,2.0,2.0,,2.0,2.0,0
134083.0,71.0,,23.6,81.6,148.0,74.0,234.0,95.0,5.0,0.3,143.0,6.3,12.2,251.0,13.2,0.83,74.0,5.1,82.0,6.35,7.0,7.0,420.0,2.0,3.0,5.0,2.0,,2.0,2.0,2.0,,2.0,2.0,0
134084.0,77.0,2.32,31.8,111.8,121.0,57.0,155.0,49.0,6.1,3.26,142.0,6.0,13.0,204.0,13.9,1.14,199.0,6.2,106.0,33.0,7.0,7.0,360.0,2.0,3.0,4.0,2.0,,2.0,1.0,1.0,1.0,1.0,3.0,0
134088.0,55.0,,29.6,105.8,111.0,75.0,181.0,35.0,5.7,1.31,138.0,7.4,14.1,231.0,13.8,1.2,188.0,6.8,97.0,0.46,7.0,9.0,180.0,1.0,3.0,3.0,1.0,3.0,2.0,1.0,2.0,1.0,2.0,2.0,0
134090.0,70.0,4.78,29.6,100.0,114.0,72.0,231.0,76.0,5.8,8.44,142.0,6.3,13.0,277.0,14.3,0.7,95.0,5.1,115.0,12.49,7.0,7.0,360.0,2.0,3.0,4.0,1.0,3.0,3.0,1.0,1.0,1.0,2.0,3.0,0
134091.0,37.0,2.17,34.1,114.5,124.0,76.0,147.0,27.0,5.3,5.59,141.0,6.5,18.6,169.0,14.1,1.09,436.0,6.4,93.0,4.9,7.0,7.0,240.0,1.0,3.0,5.0,2.0,,2.0,2.0,1.0,,2.0,1.0,0
134092.0,78.0,,25.4,91.0,114.0,63.0,261.0,78.0,5.5,2.63,140.0,7.0,12.9,268.0,13.9,1.04,122.0,2.9,90.0,30.14,8.0,8.0,300.0,2.0,3.0,5.0,2.0,,2.0,2.0,1.0,,2.0,1.0,0
134093.0,57.0,4.67,25.5,92.0,91.0,61.0,277.0,53.0,5.4,1.43,138.0,3.4,13.3,298.0,13.0,0.76,119.0,3.3,97.0,5.02,6.0,7.0,360.0,2.0,3.0,4.0,1.0,3.0,2.0,2.0,1.0,,2.0,4.0,0
134095.0,59.0,5.0,33.1,112.4,116.0,76.0,258.0,109.0,5.8,3.55,140.0,6.2,12.1,332.0,14.5,0.79,67.0,4.9,81.0,7.72,5.5,7.0,780.0,2.0,7.0,5.0,2.0,,2.0,1.0,2.0,1.0,2.0,3.0,0
134096.0,59.0,1.69,18.9,74.9,128.0,67.0,150.0,47.0,13.3,0.51,135.0,7.3,12.8,252.0,13.1,0.62,134.0,2.6,358.0,5.39,9.0,12.0,120.0,1.0,4.0,3.0,1.0,1.0,1.0,2.0,2.0,,2.0,3.0,0
134098.0,57.0,,28.6,104.8,111.0,76.0,161.0,43.0,7.0,0.83,139.0,5.5,15.9,186.0,13.1,0.92,367.0,5.5,235.0,12.03,7.5,9.5,360.0,1.0,3.0,5.0,2.0,,1.0,2.0,1.0,,1.0,2.0,0
134099.0,28.0,3.02,22.2,81.1,102.0,64.0,131.0,44.0,5.3,0.54,138.0,6.7,14.2,201.0,14.0,0.89,62.0,7.2,86.0,1.24,8.5,9.0,360.0,1.0,3.0,5.0,1.0,3.0,2.0,2.0,2.0,,2.0,2.0,0
134100.0,73.0,1.67,27.4,100.2,109.0,63.0,192.0,42.0,5.9,9.34,135.0,8.6,13.0,194.0,12.4,0.81,143.0,4.5,112.0,14.82,6.0,6.0,240.0,1.0,3.0,5.0,1.0,1.0,3.0,2.0,1.0,,2.0,4.0,0
134106.0,67.0,5.0,26.1,94.7,114.0,80.0,190.0,60.0,6.0,4.98,142.0,8.1,13.5,170.0,14.8,0.88,129.0,4.5,103.0,4.88,9.0,9.0,300.0,2.0,3.0,5.0,2.0,,2.0,2.0,1.0,,1.0,2.0,0
134109.0,37.0,4.02,27.2,90.9,128.0,91.0,229.0,36.0,5.8,2.29,141.0,6.9,15.6,293.0,13.2,1.0,237.0,6.5,94.0,6.24,7.5,7.5,240.0,1.0,6.0,4.0,1.0,3.0,3.0,1.0,1.0,2.0,2.0,3.0,0
134110.0,80.0,1.72,27.6,100.1,116.0,57.0,122.0,41.0,6.4,3.43,136.0,6.7,13.2,289.0,14.7,0.78,102.0,6.5,160.0,5.4,9.0,9.0,120.0,1.0,3.0,2.0,1.0,3.0,2.0,2.0,1.0,,1.0,3.0,0
134112.0,80.0,0.71,23.8,90.2,132.0,78.0,128.0,57.0,6.4,0.2,141.0,4.1,11.5,196.0,12.9,0.75,80.0,4.6,106.0,8.55,3.5,7.0,60.0,2.0,4.0,1.0,2.0,,1.0,1.0,1.0,1.0,1.0,4.0,0
134113.0,80.0,4.06,29.2,116.8,91.0,56.0,204.0,53.0,5.8,0.42,142.0,5.4,15.3,195.0,14.0,1.09,142.0,5.6,95.0,6.54,7.5,7.5,120.0,1.0,3.0,4.0,2.0,,2.0,2.0,1.0,,2.0,2.0,0
134114.0,70.0,3.44,26.2,87.0,148.0,76.0,230.0,60.0,5.5,0.69,139.0,5.6,14.3,269.0,14.0,0.74,92.0,4.4,96.0,8.39,9.0,9.0,180.0,2.0,3.0,4.0,1.0,3.0,2.0,1.0,1.0,1.0,2.0,3.0,0
134115.0,29.0,3.04,41.4,132.6,100.0,67.0,174.0,48.0,5.6,12.24,139.0,10.1,13.7,379.0,15.0,0.69,158.0,3.9,94.0,4.23,8.0,8.0,600.0,2.0,1.0,5.0,2.0,,2.0,2.0,2.0,,2.0,3.0,0
134119.0,45.0,1.34,41.1,132.0,122.0,84.0,241.0,47.0,6.3,2.91,141.0,5.4,14.9,272.0,15.2,1.07,211.0,10.5,112.0,5.69,6.5,6.5,480.0,1.0,4.0,4.0,2.0,,2.0,2.0,2.0,,2.0,2.0,0
134129.0,80.0,3.14,29.0,88.9,98.0,66.0,105.0,39.0,5.0,13.6,143.0,4.0,11.4,131.0,15.5,0.87,57.0,4.5,88.0,14.04,9.5,9.5,180.0,2.0,3.0,5.0,2.0,,2.0,2.0,2.0,,2.0,1.0,0
134134.0,69.0,2.33,26.5,100.8,111.0,62.0,115.0,39.0,5.4,0.42,139.0,7.7,14.9,172.0,13.1,0.85,82.0,4.6,98.0,4.49,9.0,9.0,360.0,1.0,3.0,5.0,2.0,,2.0,2.0,1.0,,1.0,2.0,0
134135.0,54.0,1.23,22.8,,125.0,76.0,185.0,38.0,5.3,2.24,139.0,6.3,15.1,246.0,13.6,0.88,493.0,6.4,83.0,6.82,6.0,7.0,480.0,1.0,4.0,3.0,1.0,1.0,2.0,2.0,2.0,,2.0,2.0,0
134141.0,70.0,4.01,21.4,83.8,161.0,84.0,174.0,60.0,6.4,1.22,134.0,7.5,13.1,379.0,11.9,0.66,102.0,4.6,107.0,21.24,9.5,9.5,240.0,2.0,3.0,5.0,2.0,,3.0,2.0,2.0,,2.0,2.0,0
134142.0,20.0,1.65,21.3,80.0,122.0,62.0,149.0,48.0,4.8,2.25,139.0,5.2,14.5,185.0,13.2,1.01,46.0,5.9,83.0,6.7,5.5,9.0,480.0,1.0,3.0,4.0,2.0,,2.0,2.0,2.0,,2.0,3.0,0
134144.0,70.0,4.64,27.0,,134.0,78.0,145.0,48.0,5.9,0.38,138.0,7.6,14.6,224.0,14.5,0.8,109.0,5.0,106.0,16.13,7.5,7.5,240.0,1.0,3.0,3.0,2.0,,2.0,1.0,1.0,1.0,1.0,3.0,0
134145.0,51.0,1.18,41.7,132.9,135.0,76.0,228.0,34.0,6.0,24.98,140.0,7.4,13.2,237.0,14.8,1.01,229.0,7.3,129.0,4.81,6.0,6.0,1320.0,1.0,7.0,5.0,2.0,,3.0,1.0,1.0,1.0,1.0,5.0,0
134146.0,71.0,5.0,34.4,108.1,117.0,65.0,147.0,38.0,5.6,4.94,140.0,7.3,14.3,221.0,13.4,0.94,74.0,6.9,118.0,4.8,5.0,6.0,720.0,2.0,4.0,5.0,2.0,,2.0,1.0,2.0,1.0,2.0,3.0,0
134147.0,68.0,5.0,29.6,102.7,141.0,74.0,203.0,29.0,5.2,0.61,140.0,5.7,15.2,180.0,12.6,0.95,537.0,4.8,99.0,6.02,8.0,9.0,420.0,1.0,3.0,5.0,2.0,,2.0,1.0,1.0,1.0,2.0,2.0,0
134148.0,80.0,1.64,17.0,69.9,216.0,98.0,194.0,85.0,5.5,0.79,143.0,3.2,11.6,202.0,14.3,0.89,84.0,4.1,91.0,38.15,6.0,6.0,600.0,2.0,4.0,4.0,1.0,3.0,2.0,1.0,1.0,1.0,1.0,3.0,1
134151.0,70.0,4.37,29.8,106.2,116.0,57.0,147.0,54.0,8.0,4.22,139.0,8.5,12.4,327.0,15.6,0.65,132.0,4.3,141.0,12.47,8.5,8.5,240.0,2.0,3.0,4.0,2.0,,1.0,1.0,1.0,1.0,1.0,3.0,0
134154.0,57.0,1.61,27.2,90.8,122.0,64.0,132.0,39.0,7.2,2.7,139.0,6.3,12.7,262.0,13.2,0.38,155.0,3.6,143.0,15.12,7.0,8.0,180.0,2.0,1.0,1.0,1.0,3.0,1.0,1.0,1.0,1.0,2.0,4.0,0
134156.0,62.0,3.42,34.6,124.6,129.0,60.0,200.0,37.0,5.7,2.63,140.0,7.0,14.0,212.0,13.6,0.99,231.0,6.2,88.0,21.9,9.0,8.5,480.0,1.0,3.0,5.0,2.0,,2.0,1.0,1.0,1.0,2.0,3.0,0
134161.0,80.0,1.03,25.3,104.4,140.0,87.0,118.0,42.0,6.4,1.57,142.0,7.6,12.8,272.0,16.5,1.29,104.0,6.0,105.0,14.56,4.0,3.0,300.0,1.0,3.0,1.0,2.0,,3.0,1.0,2.0,1.0,1.0,3.0,1
134164.0,33.0,5.0,23.9,86.8,106.0,59.0,127.0,57.0,4.8,0.21,140.0,3.9,14.7,197.0,12.9,1.04,26.0,5.8,91.0,3.42,7.0,7.0,600.0,1.0,3.0,5.0,2.0,,2.0,2.0,2.0,,2.0,1.0,0
134166.0,49.0,5.0,26.8,95.9,130.0,88.0,224.0,45.0,5.2,0.22,142.0,5.9,13.7,369.0,13.1,0.97,191.0,3.4,95.0,5.62,8.0,8.0,600.0,2.0,3.0,5.0,1.0,3.0,2.0,1.0,2.0,1.0,2.0,2.0,0
134168.0,36.0,5.0,27.8,95.8,112.0,75.0,262.0,60.0,5.3,0.58,138.0,4.4,15.4,250.0,12.5,0.92,291.0,5.5,98.0,0.95,8.0,8.0,480.0,1.0,3.0,5.0,2.0,,2.0,2.0,1.0,,1.0,2.0,0
134171.0,59.0,4.37,18.8,78.3,81.0,62.0,212.0,59.0,5.3,0.83,141.0,8.9,14.0,280.0,14.1,0.89,132.0,4.1,96.0,21.07,7.0,7.0,480.0,2.0,3.0,2.0,1.0,3.0,2.0,2.0,2.0,,2.0,4.0,0
134172.0,50.0,1.14,42.1,121.4,118.0,79.0,172.0,78.0,5.4,3.99,139.0,8.0,12.4,278.0,14.2,,69.0,,84.0,11.1,5.0,10.0,240.0,2.0,1.0,2.0,2.0,,2.0,2.0,2.0,,2.0,3.0,0
134173.0,36.0,4.22,24.5,93.1,111.0,71.0,185.0,58.0,5.3,2.66,139.0,8.0,15.4,251.0,13.1,0.91,146.0,6.2,82.0,1.91,6.0,8.0,120.0,1.0,1.0,2.0,1.0,1.0,2.0,2.0,2.0,,2.0,1.0,0
134176.0,25.0,5.0,26.4,85.0,119.0,64.0,126.0,53.0,4.8,2.07,139.0,6.8,15.0,187.0,13.2,1.12,116.0,5.8,91.0,4.11,9.0,8.5,480.0,1.0,1.0,5.0,2.0,,2.0,2.0,2.0,,2.0,1.0,0
134181.0,80.0,5.0,17.7,77.0,96.0,64.0,247.0,75.0,4.4,1.27,141.0,6.0,13.9,152.0,14.2,1.31,98.0,6.1,114.0,12.18,12.0,12.0,120.0,1.0,3.0,5.0,1.0,3.0,2.0,2.0,1.0,,2.0,4.0,1
134182.0,31.0,1.79,38.5,128.7,110.0,80.0,181.0,47.0,4.9,4.64,139.0,5.8,14.6,270.0,12.1,0.86,143.0,5.7,89.0,7.06,7.5,8.0,300.0,2.0,3.0,4.0,1.0,3.0,2.0,2.0,2.0,,2.0,3.0,0
134183.0,52.0,3.53,30.5,108.4,129.0,76.0,221.0,53.0,5.3,1.75,139.0,8.5,14.7,261.0,13.4,0.77,101.0,7.1,86.0,4.76,8.0,9.0,300.0,1.0,3.0,5.0,2.0,,2.0,2.0,2.0,,2.0,2.0,0
134184.0,28.0,,31.4,92.0,111.0,65.0,182.0,57.0,5.1,0.92,139.0,9.9,14.3,297.0,12.7,0.54,70.0,3.4,88.0,14.42,8.0,9.0,600.0,2.0,3.0,5.0,2.0,,2.0,2.0,2.0,,2.0,2.0,0
134187.0,67.0,5.0,26.7,87.6,107.0,66.0,147.0,47.0,6.1,1.85,151.0,4.8,12.9,234.0,13.9,0.85,90.0,4.0,80.0,7.88,8.5,7.5,180.0,2.0,3.0,5.0,2.0,,2.0,1.0,1.0,1.0,1.0,2.0,0
134188.0,71.0,3.3,38.9,119.4,112.0,64.0,225.0,60.0,5.3,3.37,142.0,5.5,15.3,277.0,13.5,0.75,127.0,4.1,92.0,4.74,7.5,7.5,240.0,2.0,3.0,5.0,2.0,,2.0,2.0,2.0,,2.0,2.0,0
134189.0,53.0,4.21,33.8,114.3,127.0,75.0,197.0,41.0,6.3,29.25,139.0,6.6,13.7,262.0,16.4,1.42,284.0,7.9,113.0,4.85,7.5,7.0,180.0,1.0,4.0,4.0,2.0,,1.0,1.0,1.0,2.0,2.0,2.0,0
134193.0,72.0,5.0,33.9,123.1,113.0,75.0,190.0,39.0,5.3,0.98,139.0,5.4,14.4,205.0,13.3,1.11,186.0,5.4,111.0,4.52,8.0,8.0,180.0,1.0,3.0,5.0,1.0,3.0,2.0,2.0,2.0,,2.0,3.0,0
134198.0,46.0,5.0,33.5,109.2,110.0,84.0,202.0,62.0,5.1,6.11,139.0,7.5,14.1,263.0,12.9,0.76,110.0,4.4,101.0,0.84,7.5,9.0,480.0,2.0,3.0,5.0,2.0,,2.0,1.0,1.0,1.0,1.0,2.0,0
134201.0,32.0,2.77,28.0,89.8,92.0,57.0,208.0,53.0,5.1,0.63,139.0,7.0,14.6,355.0,12.3,0.7,234.0,4.6,85.0,5.55,7.0,8.0,480.0,2.0,3.0,5.0,1.0,3.0,2.0,2.0,2.0,,2.0,2.0,0
134203.0,41.0,5.0,31.5,108.6,126.0,93.0,311.0,45.0,5.4,2.6,136.0,6.7,16.9,284.0,13.4,0.95,152.0,5.9,98.0,8.28,7.0,7.5,360.0,1.0,3.0,5.0,2.0,,2.0,2.0,1.0,,2.0,2.0,0
134204.0,80.0,3.6,25.6,100.8,119.0,40.0,224.0,62.0,5.7,2.86,139.0,6.9,12.8,221.0,14.2,1.37,125.0,5.7,119.0,,11.5,11.5,300.0,1.0,3.0,4.0,1.0,3.0,2.0,2.0,2.0,,2.0,4.0,0
134206.0,42.0,1.24,25.3,91.9,120.0,80.0,163.0,41.0,4.9,1.32,138.0,7.3,13.9,165.0,12.9,0.66,104.0,4.0,106.0,4.36,8.5,10.0,300.0,2.0,3.0,3.0,1.0,1.0,2.0,2.0,2.0,,2.0,2.0,0
134208.0,41.0,1.71,29.9,113.1,117.0,78.0,259.0,31.0,5.3,32.31,139.0,7.6,14.6,357.0,12.9,0.86,433.0,7.3,90.0,8.17,8.5,5.5,600.0,1.0,7.0,5.0,2.0,,2.0,1.0,1.0,1.0,2.0,2.0,0
134209.0,58.0,,23.4,89.6,148.0,88.0,251.0,56.0,5.6,0.36,145.0,5.3,14.8,240.0,13.9,0.9,101.0,5.7,109.0,8.13,8.0,10.0,120.0,1.0,3.0,5.0,2.0,,2.0,2.0,1.0,,2.0,2.0,0
134210.0,55.0,2.58,38.6,106.7,111.0,72.0,153.0,37.0,5.4,7.41,133.0,5.5,14.0,270.0,14.0,0.67,161.0,4.8,93.0,10.1,6.5,7.0,420.0,2.0,7.0,5.0,1.0,3.0,2.0,2.0,2.0,,2.0,3.0,0
134211.0,62.0,5.0,38.7,123.6,126.0,79.0,107.0,38.0,5.4,11.03,139.0,8.2,14.6,275.0,13.1,1.04,100.0,5.8,93.0,6.04,7.0,8.0,600.0,1.0,3.0,4.0,1.0,3.0,2.0,1.0,2.0,1.0,1.0,3.0,0
134212.0,68.0,,24.2,96.0,134.0,89.0,174.0,51.0,5.8,0.77,141.0,9.7,14.2,168.0,13.7,1.04,119.0,6.6,120.0,12.76,6.0,6.0,240.0,2.0,3.0,4.0,2.0,,2.0,1.0,1.0,1.0,1.0,4.0,0
134215.0,27.0,1.37,26.6,84.0,108.0,62.0,200.0,52.0,4.9,1.5,140.0,7.3,14.0,272.0,12.7,0.68,85.0,4.3,89.0,5.92,8.5,8.5,420.0,2.0,3.0,5.0,2.0,,2.0,2.0,2.0,,2.0,3.0,0
134217.0,38.0,2.58,36.1,96.4,122.0,96.0,163.0,48.0,7.1,4.44,135.0,7.6,12.6,229.0,14.8,0.72,131.0,5.4,129.0,184.22,5.5,9.5,120.0,2.0,4.0,5.0,2.0,,2.0,1.0,1.0,1.0,1.0,3.0,0
134221.0,71.0,1.77,41.1,127.7,139.0,72.0,157.0,52.0,5.8,2.14,138.0,6.9,15.0,236.0,14.0,1.07,112.0,6.5,119.0,21.72,8.0,8.0,420.0,1.0,3.0,3.0,1.0,3.0,2.0,1.0,1.0,1.0,1.0,3.0,1
134222.0,44.0,5.0,28.7,105.9,122.0,86.0,242.0,38.0,4.9,1.75,139.0,5.2,14.4,340.0,12.9,0.8,201.0,6.9,94.0,6.13,8.0,9.0,720.0,1.0,3.0,4.0,2.0,,2.0,1.0,1.0,1.0,2.0,2.0,0
134227.0,71.0,5.0,27.2,102.3,107.0,54.0,107.0,40.0,6.5,2.36,141.0,6.8,12.9,296.0,14.7,0.69,69.0,5.4,121.0,8.13,9.0,9.0,360.0,2.0,3.0,4.0,1.0,1.0,1.0,2.0,2.0,,2.0,2.0,0
134230.0,61.0,5.0,22.8,87.0,132.0,54.0,132.0,43.0,7.6,5.4,138.0,6.5,13.6,261.0,13.4,0.79,100.0,3.3,160.0,34.99,6.5,6.5,180.0,1.0,3.0,4.0,2.0,,1.0,1.0,2.0,1.0,2.0,3.0,0
134231.0,26.0,5.0,29.6,107.1,130.0,90.0,196.0,43.0,5.0,7.64,139.0,5.7,15.3,266.0,13.2,0.8,161.0,7.2,91.0,89.21,8.5,8.0,720.0,1.0,3.0,3.0,2.0,,2.0,2.0,2.0,,2.0,2.0,0
134232.0,72.0,4.72,43.0,141.0,127.0,65.0,171.0,48.0,8.2,4.34,139.0,8.5,14.8,254.0,13.8,0.78,124.0,5.4,133.0,8.69,6.0,6.0,60.0,1.0,3.0,5.0,2.0,,1.0,1.0,1.0,1.0,1.0,3.0,0
134234.0,20.0,1.13,29.5,92.0,114.0,77.0,180.0,48.0,4.7,1.23,140.0,7.1,13.3,319.0,12.3,,137.0,,88.0,0.91,8.0,8.0,360.0,2.0,3.0,2.0,2.0,,2.0,2.0,2.0,,2.0,2.0,0
134235.0,44.0,3.23,30.0,93.7,97.0,67.0,204.0,70.0,5.3,1.02,137.0,5.6,14.3,271.0,13.3,0.64,90.0,4.4,97.0,5.74,7.0,8.0,360.0,2.0,3.0,5.0,2.0,,2.0,2.0,1.0,,2.0,3.0,0
134237.0,68.0,,24.1,96.5,103.0,70.0,122.0,57.0,5.6,9.46,138.0,9.1,12.2,277.0,11.9,1.84,74.0,6.6,109.0,120.2,11.5,12.0,360.0,2.0,3.0,5.0,1.0,1.0,2.0,1.0,1.0,1.0,1.0,3.0,0
134238.0,57.0,5.0,27.8,99.8,127.0,66.0,134.0,42.0,6.3,0.46,143.0,7.1,14.1,211.0,13.7,0.85,72.0,7.5,131.0,8.74,8.5,8.5,720.0,1.0,3.0,5.0,2.0,,1.0,2.0,1.0,,1.0,2.0,0
134240.0,74.0,5.0,40.0,112.5,142.0,82.0,182.0,81.0,5.6,4.82,139.0,4.4,12.4,322.0,15.3,1.26,79.0,5.2,73.0,6.97,7.5,9.5,180.0,2.0,3.0,4.0,2.0,,2.0,1.0,1.0,2.0,1.0,4.0,0
134241.0,73.0,1.72,33.1,120.7,115.0,64.0,133.0,51.0,5.8,1.99,140.0,6.3,13.3,184.0,14.1,1.28,82.0,7.0,94.0,2.94,10.0,9.0,120.0,1.0,7.0,1.0,1.0,3.0,2.0,1.0,1.0,1.0,1.0,3.0,1
134244.0,38.0,2.75,34.1,109.9,131.0,85.0,230.0,46.0,5.3,1.08,141.0,7.8,14.7,361.0,13.4,1.11,268.0,7.5,90.0,4.08,7.5,8.0,240.0,1.0,2.0,3.0,2.0,,2.0,2.0,2.0,,2.0,2.0,0
134247.0,44.0,3.19,22.0,96.5,104.0,74.0,179.0,32.0,5.8,4.09,138.0,7.1,14.7,121.0,14.2,0.85,123.0,5.3,114.0,4.38,7.0,8.0,420.0,1.0,6.0,5.0,2.0,,2.0,2.0,1.0,,2.0,3.0,0
134249.0,44.0,3.22,28.7,102.2,92.0,65.0,218.0,48.0,5.9,0.86,139.0,9.6,14.3,328.0,12.7,0.75,123.0,4.9,98.0,8.66,9.0,9.0,240.0,2.0,2.0,5.0,2.0,,2.0,2.0,1.0,,2.0,2.0,0
134250.0,30.0,5.0,27.2,88.0,130.0,85.0,175.0,62.0,4.9,0.4,138.0,6.6,14.1,250.0,12.6,1.08,73.0,5.3,86.0,5.25,7.0,8.0,960.0,2.0,3.0,5.0,2.0,,2.0,2.0,1.0,,2.0,2.0,0
134253.0,48.0,1.57,34.4,101.0,99.0,68.0,190.0,53.0,5.5,3.93,140.0,6.6,15.1,299.0,13.4,0.77,112.0,5.8,110.0,5.21,8.0,8.0,720.0,2.0,3.0,4.0,2.0,,1.0,2.0,2.0,,2.0,2.0,0
134254.0,61.0,0.51,47.7,,124.0,93.0,202.0,45.0,5.3,7.13,141.0,7.9,13.3,273.0,15.9,1.19,110.0,6.2,83.0,6.41,8.0,10.0,480.0,2.0,3.0,5.0,2.0,,2.0,2.0,2.0,,2.0,3.0,0
134255.0,64.0,3.65,25.0,96.4,137.0,75.0,254.0,48.0,5.7,0.7,141.0,8.0,15.2,281.0,14.0,1.0,99.0,4.8,87.0,5.16,9.0,9.0,180.0,1.0,3.0,4.0,2.0,,2.0,2.0,1.0,,2.0,1.0,0
134257.0,54.0,,31.2,95.4,110.0,70.0,179.0,61.0,5.6,12.22,140.0,7.3,13.8,220.0,15.2,0.64,60.0,6.9,86.0,4.82,8.0,8.5,120.0,2.0,1.0,3.0,2.0,,2.0,2.0,2.0,,2.0,4.0,0
134262.0,80.0,,24.3,88.7,130.0,77.0,162.0,69.0,5.2,1.04,142.0,4.6,15.1,181.0,12.9,0.76,106.0,3.2,96.0,,8.5,8.5,300.0,2.0,7.0,5.0,2.0,,2.0,2.0,2.0,,2.0,1.0,0
134264.0,43.0,1.52,28.5,101.7,141.0,88.0,188.0,39.0,5.2,9.08,138.0,6.9,13.4,269.0,13.0,0.54,204.0,3.5,95.0,7.4,8.0,9.0,240.0,2.0,1.0,3.0,2.0,,2.0,2.0,1.0,,2.0,2.0,0
134265.0,63.0,3.99,39.2,108.0,165.0,107.0,234.0,64.0,5.8,3.17,140.0,5.4,14.5,240.0,13.7,1.05,113.0,6.5,107.0,44.29,6.5,8.0,360.0,2.0,3.0,5.0,2.0,,2.0,1.0,1.0,2.0,1.0,3.0,0
134268.0,27.0,0.96,40.2,112.5,101.0,73.0,234.0,50.0,5.2,8.77,137.0,6.8,14.4,299.0,12.8,0.68,91.0,4.5,99.0,0.32,7.5,9.0,600.0,2.0,3.0,4.0,2.0,,2.0,2.0,1.0,,2.0,2.0,0
134271.0,52.0,1.58,37.7,124.6,111.0,79.0,207.0,66.0,9.1,7.22,137.0,6.6,13.8,266.0,15.3,1.03,167.0,6.4,178.0,33.46,5.0,5.0,480.0,2.0,4.0,2.0,1.0,1.0,1.0,1.0,2.0,1.0,1.0,4.0,0
134272.0,22.0,,22.9,81.0,102.0,69.0,216.0,76.0,4.7,0.75,139.0,11.1,15.0,323.0,12.4,0.65,86.0,4.9,94.0,0.57,8.0,9.0,120.0,2.0,6.0,1.0,2.0,,2.0,2.0,2.0,,2.0,3.0,0
134273.0,72.0,2.23,28.4,102.0,133.0,89.0,216.0,60.0,5.7,0.54,137.0,5.7,13.4,315.0,13.9,0.78,113.0,5.5,104.0,6.0,10.0,10.0,300.0,2.0,3.0,5.0,2.0,,2.0,1.0,2.0,1.0,2.0,2.0,0
134280.0,25.0,3.69,19.9,74.4,111.0,69.0,87.0,47.0,4.7,0.42,138.0,5.6,12.5,226.0,13.9,0.82,52.0,3.5,78.0,6.9,7.0,9.0,300.0,2.0,3.0,5.0,2.0,,2.0,2.0,2.0,,2.0,1.0,0
134281.0,61.0,2.98,27.2,104.0,122.0,73.0,179.0,61.0,5.9,0.58,135.0,6.6,14.7,215.0,13.3,0.86,77.0,4.3,110.0,6.16,5.5,5.5,240.0,1.0,3.0,2.0,2.0,,2.0,2.0,2.0,,2.0,2.0,0
134283.0,62.0,1.9,32.1,107.2,127.0,79.0,165.0,42.0,5.5,3.4,143.0,6.0,14.1,277.0,12.8,0.76,224.0,5.6,107.0,10.27,9.0,10.0,240.0,2.0,1.0,1.0,2.0,,2.0,1.0,1.0,2.0,1.0,4.0,0
134288.0,64.0,5.0,,83.1,131.0,81.0,229.0,81.0,5.6,0.49,139.0,6.4,13.0,203.0,13.8,0.59,76.0,3.4,94.0,19.09,7.0,7.0,60.0,2.0,3.0,5.0,2.0,,2.0,2.0,2.0,,2.0,2.0,0
134292.0,61.0,3.55,24.9,91.3,173.0,97.0,256.0,78.0,5.6,0.7,142.0,5.2,12.5,421.0,13.2,1.37,230.0,7.0,93.0,11.49,6.0,6.0,240.0,2.0,6.0,4.0,2.0,,2.0,1.0,1.0,1.0,2.0,3.0,0
134296.0,69.0,0.57,31.3,114.7,83.0,48.0,165.0,54.0,5.0,1.99,145.0,4.9,10.9,107.0,16.7,1.09,77.0,6.3,106.0,56.75,11.0,12.0,360.0,1.0,3.0,3.0,2.0,,2.0,1.0,2.0,1.0,2.0,3.0,0
134297.0,31.0,2.26,26.6,85.5,92.0,57.0,177.0,67.0,4.6,0.28,142.0,6.1,13.5,249.0,12.2,0.83,87.0,4.4,93.0,4.61,5.0,7.0,180.0,2.0,3.0,4.0,1.0,3.0,2.0,2.0,2.0,,2.0,2.0,0
134298.0,31.0,5.0,27.7,89.8,106.0,73.0,188.0,66.0,5.0,1.65,138.0,4.5,13.2,270.0,13.6,0.89,61.0,2.8,83.0,3.63,6.0,8.0,360.0,2.0,4.0,5.0,2.0,,2.0,2.0,1.0,,2.0,2.0,0
134301.0,37.0,5.0,22.8,89.9,118.0,72.0,161.0,40.0,5.5,2.87,141.0,9.1,13.9,218.0,14.5,0.96,99.0,5.0,86.0,0.5,8.0,8.0,300.0,1.0,6.0,5.0,2.0,,2.0,2.0,1.0,,1.0,2.0,0
134302.0,70.0,,27.5,98.9,125.0,71.0,152.0,54.0,5.9,0.36,142.0,5.1,14.4,202.0,15.2,1.01,90.0,4.0,95.0,4.59,6.5,6.0,120.0,1.0,3.0,5.0,1.0,1.0,2.0,2.0,1.0,,1.0,2.0,0
134303.0,61.0,1.41,36.2,120.5,122.0,85.0,136.0,53.0,5.5,9.9,143.0,7.6,12.4,274.0,15.3,0.85,158.0,6.3,104.0,15.66,5.0,7.0,360.0,2.0,3.0,3.0,2.0,,2.0,1.0,1.0,2.0,1.0,4.0,0
134304.0,42.0,4.68,35.7,109.4,153.0,92.0,180.0,42.0,5.1,0.87,141.0,6.4,14.3,191.0,13.5,0.96,108.0,7.0,92.0,6.89,7.0,8.5,360.0,1.0,3.0,4.0,1.0,3.0,2.0,1.0,2.0,2.0,2.0,2.0,0
134309.0,55.0,2.95,18.7,79.6,112.0,78.0,284.0,57.0,9.7,0.45,136.0,6.1,12.9,207.0,15.8,1.38,123.0,4.7,302.0,91.11,2.0,2.0,780.0,1.0,7.0,4.0,1.0,1.0,1.0,2.0,1.0,,1.0,4.0,0
134310.0,63.0,5.0,23.5,94.0,137.0,82.0,190.0,58.0,3.9,2.49,141.0,7.4,12.9,198.0,18.7,0.82,121.0,4.1,88.0,6.06,8.5,9.0,480.0,1.0,3.0,5.0,2.0,,2.0,2.0,2.0,,2.0,2.0,0
134311.0,74.0,2.4,33.7,109.3,115.0,82.0,200.0,70.0,5.9,0.93,139.0,8.2,12.9,259.0,13.1,0.87,85.0,4.2,126.0,6.36,8.0,8.0,480.0,2.0,3.0,4.0,1.0,3.0,2.0,1.0,1.0,1.0,1.0,3.0,0
134312.0,61.0,4.37,31.1,95.6,136.0,79.0,234.0,72.0,5.3,1.46,138.0,6.1,14.9,208.0,13.1,0.82,216.0,5.0,103.0,4.79,8.0,9.0,300.0,2.0,3.0,4.0,2.0,,2.0,2.0,1.0,,2.0,3.0,0
134315.0,80.0,1.09,33.3,121.3,116.0,70.0,142.0,44.0,6.6,2.23,140.0,6.4,13.2,256.0,13.7,1.3,148.0,6.6,112.0,7.6,7.0,7.0,600.0,1.0,3.0,2.0,1.0,3.0,1.0,1.0,1.0,1.0,2.0,5.0,1
134316.0,60.0,5.0,24.9,99.0,131.0,81.0,224.0,52.0,5.4,1.81,141.0,5.7,16.6,210.0,14.0,1.02,133.0,4.2,92.0,4.59,8.0,7.5,480.0,1.0,3.0,5.0,2.0,,2.0,9.0,1.0,,1.0,3.0,0
134320.0,76.0,1.16,26.8,93.6,162.0,70.0,148.0,45.0,8.9,0.93,140.0,8.1,12.9,328.0,15.0,1.15,152.0,8.1,107.0,48.96,8.0,8.0,300.0,2.0,6.0,2.0,2.0,,1.0,1.0,1.0,1.0,1.0,5.0,0
134323.0,70.0,3.31,24.7,94.2,167.0,73.0,136.0,64.0,6.0,6.63,142.0,7.9,12.9,251.0,14.2,0.66,44.0,3.8,111.0,70.71,9.0,9.0,180.0,2.0,3.0,5.0,2.0,,2.0,1.0,1.0,1.0,1.0,3.0,0
134324.0,57.0,0.98,44.4,133.7,119.0,66.0,210.0,66.0,5.3,7.62,137.0,6.5,11.3,310.0,14.2,1.16,74.0,6.6,85.0,6.48,8.0,9.0,120.0,1.0,4.0,2.0,2.0,,2.0,1.0,1.0,1.0,1.0,4.0,0
134329.0,62.0,,23.7,87.3,136.0,81.0,178.0,47.0,13.3,0.75,133.0,4.0,13.5,165.0,13.5,0.76,101.0,4.2,414.0,22.48,,,120.0,1.0,4.0,2.0,2.0,,1.0,1.0,1.0,2.0,2.0,5.0,0
134330.0,20.0,0.66,36.5,117.4,139.0,97.0,237.0,48.0,6.0,3.1,137.0,8.4,15.3,357.0,12.6,0.83,230.0,10.2,106.0,4.11,7.0,6.5,240.0,1.0,7.0,3.0,1.0,3.0,2.0,2.0,2.0,,2.0,3.0,0
134331.0,55.0,5.0,29.6,105.4,133.0,75.0,260.0,39.0,4.6,2.02,138.0,6.9,16.4,222.0,12.7,1.23,352.0,7.3,87.0,6.45,8.5,9.5,180.0,1.0,3.0,3.0,2.0,,2.0,2.0,1.0,,2.0,3.0,0
134332.0,29.0,,40.8,105.1,87.0,59.0,117.0,47.0,5.2,3.32,135.0,6.6,13.7,284.0,13.9,0.8,77.0,3.7,90.0,4.26,7.0,5.0,180.0,2.0,2.0,4.0,1.0,3.0,2.0,2.0,2.0,,2.0,2.0,0
134334.0,59.0,3.7,37.0,130.0,115.0,71.0,133.0,44.0,6.0,0.97,144.0,5.8,16.4,127.0,13.2,1.15,71.0,6.1,86.0,15.14,8.0,8.0,900.0,1.0,3.0,3.0,1.0,1.0,2.0,2.0,2.0,,2.0,2.0,0
134337.0,69.0,1.72,39.0,125.4,152.0,65.0,159.0,46.0,7.2,0.72,141.0,6.3,13.4,161.0,15.0,1.46,182.0,5.9,139.0,9.66,10.5,10.5,300.0,2.0,3.0,4.0,2.0,,1.0,1.0,1.0,1.0,1.0,4.0,1
134341.0,59.0,,28.8,101.4,125.0,77.0,253.0,84.0,5.8,1.14,142.0,2.8,12.2,192.0,15.7,0.65,85.0,5.3,99.0,10.95,6.5,7.0,180.0,2.0,6.0,4.0,1.0,3.0,1.0,1.0,1.0,1.0,2.0,4.0,0
134342.0,64.0,0.98,,,111.0,73.0,215.0,64.0,5.2,5.42,142.0,4.4,12.9,211.0,15.0,1.07,63.0,5.5,80.0,21.93,7.0,6.0,720.0,2.0,4.0,2.0,2.0,,2.0,1.0,1.0,1.0,1.0,3.0,1
134343.0,67.0,5.0,19.0,79.4,132.0,82.0,271.0,59.0,5.6,0.72,142.0,5.3,14.1,234.0,13.5,0.8,138.0,3.6,98.0,7.73,8.0,8.5,360.0,1.0,3.0,5.0,2.0,,2.0,2.0,2.0,,2.0,1.0,0
134345.0,59.0,5.0,22.9,81.7,142.0,117.0,197.0,43.0,5.1,1.15,139.0,9.3,14.8,256.0,13.4,1.38,197.0,6.3,84.0,4.63,8.5,8.0,420.0,1.0,3.0,5.0,2.0,,2.0,2.0,1.0,,1.0,2.0,0
134350.0,64.0,5.0,30.7,103.4,148.0,104.0,238.0,82.0,5.4,0.69,140.0,6.7,13.6,226.0,12.5,0.86,108.0,4.0,96.0,6.52,9.5,7.0,120.0,2.0,3.0,5.0,2.0,,2.0,2.0,2.0,,2.0,1.0,0
134353.0,46.0,5.0,23.4,84.0,117.0,73.0,211.0,54.0,5.6,1.03,139.0,7.1,14.3,258.0,13.2,0.97,168.0,5.1,93.0,12.05,6.5,8.0,300.0,1.0,3.0,4.0,1.0,3.0,2.0,2.0,2.0,,2.0,2.0,0
134354.0,50.0,5.0,38.4,118.2,113.0,72.0,153.0,55.0,5.5,1.06,139.0,5.4,14.8,229.0,13.7,1.02,54.0,5.5,98.0,10.0,7.0,8.0,90.0,1.0,4.0,4.0,2.0,,2.0,1.0,1.0,1.0,2.0,3.0,0
134356.0,62.0,5.0,34.7,120.5,135.0,80.0,147.0,54.0,7.1,4.23,140.0,6.5,11.6,229.0,13.9,0.7,129.0,3.5,112.0,22.79,8.0,8.0,600.0,2.0,3.0,5.0,2.0,,1.0,1.0,2.0,1.0,1.0,3.0,0
134359.0,57.0,,19.7,82.5,101.0,75.0,180.0,51.0,5.3,3.92,139.0,4.4,13.7,238.0,13.2,1.89,178.0,4.5,99.0,69.33,8.0,9.5,300.0,2.0,3.0,4.0,2.0,,2.0,2.0,1.0,,1.0,3.0,0
134362.0,37.0,1.09,28.6,96.0,113.0,80.0,142.0,44.0,5.9,6.81,139.0,6.7,12.9,186.0,14.4,0.66,46.0,4.2,87.0,18.42,9.5,6.5,120.0,2.0,4.0,2.0,1.0,3.0,2.0,2.0,2.0,,2.0,3.0,0
134366.0,49.0,1.62,29.4,102.1,136.0,84.0,194.0,65.0,6.1,6.44,138.0,5.5,11.1,353.0,18.9,0.58,54.0,3.9,86.0,23.63,9.0,9.0,180.0,2.0,1.0,4.0,2.0,,2.0,2.0,2.0,,2.0,3.0,0
134369.0,80.0,3.28,26.0,106.4,148.0,69.0,130.0,50.0,6.6,0.9,141.0,6.1,13.8,253.0,13.3,1.03,59.0,5.8,105.0,16.88,8.0,8.0,600.0,1.0,3.0,5.0,2.0,,2.0,2.0,1.0,,1.0,3.0,0
134373.0,29.0,2.72,30.7,95.5,123.0,75.0,168.0,46.0,5.0,6.26,140.0,6.9,13.3,274.0,12.7,0.54,83.0,3.0,92.0,8.15,9.0,10.0,120.0,2.0,3.0,4.0,1.0,3.0,2.0,2.0,2.0,,2.0,1.0,0
134375.0,63.0,0.49,36.0,118.6,114.0,88.0,222.0,36.0,5.8,1.76,138.0,10.5,17.2,253.0,13.7,0.76,202.0,3.9,93.0,225.63,6.0,7.0,360.0,2.0,3.0,4.0,1.0,1.0,1.0,1.0,1.0,1.0,1.0,4.0,0
134377.0,80.0,,29.1,105.6,127.0,83.0,273.0,59.0,6.1,0.59,125.0,12.9,14.1,341.0,12.7,1.3,184.0,8.8,107.0,,10.0,10.0,360.0,2.0,3.0,5.0,2.0,,2.0,1.0,2.0,1.0,2.0,3.0,0
134378.0,66.0,2.62,32.5,126.7,135.0,65.0,119.0,42.0,6.2,0.74,137.0,7.4,14.2,177.0,13.3,1.06,108.0,6.7,87.0,23.73,7.5,7.5,240.0,1.0,3.0,4.0,1.0,3.0,2.0,1.0,2.0,1.0,2.0,3.0,1
134379.0,38.0,0.74,26.7,90.3,117.0,83.0,172.0,50.0,5.3,1.64,139.0,4.0,12.3,254.0,13.6,0.58,101.0,4.3,88.0,26.61,10.0,10.0,720.0,2.0,4.0,4.0,1.0,3.0,2.0,2.0,2.0,,2.0,3.0,0
134380.0,53.0,2.41,31.4,,151.0,101.0,106.0,38.0,7.4,1.0,138.0,5.8,16.2,205.0,14.1,0.98,197.0,6.0,266.0,23.04,9.0,10.0,120.0,1.0,1.0,3.0,2.0,,1.0,1.0,1.0,1.0,1.0,4.0,0
134381.0,75.0,5.0,24.4,97.2,144.0,86.0,193.0,45.0,4.8,0.56,140.0,6.7,15.9,198.0,13.3,0.97,183.0,6.0,83.0,14.47,10.0,10.0,300.0,1.0,3.0,5.0,1.0,3.0,2.0,2.0,1.0,,1.0,2.0,0
134382.0,61.0,5.0,39.9,121.7,102.0,72.0,254.0,67.0,5.3,7.62,142.0,7.9,15.5,221.0,14.2,0.62,150.0,4.1,97.0,5.43,11.0,11.0,600.0,2.0,3.0,3.0,1.0,2.0,2.0,1.0,1.0,1.0,2.0,5.0,0
134383.0,71.0,3.28,33.6,106.4,136.0,76.0,206.0,91.0,5.7,1.63,134.0,5.2,12.1,258.0,12.5,0.69,137.0,4.3,89.0,21.71,6.0,6.0,180.0,2.0,3.0,4.0,2.0,,2.0,1.0,1.0,1.0,1.0,2.0,0
134385.0,28.0,3.6,27.0,85.1,105.0,66.0,232.0,65.0,5.2,1.14,140.0,9.4,15.5,232.0,12.9,0.89,99.0,4.2,88.0,0.75,7.0,7.0,420.0,2.0,3.0,5.0,2.0,,2.0,2.0,2.0,,2.0,2.0,0
134388.0,65.0,2.03,24.3,85.8,148.0,86.0,205.0,78.0,4.9,1.02,133.0,7.1,12.6,242.0,12.9,0.74,127.0,4.2,88.0,21.48,9.0,9.0,240.0,2.0,1.0,4.0,1.0,3.0,2.0,1.0,2.0,1.0,2.0,2.0,0
134389.0,69.0,4.64,28.3,96.5,113.0,71.0,224.0,60.0,5.8,1.35,138.0,7.5,14.8,270.0,13.7,0.92,82.0,6.0,100.0,4.84,8.0,8.0,300.0,2.0,3.0,5.0,2.0,,2.0,1.0,1.0,1.0,1.0,2.0,0
134392.0,41.0,1.12,24.2,86.5,106.0,71.0,191.0,69.0,5.6,1.13,138.0,5.3,11.1,343.0,16.4,0.7,93.0,3.9,93.0,1.24,9.0,9.5,30.0,2.0,1.0,1.0,2.0,,2.0,2.0,2.0,,2.0,2.0,0
134394.0,50.0,0.63,39.5,,127.0,82.0,183.0,47.0,7.1,12.6,136.0,12.5,12.7,343.0,15.2,0.73,248.0,3.8,167.0,20.0,11.0,11.0,360.0,2.0,2.0,2.0,1.0,3.0,1.0,2.0,2.0,,1.0,3.0,0
134398.0,76.0,1.37,27.2,94.9,182.0,103.0,135.0,60.0,5.6,2.53,139.0,5.7,13.0,182.0,14.5,0.74,89.0,2.5,80.0,9.26,11.5,11.5,240.0,2.0,2.0,4.0,2.0,,2.0,2.0,2.0,,2.0,3.0,1
134399.0,57.0,,,,118.0,77.0,239.0,62.0,5.5,3.19,138.0,4.4,14.0,350.0,12.7,0.74,80.0,5.3,102.0,5.8,8.0,10.5,5.397605346934028e-79,2.0,2.0,4.0,1.0,3.0,2.0,1.0,2.0,1.0,2.0,1.0,0
134401.0,35.0,5.0,25.3,93.0,114.0,73.0,172.0,37.0,5.0,0.81,139.0,8.0,14.8,206.0,12.6,0.86,253.0,5.2,82.0,6.51,7.0,7.0,720.0,1.0,3.0,5.0,2.0,,2.0,2.0,2.0,,2.0,2.0,0
134403.0,68.0,4.82,35.0,115.8,140.0,75.0,177.0,58.0,6.1,3.88,138.0,6.9,13.0,354.0,14.4,0.91,118.0,5.3,120.0,24.64,7.0,7.0,300.0,2.0,7.0,4.0,1.0,3.0,2.0,1.0,2.0,1.0,1.0,3.0,0
134404.0,52.0,5.0,28.5,86.9,107.0,71.0,235.0,54.0,5.5,2.75,139.0,6.5,12.1,414.0,17.3,0.82,126.0,4.7,90.0,6.64,8.0,8.0,420.0,2.0,3.0,4.0,2.0,,2.0,2.0,1.0,,2.0,2.0,0
134405.0,76.0,5.0,23.8,92.0,109.0,72.0,157.0,61.0,5.6,0.48,138.0,6.6,15.0,306.0,13.4,0.76,54.0,5.2,107.0,11.84,7.0,7.0,600.0,1.0,3.0,5.0,2.0,,2.0,1.0,1.0,1.0,1.0,1.0,0
134406.0,80.0,1.47,24.9,97.8,124.0,69.0,166.0,41.0,5.5,0.57,137.0,8.1,13.8,233.0,13.4,1.14,121.0,4.9,105.0,7.66,8.0,8.0,600.0,1.0,3.0,3.0,1.0,3.0,2.0,1.0,1.0,1.0,1.0,2.0,0
134407.0,52.0,2.72,28.4,96.4,116.0,73.0,182.0,76.0,5.0,1.94,138.0,7.1,11.5,252.0,12.6,0.59,51.0,2.6,98.0,15.75,10.0,10.0,300.0,2.0,2.0,4.0,1.0,1.0,2.0,1.0,2.0,1.0,2.0,3.0,0
134408.0,77.0,2.18,26.2,103.1,147.0,76.0,173.0,55.0,6.8,0.76,128.0,7.0,12.9,261.0,13.8,1.11,351.0,4.8,138.0,9.28,6.5,,300.0,1.0,3.0,4.0,2.0,,1.0,1.0,1.0,1.0,2.0,2.0,0
134409.0,56.0,5.0,27.7,100.5,125.0,76.0,205.0,62.0,5.4,0.68,142.0,5.1,14.9,374.0,13.4,1.21,90.0,6.8,88.0,5.44,7.0,7.0,600.0,1.0,3.0,5.0,2.0,,2.0,2.0,2.0,,2.0,2.0,0
134410.0,51.0,5.0,31.3,110.7,108.0,72.0,221.0,50.0,5.3,4.73,139.0,5.4,14.1,181.0,14.9,0.77,106.0,4.6,86.0,9.66,8.0,10.0,720.0,2.0,3.0,3.0,1.0,3.0,2.0,2.0,2.0,,2.0,2.0,0
134411.0,74.0,1.69,17.7,76.7,192.0,86.0,185.0,59.0,5.6,0.85,139.0,6.2,15.2,297.0,14.3,0.89,93.0,3.4,106.0,13.26,10.0,10.0,540.0,1.0,7.0,4.0,1.0,1.0,2.0,1.0,1.0,2.0,1.0,3.0,0
134413.0,33.0,5.0,68.9,187.0,138.0,92.0,182.0,32.0,5.4,1.9,137.0,9.5,15.5,275.0,12.9,0.87,265.0,9.6,90.0,7.05,7.0,10.0,660.0,1.0,3.0,4.0,2.0,,2.0,1.0,2.0,2.0,2.0,3.0,0
134414.0,74.0,3.16,23.6,79.7,149.0,61.0,169.0,54.0,5.5,0.8,141.0,5.6,12.6,218.0,13.8,0.76,52.0,4.0,101.0,12.27,8.5,8.5,300.0,2.0,3.0,4.0,2.0,,2.0,1.0,2.0,1.0,2.0,2.0,0
134417.0,78.0,,37.6,117.7,104.0,68.0,160.0,55.0,5.4,1.98,134.0,7.2,13.7,293.0,13.3,0.77,135.0,5.5,107.0,13.74,9.0,9.0,480.0,2.0,3.0,4.0,1.0,3.0,2.0,1.0,1.0,1.0,1.0,2.0,1
134421.0,69.0,1.51,29.5,105.2,121.0,76.0,123.0,55.0,6.0,0.33,138.0,9.8,15.1,281.0,14.5,0.95,101.0,3.7,102.0,134.95,9.0,9.0,420.0,1.0,1.0,3.0,1.0,3.0,1.0,1.0,1.0,1.0,1.0,2.0,0
134425.0,65.0,5.0,25.6,96.1,123.0,79.0,261.0,41.0,5.4,2.01,141.0,5.9,14.2,267.0,12.5,0.81,545.0,5.1,95.0,14.0,8.0,8.0,240.0,2.0,3.0,5.0,2.0,,2.0,2.0,2.0,,2.0,1.0,0
134427.0,50.0,3.42,21.9,82.2,150.0,96.0,242.0,78.0,5.0,1.82,140.0,4.4,14.8,296.0,13.1,0.77,71.0,4.4,81.0,22.63,3.0,2.0,540.0,2.0,3.0,5.0,2.0,,2.0,2.0,1.0,,2.0,3.0,0
134429.0,80.0,,30.8,109.6,114.0,61.0,124.0,49.0,7.0,0.57,131.0,8.5,10.6,185.0,14.7,0.91,205.0,5.3,148.0,13.03,9.0,9.0,300.0,2.0,3.0,1.0,1.0,3.0,1.0,1.0,1.0,1.0,1.0,4.0,0
134430.0,33.0,4.8,27.8,99.2,111.0,73.0,178.0,42.0,5.9,1.55,143.0,6.6,15.6,299.0,12.8,0.94,125.0,6.8,89.0,3.22,9.0,10.5,300.0,1.0,1.0,4.0,2.0,,2.0,2.0,2.0,,2.0,2.0,0
134431.0,58.0,1.59,36.6,120.5,114.0,72.0,153.0,42.0,6.6,0.8,140.0,8.3,13.8,199.0,14.4,0.63,104.0,4.8,139.0,17.05,7.5,8.0,60.0,1.0,2.0,1.0,1.0,3.0,1.0,1.0,1.0,1.0,2.0,4.0,0
134432.0,44.0,3.08,37.6,127.7,130.0,88.0,164.0,44.0,5.7,1.55,142.0,5.5,15.4,219.0,13.7,1.19,114.0,7.0,109.0,9.11,9.0,9.0,960.0,1.0,3.0,2.0,2.0,,2.0,2.0,2.0,,2.0,3.0,0
134441.0,75.0,4.0,26.2,86.1,93.0,60.0,215.0,58.0,5.6,0.7,140.0,4.7,12.8,184.0,13.1,0.59,99.0,4.6,104.0,8.22,8.0,9.0,60.0,2.0,6.0,5.0,2.0,,2.0,2.0,2.0,,2.0,3.0,0
134443.0,65.0,5.0,24.5,92.4,123.0,68.0,141.0,51.0,5.9,0.15,142.0,8.9,14.2,234.0,12.9,1.16,89.0,6.8,83.0,5.51,7.5,9.0,120.0,1.0,3.0,3.0,1.0,3.0,2.0,2.0,2.0,,2.0,2.0,1
134446.0,53.0,,25.8,90.1,136.0,85.0,201.0,40.0,5.7,1.07,140.0,4.4,13.6,236.0,13.5,0.92,94.0,5.8,101.0,11.62,5.0,10.0,120.0,1.0,4.0,3.0,2.0,,2.0,2.0,2.0,,2.0,3.0,0
134450.0,58.0,3.55,44.8,,94.0,66.0,208.0,32.0,11.6,3.84,137.0,8.2,14.4,289.0,13.1,0.95,385.0,6.0,236.0,8.75,8.5,9.5,240.0,2.0,3.0,3.0,2.0,,1.0,1.0,1.0,1.0,2.0,3.0,0
134452.0,57.0,4.56,33.5,123.2,117.0,76.0,232.0,58.0,5.7,6.03,139.0,6.3,14.7,230.0,15.4,1.22,94.0,8.3,84.0,11.47,,11.0,720.0,1.0,4.0,3.0,2.0,,2.0,1.0,1.0,1.0,2.0,2.0,0
134453.0,68.0,3.0,19.5,80.2,108.0,70.0,202.0,67.0,5.4,0.43,138.0,5.3,14.5,160.0,13.6,0.84,129.0,2.7,83.0,4.04,4.0,4.0,180.0,2.0,3.0,4.0,2.0,,2.0,2.0,2.0,,2.0,5.0,0
134454.0,60.0,5.0,32.5,109.5,107.0,77.0,169.0,66.0,5.4,5.01,143.0,8.4,13.2,243.0,12.6,0.73,108.0,4.6,82.0,7.35,8.0,10.0,240.0,2.0,3.0,4.0,2.0,,2.0,2.0,2.0,,2.0,2.0,0
134456.0,33.0,2.0,27.5,98.8,132.0,80.0,161.0,50.0,5.2,2.14,141.0,13.1,17.3,311.0,14.1,0.81,70.0,5.2,106.0,24.36,6.5,6.5,240.0,1.0,3.0,3.0,1.0,1.0,2.0,2.0,2.0,,2.0,4.0,0
134457.0,43.0,1.18,24.7,,115.0,75.0,214.0,56.0,11.3,0.34,135.0,6.0,14.1,314.0,12.2,0.76,54.0,3.9,252.0,4.79,,9.0,120.0,2.0,4.0,3.0,1.0,3.0,1.0,2.0,1.0,,2.0,4.0,0
134464.0,20.0,0.29,20.0,66.1,104.0,57.0,173.0,43.0,5.3,1.69,139.0,4.9,13.8,264.0,12.9,0.64,106.0,4.1,85.0,4.65,6.0,5.0,360.0,2.0,3.0,4.0,2.0,,2.0,2.0,2.0,,2.0,2.0,0
134466.0,30.0,3.26,45.0,108.3,101.0,69.0,175.0,55.0,5.4,5.83,139.0,7.3,12.9,328.0,13.7,0.73,95.0,4.2,91.0,4.41,9.0,10.5,180.0,2.0,2.0,4.0,2.0,,2.0,2.0,2.0,,2.0,3.0,0
134467.0,65.0,5.0,23.6,82.6,141.0,78.0,211.0,77.0,5.4,1.04,140.0,7.1,14.0,177.0,13.2,0.95,81.0,5.1,96.0,5.84,8.0,8.0,240.0,2.0,3.0,5.0,2.0,,2.0,2.0,1.0,,2.0,2.0,0
134468.0,32.0,5.0,26.5,99.6,110.0,77.0,190.0,39.0,5.4,0.24,140.0,4.7,15.7,208.0,12.8,1.06,93.0,5.9,98.0,3.75,6.5,7.0,840.0,1.0,3.0,5.0,2.0,,2.0,2.0,2.0,,2.0,2.0,0
134470.0,57.0,1.71,26.1,94.4,111.0,75.0,137.0,34.0,6.8,0.31,138.0,7.9,16.7,170.0,14.4,0.77,208.0,4.0,157.0,20.36,6.0,5.5,240.0,1.0,3.0,4.0,1.0,1.0,1.0,1.0,1.0,2.0,1.0,3.0,0
134472.0,35.0,3.75,29.0,98.4,118.0,76.0,213.0,43.0,5.3,3.89,141.0,5.3,14.7,260.0,13.5,1.0,158.0,7.9,90.0,8.84,7.0,7.5,240.0,1.0,3.0,4.0,1.0,3.0,2.0,2.0,2.0,,2.0,1.0,0
134475.0,64.0,3.47,35.3,105.0,96.0,60.0,145.0,63.0,5.4,6.2,142.0,4.8,10.9,336.0,15.0,0.78,59.0,6.3,93.0,4.0,10.0,11.0,240.0,2.0,1.0,4.0,2.0,,2.0,2.0,2.0,,2.0,2.0,0
134478.0,58.0,,19.3,76.8,131.0,77.0,163.0,39.0,5.4,0.77,132.0,9.8,15.6,276.0,13.7,0.65,87.0,5.4,93.0,49.8,14.0,14.0,120.0,1.0,3.0,1.0,1.0,1.0,2.0,2.0,2.0,,1.0,4.0,0
134479.0,55.0,,27.7,104.9,106.0,67.0,173.0,42.0,8.0,7.21,140.0,8.3,14.0,262.0,13.9,0.66,152.0,3.9,156.0,6.03,7.0,7.0,360.0,1.0,3.0,5.0,2.0,,1.0,2.0,1.0,,1.0,4.0,0
134482.0,37.0,,21.0,77.5,91.0,68.0,169.0,51.0,5.1,0.56,142.0,7.6,14.8,260.0,13.6,0.92,70.0,5.2,82.0,4.57,9.0,9.0,120.0,1.0,3.0,2.0,1.0,3.0,2.0,2.0,2.0,,2.0,2.0,0
134487.0,23.0,,41.1,127.4,124.0,85.0,198.0,43.0,5.4,6.95,141.0,10.1,14.0,268.0,13.9,0.72,114.0,12.4,91.0,4.26,12.0,12.0,600.0,1.0,3.0,3.0,2.0,,2.0,2.0,2.0,,2.0,2.0,0
134488.0,68.0,,30.7,107.2,178.0,67.0,101.0,43.0,6.4,3.64,142.0,6.0,12.4,309.0,14.0,2.2,104.0,8.1,115.0,1486.3,5.0,5.0,720.0,1.0,4.0,4.0,2.0,,1.0,1.0,1.0,1.0,1.0,4.0,0
134489.0,68.0,2.4,28.2,96.5,109.0,68.0,156.0,50.0,5.3,0.29,137.0,6.6,13.4,295.0,13.2,0.96,176.0,4.7,82.0,16.7,7.0,7.0,180.0,2.0,3.0,4.0,1.0,3.0,2.0,2.0,1.0,,1.0,2.0,0
134490.0,44.0,5.0,23.2,90.4,112.0,68.0,212.0,44.0,5.4,0.59,141.0,4.3,14.4,212.0,13.0,0.98,135.0,5.4,89.0,0.43,7.5,7.5,600.0,1.0,6.0,5.0,2.0,,2.0,2.0,1.0,,2.0,2.0,0
134491.0,38.0,3.69,33.9,109.7,111.0,71.0,316.0,78.0,5.2,8.42,135.0,9.8,11.6,288.0,13.2,0.56,265.0,3.0,69.0,6.98,9.0,11.0,300.0,2.0,2.0,5.0,2.0,,2.0,2.0,1.0,,2.0,3.0,0
134493.0,21.0,0.66,30.0,102.4,135.0,83.0,155.0,42.0,5.3,3.72,141.0,5.5,16.6,249.0,13.2,0.99,62.0,9.5,82.0,17.99,8.5,10.0,180.0,1.0,3.0,4.0,2.0,,2.0,2.0,2.0,,2.0,1.0,0
134495.0,38.0,4.66,24.4,89.4,122.0,75.0,276.0,64.0,5.6,0.89,136.0,9.2,16.3,266.0,13.6,1.03,351.0,7.5,100.0,8.92,7.0,9.0,720.0,1.0,3.0,4.0,1.0,1.0,2.0,1.0,1.0,2.0,2.0,1.0,0
134496.0,60.0,,29.5,105.4,156.0,102.0,209.0,41.0,5.5,13.22,137.0,8.8,16.6,291.0,13.2,0.82,137.0,5.9,104.0,34.51,8.0,8.0,240.0,1.0,2.0,4.0,2.0,,2.0,1.0,2.0,1.0,2.0,4.0,0
134497.0,71.0,5.0,30.5,109.9,90.0,49.0,156.0,52.0,5.3,9.87,141.0,7.9,12.6,245.0,14.2,1.22,111.0,7.8,102.0,8.14,7.0,6.0,540.0,1.0,3.0,5.0,1.0,3.0,2.0,1.0,1.0,1.0,1.0,3.0,0
134501.0,66.0,3.68,29.0,97.7,154.0,97.0,168.0,66.0,5.4,6.59,142.0,9.4,14.3,347.0,13.8,1.0,77.0,8.2,95.0,4.94,8.0,8.0,960.0,1.0,4.0,4.0,1.0,1.0,2.0,1.0,2.0,1.0,1.0,3.0,1
134502.0,80.0,2.16,27.6,115.0,132.0,77.0,184.0,82.0,6.3,6.72,140.0,5.8,11.9,226.0,17.5,1.22,85.0,5.6,118.0,16.5,7.0,7.0,300.0,1.0,3.0,3.0,1.0,3.0,2.0,1.0,2.0,2.0,2.0,3.0,0
134503.0,40.0,,27.1,93.2,109.0,69.0,227.0,38.0,5.2,0.2,140.0,5.1,15.6,207.0,13.3,0.83,239.0,3.7,82.0,7.69,3.5,9.0,180.0,1.0,1.0,2.0,2.0,,2.0,2.0,1.0,,2.0,4.0,0
134505.0,45.0,1.22,45.2,,97.0,75.0,270.0,60.0,9.1,5.77,137.0,10.4,15.2,224.0,12.9,0.73,195.0,4.2,253.0,84.75,5.0,5.0,120.0,2.0,3.0,3.0,2.0,,1.0,2.0,1.0,,1.0,4.0,0
134506.0,21.0,0.52,28.2,92.5,115.0,74.0,178.0,40.0,5.5,2.49,139.0,7.9,14.2,331.0,12.8,0.59,112.0,3.7,89.0,5.34,6.0,7.0,300.0,2.0,1.0,4.0,2.0,,2.0,2.0,2.0,,2.0,3.0,0
134507.0,46.0,5.0,23.1,81.3,110.0,69.0,169.0,61.0,5.6,0.6,139.0,5.7,12.6,344.0,13.1,0.56,68.0,3.3,79.0,8.94,7.5,8.5,540.0,2.0,3.0,5.0,1.0,3.0,2.0,2.0,2.0,,2.0,2.0,0
134511.0,34.0,5.0,39.2,113.7,124.0,75.0,245.0,42.0,6.3,16.41,137.0,14.0,12.2,448.0,15.6,0.68,158.0,4.4,102.0,12.29,8.0,8.0,720.0,2.0,1.0,4.0,1.0,3.0,2.0,2.0,1.0,,2.0,4.0,0
134514.0,37.0,0.41,34.5,108.2,104.0,76.0,141.0,46.0,5.0,8.75,139.0,7.2,12.6,335.0,14.8,0.71,37.0,5.4,88.0,,7.5,10.0,60.0,2.0,2.0,4.0,2.0,,2.0,2.0,2.0,,2.0,4.0,0
134515.0,55.0,0.1,34.4,118.5,131.0,79.0,196.0,41.0,6.6,2.79,142.0,8.2,13.7,268.0,13.9,1.0,404.0,6.6,138.0,6.02,8.5,8.0,120.0,1.0,7.0,2.0,1.0,3.0,2.0,1.0,1.0,1.0,1.0,4.0,0
134516.0,57.0,,32.0,115.1,136.0,84.0,172.0,33.0,8.1,1.84,137.0,9.9,17.4,288.0,13.8,0.85,338.0,3.9,208.0,11.75,2.0,2.0,480.0,1.0,3.0,3.0,1.0,1.0,1.0,1.0,1.0,1.0,1.0,5.0,0
134517.0,79.0,2.18,30.9,118.8,120.0,72.0,176.0,52.0,5.6,1.4,140.0,8.7,14.3,301.0,13.6,1.18,101.0,5.4,96.0,10.41,8.0,8.0,900.0,1.0,3.0,1.0,2.0,,2.0,2.0,2.0,,2.0,4.0,0
134519.0,58.0,5.0,35.4,117.7,131.0,75.0,236.0,78.0,6.0,3.83,141.0,5.8,12.3,257.0,13.5,,50.0,,128.0,5.15,9.5,11.5,480.0,2.0,3.0,4.0,2.0,,2.0,1.0,2.0,1.0,2.0,2.0,0
134523.0,67.0,,26.7,95.2,168.0,101.0,209.0,89.0,5.3,0.61,130.0,11.3,14.8,281.0,14.1,1.11,58.0,3.2,99.0,26.5,8.0,8.0,360.0,1.0,4.0,4.0,2.0,,2.0,1.0,1.0,1.0,1.0,2.0,0
134528.0,71.0,1.01,29.3,113.3,163.0,79.0,157.0,42.0,8.7,1.14,134.0,6.5,13.4,148.0,13.0,1.25,222.0,5.7,208.0,77.28,9.0,8.0,600.0,1.0,3.0,3.0,1.0,3.0,1.0,1.0,1.0,1.0,1.0,3.0,1
134529.0,70.0,1.09,34.6,122.2,116.0,71.0,202.0,33.0,5.6,2.86,142.0,10.8,12.8,726.0,18.0,1.36,206.0,9.8,86.0,14.56,8.5,7.0,600.0,1.0,3.0,3.0,1.0,1.0,2.0,1.0,1.0,1.0,1.0,3.0,1
134531.0,42.0,0.87,27.9,88.3,113.0,69.0,168.0,41.0,7.6,4.44,137.0,7.2,10.3,244.0,23.6,0.4,109.0,3.3,205.0,28.48,10.0,11.0,120.0,2.0,1.0,1.0,2.0,,1.0,2.0,2.0,,2.0,4.0,0
134532.0,31.0,0.91,36.0,105.4,119.0,83.0,211.0,54.0,6.0,10.23,137.0,8.1,13.4,388.0,16.4,0.97,165.0,4.9,102.0,5.64,11.0,11.0,360.0,2.0,3.0,4.0,2.0,,2.0,2.0,2.0,,2.0,3.0,0
134536.0,43.0,2.88,23.1,76.1,110.0,68.0,162.0,78.0,5.0,1.68,139.0,7.9,13.9,283.0,12.3,0.84,78.0,3.3,97.0,7.28,8.5,8.0,120.0,2.0,3.0,3.0,2.0,,2.0,2.0,2.0,,2.0,1.0,0
134537.0,36.0,2.78,31.7,112.4,110.0,75.0,169.0,52.0,5.2,5.52,140.0,6.2,15.9,196.0,13.6,0.93,126.0,6.4,86.0,4.43,7.0,8.0,120.0,1.0,1.0,4.0,1.0,3.0,2.0,2.0,1.0,,1.0,3.0,0
134538.0,61.0,,34.4,105.7,131.0,85.0,187.0,35.0,5.9,1.02,140.0,8.4,14.2,290.0,13.5,1.31,324.0,4.8,103.0,6.21,7.5,11.5,360.0,2.0,3.0,5.0,1.0,3.0,2.0,2.0,1.0,,1.0,1.0,1
134541.0,31.0,1.26,42.6,138.7,132.0,94.0,208.0,45.0,5.1,1.33,139.0,10.8,16.5,297.0,12.7,0.93,254.0,3.4,86.0,4.01,7.0,8.0,240.0,1.0,3.0,4.0,1.0,3.0,2.0,1.0,2.0,1.0,2.0,3.0,0
134544.0,62.0,,29.0,106.3,153.0,69.0,132.0,36.0,5.7,9.64,141.0,6.1,16.2,240.0,14.1,0.79,101.0,5.2,56.0,57.96,7.0,7.0,360.0,1.0,3.0,3.0,1.0,1.0,1.0,1.0,9.0,1.0,2.0,3.0,0
134545.0,23.0,3.68,32.8,113.8,131.0,84.0,237.0,57.0,5.5,1.1,146.0,8.3,16.1,252.0,13.3,0.95,178.0,5.7,90.0,12.1,6.5,6.0,240.0,1.0,3.0,3.0,1.0,3.0,2.0,2.0,2.0,,2.0,3.0,0
134550.0,78.0,4.42,19.0,72.5,143.0,73.0,173.0,66.0,6.1,1.18,139.0,5.6,13.1,299.0,14.0,0.71,171.0,6.9,89.0,0.88,8.0,7.0,240.0,2.0,6.0,5.0,2.0,,2.0,1.0,1.0,1.0,1.0,3.0,1
134551.0,37.0,5.0,23.4,82.6,123.0,84.0,183.0,67.0,4.8,1.33,142.0,5.7,15.0,260.0,13.9,0.76,74.0,4.9,85.0,15.49,9.5,9.0,240.0,2.0,3.0,5.0,1.0,3.0,2.0,2.0,2.0,,2.0,1.0,0
134558.0,54.0,1.69,43.0,131.1,117.0,80.0,175.0,44.0,5.6,12.74,139.0,7.6,12.6,232.0,14.4,0.94,340.0,5.5,88.0,48.79,8.5,9.0,480.0,2.0,3.0,3.0,2.0,,1.0,1.0,1.0,1.0,1.0,5.0,1
134559.0,71.0,5.0,30.9,100.6,107.0,58.0,146.0,48.0,5.8,1.52,138.0,8.2,15.2,292.0,14.4,1.03,136.0,6.1,99.0,5.71,5.0,6.0,90.0,1.0,1.0,3.0,2.0,,2.0,1.0,1.0,1.0,1.0,3.0,0
134562.0,65.0,2.65,38.6,136.8,101.0,76.0,125.0,47.0,7.2,2.81,136.0,7.9,15.2,267.0,15.4,0.92,122.0,6.3,172.0,92.6,11.0,12.0,660.0,1.0,3.0,3.0,1.0,3.0,1.0,1.0,1.0,1.0,1.0,3.0,1
134563.0,60.0,0.74,25.4,100.9,141.0,68.0,155.0,90.0,4.8,1.1,140.0,8.5,11.8,173.0,11.8,0.66,96.0,7.7,97.0,4.55,10.5,10.5,360.0,1.0,4.0,2.0,1.0,3.0,1.0,1.0,2.0,1.0,1.0,4.0,0
134564.0,24.0,4.1,23.3,77.9,104.0,59.0,149.0,54.0,4.9,2.71,140.0,6.0,14.5,202.0,13.0,0.82,92.0,3.4,85.0,43.41,7.0,8.0,660.0,2.0,3.0,5.0,2.0,,2.0,2.0,2.0,,2.0,2.0,0
134566.0,52.0,4.0,34.4,106.0,166.0,102.0,240.0,57.0,5.8,1.84,140.0,7.3,13.5,212.0,14.3,1.13,168.0,5.0,92.0,37.39,5.0,9.0,240.0,1.0,4.0,4.0,2.0,,2.0,2.0,2.0,,2.0,2.0,0
134570.0,36.0,5.0,26.8,95.0,130.0,80.0,241.0,61.0,5.6,0.86,140.0,4.1,15.0,271.0,13.6,0.93,95.0,5.1,92.0,5.49,7.5,9.0,240.0,1.0,3.0,5.0,2.0,,2.0,2.0,2.0,,2.0,1.0,0
134571.0,29.0,1.37,32.1,97.5,112.0,68.0,147.0,52.0,5.2,3.88,138.0,10.0,13.8,224.0,12.9,0.47,65.0,3.9,96.0,14.14,6.5,8.0,300.0,2.0,1.0,4.0,2.0,,2.0,2.0,2.0,,2.0,3.0,0
134572.0,26.0,,27.3,89.0,107.0,70.0,176.0,51.0,5.1,0.33,140.0,8.8,14.5,285.0,14.5,0.66,111.0,3.7,88.0,4.98,7.0,9.0,240.0,2.0,1.0,2.0,2.0,,2.0,2.0,2.0,,2.0,1.0,0
134574.0,39.0,2.52,28.1,95.2,99.0,70.0,155.0,45.0,5.3,2.95,137.0,5.8,12.9,394.0,13.5,0.82,73.0,4.2,92.0,9.97,9.0,9.0,480.0,2.0,3.0,5.0,2.0,,2.0,2.0,2.0,,2.0,3.0,0
134580.0,28.0,2.21,31.6,93.0,99.0,70.0,239.0,40.0,5.1,6.35,137.0,6.3,14.0,365.0,12.6,0.67,315.0,4.2,85.0,4.73,9.0,9.0,600.0,2.0,7.0,5.0,2.0,,2.0,2.0,2.0,,2.0,2.0,0
134581.0,40.0,1.68,33.4,117.5,134.0,75.0,225.0,41.0,5.4,1.99,140.0,7.2,15.1,198.0,13.3,1.03,162.0,5.5,89.0,13.77,9.0,9.0,180.0,1.0,3.0,3.0,2.0,,2.0,2.0,2.0,,2.0,4.0,0
134582.0,35.0,,41.4,113.3,101.0,75.0,209.0,48.0,5.2,3.0,136.0,9.8,14.4,284.0,12.7,0.56,206.0,2.8,89.0,8.17,5.0,5.0,120.0,2.0,2.0,2.0,2.0,,2.0,2.0,1.0,,2.0,4.0,1
134583.0,77.0,3.55,29.7,,130.0,67.0,220.0,66.0,5.7,2.27,138.0,7.0,14.7,304.0,12.8,1.2,196.0,7.4,95.0,225.02,4.0,5.0,300.0,2.0,7.0,4.0,1.0,3.0,2.0,1.0,1.0,1.0,2.0,4.0,0
134584.0,56.0,2.88,27.6,96.9,137.0,102.0,235.0,59.0,5.4,1.65,140.0,5.1,14.1,226.0,13.6,1.0,181.0,6.1,97.0,4.48,6.5,9.0,840.0,1.0,1.0,4.0,1.0,3.0,2.0,1.0,1.0,1.0,1.0,2.0,0
134585.0,29.0,5.0,23.2,74.6,119.0,68.0,185.0,72.0,5.4,0.66,135.0,7.1,14.4,220.0,13.5,0.57,83.0,5.0,83.0,5.31,9.5,9.0,240.0,2.0,1.0,4.0,2.0,,2.0,2.0,2.0,,2.0,2.0,0
134587.0,60.0,2.38,23.0,90.2,110.0,73.0,188.0,54.0,5.5,0.54,141.0,5.2,13.9,264.0,12.3,0.86,87.0,4.1,91.0,11.9,7.0,7.5,360.0,1.0,3.0,5.0,2.0,,2.0,2.0,2.0,,2.0,2.0,0
134590.0,28.0,5.0,21.2,75.7,109.0,66.0,176.0,66.0,5.1,0.11,140.0,5.7,13.2,249.0,12.9,0.74,44.0,2.7,86.0,7.62,9.0,10.0,480.0,2.0,3.0,4.0,2.0,,2.0,2.0,2.0,,2.0,1.0,0
134591.0,20.0,2.92,26.1,81.7,111.0,65.0,125.0,47.0,5.0,0.4,141.0,6.9,12.2,208.0,13.4,0.79,85.0,5.8,85.0,5.7,8.0,8.5,240.0,2.0,3.0,4.0,2.0,,2.0,2.0,2.0,,2.0,1.0,0
134594.0,32.0,5.0,35.1,106.3,110.0,75.0,204.0,50.0,5.1,0.64,139.0,8.3,13.7,248.0,12.3,0.83,152.0,5.0,83.0,1.4,8.0,8.5,480.0,2.0,3.0,5.0,1.0,3.0,2.0,2.0,2.0,,2.0,2.0,0
134596.0,28.0,5.0,21.4,79.8,118.0,67.0,220.0,74.0,5.9,0.44,139.0,4.6,13.9,215.0,14.1,1.06,80.0,4.4,95.0,6.76,8.0,7.0,600.0,1.0,6.0,5.0,2.0,,3.0,2.0,1.0,,2.0,2.0,0
134598.0,40.0,1.01,19.1,78.4,111.0,74.0,144.0,57.0,5.0,0.98,140.0,10.6,12.8,218.0,13.2,0.66,79.0,2.0,89.0,56.21,8.0,9.0,480.0,2.0,3.0,2.0,1.0,1.0,2.0,2.0,2.0,,2.0,4.0,0
134602.0,75.0,0.6,29.2,91.4,108.0,75.0,162.0,54.0,5.7,1.36,141.0,4.8,13.7,238.0,13.4,0.57,100.0,3.1,115.0,7.13,8.0,8.0,180.0,2.0,2.0,2.0,2.0,,2.0,2.0,2.0,,2.0,4.0,0
134603.0,75.0,2.75,27.5,94.7,131.0,90.0,200.0,63.0,6.2,3.09,139.0,6.3,13.9,319.0,13.4,0.76,88.0,4.6,106.0,12.36,8.0,8.0,300.0,2.0,3.0,3.0,2.0,,2.0,2.0,2.0,,2.0,3.0,0
134604.0,49.0,4.56,35.1,118.1,119.0,74.0,137.0,38.0,5.9,3.3,139.0,4.6,15.8,140.0,13.5,0.93,190.0,6.0,108.0,7.82,7.0,10.0,240.0,1.0,3.0,4.0,2.0,,2.0,2.0,2.0,,2.0,3.0,0
134606.0,23.0,3.28,27.2,99.3,118.0,77.0,131.0,41.0,4.9,0.79,139.0,7.8,15.3,288.0,12.2,0.94,128.0,6.2,91.0,4.75,8.0,8.0,720.0,1.0,3.0,5.0,2.0,,2.0,2.0,2.0,,2.0,1.0,0
134607.0,59.0,1.52,29.3,106.7,146.0,76.0,242.0,43.0,5.6,2.49,139.0,5.1,12.9,215.0,13.6,1.06,173.0,7.0,104.0,0.3,7.0,7.0,120.0,1.0,2.0,3.0,2.0,,2.0,2.0,2.0,,2.0,4.0,0
134612.0,59.0,1.91,37.5,123.0,147.0,89.0,144.0,60.0,5.7,8.0,139.0,7.7,13.5,254.0,13.1,0.64,76.0,4.5,105.0,9.54,6.5,7.5,240.0,2.0,4.0,3.0,2.0,,2.0,1.0,2.0,1.0,1.0,4.0,1
134613.0,53.0,,26.4,87.5,98.0,67.0,179.0,64.0,5.4,2.72,140.0,3.3,14.2,217.0,13.3,1.2,74.0,4.0,80.0,3.48,9.0,9.0,180.0,2.0,3.0,4.0,2.0,,2.0,2.0,2.0,,2.0,2.0,0
134615.0,74.0,,30.3,104.8,120.0,87.0,220.0,53.0,5.5,10.69,141.0,7.6,12.5,333.0,14.3,0.71,172.0,4.9,94.0,5.63,9.0,10.0,180.0,2.0,7.0,4.0,2.0,,2.0,2.0,2.0,,2.0,2.0,0
134617.0,80.0,3.55,23.0,78.7,124.0,72.0,212.0,68.0,5.4,1.96,142.0,6.1,14.4,280.0,13.7,0.81,121.0,4.2,88.0,7.75,8.0,8.0,420.0,2.0,3.0,1.0,2.0,,2.0,2.0,1.0,,1.0,3.0,1
134620.0,43.0,2.83,31.9,95.8,127.0,81.0,180.0,52.0,5.1,0.6,139.0,5.8,15.5,244.0,12.8,0.71,53.0,6.2,93.0,6.97,8.0,8.0,120.0,1.0,3.0,3.0,1.0,1.0,2.0,1.0,1.0,2.0,2.0,3.0,0
134623.0,60.0,1.27,52.0,135.8,145.0,91.0,245.0,60.0,5.8,7.35,141.0,5.5,13.2,226.0,14.0,1.09,101.0,6.0,97.0,6.4,7.5,9.0,360.0,2.0,3.0,3.0,2.0,,2.0,1.0,2.0,1.0,2.0,4.0,0
134624.0,25.0,1.09,35.0,122.8,121.0,82.0,220.0,29.0,5.5,1.86,138.0,6.2,14.2,230.0,13.4,0.97,258.0,7.2,103.0,4.3,7.0,3.0,480.0,1.0,3.0,3.0,1.0,1.0,2.0,2.0,1.0,,2.0,4.0,1
134627.0,58.0,4.82,48.5,149.2,118.0,78.0,105.0,41.0,8.0,1.26,139.0,8.7,15.5,217.0,14.4,1.26,186.0,6.8,168.0,10.45,8.0,7.0,180.0,1.0,3.0,4.0,2.0,,1.0,1.0,1.0,1.0,1.0,4.0,0
134630.0,65.0,0.52,29.8,104.7,117.0,77.0,187.0,44.0,5.3,0.67,137.0,7.7,15.1,246.0,13.9,0.99,299.0,9.7,100.0,10.4,,,180.0,1.0,3.0,3.0,1.0,1.0,2.0,2.0,2.0,,2.0,4.0,0
134631.0,50.0,4.15,32.6,111.9,121.0,83.0,156.0,48.0,6.0,3.75,140.0,6.5,14.2,191.0,13.7,1.13,161.0,6.5,85.0,6.06,7.5,7.5,120.0,1.0,4.0,5.0,2.0,,3.0,1.0,1.0,1.0,1.0,2.0,0
134633.0,39.0,1.3,35.6,115.7,123.0,89.0,184.0,36.0,4.9,8.39,141.0,13.0,15.0,266.0,15.2,1.13,192.0,5.3,95.0,39.31,7.0,7.0,180.0,1.0,4.0,2.0,1.0,2.0,2.0,2.0,2.0,,2.0,2.0,0
134634.0,26.0,3.42,37.2,106.5,110.0,79.0,190.0,55.0,5.2,5.08,137.0,9.3,12.7,172.0,13.3,0.54,74.0,3.6,77.0,7.51,9.0,8.5,30.0,2.0,2.0,5.0,2.0,,2.0,2.0,2.0,,2.0,3.0,0
134635.0,36.0,5.0,22.9,83.2,111.0,75.0,186.0,66.0,4.9,0.59,137.0,7.1,14.0,265.0,12.4,0.59,93.0,3.8,82.0,0.45,7.5,7.5,600.0,2.0,3.0,5.0,2.0,,2.0,2.0,2.0,,2.0,1.0,0
134637.0,55.0,2.16,31.9,104.1,133.0,83.0,208.0,59.0,5.4,2.65,138.0,6.3,14.7,204.0,14.3,0.77,148.0,7.0,97.0,7.18,5.5,7.0,480.0,1.0,4.0,4.0,1.0,2.0,2.0,2.0,1.0,,2.0,3.0,0
134645.0,66.0,,26.6,97.8,120.0,82.0,304.0,60.0,5.4,1.23,140.0,6.8,13.4,273.0,13.1,0.76,121.0,2.4,101.0,7.34,7.0,7.0,300.0,2.0,3.0,5.0,2.0,,2.0,2.0,2.0,,2.0,3.0,0
134651.0,25.0,5.0,31.2,109.9,124.0,76.0,140.0,44.0,5.3,15.81,140.0,9.8,14.4,273.0,15.0,0.8,55.0,8.4,98.0,3.8,8.5,7.5,660.0,1.0,2.0,4.0,2.0,,2.0,2.0,2.0,,2.0,2.0,0
134652.0,64.0,4.42,32.6,114.2,127.0,66.0,134.0,32.0,7.1,5.25,137.0,5.6,9.9,253.0,20.0,0.65,86.0,6.9,119.0,59.92,,,360.0,1.0,7.0,4.0,1.0,1.0,1.0,1.0,1.0,1.0,1.0,5.0,0
134656.0,28.0,,23.4,87.0,118.0,72.0,122.0,40.0,4.7,0.4,142.0,4.3,15.3,211.0,12.9,1.02,62.0,6.8,93.0,5.11,6.0,9.0,300.0,1.0,3.0,3.0,1.0,1.0,2.0,2.0,2.0,,2.0,3.0,0
134657.0,67.0,4.34,24.6,85.8,139.0,69.0,196.0,54.0,6.1,1.96,139.0,,,,,1.15,109.0,3.3,101.0,3.44,8.0,9.0,180.0,1.0,4.0,4.0,2.0,,3.0,1.0,1.0,1.0,1.0,1.0,0
134658.0,79.0,5.0,19.9,87.7,104.0,54.0,134.0,64.0,7.6,1.18,142.0,8.7,14.2,287.0,13.6,0.91,63.0,4.9,128.0,6.24,6.0,6.0,480.0,1.0,3.0,5.0,2.0,,1.0,1.0,1.0,1.0,1.0,3.0,1
134660.0,51.0,5.0,30.5,110.4,120.0,74.0,234.0,37.0,5.7,2.01,141.0,8.3,14.8,295.0,13.7,0.88,329.0,5.5,99.0,3.84,7.0,7.0,660.0,1.0,3.0,5.0,2.0,,2.0,2.0,1.0,,2.0,4.0,0
134665.0,41.0,2.7,24.2,82.8,125.0,78.0,167.0,54.0,5.0,0.4,141.0,8.3,13.9,241.0,12.8,0.82,81.0,4.3,93.0,9.89,6.5,9.0,120.0,2.0,3.0,5.0,2.0,,2.0,2.0,2.0,,2.0,2.0,0
134668.0,36.0,0.85,22.1,79.0,98.0,66.0,158.0,39.0,5.5,6.08,140.0,7.5,14.5,226.0,13.3,0.83,86.0,4.6,87.0,4.58,10.0,10.0,180.0,1.0,7.0,2.0,1.0,1.0,2.0,2.0,2.0,,2.0,3.0,0
134671.0,36.0,3.19,24.9,93.0,90.0,61.0,164.0,57.0,5.5,6.13,142.0,5.8,12.4,276.0,12.6,0.74,87.0,3.8,95.0,4.64,7.0,7.0,600.0,2.0,3.0,5.0,2.0,,2.0,2.0,2.0,,2.0,1.0,0
134672.0,51.0,5.0,20.7,81.0,107.0,74.0,225.0,61.0,5.5,0.37,139.0,3.9,15.1,287.0,13.0,0.88,64.0,4.9,87.0,6.56,8.5,8.5,180.0,1.0,3.0,5.0,1.0,3.0,2.0,2.0,1.0,,1.0,2.0,0
134676.0,26.0,1.75,51.7,149.3,125.0,91.0,168.0,45.0,5.9,11.26,137.0,9.9,12.4,388.0,14.8,0.63,82.0,4.5,105.0,5.46,7.0,14.0,240.0,2.0,4.0,3.0,2.0,,2.0,2.0,2.0,,2.0,3.0,0
134677.0,64.0,4.86,28.9,101.4,122.0,84.0,173.0,59.0,5.5,0.69,139.0,5.3,14.2,216.0,15.7,0.63,126.0,5.6,95.0,14.07,8.0,9.0,300.0,2.0,3.0,5.0,1.0,3.0,1.0,1.0,1.0,1.0,1.0,3.0,0
134683.0,45.0,4.33,31.1,93.2,100.0,61.0,207.0,74.0,4.8,2.45,139.0,7.4,13.4,286.0,13.0,0.8,65.0,4.4,89.0,23.86,8.0,8.0,240.0,2.0,3.0,5.0,1.0,3.0,2.0,2.0,1.0,,2.0,3.0,0
134685.0,36.0,,48.7,144.8,106.0,72.0,224.0,34.0,6.3,5.99,140.0,10.0,12.7,399.0,15.7,0.96,151.0,6.2,96.0,6.91,5.0,3.0,60.0,1.0,4.0,4.0,2.0,,2.0,2.0,2.0,,2.0,1.0,0
134691.0,75.0,5.0,26.1,100.1,109.0,75.0,140.0,61.0,5.6,1.24,140.0,6.0,14.4,197.0,12.8,0.92,72.0,4.5,88.0,8.71,9.0,9.5,540.0,1.0,3.0,5.0,2.0,,2.0,2.0,2.0,,2.0,4.0,1
134692.0,80.0,1.77,34.6,123.8,120.0,66.0,134.0,47.0,8.6,10.5,137.0,9.0,12.3,284.0,14.9,1.51,209.0,4.7,227.0,21.02,7.0,6.0,180.0,2.0,3.0,2.0,1.0,3.0,1.0,1.0,2.0,1.0,1.0,3.0,0
134696.0,29.0,,27.3,86.2,128.0,60.0,161.0,53.0,5.4,0.6,138.0,5.2,13.7,226.0,13.5,1.08,56.0,5.9,92.0,1.75,7.0,7.5,720.0,1.0,3.0,5.0,2.0,,2.0,2.0,2.0,,2.0,1.0,0
134703.0,80.0,,29.8,114.8,126.0,74.0,148.0,45.0,5.1,0.31,142.0,5.9,14.1,252.0,15.4,0.77,58.0,4.9,94.0,,10.0,10.0,240.0,1.0,3.0,3.0,2.0,,2.0,2.0,1.0,,1.0,4.0,0
134704.0,51.0,3.08,27.7,90.0,96.0,61.0,199.0,65.0,5.5,2.63,143.0,8.6,14.3,373.0,12.6,1.01,128.0,4.6,95.0,7.95,3.5,8.5,60.0,2.0,3.0,5.0,2.0,,2.0,1.0,2.0,1.0,2.0,2.0,0
134707.0,63.0,1.37,48.5,147.8,101.0,54.0,156.0,48.0,6.5,1.04,139.0,8.4,11.2,276.0,17.0,1.49,248.0,5.3,196.0,39.27,8.5,8.5,240.0,2.0,3.0,4.0,2.0,,1.0,1.0,1.0,1.0,1.0,4.0,1
134708.0,46.0,5.0,32.6,113.7,121.0,85.0,263.0,42.0,5.2,1.53,139.0,6.6,14.6,253.0,12.4,1.04,561.0,5.7,93.0,5.27,6.5,8.0,240.0,1.0,3.0,4.0,2.0,,2.0,2.0,1.0,,2.0,2.0,0
134711.0,24.0,0.96,36.3,125.8,125.0,73.0,149.0,45.0,5.0,0.93,141.0,4.5,13.5,277.0,12.7,1.09,58.0,7.6,105.0,2.49,5.0,9.0,480.0,1.0,4.0,4.0,2.0,,2.0,2.0,2.0,,2.0,2.0,0
134712.0,68.0,2.79,28.6,98.0,126.0,86.0,246.0,53.0,5.5,1.92,138.0,8.6,14.2,409.0,13.0,0.74,131.0,4.6,97.0,13.96,8.0,8.0,300.0,2.0,3.0,5.0,2.0,,2.0,2.0,2.0,,2.0,3.0,0
134716.0,22.0,1.39,17.0,70.5,110.0,79.0,169.0,37.0,5.6,0.22,138.0,7.5,10.6,421.0,20.2,0.45,139.0,2.8,91.0,0.95,10.0,8.0,480.0,2.0,6.0,1.0,2.0,,2.0,2.0,2.0,,2.0,1.0,0
134717.0,38.0,4.05,33.1,105.7,121.0,73.0,243.0,66.0,5.4,1.3,139.0,6.6,14.9,276.0,13.4,0.84,123.0,5.5,95.0,22.0,6.5,9.0,240.0,1.0,3.0,4.0,1.0,2.0,2.0,2.0,2.0,,2.0,3.0,0
134720.0,54.0,4.92,28.9,114.1,158.0,101.0,197.0,43.0,10.6,6.89,136.0,7.3,16.3,301.0,12.5,0.7,186.0,3.1,327.0,36.06,7.0,9.0,300.0,1.0,3.0,4.0,1.0,3.0,1.0,1.0,1.0,1.0,1.0,2.0,0
134721.0,47.0,4.82,29.0,92.3,119.0,79.0,200.0,66.0,6.0,4.89,138.0,10.4,13.7,324.0,14.3,0.67,118.0,4.4,81.0,22.48,7.0,6.0,720.0,2.0,3.0,4.0,1.0,3.0,2.0,2.0,2.0,,2.0,3.0,0
134723.0,70.0,2.01,32.2,105.7,114.0,78.0,171.0,55.0,5.5,5.83,143.0,7.0,13.9,300.0,14.0,0.76,160.0,4.7,96.0,8.68,6.0,6.0,300.0,2.0,3.0,3.0,1.0,3.0,2.0,2.0,1.0,,1.0,2.0,0
134727.0,52.0,0.55,32.8,106.8,105.0,81.0,159.0,35.0,6.0,0.33,139.0,5.4,14.9,166.0,12.8,0.55,128.0,5.1,105.0,4.56,7.0,7.0,120.0,2.0,2.0,2.0,1.0,1.0,2.0,1.0,2.0,2.0,2.0,4.0,0
134729.0,68.0,,27.8,104.2,156.0,75.0,172.0,51.0,5.6,0.47,139.0,3.9,13.4,255.0,13.1,0.95,192.0,4.5,94.0,8.15,6.5,7.5,360.0,2.0,3.0,5.0,2.0,,2.0,1.0,1.0,1.0,1.0,2.0,0
134730.0,26.0,2.73,24.6,82.7,111.0,69.0,202.0,48.0,5.5,6.46,140.0,6.5,13.3,264.0,12.0,0.68,180.0,5.1,97.0,4.12,8.5,8.0,240.0,2.0,3.0,5.0,2.0,,2.0,2.0,2.0,,2.0,1.0,0
134732.0,32.0,2.83,38.4,124.8,104.0,77.0,128.0,48.0,4.9,1.03,142.0,5.9,14.8,266.0,13.9,0.96,64.0,4.9,90.0,19.42,7.0,8.0,360.0,1.0,2.0,5.0,2.0,,2.0,2.0,2.0,,2.0,3.0,0
134734.0,30.0,0.82,19.5,76.7,129.0,62.0,205.0,34.0,5.2,1.69,139.0,8.6,15.1,288.0,14.4,1.0,619.0,5.2,88.0,4.31,4.0,4.5,180.0,1.0,3.0,2.0,1.0,2.0,2.0,2.0,1.0,,2.0,3.0,0
134737.0,23.0,1.91,27.9,100.8,128.0,77.0,274.0,47.0,11.0,2.03,138.0,6.2,14.8,259.0,12.3,0.59,276.0,5.2,111.0,16.14,10.5,9.0,180.0,1.0,2.0,2.0,2.0,,1.0,2.0,2.0,,2.0,3.0,0
134740.0,73.0,2.74,25.0,107.6,130.0,60.0,215.0,36.0,13.0,4.63,137.0,9.5,13.2,415.0,14.9,0.97,268.0,6.3,127.0,24.49,9.0,5.0,360.0,1.0,3.0,4.0,1.0,1.0,1.0,2.0,1.0,,1.0,3.0,1
134743.0,65.0,5.0,25.0,96.9,127.0,69.0,180.0,50.0,6.4,1.26,142.0,4.1,13.9,202.0,14.2,0.83,84.0,5.6,115.0,13.7,6.5,7.5,480.0,2.0,6.0,5.0,2.0,,2.0,1.0,1.0,1.0,1.0,2.0,0
134744.0,55.0,1.89,32.3,100.4,123.0,75.0,241.0,48.0,6.3,3.33,137.0,5.4,14.4,227.0,13.7,1.04,208.0,4.6,103.0,5.33,5.0,8.0,300.0,1.0,4.0,4.0,2.0,,2.0,2.0,1.0,,2.0,3.0,0
134745.0,42.0,1.1,24.2,97.4,117.0,77.0,209.0,40.0,6.1,1.92,141.0,10.4,13.9,285.0,13.7,0.84,141.0,7.2,89.0,6.11,8.0,9.0,120.0,1.0,6.0,5.0,1.0,1.0,2.0,2.0,2.0,,2.0,1.0,0
134746.0,44.0,,30.5,88.3,113.0,79.0,246.0,71.0,5.0,0.65,138.0,4.1,12.1,335.0,17.0,0.72,117.0,4.7,85.0,4.88,7.0,10.0,300.0,2.0,4.0,5.0,2.0,,2.0,2.0,2.0,,2.0,2.0,0
134748.0,29.0,,31.6,113.5,135.0,78.0,159.0,72.0,4.5,3.38,138.0,8.0,15.1,334.0,13.3,0.93,51.0,6.8,80.0,8.43,5.5,7.0,540.0,1.0,3.0,2.0,2.0,,2.0,2.0,2.0,,2.0,4.0,0
134751.0,44.0,5.0,25.2,95.4,140.0,95.0,208.0,52.0,5.3,0.86,138.0,9.6,16.2,242.0,13.1,0.97,135.0,5.5,101.0,11.27,7.0,8.0,600.0,1.0,3.0,5.0,2.0,,2.0,1.0,1.0,2.0,2.0,3.0,0
134756.0,54.0,1.94,23.6,86.2,110.0,78.0,212.0,65.0,6.0,3.21,138.0,6.9,13.9,238.0,14.2,0.63,108.0,2.8,88.0,6.35,7.5,12.0,120.0,2.0,3.0,1.0,1.0,1.0,2.0,2.0,2.0,,2.0,3.0,0
134757.0,27.0,,31.2,97.4,109.0,62.0,171.0,65.0,4.8,7.77,137.0,14.0,11.3,240.0,12.8,0.6,139.0,3.4,80.0,45.05,7.0,12.0,360.0,2.0,2.0,4.0,2.0,,2.0,2.0,2.0,,2.0,1.0,0
134759.0,41.0,1.3,24.2,78.8,109.0,65.0,175.0,68.0,4.8,0.11,139.0,5.6,14.4,242.0,13.4,0.82,96.0,3.1,84.0,4.96,5.0,10.5,540.0,2.0,2.0,4.0,2.0,,2.0,2.0,1.0,,1.0,3.0,0
134760.0,62.0,3.33,26.4,99.4,123.0,73.0,197.0,84.0,5.1,1.07,141.0,9.4,14.1,227.0,12.8,0.87,89.0,4.2,100.0,0.62,8.5,8.5,360.0,1.0,3.0,5.0,2.0,,2.0,2.0,2.0,,2.0,2.0,0
134769.0,52.0,,26.5,98.7,128.0,75.0,259.0,38.0,5.5,6.4,139.0,9.0,15.9,300.0,14.0,1.04,106.0,5.2,88.0,62.24,8.5,8.5,180.0,1.0,3.0,3.0,2.0,,2.0,2.0,1.0,,2.0,2.0,0
134771.0,80.0,,21.1,94.8,112.0,58.0,192.0,55.0,5.9,4.18,139.0,7.8,10.5,486.0,14.2,0.62,107.0,3.5,98.0,4754.36,11.0,11.0,720.0,2.0,7.0,4.0,2.0,,1.0,1.0,1.0,1.0,2.0,1.0,1
134776.0,72.0,4.59,26.3,93.7,142.0,80.0,160.0,52.0,5.8,1.43,140.0,5.6,12.5,292.0,14.0,1.07,173.0,5.7,98.0,12.21,8.5,9.0,720.0,2.0,3.0,4.0,2.0,,2.0,1.0,1.0,1.0,1.0,3.0,0
134781.0,25.0,1.34,18.2,63.7,95.0,63.0,155.0,50.0,5.0,0.16,140.0,6.4,13.7,245.0,12.8,0.68,62.0,5.5,83.0,4.23,8.0,8.5,360.0,2.0,3.0,5.0,2.0,,2.0,2.0,2.0,,2.0,3.0,0
134788.0,61.0,1.6,31.6,111.1,127.0,85.0,169.0,52.0,5.8,4.28,139.0,6.6,16.3,196.0,13.6,1.06,98.0,4.9,86.0,11.89,7.0,7.0,240.0,1.0,7.0,2.0,1.0,1.0,2.0,2.0,2.0,,2.0,2.0,0
134791.0,36.0,3.91,42.0,132.3,131.0,85.0,245.0,55.0,5.4,13.84,138.0,9.9,13.2,281.0,14.2,0.82,245.0,8.5,81.0,7.5,8.0,8.5,180.0,2.0,3.0,4.0,1.0,3.0,2.0,2.0,2.0,,2.0,3.0,0
134793.0,49.0,5.0,23.3,86.9,118.0,68.0,174.0,60.0,5.4,0.47,143.0,5.6,15.0,274.0,12.7,0.99,83.0,5.2,97.0,3.68,5.5,6.0,600.0,1.0,3.0,5.0,2.0,,2.0,2.0,1.0,,2.0,2.0,0
134794.0,64.0,0.88,38.6,117.9,112.0,73.0,298.0,53.0,13.7,11.68,138.0,7.5,14.9,292.0,15.1,0.89,328.0,2.3,195.0,16.94,8.0,11.0,360.0,2.0,3.0,3.0,1.0,1.0,1.0,2.0,1.0,,2.0,3.0,0
134802.0,56.0,0.22,22.5,79.6,119.0,72.0,175.0,60.0,5.6,0.47,139.0,5.0,14.1,328.0,12.3,1.05,62.0,2.9,86.0,4.25,8.0,9.5,180.0,2.0,3.0,3.0,2.0,,2.0,2.0,2.0,,2.0,3.0,0
134804.0,66.0,0.62,42.6,124.2,147.0,90.0,182.0,60.0,6.1,2.25,144.0,15.9,13.1,483.0,15.8,,,,69.0,1.17,7.0,7.0,300.0,2.0,3.0,2.0,1.0,3.0,2.0,1.0,1.0,1.0,1.0,4.0,0
134805.0,65.0,5.0,31.8,108.9,112.0,75.0,186.0,57.0,6.0,9.04,143.0,6.5,15.0,294.0,13.6,0.73,76.0,6.4,104.0,8.06,7.0,7.0,600.0,2.0,3.0,5.0,2.0,,2.0,1.0,2.0,1.0,2.0,3.0,0
134806.0,37.0,2.28,23.5,80.1,102.0,66.0,193.0,39.0,5.7,2.46,139.0,5.4,11.8,390.0,13.4,0.71,131.0,4.8,84.0,8.03,7.5,8.5,720.0,2.0,2.0,5.0,1.0,3.0,2.0,2.0,1.0,,2.0,3.0,0
134811.0,73.0,,26.9,106.5,120.0,60.0,170.0,44.0,6.2,3.26,139.0,7.7,15.2,235.0,13.7,1.01,157.0,8.2,100.0,7.52,7.0,8.0,60.0,1.0,2.0,3.0,1.0,3.0,3.0,1.0,2.0,1.0,2.0,3.0,0
134812.0,74.0,2.53,25.4,95.9,133.0,72.0,158.0,58.0,5.8,5.53,135.0,8.5,14.0,296.0,14.6,0.8,97.0,5.9,95.0,121.0,9.0,10.0,480.0,2.0,3.0,3.0,1.0,1.0,2.0,1.0,1.0,1.0,1.0,3.0,1
134813.0,79.0,4.0,22.1,89.5,122.0,67.0,197.0,67.0,4.9,1.25,141.0,9.4,16.1,236.0,15.1,0.9,79.0,6.2,62.0,5.11,10.0,10.0,480.0,1.0,3.0,5.0,2.0,,2.0,2.0,2.0,,2.0,1.0,0
134817.0,80.0,2.35,32.1,109.3,132.0,68.0,178.0,40.0,5.5,7.11,142.0,6.1,10.7,156.0,14.5,2.03,313.0,6.9,113.0,14.77,9.0,9.0,240.0,1.0,3.0,1.0,2.0,,2.0,1.0,2.0,1.0,9.0,1.0,0
134822.0,71.0,5.0,26.0,104.3,129.0,65.0,130.0,34.0,5.5,1.15,141.0,7.6,11.6,212.0,13.5,1.86,114.0,7.4,106.0,19.04,8.0,8.0,360.0,1.0,4.0,5.0,1.0,3.0,1.0,2.0,1.0,,1.0,3.0,1
134824.0,59.0,,30.2,97.3,118.0,72.0,268.0,80.0,5.3,0.75,136.0,5.2,12.6,249.0,13.0,0.85,61.0,3.9,96.0,6.75,7.5,8.5,600.0,2.0,3.0,5.0,1.0,3.0,2.0,2.0,1.0,,2.0,3.0,0
134825.0,65.0,1.32,41.4,111.0,168.0,109.0,233.0,76.0,7.6,8.18,139.0,5.3,12.7,246.0,14.2,0.85,93.0,4.0,122.0,22.49,,12.0,480.0,2.0,2.0,2.0,2.0,,1.0,1.0,2.0,1.0,2.0,4.0,0
134826.0,50.0,2.16,22.6,85.0,128.0,79.0,170.0,54.0,5.2,0.6,138.0,7.6,13.4,234.0,12.6,0.67,134.0,3.8,83.0,5.76,7.5,8.5,420.0,2.0,1.0,5.0,2.0,,2.0,1.0,2.0,1.0,2.0,2.0,0
134828.0,51.0,1.29,28.6,111.5,126.0,81.0,203.0,41.0,6.1,3.46,138.0,9.0,18.1,189.0,12.9,0.94,190.0,7.7,92.0,0.53,7.0,9.5,360.0,1.0,7.0,4.0,1.0,3.0,2.0,1.0,1.0,1.0,1.0,4.0,0
134834.0,71.0,1.1,30.2,99.0,123.0,62.0,158.0,57.0,9.5,0.8,140.0,6.6,14.6,194.0,14.0,1.64,153.0,8.9,175.0,82.7,7.5,5.0,360.0,2.0,2.0,2.0,1.0,3.0,1.0,1.0,1.0,1.0,1.0,5.0,1
134836.0,49.0,2.5,24.7,94.1,145.0,87.0,257.0,46.0,4.2,1.92,141.0,5.7,15.7,347.0,12.5,1.07,137.0,8.3,94.0,0.58,5.0,8.0,300.0,1.0,2.0,5.0,2.0,,2.0,1.0,1.0,1.0,2.0,3.0,0
134839.0,27.0,2.47,23.6,88.0,135.0,78.0,165.0,66.0,5.0,0.34,144.0,8.6,13.7,332.0,12.8,0.97,52.0,6.2,87.0,4.18,5.0,7.0,180.0,1.0,3.0,4.0,2.0,,2.0,2.0,2.0,,2.0,2.0,0
134845.0,69.0,,29.4,111.9,116.0,70.0,150.0,48.0,8.2,1.78,141.0,11.4,12.5,222.0,13.6,1.07,195.0,6.2,87.0,7.98,7.5,7.5,480.0,2.0,3.0,5.0,2.0,,1.0,1.0,1.0,1.0,1.0,3.0,0
134847.0,63.0,,,,118.0,56.0,154.0,60.0,5.2,10.85,140.0,5.5,9.5,239.0,13.0,0.92,142.0,8.3,91.0,6.13,4.5,4.0,720.0,2.0,3.0,3.0,1.0,3.0,2.0,1.0,1.0,1.0,1.0,5.0,1
134850.0,60.0,4.63,25.7,91.6,127.0,69.0,210.0,66.0,5.5,0.55,145.0,5.2,15.1,218.0,13.3,0.8,54.0,5.9,100.0,13.62,6.0,8.5,480.0,2.0,3.0,4.0,2.0,,2.0,1.0,2.0,1.0,2.0,2.0,0
134851.0,47.0,2.83,27.9,91.6,102.0,64.0,227.0,63.0,5.7,4.44,139.0,6.9,13.1,242.0,13.5,0.77,73.0,3.9,88.0,7.68,7.0,8.5,600.0,2.0,7.0,5.0,1.0,3.0,2.0,2.0,1.0,,2.0,1.0,0
134856.0,32.0,2.17,31.7,107.5,99.0,69.0,182.0,49.0,5.2,1.16,138.0,5.6,14.0,200.0,13.0,0.82,105.0,4.0,105.0,5.28,9.0,10.0,360.0,2.0,3.0,4.0,1.0,3.0,2.0,2.0,2.0,,2.0,2.0,0
134857.0,34.0,2.95,47.9,129.3,107.0,78.0,167.0,44.0,5.2,9.08,140.0,5.2,13.1,281.0,14.0,0.84,86.0,7.2,98.0,3.95,8.0,11.0,720.0,2.0,3.0,4.0,1.0,3.0,2.0,2.0,2.0,,2.0,3.0,0
134858.0,32.0,0.26,32.0,110.2,121.0,82.0,129.0,45.0,5.2,2.41,141.0,8.7,15.3,211.0,12.5,1.09,81.0,7.6,101.0,3.95,3.5,7.0,720.0,1.0,7.0,4.0,1.0,1.0,2.0,2.0,2.0,,2.0,3.0,0
134859.0,40.0,4.17,29.6,92.9,125.0,90.0,166.0,62.0,5.5,3.0,141.0,3.9,13.5,166.0,13.5,0.7,76.0,2.6,82.0,3.87,6.0,7.5,300.0,2.0,2.0,5.0,2.0,,3.0,2.0,2.0,,2.0,2.0,0
134864.0,62.0,5.0,37.6,112.7,119.0,71.0,224.0,64.0,5.0,7.42,139.0,8.0,12.1,254.0,13.0,0.53,223.0,6.4,109.0,36.41,9.0,9.0,720.0,2.0,3.0,3.0,1.0,3.0,2.0,1.0,2.0,1.0,2.0,3.0,0
134870.0,33.0,0.74,19.0,73.3,119.0,82.0,198.0,53.0,5.8,0.33,143.0,4.6,12.3,188.0,14.1,0.87,150.0,3.5,93.0,7.82,7.0,4.0,120.0,1.0,7.0,3.0,1.0,3.0,2.0,2.0,2.0,,2.0,1.0,0
134874.0,65.0,2.12,26.6,97.6,146.0,87.0,185.0,58.0,5.8,3.1,141.0,6.9,13.5,245.0,13.4,0.69,96.0,4.3,121.0,13.55,8.5,8.5,300.0,2.0,3.0,4.0,1.0,1.0,2.0,1.0,2.0,1.0,2.0,2.0,0
134877.0,60.0,1.32,24.9,104.3,147.0,94.0,195.0,51.0,5.4,5.49,141.0,13.8,12.7,315.0,14.9,0.94,219.0,4.9,84.0,16.8,10.0,10.0,480.0,1.0,3.0,4.0,1.0,3.0,2.0,1.0,1.0,1.0,2.0,2.0,1
134878.0,40.0,5.0,30.5,105.5,124.0,85.0,249.0,55.0,5.1,1.04,140.0,5.8,15.9,362.0,13.5,0.92,121.0,5.9,100.0,10.38,7.5,8.5,600.0,1.0,3.0,5.0,2.0,,2.0,2.0,2.0,,2.0,2.0,0
134879.0,71.0,3.17,33.0,119.2,123.0,82.0,154.0,53.0,5.5,0.73,139.0,5.0,13.4,191.0,13.7,0.68,170.0,5.5,92.0,14.49,5.0,4.0,360.0,2.0,1.0,5.0,2.0,,2.0,1.0,1.0,1.0,1.0,2.0,0
134886.0,65.0,5.0,21.4,79.6,127.0,84.0,178.0,60.0,5.5,1.02,135.0,9.3,12.0,302.0,14.9,0.55,76.0,2.3,89.0,12.52,5.0,,420.0,2.0,2.0,5.0,2.0,,2.0,2.0,1.0,,1.0,3.0,0
134889.0,38.0,0.8,34.1,100.9,103.0,74.0,173.0,55.0,5.1,3.94,138.0,7.7,14.5,373.0,13.0,0.78,81.0,4.1,100.0,5.21,6.0,8.0,360.0,2.0,3.0,4.0,2.0,,2.0,2.0,2.0,,2.0,3.0,0
134890.0,58.0,2.51,31.4,,138.0,79.0,168.0,50.0,6.8,4.38,140.0,7.5,10.5,225.0,15.6,0.73,135.0,4.6,112.0,27.44,9.0,9.5,360.0,2.0,1.0,4.0,2.0,,3.0,2.0,2.0,,2.0,3.0,0
134891.0,80.0,1.04,24.7,87.4,108.0,65.0,149.0,56.0,6.3,0.57,140.0,6.0,13.4,166.0,14.9,1.2,167.0,6.7,128.0,7.91,8.0,8.5,600.0,1.0,4.0,3.0,1.0,3.0,2.0,1.0,9.0,1.0,1.0,1.0,0
134894.0,39.0,3.56,28.8,113.5,110.0,74.0,228.0,45.0,5.8,1.12,138.0,10.5,14.9,231.0,13.9,0.87,281.0,7.6,103.0,9.71,10.0,9.0,240.0,1.0,3.0,4.0,1.0,1.0,2.0,2.0,2.0,,1.0,1.0,0
134896.0,34.0,1.14,30.6,106.6,106.0,80.0,182.0,35.0,5.6,7.99,137.0,13.0,12.8,317.0,13.5,0.79,114.0,5.4,78.0,7.79,6.0,6.0,600.0,2.0,3.0,5.0,1.0,2.0,2.0,2.0,2.0,,2.0,3.0,0
134897.0,64.0,4.32,19.7,,173.0,96.0,182.0,60.0,5.4,0.23,138.0,5.2,13.1,338.0,14.0,0.77,87.0,5.5,93.0,17.01,8.0,8.0,180.0,1.0,6.0,4.0,1.0,1.0,2.0,1.0,2.0,2.0,2.0,4.0,0
134899.0,60.0,2.4,34.8,115.0,138.0,78.0,233.0,41.0,5.4,1.16,141.0,10.6,15.8,263.0,14.4,0.7,353.0,5.3,113.0,7.42,7.5,6.5,240.0,1.0,3.0,2.0,1.0,1.0,2.0,2.0,2.0,,2.0,3.0,0
134902.0,41.0,5.0,21.0,72.8,98.0,66.0,141.0,44.0,5.4,4.03,142.0,3.3,12.6,194.0,13.0,0.76,74.0,3.9,88.0,25.89,8.0,7.0,180.0,2.0,4.0,5.0,2.0,,2.0,2.0,1.0,,2.0,2.0,0
134906.0,60.0,5.0,50.1,158.1,160.0,84.0,135.0,43.0,5.6,3.51,139.0,10.8,14.8,273.0,13.6,1.23,121.0,6.8,92.0,6.56,7.5,8.5,300.0,1.0,3.0,5.0,2.0,,2.0,1.0,2.0,1.0,1.0,4.0,1
134908.0,72.0,1.84,25.5,94.2,152.0,86.0,145.0,48.0,6.2,0.49,138.0,5.6,13.5,147.0,12.9,1.71,93.0,7.5,117.0,105.65,8.0,8.0,240.0,1.0,3.0,5.0,1.0,3.0,1.0,1.0,2.0,1.0,2.0,2.0,0
134910.0,74.0,2.33,29.7,97.8,125.0,84.0,228.0,67.0,5.6,3.43,139.0,5.3,12.9,300.0,13.6,0.74,117.0,3.7,79.0,15.14,9.0,9.0,180.0,2.0,3.0,5.0,2.0,,2.0,2.0,1.0,,1.0,2.0,0
134916.0,47.0,5.0,52.3,157.7,117.0,76.0,168.0,36.0,5.6,8.69,139.0,8.3,15.4,248.0,13.7,0.64,140.0,7.0,92.0,5.78,6.5,6.0,600.0,1.0,3.0,5.0,2.0,,2.0,2.0,2.0,,2.0,2.0,0
134917.0,22.0,1.07,25.4,96.1,106.0,60.0,269.0,60.0,4.8,3.23,136.0,7.2,10.9,236.0,14.9,0.44,170.0,3.2,73.0,8.51,9.5,10.0,120.0,2.0,3.0,2.0,2.0,,2.0,2.0,2.0,,2.0,3.0,0
134918.0,72.0,,29.4,98.2,116.0,68.0,128.0,47.0,6.3,1.05,137.0,5.6,15.5,274.0,13.6,0.76,310.0,5.5,195.0,964.89,7.5,7.5,60.0,1.0,6.0,4.0,1.0,3.0,1.0,1.0,1.0,1.0,1.0,3.0,1
134919.0,48.0,3.13,27.7,94.9,138.0,85.0,175.0,46.0,5.0,1.28,141.0,7.0,12.6,277.0,17.4,0.58,113.0,3.7,95.0,25.19,8.0,8.0,240.0,2.0,3.0,3.0,1.0,3.0,2.0,2.0,2.0,,2.0,2.0,0
134922.0,61.0,,35.4,105.5,136.0,81.0,223.0,74.0,4.6,0.65,140.0,4.7,12.2,238.0,14.3,0.65,122.0,6.0,84.0,8.18,6.0,6.0,240.0,2.0,6.0,3.0,2.0,,2.0,1.0,1.0,1.0,2.0,3.0,0
134923.0,69.0,1.84,22.5,,96.0,59.0,244.0,78.0,5.5,0.32,142.0,4.9,13.9,224.0,13.6,0.62,54.0,4.9,87.0,6.71,8.0,8.0,60.0,2.0,2.0,4.0,2.0,,2.0,2.0,1.0,,2.0,1.0,0
134926.0,28.0,3.88,20.9,75.8,129.0,92.0,119.0,52.0,5.4,0.54,139.0,3.8,13.1,169.0,13.4,0.9,65.0,4.4,96.0,4.08,5.5,11.0,360.0,2.0,4.0,4.0,2.0,,2.0,1.0,2.0,2.0,2.0,2.0,0
134929.0,55.0,2.43,35.3,108.5,137.0,99.0,236.0,73.0,5.7,1.05,139.0,6.6,13.7,311.0,13.5,0.76,53.0,4.4,73.0,6.95,5.5,9.0,180.0,2.0,3.0,4.0,1.0,2.0,2.0,2.0,2.0,,2.0,1.0,0
134935.0,21.0,0.48,37.9,136.1,114.0,79.0,152.0,63.0,4.8,5.65,137.0,8.1,13.0,284.0,13.5,0.61,85.0,5.3,89.0,13.32,8.0,8.0,540.0,2.0,3.0,5.0,1.0,3.0,2.0,2.0,2.0,,2.0,2.0,0
134939.0,66.0,0.99,19.5,80.5,189.0,95.0,256.0,43.0,5.3,3.15,142.0,10.3,12.0,281.0,16.7,0.89,146.0,4.3,77.0,42.32,13.0,10.0,480.0,2.0,4.0,2.0,1.0,1.0,2.0,1.0,1.0,1.0,1.0,5.0,1
134940.0,51.0,5.0,67.1,151.8,137.0,89.0,193.0,67.0,5.3,4.54,140.0,7.3,13.8,264.0,13.6,0.62,81.0,4.2,96.0,5.48,8.0,12.0,600.0,2.0,3.0,4.0,2.0,,2.0,1.0,2.0,1.0,1.0,3.0,0
134941.0,41.0,2.61,45.9,131.8,99.0,67.0,159.0,45.0,5.5,8.97,140.0,7.8,13.7,225.0,14.1,0.73,57.0,5.4,91.0,16.06,4.0,11.0,480.0,2.0,3.0,4.0,1.0,1.0,2.0,1.0,2.0,2.0,2.0,4.0,0
134944.0,80.0,1.51,28.4,116.0,143.0,86.0,146.0,29.0,6.5,9.71,141.0,6.7,15.0,228.0,13.7,1.02,152.0,4.4,99.0,4.88,8.0,8.0,300.0,1.0,3.0,4.0,1.0,1.0,2.0,1.0,9.0,1.0,1.0,4.0,1
134946.0,65.0,3.55,27.7,102.7,117.0,71.0,187.0,43.0,6.1,6.98,140.0,6.0,14.5,179.0,12.4,0.87,131.0,6.2,115.0,19.68,7.5,8.0,300.0,1.0,3.0,3.0,2.0,,2.0,1.0,1.0,1.0,2.0,3.0,0
134951.0,50.0,1.99,25.0,98.5,141.0,99.0,257.0,77.0,6.2,4.21,137.0,5.3,12.1,303.0,16.1,0.74,138.0,6.1,160.0,7.31,7.0,10.0,480.0,2.0,7.0,4.0,2.0,,1.0,1.0,2.0,2.0,2.0,3.0,0
134953.0,62.0,,25.3,98.3,111.0,78.0,132.0,53.0,6.4,0.74,139.0,7.5,13.1,251.0,13.8,0.71,85.0,4.1,118.0,10.85,8.5,6.5,480.0,2.0,6.0,5.0,2.0,,1.0,2.0,1.0,,1.0,3.0,0
134954.0,72.0,,23.6,90.0,116.0,53.0,112.0,44.0,5.5,3.87,136.0,5.9,9.1,136.0,15.3,0.85,103.0,6.4,175.0,10.16,10.0,10.0,420.0,2.0,6.0,1.0,2.0,,3.0,2.0,9.0,,9.0,4.0,0
134955.0,65.0,5.0,27.1,101.1,114.0,70.0,155.0,39.0,7.2,0.25,139.0,5.1,13.4,254.0,13.6,1.35,93.0,5.3,115.0,12.3,8.0,9.5,480.0,1.0,3.0,5.0,1.0,3.0,1.0,2.0,2.0,,2.0,2.0,0
134961.0,71.0,3.17,32.8,111.5,133.0,73.0,115.0,54.0,4.7,0.29,142.0,9.9,13.0,170.0,13.0,1.23,47.0,4.0,130.0,3.81,6.0,6.0,300.0,1.0,3.0,3.0,2.0,,2.0,2.0,2.0,,1.0,3.0,0
134962.0,33.0,0.25,28.3,85.5,105.0,76.0,186.0,39.0,5.6,3.6,140.0,8.8,14.1,361.0,13.5,0.58,287.0,5.2,88.0,6.94,10.0,10.0,600.0,2.0,2.0,3.0,1.0,1.0,2.0,2.0,2.0,,2.0,1.0,0
134964.0,68.0,5.0,37.9,122.7,120.0,71.0,238.0,127.0,7.4,14.52,141.0,10.0,13.0,312.0,13.8,1.16,98.0,6.9,96.0,9.51,7.5,10.0,720.0,2.0,4.0,3.0,2.0,,1.0,1.0,1.0,1.0,1.0,3.0,0
134965.0,66.0,0.46,27.8,102.9,106.0,63.0,208.0,38.0,5.5,30.32,143.0,10.4,13.7,177.0,16.3,1.1,297.0,8.1,91.0,95.63,5.0,5.0,360.0,2.0,3.0,2.0,1.0,2.0,2.0,1.0,1.0,1.0,1.0,4.0,1
134966.0,52.0,4.44,28.6,100.4,111.0,81.0,199.0,40.0,5.2,0.59,139.0,9.1,16.3,190.0,13.2,0.91,263.0,5.7,90.0,1.31,8.5,8.5,360.0,1.0,3.0,5.0,2.0,,2.0,2.0,2.0,,2.0,2.0,0
134967.0,62.0,0.77,28.6,91.6,112.0,77.0,181.0,52.0,6.1,2.16,141.0,7.4,15.1,266.0,13.2,0.58,205.0,5.1,108.0,29.43,5.0,8.5,120.0,2.0,2.0,3.0,2.0,,2.0,1.0,1.0,1.0,1.0,4.0,0
134969.0,42.0,1.44,25.1,82.5,106.0,73.0,239.0,68.0,5.2,1.33,140.0,8.8,13.5,281.0,12.8,0.91,113.0,3.1,83.0,0.88,9.0,8.5,600.0,2.0,3.0,5.0,2.0,,2.0,2.0,2.0,,2.0,4.0,0
134970.0,48.0,5.0,51.6,134.7,128.0,80.0,173.0,57.0,5.6,12.18,140.0,10.6,12.7,231.0,14.2,,117.0,,96.0,4.82,8.0,8.0,600.0,2.0,3.0,5.0,2.0,,2.0,1.0,2.0,1.0,2.0,4.0,0
134971.0,68.0,4.06,28.6,109.6,106.0,76.0,120.0,34.0,7.9,3.95,139.0,7.3,11.4,321.0,19.5,1.46,170.0,7.4,196.0,10.86,8.0,8.0,600.0,1.0,3.0,3.0,1.0,3.0,1.0,1.0,1.0,1.0,2.0,4.0,1
134972.0,34.0,,40.4,124.1,117.0,80.0,184.0,41.0,5.8,5.9,137.0,9.6,12.7,361.0,13.1,0.73,136.0,6.6,104.0,5.97,8.0,8.0,720.0,2.0,3.0,5.0,2.0,,2.0,2.0,2.0,,2.0,3.0,0
134976.0,60.0,,25.7,85.0,149.0,84.0,225.0,120.0,5.3,1.37,141.0,4.8,12.9,261.0,13.3,0.64,57.0,3.8,89.0,12.43,8.0,7.5,180.0,2.0,3.0,3.0,2.0,,2.0,2.0,1.0,,1.0,2.0,0
134978.0,33.0,0.41,34.1,106.6,119.0,75.0,197.0,23.0,5.6,1.7,140.0,9.7,16.0,205.0,13.8,0.7,645.0,6.7,102.0,20.56,8.5,9.0,120.0,1.0,2.0,1.0,1.0,1.0,2.0,2.0,2.0,,2.0,2.0,0
134979.0,46.0,,26.7,91.1,111.0,72.0,251.0,96.0,5.6,0.25,138.0,6.6,15.9,273.0,14.2,0.99,65.0,4.2,93.0,21.83,6.0,8.0,150.0,1.0,7.0,5.0,2.0,,2.0,2.0,2.0,,2.0,1.0,0
134980.0,65.0,,47.1,,138.0,87.0,258.0,79.0,5.6,1.46,141.0,6.0,12.8,307.0,13.8,0.82,61.0,6.3,91.0,6.4,8.0,8.0,840.0,2.0,3.0,4.0,1.0,2.0,2.0,2.0,2.0,,2.0,5.0,0
134985.0,68.0,5.0,26.6,98.3,152.0,79.0,137.0,48.0,5.9,2.43,143.0,7.9,15.1,293.0,13.3,0.86,183.0,3.7,106.0,6.07,8.0,9.0,180.0,1.0,3.0,5.0,2.0,,2.0,1.0,1.0,1.0,1.0,3.0,1
134986.0,49.0,2.31,37.0,122.4,151.0,96.0,155.0,57.0,6.6,1.27,141.0,7.3,10.7,248.0,32.1,2.7,74.0,7.8,73.0,2046.69,4.0,7.0,720.0,1.0,4.0,3.0,1.0,3.0,1.0,1.0,1.0,1.0,1.0,3.0,1
134990.0,55.0,1.61,23.4,86.5,123.0,70.0,204.0,68.0,5.7,1.24,142.0,7.1,13.4,199.0,16.0,1.03,68.0,5.0,94.0,36.87,6.5,7.5,180.0,2.0,3.0,3.0,1.0,3.0,2.0,1.0,2.0,1.0,2.0,4.0,1
134991.0,34.0,1.14,27.5,98.4,122.0,77.0,361.0,30.0,5.5,5.87,140.0,10.4,14.2,307.0,12.4,0.96,139.0,5.8,88.0,4.66,8.0,7.0,600.0,1.0,6.0,4.0,1.0,1.0,2.0,2.0,1.0,,2.0,3.0,0
134992.0,63.0,2.5,36.7,121.9,128.0,90.0,228.0,45.0,5.3,3.86,138.0,6.6,14.2,186.0,13.4,0.72,472.0,6.0,104.0,7.45,8.0,8.0,480.0,2.0,3.0,4.0,1.0,1.0,2.0,2.0,2.0,,2.0,1.0,0
134995.0,73.0,1.67,22.5,88.6,141.0,65.0,144.0,74.0,5.2,0.65,121.0,7.8,12.5,465.0,13.6,0.71,122.0,3.0,111.0,16.05,8.0,8.0,300.0,2.0,3.0,4.0,1.0,1.0,2.0,1.0,1.0,1.0,1.0,2.0,0
134998.0,60.0,5.0,26.5,86.0,122.0,73.0,178.0,49.0,5.5,0.68,139.0,4.6,12.9,229.0,13.3,0.69,190.0,5.4,94.0,20.8,9.0,9.0,420.0,2.0,3.0,4.0,1.0,3.0,2.0,2.0,1.0,,1.0,3.0,0
135000.0,67.0,5.0,30.3,96.6,158.0,83.0,169.0,48.0,5.3,2.43,141.0,8.0,13.8,236.0,12.9,0.62,91.0,4.1,102.0,0.3,9.0,7.0,180.0,2.0,7.0,4.0,2.0,,2.0,1.0,1.0,1.0,1.0,1.0,0
135001.0,72.0,0.27,25.8,92.0,106.0,69.0,192.0,72.0,5.3,2.25,142.0,3.7,14.5,200.0,13.8,1.06,98.0,5.9,124.0,26.96,7.5,9.5,90.0,2.0,4.0,3.0,2.0,,1.0,1.0,2.0,2.0,2.0,2.0,0
135010.0,58.0,1.21,41.5,118.1,109.0,70.0,237.0,57.0,5.4,33.29,136.0,9.8,14.1,556.0,14.9,0.66,131.0,7.6,108.0,12.39,10.0,10.0,600.0,2.0,3.0,4.0,2.0,,2.0,1.0,1.0,1.0,2.0,4.0,0
135013.0,26.0,4.46,27.9,97.6,113.0,66.0,204.0,51.0,5.1,0.49,137.0,5.3,15.3,285.0,12.5,0.88,146.0,5.9,99.0,5.89,7.0,7.0,90.0,1.0,6.0,4.0,1.0,3.0,2.0,2.0,2.0,,2.0,1.0,0
135014.0,50.0,5.0,47.2,139.4,112.0,78.0,214.0,48.0,6.1,3.58,,6.9,17.6,235.0,13.4,,,,,6.6,7.0,9.0,360.0,1.0,1.0,3.0,2.0,,2.0,1.0,1.0,1.0,2.0,4.0,0
135016.0,31.0,2.61,38.2,111.6,98.0,67.0,170.0,66.0,5.3,5.82,140.0,8.3,13.7,265.0,12.8,0.69,136.0,5.9,98.0,8.33,8.0,8.0,180.0,2.0,3.0,5.0,1.0,3.0,2.0,2.0,2.0,,2.0,2.0,0
135022.0,58.0,5.0,34.1,126.2,111.0,58.0,160.0,42.0,7.7,1.97,136.0,8.5,16.7,268.0,13.3,0.75,118.0,6.6,153.0,6.85,8.5,10.5,660.0,1.0,7.0,4.0,1.0,1.0,1.0,1.0,1.0,1.0,1.0,4.0,1
135023.0,64.0,5.397605346934028e-79,23.9,86.0,118.0,84.0,238.0,57.0,6.2,3.24,138.0,10.7,14.1,355.0,13.4,0.88,224.0,4.5,111.0,5.45,7.0,9.0,60.0,2.0,3.0,4.0,1.0,1.0,2.0,2.0,1.0,,2.0,1.0,0
135024.0,63.0,,25.2,80.6,103.0,57.0,274.0,66.0,6.0,1.24,139.0,6.7,14.1,241.0,12.8,0.7,202.0,4.9,104.0,16.78,7.5,8.5,360.0,2.0,3.0,4.0,2.0,,2.0,2.0,2.0,,2.0,2.0,0
135026.0,72.0,3.3,33.9,130.3,109.0,61.0,158.0,39.0,7.0,0.71,142.0,7.5,14.7,232.0,13.3,1.58,174.0,5.3,119.0,12.84,6.0,6.0,360.0,1.0,7.0,5.0,1.0,3.0,1.0,1.0,1.0,1.0,1.0,3.0,0
135027.0,78.0,2.25,21.0,89.0,116.0,70.0,200.0,75.0,5.5,1.23,138.0,5.8,14.4,251.0,12.5,0.64,72.0,4.4,89.0,15.75,8.0,8.0,480.0,2.0,3.0,5.0,2.0,,2.0,2.0,1.0,,2.0,2.0,0
135028.0,22.0,2.83,21.9,73.3,114.0,62.0,148.0,62.0,5.3,4.77,140.0,4.7,14.2,192.0,12.8,0.86,35.0,4.6,90.0,4.58,9.5,7.5,300.0,1.0,4.0,3.0,2.0,,2.0,2.0,2.0,,2.0,3.0,0
135032.0,72.0,3.09,24.8,92.8,117.0,62.0,175.0,48.0,5.7,1.3,140.0,9.0,15.0,198.0,13.6,0.96,116.0,5.7,94.0,4.86,7.5,7.5,420.0,1.0,3.0,5.0,2.0,,2.0,1.0,1.0,1.0,1.0,3.0,0
135033.0,75.0,2.87,38.4,128.6,129.0,79.0,183.0,62.0,6.1,0.87,139.0,4.9,16.8,215.0,13.2,1.03,116.0,6.3,117.0,12.53,8.0,8.0,360.0,1.0,3.0,3.0,2.0,,2.0,1.0,1.0,1.0,1.0,4.0,1
135035.0,54.0,3.68,36.8,120.9,136.0,111.0,157.0,48.0,5.4,0.68,138.0,7.2,8.1,370.0,17.3,0.71,108.0,3.2,105.0,6.77,5.5,8.0,120.0,2.0,3.0,4.0,2.0,,2.0,2.0,2.0,,2.0,4.0,1
135036.0,64.0,,37.5,102.3,160.0,118.0,175.0,62.0,5.6,2.4,140.0,7.6,12.0,297.0,14.4,0.66,81.0,5.3,90.0,16.4,8.0,8.0,360.0,2.0,4.0,5.0,2.0,,2.0,1.0,2.0,2.0,2.0,3.0,0
135039.0,48.0,0.82,35.1,100.7,107.0,56.0,151.0,53.0,5.3,8.02,139.0,7.2,6.8,287.0,20.8,0.68,273.0,3.1,106.0,7.91,7.0,8.5,180.0,2.0,2.0,4.0,2.0,,2.0,2.0,2.0,,2.0,5.0,0
135040.0,75.0,,27.8,93.7,160.0,102.0,211.0,75.0,6.0,0.65,140.0,3.5,11.2,233.0,15.6,1.07,82.0,5.4,95.0,5.92,7.0,8.0,180.0,1.0,1.0,4.0,2.0,,2.0,2.0,1.0,,1.0,1.0,0
135041.0,57.0,5.397605346934028e-79,22.5,,117.0,76.0,166.0,50.0,5.2,3.6,141.0,7.4,12.6,225.0,14.2,0.9,133.0,4.3,101.0,5.22,6.5,6.5,720.0,2.0,1.0,4.0,2.0,,2.0,2.0,2.0,,2.0,2.0,0
135042.0,30.0,0.55,44.9,131.4,113.0,80.0,199.0,34.0,5.3,6.82,140.0,8.0,14.8,303.0,13.7,0.87,139.0,6.1,98.0,5.25,4.5,9.0,240.0,1.0,7.0,3.0,2.0,,2.0,2.0,2.0,,2.0,2.0,0
135043.0,48.0,5.0,22.9,78.2,141.0,78.0,214.0,36.0,5.5,1.26,141.0,5.4,13.2,300.0,12.9,0.8,228.0,7.3,111.0,22.18,5.0,8.0,840.0,2.0,6.0,5.0,2.0,,2.0,1.0,1.0,1.0,2.0,2.0,0
135047.0,53.0,5.0,33.4,118.0,115.0,78.0,186.0,50.0,5.6,2.05,140.0,4.4,15.0,268.0,13.3,0.88,80.0,6.4,111.0,7.45,7.0,6.5,360.0,1.0,1.0,5.0,2.0,,2.0,2.0,2.0,,2.0,2.0,0
135048.0,22.0,1.75,19.5,76.3,116.0,70.0,166.0,68.0,5.4,1.18,138.0,6.8,14.8,268.0,13.7,0.9,57.0,5.8,93.0,23.21,8.0,11.0,120.0,1.0,1.0,4.0,1.0,2.0,2.0,2.0,2.0,,2.0,2.0,0
135051.0,75.0,1.77,33.6,117.4,111.0,69.0,156.0,42.0,5.1,1.03,142.0,4.6,14.8,281.0,13.9,0.97,132.0,6.1,116.0,13.25,6.5,5.0,600.0,1.0,3.0,4.0,2.0,,3.0,1.0,1.0,1.0,1.0,3.0,0
135052.0,70.0,3.3,35.3,116.8,140.0,99.0,228.0,65.0,5.1,0.91,139.0,5.7,14.2,225.0,13.5,0.96,144.0,6.2,82.0,7.3,9.0,9.0,180.0,1.0,3.0,4.0,2.0,,2.0,1.0,1.0,1.0,1.0,2.0,0
135053.0,32.0,5.397605346934028e-79,32.3,91.1,166.0,98.0,186.0,66.0,5.7,1.22,139.0,6.8,12.0,148.0,14.9,0.7,51.0,3.5,92.0,9.57,9.0,9.0,80.0,2.0,4.0,1.0,2.0,,2.0,2.0,2.0,,2.0,3.0,0
135057.0,70.0,5.0,26.7,89.6,119.0,69.0,152.0,48.0,5.4,2.38,142.0,5.4,14.4,178.0,13.5,0.72,161.0,3.9,89.0,6.6,7.0,8.0,300.0,2.0,2.0,3.0,1.0,3.0,2.0,2.0,2.0,,1.0,2.0,0
135065.0,63.0,0.97,31.9,112.0,153.0,93.0,189.0,55.0,5.6,3.26,131.0,6.0,14.2,270.0,13.0,0.55,130.0,4.0,91.0,7.83,7.0,5.5,300.0,2.0,3.0,4.0,1.0,1.0,2.0,1.0,1.0,1.0,1.0,3.0,0
135066.0,80.0,,32.1,110.0,145.0,75.0,137.0,53.0,6.3,1.12,140.0,8.5,13.0,242.0,13.7,1.11,145.0,5.7,103.0,23.2,4.0,4.0,120.0,2.0,2.0,1.0,2.0,,2.0,1.0,2.0,1.0,2.0,2.0,0
135070.0,78.0,,21.3,88.6,131.0,76.0,246.0,53.0,11.0,1.02,139.0,12.5,13.5,254.0,16.3,0.92,180.0,5.0,213.0,13.21,7.0,7.0,360.0,1.0,6.0,5.0,2.0,,2.0,2.0,2.0,,2.0,5.0,1
135071.0,32.0,,21.8,80.9,124.0,80.0,190.0,66.0,5.2,0.2,139.0,5.4,13.6,245.0,13.0,0.79,41.0,4.1,85.0,6.21,8.5,7.0,600.0,1.0,3.0,5.0,2.0,,2.0,2.0,1.0,,2.0,3.0,0
135074.0,67.0,2.52,27.5,114.0,125.0,80.0,194.0,41.0,6.2,4.79,141.0,8.8,16.4,322.0,13.8,1.07,214.0,5.1,102.0,13.07,5.0,5.0,300.0,1.0,3.0,3.0,1.0,1.0,2.0,1.0,1.0,1.0,1.0,3.0,0
135077.0,80.0,2.61,25.5,94.7,135.0,76.0,210.0,57.0,5.3,2.63,140.0,5.9,14.6,235.0,12.5,0.77,144.0,2.6,97.0,29.88,8.5,9.0,180.0,2.0,4.0,5.0,2.0,,2.0,1.0,2.0,1.0,2.0,2.0,0
135087.0,73.0,3.8,23.7,100.6,149.0,81.0,162.0,43.0,5.5,3.31,140.0,6.9,14.0,271.0,14.4,0.7,147.0,4.9,87.0,18.55,7.5,7.5,240.0,1.0,3.0,3.0,1.0,1.0,2.0,2.0,1.0,,1.0,2.0,0
135090.0,70.0,2.33,25.5,93.1,127.0,75.0,200.0,55.0,6.1,0.97,141.0,6.7,13.4,222.0,13.0,0.65,138.0,4.4,106.0,10.17,7.0,7.0,240.0,2.0,6.0,5.0,2.0,,2.0,1.0,2.0,1.0,2.0,1.0,0
135091.0,65.0,,26.8,100.2,131.0,82.0,170.0,39.0,5.7,1.49,142.0,10.1,10.3,85.0,17.8,0.79,166.0,5.0,99.0,33.98,8.0,8.0,120.0,2.0,4.0,4.0,2.0,,2.0,2.0,1.0,,1.0,3.0,0
135092.0,64.0,0.08,29.1,105.8,133.0,80.0,161.0,40.0,6.0,0.75,137.0,9.8,15.8,147.0,14.0,0.74,121.0,6.9,99.0,15.62,9.0,9.0,60.0,1.0,2.0,1.0,1.0,1.0,2.0,2.0,2.0,,2.0,3.0,0
135093.0,62.0,5.0,20.2,75.8,115.0,74.0,206.0,92.0,5.1,0.87,133.0,4.3,12.5,242.0,13.3,0.68,43.0,2.9,88.0,1.17,8.0,8.5,300.0,2.0,3.0,5.0,2.0,,2.0,2.0,2.0,,2.0,1.0,0
135094.0,34.0,5.0,31.2,106.0,112.0,77.0,142.0,41.0,5.6,5.97,138.0,6.5,15.6,238.0,13.3,0.8,126.0,7.0,98.0,0.38,7.5,7.5,840.0,1.0,3.0,5.0,1.0,1.0,2.0,2.0,2.0,,2.0,2.0,0
135095.0,35.0,0.02,30.7,95.3,106.0,72.0,138.0,54.0,5.2,2.49,141.0,7.3,13.0,310.0,13.5,0.64,41.0,3.4,94.0,9.92,8.0,10.0,120.0,2.0,2.0,4.0,2.0,,2.0,2.0,2.0,,2.0,3.0,0
135098.0,47.0,5.0,27.2,98.6,113.0,74.0,180.0,40.0,5.1,0.29,141.0,5.6,14.8,255.0,12.5,0.99,173.0,5.3,99.0,5.81,7.5,8.5,540.0,1.0,3.0,5.0,1.0,3.0,2.0,2.0,1.0,,1.0,2.0,0
135100.0,32.0,5.0,42.8,127.1,113.0,87.0,126.0,56.0,5.8,2.16,142.0,5.7,11.9,284.0,15.2,1.1,43.0,6.2,87.0,4.04,10.5,8.5,480.0,1.0,4.0,4.0,2.0,,2.0,2.0,2.0,,2.0,1.0,0
135101.0,35.0,3.93,19.8,69.6,93.0,57.0,177.0,63.0,5.4,0.26,138.0,5.5,10.7,220.0,13.9,0.89,77.0,3.6,94.0,6.56,7.5,7.0,240.0,2.0,3.0,4.0,1.0,3.0,2.0,2.0,2.0,,2.0,2.0,0
135103.0,47.0,5.0,40.8,121.6,113.0,60.0,198.0,46.0,5.1,4.08,140.0,6.5,14.3,250.0,12.4,0.92,135.0,6.4,99.0,4.11,8.0,10.0,420.0,2.0,3.0,4.0,2.0,,2.0,2.0,2.0,,2.0,2.0,0
135108.0,23.0,0.07,22.7,71.6,124.0,73.0,229.0,89.0,4.9,0.45,138.0,6.2,13.3,332.0,13.6,0.78,62.0,3.6,87.0,5.37,7.5,8.0,300.0,2.0,7.0,4.0,2.0,,2.0,2.0,2.0,,2.0,3.0,0
135110.0,73.0,0.88,27.3,96.1,142.0,71.0,173.0,61.0,5.5,5.05,142.0,5.4,12.4,204.0,12.4,1.15,131.0,6.3,86.0,6.75,6.0,6.5,180.0,1.0,6.0,5.0,2.0,,2.0,2.0,1.0,,1.0,2.0,0
135111.0,59.0,,27.9,98.4,127.0,73.0,201.0,54.0,5.6,1.84,136.0,6.6,14.1,284.0,13.4,0.94,150.0,6.4,92.0,17.24,5.0,8.0,60.0,1.0,2.0,1.0,2.0,,2.0,1.0,2.0,2.0,2.0,3.0,0
135112.0,77.0,4.1,27.2,104.7,137.0,86.0,135.0,38.0,5.7,42.75,142.0,5.8,16.2,204.0,13.2,1.25,233.0,7.0,94.0,13.04,11.0,11.0,360.0,1.0,3.0,5.0,1.0,3.0,2.0,2.0,1.0,,1.0,3.0,1
135116.0,72.0,1.18,31.2,105.0,137.0,70.0,234.0,49.0,6.7,1.88,140.0,5.5,14.6,105.0,13.7,0.76,155.0,2.0,141.0,13.09,7.5,7.5,60.0,1.0,3.0,1.0,2.0,,2.0,2.0,2.0,,2.0,3.0,0
135117.0,38.0,5.0,39.7,122.7,132.0,91.0,227.0,41.0,5.4,5.24,139.0,8.3,15.3,272.0,13.9,0.9,172.0,6.9,86.0,7.87,8.0,8.0,540.0,1.0,2.0,4.0,2.0,,2.0,2.0,1.0,,2.0,1.0,0
135119.0,37.0,2.86,21.8,90.6,116.0,81.0,215.0,47.0,5.6,0.73,138.0,7.5,15.8,227.0,14.1,0.98,125.0,5.9,109.0,4.76,6.0,7.0,240.0,1.0,1.0,4.0,2.0,,2.0,2.0,2.0,,2.0,2.0,0
135121.0,62.0,0.71,20.4,84.0,134.0,78.0,183.0,65.0,6.7,0.53,139.0,7.2,15.1,278.0,13.0,0.78,73.0,6.3,137.0,7.87,8.5,8.5,300.0,1.0,6.0,1.0,1.0,3.0,1.0,1.0,1.0,2.0,1.0,3.0,0
135126.0,64.0,0.44,24.5,90.1,147.0,90.0,176.0,52.0,5.9,4.05,140.0,6.8,14.1,320.0,14.2,0.97,119.0,2.8,88.0,7.65,10.0,10.0,180.0,2.0,4.0,4.0,1.0,1.0,2.0,1.0,1.0,1.0,1.0,3.0,0
135129.0,65.0,5.0,27.4,89.9,120.0,59.0,152.0,47.0,5.6,0.29,139.0,8.9,14.2,276.0,14.1,0.54,131.0,5.0,128.0,10.42,7.5,7.5,240.0,2.0,3.0,3.0,1.0,3.0,2.0,1.0,1.0,1.0,1.0,2.0,0
135130.0,57.0,4.78,37.6,111.6,129.0,84.0,129.0,47.0,7.2,0.56,140.0,6.5,14.9,197.0,13.5,0.91,56.0,4.4,116.0,234.42,5.0,9.0,120.0,1.0,4.0,4.0,1.0,3.0,1.0,1.0,1.0,1.0,1.0,3.0,1
135131.0,71.0,2.18,31.0,98.0,162.0,89.0,243.0,60.0,6.7,3.16,137.0,7.5,12.6,278.0,14.6,0.92,254.0,5.3,149.0,13.03,8.5,9.0,480.0,2.0,3.0,4.0,2.0,,1.0,1.0,1.0,1.0,2.0,2.0,0
135132.0,36.0,1.09,24.6,84.1,108.0,82.0,210.0,59.0,5.0,6.59,141.0,7.5,14.8,359.0,13.4,0.49,66.0,3.0,91.0,0.75,8.0,9.0,180.0,2.0,2.0,4.0,1.0,2.0,2.0,2.0,2.0,,2.0,4.0,0
135134.0,66.0,,30.0,99.4,132.0,60.0,155.0,56.0,5.7,0.21,136.0,5.4,8.9,291.0,15.7,0.97,128.0,6.0,96.0,7.96,7.0,9.0,180.0,2.0,1.0,1.0,2.0,,2.0,1.0,1.0,1.0,1.0,3.0,0
135137.0,32.0,5.0,27.0,108.2,95.0,62.0,194.0,52.0,4.9,0.59,140.0,7.7,14.9,238.0,12.7,0.98,121.0,6.0,87.0,3.75,9.0,7.5,360.0,1.0,3.0,5.0,2.0,,2.0,2.0,2.0,,2.0,3.0,0
135140.0,27.0,0.13,38.7,122.3,139.0,105.0,134.0,38.0,8.4,13.58,137.0,10.7,15.5,260.0,12.7,0.53,146.0,6.3,184.0,651.01,8.0,6.0,360.0,1.0,2.0,2.0,2.0,,1.0,2.0,2.0,,2.0,2.0,0
135142.0,76.0,3.04,29.9,106.1,162.0,75.0,230.0,66.0,5.9,5.21,130.0,8.8,12.0,288.0,12.9,0.85,145.0,4.3,110.0,30.44,8.0,8.0,240.0,2.0,3.0,1.0,2.0,,2.0,1.0,2.0,1.0,2.0,3.0,0
135144.0,66.0,3.8,28.9,102.4,171.0,90.0,252.0,68.0,6.4,1.07,141.0,5.3,16.1,216.0,14.0,0.89,159.0,6.2,145.0,33.18,5.5,5.5,240.0,1.0,7.0,4.0,1.0,3.0,2.0,2.0,1.0,,1.0,2.0,0
135146.0,35.0,1.19,26.6,95.2,129.0,69.0,205.0,75.0,6.8,0.17,135.0,5.5,9.3,459.0,17.6,0.51,43.0,2.2,99.0,29.24,8.5,8.0,120.0,2.0,1.0,2.0,1.0,2.0,2.0,2.0,2.0,,2.0,2.0,0
135148.0,49.0,3.54,27.0,101.2,127.0,88.0,200.0,43.0,5.6,0.71,139.0,6.0,16.8,226.0,13.2,0.92,218.0,5.8,96.0,8.62,7.5,7.5,480.0,1.0,1.0,3.0,2.0,,2.0,2.0,2.0,,2.0,3.0,0
135149.0,38.0,4.15,23.9,85.2,123.0,74.0,171.0,52.0,5.5,1.73,139.0,6.5,16.9,255.0,13.5,0.98,63.0,6.2,110.0,33.83,11.0,8.5,300.0,1.0,2.0,5.0,2.0,,2.0,2.0,2.0,,2.0,1.0,0
135150.0,31.0,1.2,32.3,100.2,93.0,65.0,155.0,49.0,5.6,5.38,142.0,8.9,13.1,277.0,15.5,0.62,128.0,3.8,97.0,9.17,7.0,7.0,90.0,2.0,2.0,4.0,2.0,,2.0,2.0,2.0,,2.0,4.0,0
135152.0,21.0,2.01,36.4,116.2,113.0,90.0,214.0,41.0,4.7,1.71,141.0,7.6,15.8,66.0,12.9,0.95,130.0,5.5,86.0,4.5,10.0,10.0,300.0,1.0,3.0,3.0,1.0,1.0,2.0,1.0,2.0,2.0,2.0,5.0,0
135153.0,53.0,5.0,21.7,83.1,117.0,71.0,219.0,82.0,5.4,0.4,136.0,5.4,12.3,301.0,14.1,0.67,59.0,4.4,86.0,13.23,8.0,10.0,720.0,2.0,3.0,5.0,2.0,,2.0,2.0,2.0,,2.0,1.0,0
135155.0,61.0,,24.9,99.6,129.0,80.0,219.0,56.0,5.8,2.43,140.0,9.3,14.5,195.0,13.5,0.75,122.0,5.6,106.0,10.31,6.0,9.5,120.0,1.0,6.0,1.0,1.0,1.0,2.0,2.0,2.0,,2.0,3.0,1
135157.0,72.0,3.09,19.3,81.0,148.0,63.0,145.0,40.0,6.5,1.47,142.0,7.2,11.7,268.0,13.1,1.77,199.0,6.1,159.0,449.37,6.0,6.0,480.0,1.0,3.0,5.0,2.0,,1.0,1.0,1.0,1.0,1.0,3.0,0
135158.0,68.0,5.0,39.3,139.2,135.0,74.0,143.0,41.0,7.1,2.33,138.0,9.1,15.4,175.0,14.7,0.77,146.0,4.1,160.0,431.79,6.0,6.0,360.0,1.0,3.0,5.0,1.0,3.0,1.0,1.0,1.0,1.0,1.0,5.0,1
135170.0,25.0,5.0,25.5,89.7,100.0,64.0,223.0,55.0,5.0,0.64,141.0,6.6,14.9,184.0,12.9,1.03,81.0,4.9,92.0,4.49,8.5,8.5,600.0,1.0,3.0,5.0,2.0,,2.0,2.0,2.0,,2.0,3.0,0
135172.0,62.0,5.0,28.1,109.2,125.0,78.0,245.0,79.0,5.5,2.6,142.0,4.3,16.2,211.0,12.8,0.79,77.0,6.2,96.0,5.51,7.0,7.5,480.0,1.0,3.0,5.0,1.0,3.0,2.0,2.0,1.0,,2.0,1.0,0
135173.0,58.0,0.74,20.5,82.7,122.0,70.0,168.0,41.0,5.6,1.26,142.0,5.8,15.8,253.0,13.9,1.16,273.0,5.3,94.0,6.36,8.0,8.0,720.0,1.0,3.0,2.0,1.0,1.0,2.0,2.0,2.0,,1.0,5.0,0
135174.0,36.0,2.41,25.1,90.5,158.0,98.0,192.0,64.0,5.0,0.62,138.0,10.1,13.9,260.0,14.2,0.59,114.0,3.8,84.0,17.85,6.0,11.0,240.0,2.0,3.0,4.0,1.0,1.0,2.0,2.0,2.0,,2.0,3.0,0
135176.0,34.0,1.67,28.9,90.7,119.0,85.0,158.0,57.0,5.1,0.41,139.0,6.3,14.0,207.0,14.0,0.93,103.0,3.0,91.0,11.88,10.0,9.0,180.0,2.0,3.0,5.0,1.0,3.0,2.0,1.0,2.0,2.0,2.0,3.0,0
135177.0,39.0,5.0,35.0,114.3,107.0,88.0,144.0,39.0,6.6,0.81,141.0,6.0,15.0,198.0,13.2,0.79,141.0,5.8,110.0,19.27,6.0,7.5,300.0,1.0,3.0,4.0,2.0,,1.0,2.0,2.0,,2.0,3.0,0
135181.0,69.0,3.31,43.7,130.9,150.0,97.0,216.0,43.0,6.1,3.93,143.0,5.8,14.3,269.0,13.6,0.89,127.0,6.5,106.0,12.63,6.0,6.0,480.0,2.0,4.0,3.0,1.0,1.0,2.0,1.0,1.0,1.0,2.0,1.0,0
135183.0,68.0,,24.7,95.2,114.0,55.0,232.0,86.0,5.7,1.01,141.0,8.0,11.9,291.0,12.9,1.38,115.0,5.8,115.0,5.22,9.0,8.5,600.0,2.0,3.0,4.0,2.0,,2.0,1.0,1.0,1.0,1.0,2.0,0
135184.0,72.0,0.7,25.3,90.4,118.0,64.0,199.0,60.0,5.4,0.37,138.0,2.6,12.0,225.0,12.8,0.69,92.0,3.9,94.0,10.05,6.0,8.0,300.0,2.0,6.0,3.0,2.0,,2.0,2.0,1.0,,1.0,4.0,0
135185.0,30.0,2.13,31.6,110.5,142.0,92.0,150.0,41.0,5.6,5.62,140.0,10.4,15.6,242.0,13.1,1.04,168.0,7.0,96.0,4.49,9.0,9.0,480.0,1.0,2.0,4.0,1.0,1.0,2.0,1.0,2.0,1.0,2.0,3.0,0
135187.0,37.0,2.31,54.4,122.5,116.0,70.0,194.0,66.0,5.3,6.61,138.0,6.4,14.2,218.0,13.0,0.66,134.0,4.3,116.0,3.6,10.0,10.0,300.0,2.0,3.0,5.0,2.0,,2.0,1.0,2.0,2.0,2.0,3.0,0
135188.0,77.0,0.99,24.2,89.6,139.0,92.0,214.0,50.0,5.3,2.31,144.0,7.6,14.2,205.0,13.8,0.91,89.0,5.1,92.0,32.02,9.0,9.0,600.0,1.0,1.0,4.0,1.0,1.0,2.0,2.0,2.0,,2.0,2.0,0
135189.0,67.0,3.28,28.9,96.2,121.0,87.0,247.0,53.0,5.5,0.75,140.0,6.4,14.6,264.0,13.8,0.69,154.0,4.0,93.0,10.61,8.0,8.0,420.0,2.0,3.0,5.0,1.0,3.0,2.0,2.0,1.0,,2.0,2.0,0
135191.0,49.0,0.58,43.4,139.8,115.0,80.0,246.0,64.0,6.2,2.69,140.0,12.7,14.0,296.0,13.5,1.02,148.0,7.8,105.0,7.69,6.0,7.0,300.0,1.0,3.0,3.0,2.0,,2.0,1.0,1.0,1.0,1.0,5.0,0
135192.0,52.0,1.91,30.9,111.0,101.0,63.0,156.0,45.0,5.5,1.85,140.0,6.9,14.1,245.0,13.5,0.6,73.0,4.4,92.0,4.13,9.0,11.0,240.0,1.0,4.0,2.0,2.0,,2.0,2.0,2.0,,2.0,2.0,0
135194.0,28.0,5.0,20.0,80.0,122.0,70.0,208.0,69.0,4.8,1.37,139.0,5.9,13.5,271.0,12.5,0.69,88.0,3.1,91.0,7.43,8.0,9.0,720.0,2.0,3.0,5.0,2.0,,2.0,2.0,2.0,,2.0,2.0,0
135195.0,57.0,,28.7,94.2,128.0,79.0,240.0,51.0,5.7,1.23,139.0,6.7,14.2,269.0,13.8,0.9,103.0,5.4,100.0,7.67,6.0,6.0,120.0,1.0,2.0,1.0,1.0,3.0,2.0,1.0,1.0,2.0,1.0,1.0,0
135196.0,25.0,3.24,32.4,107.5,120.0,76.0,237.0,29.0,5.3,1.4,139.0,7.0,15.4,326.0,13.3,0.98,1176.0,6.2,115.0,7.68,6.5,4.0,240.0,1.0,3.0,3.0,1.0,1.0,2.0,2.0,1.0,,2.0,4.0,0
135197.0,75.0,4.82,28.7,96.6,190.0,102.0,206.0,52.0,5.3,3.26,142.0,3.6,13.3,195.0,13.4,0.95,208.0,3.5,100.0,11.16,8.5,8.0,300.0,2.0,3.0,5.0,2.0,,2.0,2.0,2.0,,1.0,2.0,0
135198.0,80.0,2.8,24.4,97.6,118.0,56.0,139.0,37.0,5.8,2.55,140.0,4.2,11.6,195.0,14.6,1.39,127.0,6.6,99.0,14.09,,,9999.0,1.0,3.0,5.0,2.0,,2.0,2.0,2.0,,1.0,3.0,1
135199.0,59.0,4.12,38.1,100.3,112.0,74.0,200.0,65.0,5.7,9.74,140.0,8.4,13.6,284.0,15.4,0.48,66.0,4.8,86.0,9.31,7.5,9.0,240.0,2.0,3.0,5.0,1.0,3.0,2.0,1.0,2.0,1.0,2.0,3.0,0
135200.0,62.0,1.75,21.9,92.0,118.0,79.0,118.0,42.0,5.4,1.23,141.0,8.7,16.0,244.0,13.1,0.77,95.0,3.3,98.0,11.15,7.0,7.0,180.0,1.0,3.0,4.0,1.0,3.0,2.0,2.0,2.0,,2.0,2.0,0
135201.0,40.0,4.12,27.4,87.5,114.0,63.0,152.0,70.0,5.0,1.96,141.0,6.2,14.4,231.0,14.3,1.17,38.0,5.7,89.0,3.06,8.0,8.0,480.0,1.0,3.0,5.0,2.0,,2.0,2.0,2.0,,2.0,2.0,0
135203.0,48.0,1.3,31.8,105.9,104.0,66.0,162.0,44.0,5.3,3.9,138.0,7.3,13.6,322.0,13.9,1.05,97.0,4.3,92.0,5.44,8.5,10.0,180.0,2.0,3.0,4.0,2.0,,2.0,2.0,2.0,,2.0,1.0,0
135204.0,60.0,5.0,44.0,137.8,127.0,98.0,255.0,41.0,5.4,9.2,141.0,9.9,14.9,278.0,14.9,0.76,292.0,7.9,93.0,6.07,9.0,9.0,480.0,1.0,3.0,5.0,2.0,,2.0,1.0,1.0,2.0,2.0,3.0,0
135207.0,42.0,5.0,25.2,98.8,131.0,87.0,179.0,33.0,5.3,0.44,140.0,7.4,16.3,266.0,14.3,1.07,379.0,6.7,97.0,5.51,7.5,8.0,480.0,1.0,2.0,5.0,2.0,,2.0,2.0,2.0,,2.0,2.0,0
135210.0,44.0,4.17,21.0,78.7,117.0,66.0,206.0,77.0,5.6,0.81,138.0,9.1,14.2,225.0,12.9,0.8,72.0,4.0,86.0,7.08,9.0,9.5,420.0,2.0,3.0,5.0,1.0,3.0,2.0,2.0,2.0,,2.0,1.0,0
135213.0,67.0,4.8,29.9,107.8,152.0,95.0,214.0,90.0,5.2,1.27,138.0,7.1,15.0,279.0,13.6,0.75,54.0,7.3,90.0,,9.5,10.0,480.0,1.0,3.0,3.0,2.0,,2.0,1.0,1.0,2.0,2.0,3.0,0
135216.0,47.0,1.13,37.9,121.9,103.0,81.0,149.0,38.0,5.4,7.12,140.0,8.8,13.8,505.0,14.8,0.81,57.0,4.3,90.0,6.62,7.5,7.5,840.0,2.0,3.0,3.0,1.0,1.0,1.0,2.0,1.0,,1.0,5.0,0
135217.0,49.0,5.0,24.0,82.4,134.0,79.0,74.0,53.0,5.6,31.04,141.0,6.9,13.7,234.0,13.5,0.75,86.0,4.5,80.0,12.53,5.0,6.0,240.0,1.0,3.0,3.0,2.0,,2.0,1.0,1.0,1.0,1.0,3.0,0
135219.0,49.0,3.31,26.6,88.9,131.0,80.0,218.0,44.0,5.6,2.54,136.0,7.8,14.0,274.0,12.8,0.56,100.0,3.9,101.0,63.0,6.5,9.0,480.0,2.0,2.0,4.0,2.0,,2.0,1.0,2.0,2.0,2.0,2.0,0
135220.0,66.0,,40.5,125.6,121.0,68.0,181.0,60.0,5.8,4.53,138.0,6.5,13.6,212.0,14.9,0.68,76.0,4.4,88.0,64.64,9.0,9.0,240.0,1.0,1.0,3.0,1.0,2.0,2.0,2.0,2.0,,2.0,3.0,0
135222.0,25.0,,24.0,79.8,102.0,70.0,179.0,47.0,5.2,0.34,140.0,8.2,18.3,243.0,12.2,1.32,96.0,6.7,89.0,3.96,9.0,8.0,300.0,1.0,3.0,5.0,2.0,,2.0,2.0,2.0,,2.0,2.0,0
135223.0,58.0,1.34,37.9,132.6,164.0,79.0,146.0,42.0,7.3,14.13,143.0,6.3,11.0,253.0,16.5,1.33,110.0,10.0,124.0,223.81,11.0,12.0,720.0,2.0,2.0,2.0,2.0,,1.0,1.0,1.0,1.0,1.0,5.0,1
135227.0,79.0,4.82,22.0,83.0,170.0,83.0,285.0,102.0,5.6,0.64,139.0,3.9,13.5,275.0,13.5,0.93,61.0,4.4,95.0,10.27,6.0,6.0,300.0,2.0,6.0,4.0,2.0,,2.0,1.0,1.0,1.0,2.0,1.0,0
135232.0,53.0,5.0,33.2,107.6,123.0,85.0,209.0,45.0,5.5,1.81,140.0,7.9,16.6,185.0,13.8,0.93,135.0,8.4,100.0,7.77,9.0,8.0,420.0,1.0,2.0,3.0,2.0,,2.0,1.0,1.0,1.0,2.0,4.0,1
135236.0,57.0,5.0,28.7,105.4,127.0,66.0,190.0,63.0,5.3,0.98,141.0,7.6,12.9,266.0,13.5,,66.0,,88.0,5.48,7.5,9.0,180.0,2.0,3.0,5.0,2.0,,2.0,1.0,2.0,1.0,2.0,3.0,0
135238.0,55.0,2.61,48.3,139.2,133.0,91.0,202.0,81.0,5.7,10.62,136.0,8.8,13.3,294.0,14.2,0.7,167.0,5.0,77.0,9.24,10.0,9.0,240.0,2.0,3.0,4.0,1.0,3.0,2.0,1.0,2.0,1.0,2.0,3.0,0
135239.0,54.0,,23.5,75.5,146.0,88.0,196.0,76.0,5.4,2.08,137.0,5.7,15.3,188.0,14.4,1.04,99.0,5.4,85.0,205.8,5.0,10.0,180.0,1.0,4.0,2.0,1.0,1.0,2.0,2.0,2.0,,2.0,3.0,0
135241.0,51.0,5.0,24.8,80.8,117.0,92.0,182.0,47.0,4.2,1.95,140.0,4.8,15.1,277.0,12.6,0.98,102.0,5.4,78.0,39.66,9.0,9.0,480.0,2.0,3.0,5.0,1.0,3.0,2.0,2.0,2.0,,2.0,2.0,0
135244.0,21.0,0.45,19.5,70.7,121.0,67.0,106.0,44.0,4.8,2.17,140.0,5.4,13.6,282.0,13.2,0.84,71.0,5.6,97.0,4.62,7.0,9.0,180.0,1.0,3.0,3.0,2.0,,2.0,2.0,2.0,,2.0,2.0,0
135245.0,34.0,2.25,27.9,97.5,127.0,73.0,197.0,48.0,5.5,10.85,137.0,7.6,14.0,415.0,13.5,1.17,179.0,6.5,96.0,10.2,3.5,5.0,240.0,1.0,4.0,3.0,1.0,1.0,2.0,2.0,2.0,,2.0,4.0,0
135250.0,60.0,,29.2,90.5,107.0,71.0,237.0,49.0,5.6,1.45,140.0,5.9,12.9,317.0,13.3,0.69,148.0,4.7,86.0,38.22,8.0,8.5,60.0,2.0,2.0,4.0,2.0,,2.0,2.0,2.0,,2.0,2.0,0
135251.0,53.0,2.58,25.2,90.5,114.0,67.0,155.0,47.0,5.2,2.98,140.0,2.4,12.0,117.0,12.4,1.4,54.0,5.7,104.0,5.03,5.0,6.0,240.0,1.0,4.0,4.0,2.0,,2.0,2.0,2.0,,2.0,2.0,0
135255.0,61.0,4.37,38.0,135.1,118.0,70.0,142.0,41.0,6.0,6.52,138.0,7.4,13.7,303.0,13.6,0.86,100.0,5.6,89.0,1.05,5.5,7.0,600.0,1.0,3.0,3.0,1.0,1.0,2.0,1.0,2.0,1.0,1.0,3.0,0
135260.0,62.0,5.0,30.9,114.4,129.0,83.0,235.0,44.0,6.3,4.02,133.0,10.2,16.0,387.0,14.0,0.84,187.0,3.6,95.0,11.67,6.0,8.5,360.0,1.0,3.0,1.0,2.0,,1.0,2.0,1.0,,2.0,4.0,0
135262.0,34.0,0.53,32.5,113.0,121.0,74.0,227.0,35.0,5.3,1.21,137.0,9.1,15.3,255.0,13.1,0.79,219.0,7.0,91.0,7.03,8.0,10.0,120.0,1.0,3.0,3.0,1.0,1.0,2.0,2.0,1.0,,2.0,3.0,0
135266.0,68.0,,29.3,107.4,108.0,60.0,178.0,46.0,5.6,7.2,139.0,6.3,14.4,234.0,14.7,0.97,77.0,6.3,93.0,23.21,7.5,8.5,480.0,1.0,1.0,3.0,2.0,,2.0,1.0,2.0,1.0,2.0,2.0,0
135270.0,34.0,1.58,35.8,112.6,116.0,91.0,166.0,42.0,5.3,5.65,143.0,7.8,14.4,304.0,14.4,0.7,141.0,5.2,95.0,5.85,2.0,2.0,240.0,2.0,1.0,4.0,1.0,1.0,2.0,1.0,2.0,2.0,2.0,3.0,0
135275.0,40.0,1.41,46.2,132.2,116.0,77.0,170.0,49.0,4.9,2.11,138.0,8.5,13.8,237.0,13.5,0.9,90.0,6.4,86.0,5.07,5.5,8.0,240.0,1.0,3.0,3.0,2.0,,2.0,1.0,2.0,2.0,2.0,4.0,1
135281.0,51.0,3.83,32.9,113.6,130.0,86.0,207.0,37.0,5.3,1.44,142.0,5.8,14.5,298.0,13.3,1.19,298.0,7.4,109.0,4.54,7.5,8.0,300.0,1.0,3.0,3.0,2.0,,2.0,1.0,2.0,1.0,2.0,3.0,0
135284.0,67.0,5.0,49.4,138.3,136.0,59.0,127.0,40.0,9.3,5.53,141.0,7.8,13.8,175.0,13.3,1.37,320.0,4.1,200.0,157.62,9.5,10.0,900.0,2.0,3.0,3.0,1.0,3.0,1.0,1.0,1.0,1.0,1.0,5.0,1
135285.0,62.0,0.74,45.2,,132.0,56.0,147.0,67.0,4.8,0.89,142.0,2.8,13.6,97.0,14.1,0.6,73.0,3.8,82.0,,,,840.0,1.0,3.0,3.0,2.0,,3.0,2.0,1.0,,2.0,4.0,0
135287.0,53.0,2.83,40.2,121.2,137.0,99.0,189.0,48.0,6.0,3.48,142.0,4.5,12.8,204.0,14.7,0.72,113.0,5.1,100.0,17.07,9.0,8.0,120.0,2.0,4.0,3.0,2.0,,2.0,1.0,2.0,1.0,2.0,3.0,0
135288.0,64.0,1.51,30.1,100.2,127.0,84.0,119.0,49.0,6.6,0.29,129.0,7.0,12.2,248.0,13.3,0.81,133.0,4.0,84.0,18.1,10.0,10.0,420.0,2.0,1.0,2.0,1.0,3.0,1.0,1.0,2.0,1.0,2.0,4.0,1
135292.0,52.0,3.33,23.9,87.0,123.0,81.0,229.0,95.0,5.3,1.34,141.0,5.2,13.6,218.0,13.7,0.77,82.0,3.2,93.0,5.79,5.0,8.0,180.0,2.0,3.0,4.0,1.0,3.0,2.0,2.0,2.0,,2.0,2.0,0
135293.0,73.0,1.11,22.0,86.2,103.0,67.0,149.0,54.0,5.8,0.39,141.0,5.3,15.5,169.0,13.0,0.96,123.0,5.5,87.0,9.49,9.0,9.0,240.0,1.0,6.0,2.0,1.0,3.0,3.0,2.0,1.0,,1.0,3.0,0
135295.0,48.0,5.0,33.4,97.4,112.0,73.0,249.0,85.0,5.0,0.53,138.0,7.7,13.5,265.0,12.3,0.84,103.0,3.7,101.0,0.95,8.0,7.5,840.0,2.0,3.0,5.0,2.0,,2.0,2.0,1.0,,2.0,2.0,0
135298.0,70.0,3.28,40.3,116.1,122.0,72.0,129.0,58.0,6.0,3.55,144.0,5.3,13.1,329.0,23.7,0.65,78.0,3.8,98.0,8.66,8.0,6.0,300.0,2.0,2.0,4.0,2.0,,2.0,2.0,2.0,,2.0,4.0,1
135299.0,80.0,,29.8,112.8,101.0,61.0,152.0,43.0,5.6,6.22,138.0,6.9,17.4,195.0,14.6,1.94,103.0,5.7,91.0,54.87,8.5,8.5,240.0,1.0,3.0,4.0,2.0,,2.0,1.0,1.0,1.0,1.0,3.0,0
135300.0,74.0,3.35,23.4,89.5,128.0,63.0,205.0,78.0,5.6,0.44,137.0,5.0,13.9,254.0,12.9,0.91,69.0,4.8,100.0,5.91,6.5,6.5,180.0,2.0,3.0,5.0,2.0,,2.0,2.0,1.0,,1.0,2.0,0
135302.0,63.0,0.79,29.2,108.0,121.0,77.0,189.0,52.0,6.1,5.23,140.0,5.0,12.9,278.0,14.2,0.85,197.0,4.4,134.0,6.94,5.5,5.5,720.0,2.0,2.0,4.0,1.0,2.0,1.0,1.0,1.0,1.0,1.0,4.0,0
135305.0,38.0,,24.1,77.6,115.0,71.0,203.0,78.0,5.2,2.7,135.0,5.9,14.8,309.0,12.3,0.66,64.0,4.5,94.0,5.76,10.0,9.0,360.0,2.0,3.0,4.0,2.0,,2.0,2.0,2.0,,2.0,3.0,0
135306.0,53.0,,48.0,133.5,111.0,81.0,213.0,48.0,5.5,2.05,141.0,6.8,15.3,265.0,13.4,0.87,220.0,5.7,88.0,23.08,7.5,7.0,720.0,1.0,3.0,4.0,2.0,,2.0,2.0,2.0,,2.0,2.0,0
135308.0,47.0,5.0,23.4,81.5,123.0,79.0,173.0,64.0,5.3,0.49,137.0,3.7,12.4,252.0,12.9,0.67,62.0,4.6,71.0,9.25,7.0,7.0,540.0,2.0,3.0,4.0,2.0,,2.0,2.0,2.0,,2.0,2.0,0
135310.0,35.0,0.03,29.6,100.5,102.0,63.0,176.0,28.0,7.4,2.41,140.0,8.2,12.9,320.0,13.2,1.16,455.0,4.6,194.0,42.93,9.5,11.0,120.0,2.0,3.0,3.0,2.0,,1.0,2.0,1.0,,1.0,2.0,0
135312.0,72.0,5.0,21.4,78.9,157.0,69.0,175.0,61.0,5.0,0.39,132.0,5.8,12.7,335.0,13.5,0.62,75.0,2.0,89.0,32.46,7.0,7.5,660.0,2.0,3.0,5.0,2.0,,2.0,2.0,2.0,,2.0,1.0,0
135314.0,62.0,3.35,21.4,78.9,113.0,72.0,172.0,66.0,5.4,1.85,139.0,4.1,14.0,183.0,14.3,0.78,72.0,2.6,84.0,0.91,7.0,8.5,360.0,2.0,3.0,4.0,2.0,,2.0,2.0,2.0,,2.0,2.0,0
135316.0,33.0,5.0,18.7,71.3,106.0,56.0,139.0,71.0,4.9,0.22,138.0,5.7,9.9,298.0,15.1,0.66,30.0,4.2,78.0,12.32,8.0,8.5,540.0,2.0,3.0,5.0,1.0,3.0,2.0,2.0,2.0,,2.0,2.0,0
135317.0,48.0,,24.1,94.4,121.0,73.0,148.0,78.0,5.1,8.22,141.0,9.8,14.2,234.0,12.7,0.89,67.0,5.4,89.0,11.19,7.5,8.0,30.0,1.0,3.0,3.0,1.0,1.0,2.0,2.0,2.0,,2.0,3.0,0
135318.0,28.0,1.15,26.9,90.5,97.0,58.0,144.0,48.0,5.7,0.22,138.0,6.2,7.3,398.0,20.1,0.59,123.0,2.4,87.0,9.33,8.0,11.0,360.0,2.0,4.0,3.0,1.0,2.0,2.0,2.0,2.0,,2.0,2.0,0
135321.0,59.0,5.0,26.2,93.0,122.0,78.0,172.0,57.0,5.5,0.72,142.0,7.3,14.0,212.0,13.6,1.15,84.0,6.1,87.0,4.19,7.0,8.0,180.0,1.0,2.0,5.0,1.0,3.0,2.0,2.0,1.0,,1.0,2.0,1
135324.0,52.0,3.96,24.9,93.9,112.0,66.0,173.0,42.0,5.5,4.95,137.0,6.8,15.3,238.0,12.7,0.98,93.0,5.8,97.0,10.7,6.0,6.0,360.0,1.0,3.0,3.0,1.0,3.0,2.0,2.0,2.0,,2.0,1.0,0
135325.0,49.0,0.74,33.7,108.4,150.0,88.0,170.0,54.0,5.7,1.49,140.0,6.3,16.7,171.0,13.6,1.03,63.0,7.4,101.0,12.95,9.0,10.0,120.0,1.0,1.0,1.0,2.0,,2.0,1.0,2.0,1.0,2.0,3.0,0
135329.0,53.0,2.8,33.5,109.4,111.0,72.0,158.0,41.0,8.6,4.22,141.0,9.2,16.5,178.0,13.1,0.86,132.0,6.8,146.0,5.34,7.5,7.0,540.0,1.0,1.0,1.0,1.0,3.0,1.0,1.0,1.0,1.0,2.0,4.0,1
135332.0,31.0,1.03,26.9,98.4,125.0,71.0,237.0,54.0,5.1,0.95,139.0,10.1,14.9,206.0,13.1,0.93,112.0,5.0,103.0,6.28,8.5,8.0,60.0,1.0,3.0,4.0,1.0,1.0,2.0,2.0,1.0,,2.0,3.0,0
135336.0,34.0,5.0,30.9,109.7,117.0,77.0,261.0,45.0,5.0,3.06,140.0,5.6,16.3,202.0,13.0,0.81,157.0,9.0,93.0,9.55,7.5,9.0,480.0,1.0,3.0,5.0,1.0,3.0,2.0,1.0,1.0,2.0,2.0,3.0,0
135339.0,59.0,3.17,33.8,111.3,134.0,78.0,200.0,54.0,5.9,2.83,135.0,6.1,13.0,359.0,14.4,0.86,200.0,4.1,94.0,7.6,8.0,9.0,360.0,2.0,3.0,3.0,1.0,3.0,2.0,1.0,1.0,1.0,2.0,2.0,0
135343.0,78.0,1.37,33.9,122.5,193.0,93.0,184.0,43.0,6.7,17.73,143.0,10.5,15.4,266.0,13.9,0.69,110.0,6.2,164.0,1104.64,5.0,5.0,900.0,2.0,3.0,3.0,1.0,3.0,1.0,1.0,2.0,1.0,9.0,3.0,0
135344.0,43.0,1.3,22.6,88.7,107.0,68.0,182.0,78.0,5.5,1.13,139.0,7.3,13.8,332.0,12.6,0.67,41.0,4.6,104.0,9.78,8.5,8.0,240.0,2.0,3.0,4.0,1.0,3.0,2.0,2.0,2.0,,2.0,2.0,0
135347.0,61.0,5.0,34.7,122.4,117.0,67.0,136.0,29.0,6.5,0.49,140.0,5.1,14.8,168.0,14.3,0.7,475.0,4.5,126.0,15.97,6.0,6.5,420.0,1.0,3.0,5.0,2.0,,1.0,2.0,1.0,,1.0,3.0,1
135348.0,63.0,3.82,27.1,99.5,120.0,71.0,197.0,54.0,5.6,1.0,139.0,5.3,15.7,236.0,13.8,0.95,122.0,5.9,103.0,7.01,7.5,7.5,120.0,1.0,2.0,5.0,2.0,,2.0,1.0,1.0,1.0,1.0,3.0,0
135350.0,78.0,2.32,28.4,102.7,136.0,61.0,101.0,43.0,5.3,0.88,144.0,6.2,14.3,160.0,14.4,0.96,70.0,6.7,100.0,1.69,6.0,6.0,240.0,1.0,3.0,5.0,2.0,,2.0,2.0,1.0,,1.0,2.0,0
135351.0,80.0,5.0,24.6,100.0,75.0,52.0,161.0,67.0,5.7,3.65,143.0,10.2,14.1,206.0,15.6,1.62,101.0,5.3,97.0,30.0,5.0,5.0,960.0,1.0,3.0,5.0,2.0,,2.0,1.0,2.0,1.0,2.0,5.0,1
135353.0,61.0,4.89,27.4,101.0,109.0,74.0,245.0,62.0,5.3,0.17,141.0,5.5,13.0,199.0,13.9,1.12,316.0,5.2,85.0,6.34,7.0,5.0,540.0,2.0,3.0,5.0,2.0,,2.0,2.0,2.0,,2.0,3.0,0
135356.0,40.0,,23.6,,136.0,85.0,215.0,44.0,5.1,0.51,139.0,4.8,11.5,46.0,14.5,0.63,379.0,4.7,91.0,6859.7,8.0,8.0,480.0,2.0,6.0,1.0,2.0,,1.0,1.0,2.0,2.0,2.0,4.0,0
135358.0,66.0,1.25,25.7,99.8,153.0,101.0,202.0,51.0,5.3,2.46,144.0,10.5,15.6,219.0,14.0,0.85,110.0,4.6,90.0,9.46,8.0,8.0,480.0,2.0,3.0,3.0,1.0,1.0,2.0,1.0,2.0,1.0,2.0,4.0,0
135364.0,72.0,3.72,22.2,86.2,132.0,80.0,186.0,58.0,6.0,0.81,140.0,9.0,14.6,242.0,13.5,0.91,69.0,4.5,95.0,8.47,10.5,10.5,240.0,1.0,3.0,4.0,2.0,,2.0,2.0,2.0,,2.0,3.0,0
135366.0,77.0,2.03,28.5,99.8,139.0,82.0,201.0,40.0,5.2,1.82,137.0,6.0,14.5,186.0,14.4,1.07,194.0,5.4,113.0,200.74,7.0,8.0,240.0,1.0,3.0,5.0,2.0,,2.0,1.0,1.0,2.0,2.0,3.0,0
135369.0,22.0,4.42,24.7,79.4,101.0,56.0,145.0,54.0,4.9,0.11,139.0,4.3,14.3,227.0,13.3,1.15,46.0,5.1,83.0,2.75,8.0,9.0,480.0,1.0,3.0,5.0,2.0,,2.0,2.0,2.0,,2.0,2.0,0
135372.0,65.0,4.37,35.0,117.5,142.0,87.0,234.0,85.0,5.7,7.05,142.0,6.9,14.0,237.0,13.8,0.75,85.0,6.6,87.0,0.57,6.0,5.0,120.0,2.0,3.0,4.0,2.0,,2.0,1.0,2.0,2.0,2.0,2.0,0
135375.0,38.0,5.0,37.1,116.4,108.0,83.0,200.0,48.0,5.3,5.18,140.0,10.9,13.4,418.0,12.8,0.71,127.0,5.7,96.0,5.5,8.5,8.5,420.0,2.0,3.0,5.0,2.0,,2.0,2.0,2.0,,2.0,2.0,0
135381.0,23.0,0.58,18.6,76.6,134.0,82.0,242.0,75.0,5.1,0.36,140.0,5.0,15.1,178.0,13.0,1.06,70.0,7.3,91.0,3.42,9.0,9.0,720.0,1.0,4.0,5.0,2.0,,2.0,2.0,2.0,,2.0,3.0,0
135382.0,44.0,5.0,33.3,97.5,120.0,79.0,264.0,57.0,6.3,9.51,137.0,9.3,13.0,414.0,12.8,0.63,172.0,6.0,91.0,0.91,6.0,4.5,480.0,2.0,6.0,5.0,2.0,,2.0,2.0,2.0,,2.0,3.0,0
135384.0,60.0,3.16,20.9,82.9,169.0,82.0,201.0,86.0,5.4,3.91,137.0,6.8,13.3,263.0,13.1,0.72,45.0,4.6,83.0,43.0,8.0,8.5,480.0,2.0,3.0,5.0,2.0,,2.0,2.0,2.0,,2.0,2.0,0
135385.0,56.0,0.58,,95.1,132.0,91.0,190.0,67.0,5.9,2.22,138.0,10.2,15.2,241.0,15.7,1.06,70.0,5.7,118.0,12.92,11.0,11.0,360.0,1.0,4.0,4.0,2.0,,2.0,1.0,1.0,1.0,1.0,4.0,0
135388.0,29.0,3.77,23.4,78.0,114.0,59.0,151.0,56.0,5.5,0.33,139.0,3.4,10.1,256.0,18.1,0.64,43.0,2.7,87.0,5.25,7.5,8.5,360.0,2.0,4.0,5.0,2.0,,2.0,2.0,2.0,,2.0,2.0,0
135389.0,27.0,5.0,21.6,73.6,109.0,65.0,161.0,79.0,5.2,0.17,139.0,4.5,11.4,252.0,15.2,0.61,56.0,3.3,95.0,10.54,8.0,8.0,360.0,2.0,7.0,5.0,2.0,,2.0,2.0,2.0,,2.0,2.0,0
135390.0,66.0,5.0,39.6,129.0,146.0,79.0,192.0,44.0,5.5,3.8,141.0,6.1,16.6,220.0,13.4,0.87,148.0,6.6,84.0,13.13,7.0,7.0,360.0,1.0,3.0,5.0,1.0,3.0,2.0,2.0,1.0,,1.0,4.0,0
135391.0,65.0,1.64,25.5,104.7,137.0,76.0,127.0,39.0,6.5,0.66,144.0,6.6,14.9,251.0,14.2,0.77,76.0,5.3,114.0,10.5,8.0,8.0,300.0,1.0,1.0,5.0,1.0,3.0,2.0,1.0,1.0,1.0,2.0,4.0,1
135392.0,31.0,,27.1,90.5,106.0,65.0,178.0,59.0,5.0,0.5,141.0,5.8,14.0,190.0,12.0,0.66,96.0,5.0,86.0,6.48,7.5,7.0,360.0,2.0,3.0,5.0,2.0,,2.0,2.0,2.0,,2.0,2.0,0
135395.0,42.0,2.4,33.5,109.7,120.0,73.0,189.0,42.0,5.4,4.26,140.0,8.0,14.4,203.0,13.3,1.17,132.0,5.7,86.0,6.39,7.5,7.5,240.0,1.0,3.0,3.0,1.0,3.0,2.0,2.0,1.0,,2.0,1.0,0
135396.0,65.0,0.68,26.7,104.1,112.0,62.0,162.0,35.0,6.2,8.14,138.0,12.3,14.6,239.0,14.1,1.15,176.0,6.3,131.0,292.7,8.0,8.0,480.0,1.0,3.0,2.0,1.0,1.0,1.0,1.0,1.0,1.0,1.0,4.0,1
135397.0,46.0,2.06,64.7,,108.0,76.0,252.0,44.0,7.7,13.59,136.0,12.3,16.2,288.0,15.5,0.67,134.0,4.2,144.0,93.78,7.0,8.0,840.0,2.0,7.0,4.0,1.0,1.0,1.0,1.0,1.0,1.0,1.0,5.0,1
135399.0,80.0,2.51,21.6,77.4,142.0,91.0,212.0,77.0,5.6,1.27,134.0,5.4,14.1,187.0,13.2,0.81,97.0,3.2,114.0,54.08,7.5,8.0,600.0,2.0,3.0,3.0,2.0,,2.0,1.0,1.0,1.0,2.0,3.0,1
135401.0,39.0,0.02,34.7,112.5,162.0,101.0,200.0,34.0,4.7,7.54,141.0,9.2,15.3,240.0,13.0,0.84,670.0,6.5,86.0,69.69,7.0,9.0,360.0,1.0,1.0,1.0,2.0,,2.0,2.0,2.0,,2.0,3.0,0
135404.0,56.0,1.19,46.4,128.3,113.0,77.0,174.0,59.0,6.8,6.19,137.0,5.5,12.0,236.0,16.9,0.76,122.0,5.5,132.0,32.11,8.0,8.0,180.0,2.0,3.0,3.0,1.0,1.0,1.0,1.0,2.0,1.0,1.0,5.0,1
135405.0,50.0,5.0,39.7,113.1,119.0,85.0,213.0,67.0,5.3,8.76,142.0,6.8,12.0,414.0,14.2,0.71,70.0,2.6,90.0,16.43,7.5,8.0,600.0,2.0,3.0,5.0,1.0,3.0,2.0,2.0,1.0,,2.0,3.0,0
135406.0,38.0,2.61,24.5,88.0,117.0,73.0,228.0,49.0,5.4,1.02,141.0,6.6,14.9,285.0,12.1,0.96,99.0,4.9,99.0,5.24,7.0,9.0,60.0,1.0,2.0,5.0,1.0,1.0,2.0,1.0,1.0,2.0,2.0,2.0,0
135407.0,60.0,2.3,34.2,116.3,145.0,103.0,345.0,94.0,5.5,10.6,140.0,7.5,14.6,168.0,13.0,0.75,254.0,8.4,111.0,11.74,10.5,10.5,300.0,2.0,3.0,5.0,1.0,3.0,3.0,1.0,1.0,1.0,2.0,2.0,0
135409.0,33.0,1.51,23.0,81.1,131.0,79.0,174.0,65.0,5.1,0.58,143.0,10.0,14.1,365.0,14.0,0.85,330.0,4.3,96.0,7.21,10.0,11.0,120.0,1.0,3.0,2.0,1.0,1.0,2.0,2.0,2.0,,2.0,2.0,1
135411.0,80.0,0.7,21.6,79.4,191.0,85.0,191.0,43.0,5.2,3.81,138.0,5.1,12.3,216.0,13.5,0.82,107.0,5.7,105.0,29.75,10.0,10.0,240.0,2.0,6.0,5.0,2.0,,2.0,1.0,1.0,1.0,1.0,4.0,0
135414.0,29.0,2.94,26.3,89.8,106.0,83.0,149.0,46.0,5.0,1.0,140.0,6.3,15.9,277.0,13.3,0.7,89.0,5.2,96.0,5.22,7.5,11.0,900.0,1.0,3.0,4.0,2.0,,2.0,2.0,2.0,,2.0,2.0,0
135416.0,50.0,5.0,25.2,88.1,136.0,74.0,169.0,48.0,5.7,3.74,144.0,9.6,13.0,349.0,13.3,1.06,105.0,5.6,92.0,26.43,6.0,8.0,600.0,2.0,4.0,5.0,2.0,,1.0,1.0,1.0,1.0,1.0,3.0,0
135419.0,25.0,3.68,39.5,121.8,134.0,96.0,175.0,42.0,5.7,2.94,137.0,7.9,15.1,356.0,14.3,0.86,87.0,6.2,105.0,13.85,7.0,8.0,480.0,1.0,4.0,4.0,2.0,,2.0,1.0,2.0,2.0,2.0,1.0,0
135422.0,26.0,4.78,18.8,72.2,101.0,59.0,155.0,54.0,5.6,14.02,141.0,3.5,14.0,159.0,12.9,0.71,72.0,4.5,98.0,1.5,8.0,9.0,240.0,1.0,2.0,4.0,2.0,,2.0,2.0,2.0,,2.0,2.0,0
135423.0,33.0,5.0,19.7,68.2,96.0,64.0,180.0,59.0,5.2,0.2,140.0,4.4,14.0,202.0,12.1,0.73,85.0,5.2,90.0,7.52,9.0,8.5,600.0,2.0,6.0,5.0,2.0,,2.0,2.0,2.0,,2.0,3.0,0
135425.0,44.0,0.88,33.8,109.6,109.0,62.0,236.0,35.0,5.2,3.15,140.0,10.7,17.4,267.0,12.4,1.17,379.0,6.5,100.0,5.47,8.0,7.0,240.0,1.0,1.0,4.0,1.0,1.0,2.0,2.0,2.0,,2.0,2.0,0
135427.0,39.0,5.397605346934028e-79,33.5,103.0,117.0,74.0,199.0,59.0,5.1,6.24,140.0,11.9,14.0,383.0,12.7,0.6,150.0,5.0,89.0,7.91,8.0,7.0,240.0,2.0,3.0,4.0,1.0,2.0,2.0,2.0,2.0,,2.0,2.0,0
135428.0,46.0,0.58,40.6,109.4,121.0,94.0,250.0,77.0,11.0,0.73,134.0,6.5,9.8,245.0,18.1,1.15,110.0,6.0,173.0,233.8,6.0,12.0,480.0,2.0,4.0,3.0,2.0,,1.0,1.0,1.0,1.0,2.0,4.0,0
135432.0,70.0,3.82,24.1,100.7,95.0,59.0,263.0,62.0,5.6,3.69,141.0,4.7,14.2,228.0,13.5,0.95,120.0,5.5,106.0,8.5,7.5,7.5,240.0,2.0,3.0,5.0,2.0,,2.0,2.0,1.0,,2.0,1.0,0
135437.0,59.0,2.18,34.0,112.0,125.0,72.0,198.0,45.0,6.1,9.77,143.0,7.4,13.2,294.0,13.3,0.73,222.0,5.8,157.0,13.48,,9.0,600.0,2.0,2.0,3.0,2.0,,2.0,1.0,2.0,1.0,2.0,4.0,0
135439.0,23.0,3.53,26.2,98.5,113.0,63.0,152.0,40.0,5.2,3.8,139.0,5.5,16.4,173.0,13.1,0.72,94.0,6.5,111.0,5.23,6.0,8.0,60.0,1.0,1.0,4.0,2.0,,2.0,2.0,2.0,,2.0,2.0,0
135441.0,69.0,4.64,20.5,85.1,159.0,86.0,216.0,64.0,5.4,1.21,145.0,3.0,13.6,160.0,13.0,0.61,142.0,4.1,94.0,36.5,7.5,7.5,300.0,2.0,3.0,5.0,2.0,,2.0,2.0,2.0,,2.0,2.0,0
135442.0,67.0,5.0,35.9,111.5,108.0,71.0,196.0,43.0,7.5,4.86,140.0,6.2,15.5,241.0,14.3,0.81,353.0,3.7,98.0,8.6,8.5,8.5,360.0,2.0,3.0,4.0,1.0,3.0,1.0,2.0,1.0,,1.0,3.0,0
135446.0,55.0,1.3,26.6,116.8,121.0,66.0,134.0,29.0,9.9,1.93,138.0,8.4,16.0,208.0,13.1,0.97,246.0,3.3,242.0,5.5,8.5,8.5,600.0,1.0,3.0,2.0,1.0,1.0,1.0,2.0,1.0,,1.0,3.0,0
135447.0,64.0,,27.6,91.7,128.0,81.0,264.0,46.0,5.6,1.85,128.0,8.7,14.5,395.0,12.6,0.55,297.0,3.9,110.0,14.46,3.0,3.0,120.0,2.0,3.0,4.0,1.0,1.0,2.0,1.0,1.0,1.0,1.0,3.0,0
135450.0,63.0,3.9,31.6,114.0,111.0,84.0,130.0,48.0,5.9,2.94,142.0,8.9,13.4,287.0,15.3,0.72,154.0,3.3,99.0,9.95,8.0,9.0,240.0,2.0,3.0,5.0,2.0,,1.0,1.0,1.0,1.0,2.0,3.0,0
135452.0,80.0,1.64,28.3,100.0,122.0,76.0,118.0,49.0,5.7,2.67,139.0,6.2,13.3,252.0,14.7,2.29,97.0,9.6,90.0,50.82,9.0,9.0,300.0,1.0,4.0,1.0,1.0,3.0,2.0,1.0,2.0,2.0,2.0,3.0,1
135453.0,60.0,5.0,22.0,84.4,131.0,66.0,218.0,54.0,5.2,0.24,134.0,4.3,13.2,156.0,13.0,1.03,72.0,5.0,89.0,6.1,8.5,9.0,600.0,1.0,3.0,5.0,2.0,,2.0,1.0,1.0,2.0,2.0,2.0,0
135454.0,61.0,1.84,23.9,95.0,155.0,96.0,254.0,54.0,5.5,2.83,139.0,7.3,14.7,325.0,13.0,0.86,274.0,3.8,83.0,14.55,,,300.0,2.0,3.0,3.0,1.0,2.0,2.0,1.0,1.0,1.0,2.0,3.0,0
135456.0,70.0,1.58,25.7,103.7,149.0,72.0,206.0,48.0,5.6,5.21,140.0,8.9,14.7,209.0,14.3,0.78,327.0,5.9,97.0,39.2,9.0,9.0,420.0,2.0,7.0,5.0,2.0,,1.0,1.0,2.0,1.0,1.0,2.0,0
135458.0,30.0,2.88,18.5,70.2,108.0,62.0,91.0,44.0,,2.52,158.0,6.2,7.2,427.0,27.0,,,3.0,90.0,8.64,6.0,8.0,420.0,1.0,4.0,5.0,2.0,,2.0,2.0,2.0,,2.0,2.0,0
135459.0,41.0,,26.3,84.3,153.0,103.0,173.0,69.0,5.2,0.79,139.0,6.2,14.4,338.0,12.4,0.69,41.0,6.3,92.0,10.02,4.5,6.5,120.0,2.0,7.0,4.0,2.0,,2.0,1.0,2.0,1.0,2.0,2.0,0
135460.0,79.0,4.06,25.3,98.5,124.0,57.0,152.0,62.0,5.6,0.74,142.0,5.7,14.4,217.0,13.4,0.84,61.0,4.3,119.0,5.17,8.5,8.5,180.0,1.0,3.0,5.0,2.0,,2.0,1.0,1.0,1.0,1.0,2.0,0
135463.0,70.0,4.72,27.6,107.8,127.0,67.0,173.0,44.0,7.3,4.13,141.0,10.2,11.6,301.0,13.2,1.49,283.0,7.6,113.0,36.51,8.0,8.0,180.0,2.0,3.0,4.0,2.0,,1.0,1.0,1.0,1.0,1.0,3.0,0
135466.0,40.0,2.09,40.1,118.0,133.0,96.0,182.0,47.0,5.3,14.66,139.0,6.5,12.6,305.0,15.0,0.84,138.0,4.1,94.0,4.67,7.5,7.5,540.0,2.0,3.0,4.0,2.0,,2.0,1.0,2.0,1.0,2.0,3.0,0
135467.0,62.0,1.14,26.5,102.4,115.0,76.0,205.0,45.0,6.2,0.57,140.0,11.1,16.5,361.0,13.8,,112.0,,117.0,10.95,9.0,9.0,60.0,1.0,1.0,1.0,1.0,3.0,2.0,2.0,2.0,,2.0,3.0,0
135469.0,42.0,2.29,21.8,,121.0,71.0,197.0,72.0,5.7,0.24,142.0,7.6,14.4,295.0,14.1,0.91,63.0,4.2,96.0,4.99,8.0,7.5,180.0,1.0,2.0,2.0,1.0,3.0,2.0,2.0,2.0,,2.0,3.0,0
135470.0,46.0,5.0,32.2,104.6,108.0,72.0,191.0,63.0,4.9,0.93,137.0,2.9,9.8,195.0,23.4,0.67,49.0,2.5,81.0,10.94,7.0,8.0,300.0,2.0,4.0,5.0,2.0,,2.0,2.0,1.0,,2.0,2.0,0
135473.0,35.0,5.0,32.2,110.0,126.0,73.0,240.0,42.0,5.8,1.39,141.0,6.1,14.8,273.0,12.9,0.93,509.0,5.9,102.0,8.33,7.0,9.0,180.0,1.0,1.0,4.0,2.0,,2.0,2.0,2.0,,2.0,3.0,0
135475.0,55.0,0.15,34.4,117.0,180.0,110.0,162.0,72.0,7.8,1.1,140.0,4.5,15.6,153.0,13.8,0.91,49.0,5.3,202.0,113.15,9.0,9.0,240.0,1.0,4.0,2.0,1.0,1.0,1.0,1.0,1.0,1.0,1.0,3.0,0
135476.0,77.0,3.3,35.0,110.9,164.0,97.0,144.0,33.0,6.4,4.14,142.0,8.3,16.0,298.0,15.0,0.82,422.0,4.4,103.0,164.64,8.0,8.0,180.0,1.0,2.0,2.0,2.0,,2.0,1.0,1.0,1.0,1.0,3.0,0
135477.0,80.0,1.17,25.7,97.2,128.0,65.0,196.0,57.0,5.4,4.92,141.0,13.2,14.6,198.0,13.7,2.29,76.0,5.0,92.0,,8.5,8.5,240.0,1.0,3.0,3.0,1.0,3.0,2.0,2.0,2.0,,2.0,3.0,0
135479.0,77.0,5.0,26.8,98.6,117.0,87.0,198.0,75.0,5.4,0.55,142.0,5.7,15.8,271.0,13.1,0.92,120.0,5.9,105.0,11.77,,,720.0,2.0,3.0,3.0,2.0,,2.0,2.0,2.0,,2.0,2.0,0
135480.0,64.0,,21.4,81.0,114.0,73.0,108.0,41.0,6.9,0.28,137.0,3.2,11.4,66.0,13.3,0.46,101.0,2.3,131.0,11.62,10.0,11.0,540.0,2.0,4.0,3.0,2.0,,1.0,1.0,1.0,1.0,1.0,5.0,1
135484.0,37.0,4.34,33.3,96.9,103.0,74.0,200.0,63.0,5.2,0.76,140.0,6.6,13.6,281.0,14.1,0.81,113.0,5.2,94.0,5.68,8.0,9.0,360.0,2.0,3.0,5.0,2.0,,2.0,2.0,2.0,,2.0,2.0,0
135485.0,21.0,,25.4,92.9,106.0,68.0,149.0,53.0,4.9,1.27,141.0,5.3,13.0,328.0,13.0,0.76,60.0,5.0,89.0,5.7,6.0,6.0,420.0,2.0,3.0,4.0,1.0,3.0,2.0,1.0,2.0,1.0,2.0,4.0,0
135494.0,77.0,1.65,31.2,109.9,127.0,65.0,179.0,62.0,5.8,1.56,138.0,7.3,14.1,245.0,13.1,0.68,219.0,4.7,99.0,10.42,10.5,9.5,240.0,1.0,7.0,5.0,2.0,,2.0,1.0,1.0,1.0,1.0,3.0,1
135496.0,32.0,,27.4,88.0,117.0,75.0,191.0,40.0,5.8,3.11,138.0,3.4,13.8,277.0,13.1,0.99,78.0,5.3,76.0,2.64,8.0,9.0,300.0,1.0,4.0,3.0,2.0,,2.0,2.0,2.0,,2.0,1.0,0
135498.0,44.0,5.0,24.0,75.7,106.0,64.0,121.0,43.0,4.9,0.15,138.0,4.5,13.6,278.0,12.8,0.79,36.0,3.2,96.0,10.25,9.0,10.0,540.0,2.0,3.0,5.0,2.0,,2.0,2.0,2.0,,2.0,3.0,0
135499.0,70.0,4.64,30.9,107.7,150.0,81.0,94.0,47.0,5.6,1.29,137.0,5.3,14.8,246.0,12.7,0.91,127.0,5.8,117.0,7.03,9.5,7.5,360.0,1.0,3.0,5.0,1.0,3.0,2.0,1.0,1.0,1.0,1.0,3.0,0
135500.0,33.0,0.81,24.3,77.9,110.0,62.0,164.0,46.0,5.4,1.02,141.0,10.1,16.1,377.0,13.5,0.88,61.0,5.9,76.0,5.15,8.0,10.5,180.0,1.0,7.0,3.0,1.0,1.0,2.0,2.0,2.0,,2.0,3.0,0
135502.0,42.0,2.56,26.5,93.2,125.0,69.0,205.0,42.0,5.0,0.73,143.0,6.9,16.5,242.0,13.1,0.94,137.0,4.9,86.0,0.54,7.0,8.0,240.0,1.0,3.0,5.0,2.0,,2.0,2.0,1.0,,2.0,2.0,0
135503.0,58.0,,24.3,86.2,156.0,96.0,147.0,57.0,5.1,1.19,141.0,7.1,13.1,321.0,12.9,0.83,69.0,5.4,84.0,72.26,7.5,7.5,240.0,2.0,3.0,5.0,2.0,,2.0,1.0,1.0,1.0,2.0,2.0,0
135504.0,27.0,2.02,41.6,127.1,114.0,84.0,265.0,39.0,12.0,18.17,137.0,8.5,15.9,308.0,13.8,0.67,357.0,8.5,222.0,31.09,10.0,12.0,480.0,2.0,4.0,4.0,1.0,2.0,2.0,2.0,2.0,,2.0,4.0,0
135505.0,29.0,3.91,20.5,79.6,128.0,77.0,175.0,43.0,5.2,0.55,140.0,5.1,16.5,202.0,12.6,0.95,173.0,4.4,88.0,6.26,8.5,8.5,480.0,1.0,1.0,5.0,2.0,,2.0,2.0,2.0,,2.0,3.0,0
135508.0,61.0,4.8,27.7,99.4,121.0,77.0,191.0,50.0,5.5,2.92,139.0,5.5,14.3,196.0,13.3,1.25,100.0,6.4,100.0,5.34,7.0,8.0,600.0,1.0,3.0,5.0,2.0,,2.0,2.0,1.0,,1.0,1.0,0
135511.0,69.0,,32.0,116.8,150.0,68.0,152.0,60.0,6.6,1.12,143.0,6.6,12.5,279.0,12.7,1.07,71.0,5.7,104.0,13.24,7.0,7.0,120.0,2.0,4.0,3.0,1.0,3.0,1.0,1.0,1.0,1.0,1.0,3.0,1
135512.0,52.0,5.0,32.4,111.5,111.0,73.0,255.0,49.0,5.2,3.82,139.0,5.7,15.6,179.0,13.2,1.07,215.0,7.1,102.0,4.59,8.0,8.0,480.0,1.0,3.0,5.0,2.0,,2.0,1.0,2.0,2.0,2.0,2.0,0
135516.0,72.0,2.21,27.6,99.1,125.0,77.0,237.0,62.0,5.0,1.87,140.0,5.8,15.4,293.0,14.2,0.93,230.0,4.3,85.0,5.56,8.5,8.5,240.0,1.0,2.0,5.0,2.0,,2.0,2.0,1.0,,2.0,1.0,0
135517.0,59.0,0.32,26.1,101.7,172.0,57.0,139.0,71.0,5.6,16.48,134.0,4.2,11.0,106.0,13.7,0.83,85.0,5.7,117.0,5.99,12.0,12.0,600.0,2.0,3.0,3.0,1.0,3.0,2.0,1.0,1.0,2.0,2.0,5.0,0
135519.0,44.0,4.45,27.3,93.2,97.0,68.0,194.0,68.0,5.8,0.84,139.0,8.9,12.4,278.0,13.1,0.7,137.0,5.2,97.0,120.34,8.0,9.0,420.0,2.0,6.0,5.0,2.0,,2.0,2.0,1.0,,1.0,3.0,0
135521.0,64.0,3.96,28.7,108.0,144.0,63.0,236.0,39.0,6.2,8.02,144.0,5.7,13.2,193.0,14.2,0.65,227.0,5.0,112.0,5.76,7.5,7.5,300.0,2.0,3.0,4.0,2.0,,2.0,1.0,2.0,1.0,2.0,2.0,0
135522.0,28.0,1.67,34.4,118.0,124.0,83.0,267.0,48.0,4.6,5.98,139.0,9.2,15.4,318.0,12.3,0.85,296.0,9.7,92.0,0.53,9.0,9.0,480.0,1.0,3.0,4.0,1.0,2.0,2.0,1.0,2.0,2.0,2.0,3.0,0
135528.0,30.0,0.48,33.1,110.4,115.0,70.0,213.0,51.0,5.6,7.57,138.0,8.4,14.8,276.0,14.3,0.83,76.0,6.3,95.0,5.59,7.0,10.0,360.0,1.0,2.0,1.0,1.0,1.0,2.0,1.0,1.0,2.0,2.0,3.0,0
135529.0,79.0,5.0,28.9,105.1,131.0,78.0,178.0,58.0,5.7,0.77,138.0,5.5,14.1,260.0,14.1,0.86,88.0,5.0,104.0,6.27,,,180.0,1.0,3.0,5.0,2.0,,2.0,2.0,1.0,,1.0,1.0,0
135530.0,23.0,1.1,21.9,78.1,114.0,59.0,119.0,39.0,5.1,0.37,142.0,4.2,14.7,213.0,13.4,0.81,50.0,5.3,98.0,15.45,9.0,9.0,240.0,1.0,3.0,5.0,2.0,,2.0,2.0,2.0,,2.0,2.0,0
135533.0,58.0,3.04,45.2,117.6,122.0,60.0,226.0,53.0,5.5,12.25,138.0,9.5,12.8,289.0,14.3,0.95,169.0,6.0,101.0,6.85,7.5,9.5,600.0,2.0,3.0,4.0,2.0,,2.0,1.0,2.0,1.0,2.0,3.0,0
135535.0,40.0,1.98,24.7,95.9,112.0,80.0,208.0,40.0,5.0,1.35,138.0,9.8,15.9,248.0,13.5,0.68,100.0,5.5,91.0,0.7,6.5,7.0,180.0,2.0,3.0,4.0,1.0,1.0,2.0,2.0,2.0,,2.0,4.0,0
135536.0,63.0,1.13,20.7,83.1,107.0,68.0,230.0,45.0,6.0,31.58,139.0,8.8,14.2,264.0,17.2,1.04,230.0,7.1,111.0,6.03,8.0,9.0,240.0,2.0,4.0,4.0,1.0,2.0,1.0,2.0,2.0,,2.0,2.0,1
135537.0,41.0,5.0,31.9,119.8,137.0,94.0,224.0,36.0,11.6,3.34,140.0,6.8,16.6,174.0,13.6,0.61,206.0,3.3,318.0,19.37,7.0,7.0,600.0,1.0,3.0,3.0,2.0,,2.0,2.0,2.0,,2.0,3.0,0
135539.0,73.0,0.73,29.0,94.3,93.0,64.0,175.0,60.0,5.3,3.67,135.0,6.0,13.2,345.0,13.6,0.55,92.0,3.5,85.0,12.08,9.0,9.0,300.0,2.0,2.0,5.0,2.0,,2.0,2.0,2.0,,2.0,3.0,0
135540.0,29.0,,22.9,85.7,134.0,73.0,178.0,47.0,5.3,0.9,140.0,4.5,13.4,254.0,13.9,,95.0,,81.0,5.13,4.0,8.5,120.0,1.0,7.0,4.0,2.0,,2.0,2.0,2.0,,2.0,2.0,0
135541.0,68.0,3.43,29.1,106.9,161.0,103.0,165.0,52.0,5.7,30.85,141.0,10.0,13.5,338.0,13.2,0.77,57.0,5.2,108.0,9.82,,8.0,120.0,1.0,1.0,4.0,1.0,1.0,2.0,1.0,1.0,2.0,2.0,1.0,0
135542.0,55.0,5.0,30.3,92.9,143.0,84.0,237.0,79.0,5.6,3.54,140.0,4.7,14.3,301.0,14.0,1.33,55.0,5.8,102.0,3.82,7.5,7.5,660.0,1.0,4.0,5.0,2.0,,2.0,2.0,1.0,,2.0,2.0,0
135544.0,67.0,0.8,31.2,109.4,110.0,67.0,161.0,50.0,14.8,4.03,132.0,7.7,11.5,321.0,13.9,0.58,145.0,3.7,601.0,86.3,12.0,4.5,9999.0,2.0,4.0,2.0,2.0,,1.0,1.0,1.0,1.0,1.0,5.0,0
135545.0,78.0,2.46,28.8,109.0,155.0,99.0,203.0,46.0,5.8,1.31,142.0,6.6,16.4,174.0,13.6,1.53,137.0,6.0,103.0,3.73,8.0,8.0,600.0,1.0,3.0,5.0,1.0,3.0,2.0,1.0,1.0,1.0,2.0,4.0,0
135546.0,58.0,0.83,30.9,113.2,128.0,75.0,189.0,39.0,5.3,3.4,138.0,7.8,14.8,193.0,14.3,0.79,139.0,3.7,101.0,7.91,6.0,6.0,480.0,2.0,3.0,3.0,1.0,1.0,2.0,2.0,1.0,,1.0,3.0,0
135550.0,39.0,,24.3,96.3,125.0,82.0,163.0,52.0,4.9,1.38,139.0,5.9,14.4,221.0,13.0,0.88,105.0,4.7,77.0,23.11,8.0,9.0,240.0,1.0,6.0,5.0,2.0,,2.0,2.0,2.0,,2.0,2.0,0
135551.0,64.0,4.31,35.8,116.8,137.0,84.0,193.0,56.0,5.8,6.34,139.0,,,,,0.83,127.0,6.4,86.0,16.97,5.5,6.0,240.0,2.0,3.0,5.0,1.0,3.0,2.0,1.0,2.0,1.0,2.0,2.0,0
135552.0,61.0,4.61,25.9,90.0,109.0,72.0,195.0,55.0,5.2,1.83,140.0,5.7,12.6,209.0,13.8,0.76,118.0,3.5,97.0,11.51,7.5,9.0,240.0,2.0,2.0,4.0,2.0,,2.0,2.0,2.0,,2.0,1.0,0
135555.0,32.0,1.1,36.8,115.0,123.0,95.0,186.0,37.0,7.1,9.23,141.0,7.6,12.5,247.0,14.4,0.59,245.0,5.5,126.0,11.02,6.5,9.5,210.0,2.0,1.0,3.0,2.0,,2.0,2.0,2.0,,2.0,3.0,0
135560.0,29.0,5.0,33.7,109.2,139.0,82.0,213.0,41.0,5.6,0.35,142.0,5.8,15.2,237.0,13.2,0.98,124.0,7.2,105.0,3.51,6.5,10.0,300.0,1.0,6.0,5.0,2.0,,2.0,2.0,2.0,,2.0,3.0,0
135561.0,59.0,1.55,46.2,141.4,126.0,71.0,203.0,35.0,6.6,8.33,138.0,7.9,16.1,272.0,13.4,0.72,139.0,6.0,121.0,13.93,6.5,6.5,360.0,1.0,3.0,2.0,1.0,1.0,2.0,2.0,2.0,,2.0,3.0,0
135564.0,80.0,2.21,19.4,74.5,162.0,59.0,296.0,108.0,5.6,3.08,140.0,,,,,0.85,66.0,5.0,104.0,26.87,9.0,8.0,600.0,2.0,3.0,4.0,1.0,3.0,2.0,1.0,2.0,1.0,2.0,3.0,0
135565.0,37.0,0.33,34.9,116.9,127.0,86.0,184.0,44.0,5.9,3.7,143.0,6.6,14.9,184.0,14.9,1.08,108.0,7.0,127.0,2.6,8.5,10.5,180.0,1.0,3.0,3.0,1.0,3.0,3.0,2.0,1.0,,2.0,4.0,0
135569.0,80.0,5.0,23.2,90.8,153.0,67.0,120.0,45.0,5.6,0.5,142.0,5.4,14.4,140.0,12.6,0.79,89.0,5.0,110.0,13.83,8.0,8.0,240.0,2.0,3.0,5.0,2.0,,1.0,1.0,2.0,1.0,2.0,2.0,0
135570.0,47.0,,47.9,152.9,121.0,84.0,165.0,49.0,12.4,4.41,139.0,8.8,14.5,267.0,14.0,0.5,94.0,3.0,300.0,21.72,7.0,7.0,240.0,1.0,3.0,4.0,1.0,3.0,1.0,1.0,1.0,1.0,1.0,4.0,0
135571.0,65.0,1.06,29.5,102.6,225.0,108.0,226.0,41.0,5.5,1.15,142.0,5.6,17.0,213.0,14.1,0.97,171.0,5.5,111.0,17.05,7.0,7.0,180.0,1.0,3.0,3.0,1.0,3.0,2.0,2.0,2.0,,2.0,3.0,0
135573.0,70.0,2.1,29.0,98.9,131.0,75.0,208.0,66.0,5.3,1.62,139.0,5.8,14.3,214.0,12.4,0.82,107.0,5.7,85.0,8.47,7.0,9.0,300.0,2.0,3.0,4.0,2.0,,2.0,2.0,2.0,,2.0,1.0,0
135581.0,41.0,5.0,25.7,98.5,106.0,71.0,161.0,39.0,6.3,0.48,141.0,5.3,14.7,163.0,13.3,0.93,109.0,5.6,100.0,10.45,8.0,9.0,840.0,1.0,3.0,5.0,2.0,,1.0,2.0,1.0,,2.0,2.0,0
135582.0,77.0,1.14,31.6,108.1,209.0,79.0,149.0,53.0,6.7,11.05,141.0,7.7,12.8,179.0,15.6,0.99,128.0,4.4,126.0,234.36,9.0,9.0,900.0,2.0,3.0,2.0,2.0,,1.0,1.0,1.0,1.0,1.0,3.0,1
135583.0,46.0,,25.9,97.1,162.0,103.0,245.0,49.0,5.4,1.48,143.0,8.4,14.9,320.0,12.9,0.94,134.0,4.7,90.0,23.62,7.0,7.0,540.0,1.0,3.0,5.0,2.0,,2.0,2.0,2.0,,2.0,3.0,0
135586.0,45.0,5.0,28.1,94.3,137.0,86.0,174.0,54.0,4.9,0.83,141.0,5.8,15.2,176.0,13.2,1.01,140.0,5.7,99.0,10.37,8.5,9.0,120.0,1.0,2.0,5.0,2.0,,2.0,2.0,2.0,,2.0,1.0,0
135587.0,69.0,5.0,25.2,97.4,150.0,78.0,159.0,55.0,6.0,1.81,138.0,11.7,15.2,226.0,13.2,0.72,150.0,5.1,97.0,83.92,7.5,7.5,180.0,2.0,3.0,3.0,1.0,3.0,2.0,2.0,1.0,,1.0,3.0,0
135588.0,73.0,,30.1,103.7,140.0,75.0,157.0,33.0,5.9,4.47,144.0,6.6,12.5,255.0,13.3,2.64,283.0,9.1,100.0,585.64,7.0,8.0,240.0,1.0,4.0,4.0,1.0,3.0,2.0,1.0,2.0,1.0,2.0,3.0,0
135589.0,43.0,5.0,28.0,103.2,97.0,70.0,226.0,35.0,5.3,1.46,139.0,4.4,13.7,288.0,13.1,0.84,162.0,5.1,96.0,17.2,7.0,7.0,600.0,2.0,3.0,4.0,1.0,3.0,2.0,2.0,1.0,,2.0,2.0,0
135591.0,53.0,5.0,36.7,126.7,131.0,82.0,224.0,48.0,5.7,3.22,140.0,7.6,14.8,246.0,13.6,1.12,149.0,6.7,80.0,3.75,7.0,7.0,480.0,1.0,3.0,5.0,2.0,,2.0,2.0,1.0,,1.0,2.0,0
135592.0,78.0,2.36,29.7,118.4,148.0,74.0,151.0,50.0,5.9,0.84,144.0,5.2,15.5,156.0,13.3,1.12,141.0,4.9,98.0,11.67,8.0,10.0,720.0,1.0,2.0,1.0,1.0,3.0,3.0,2.0,1.0,,1.0,3.0,1
135593.0,80.0,5.0,25.4,99.3,138.0,69.0,165.0,63.0,4.9,3.46,137.0,6.6,15.2,276.0,13.8,0.85,76.0,5.9,91.0,8.24,7.5,7.5,180.0,1.0,3.0,5.0,2.0,,2.0,1.0,2.0,1.0,2.0,2.0,0
135602.0,36.0,,32.4,112.3,113.0,74.0,193.0,45.0,5.5,3.0,138.0,8.2,14.0,286.0,13.1,0.88,170.0,4.5,118.0,4.02,7.0,6.0,300.0,1.0,1.0,2.0,1.0,3.0,2.0,2.0,2.0,,2.0,4.0,0
135603.0,69.0,0.88,24.3,84.0,140.0,88.0,191.0,75.0,5.2,2.53,139.0,7.5,14.2,281.0,13.8,1.21,61.0,8.9,97.0,84.36,6.0,8.0,120.0,1.0,4.0,2.0,2.0,,2.0,2.0,2.0,,2.0,2.0,0
135608.0,60.0,5.0,32.0,101.5,127.0,89.0,210.0,60.0,5.1,3.48,139.0,9.1,14.5,325.0,13.3,0.84,150.0,4.2,85.0,5.46,10.0,10.5,240.0,2.0,3.0,5.0,2.0,,2.0,1.0,1.0,1.0,1.0,2.0,0
135609.0,41.0,5.0,18.6,68.3,105.0,66.0,223.0,74.0,5.0,0.59,139.0,6.7,13.4,297.0,13.6,0.63,57.0,3.2,91.0,10.71,8.0,8.0,720.0,2.0,6.0,5.0,1.0,3.0,2.0,2.0,1.0,,2.0,2.0,0
135610.0,69.0,3.07,33.8,125.9,131.0,73.0,129.0,48.0,5.8,9.08,139.0,6.3,12.6,223.0,14.2,1.47,90.0,5.8,97.0,130.5,9.0,9.0,180.0,2.0,3.0,5.0,1.0,3.0,3.0,2.0,2.0,,2.0,2.0,0
135615.0,78.0,,27.5,94.4,139.0,63.0,165.0,42.0,6.0,9.98,143.0,5.2,12.6,197.0,14.8,1.22,119.0,8.5,98.0,6.72,8.0,9.0,180.0,2.0,3.0,3.0,1.0,3.0,2.0,1.0,2.0,1.0,2.0,1.0,0
135616.0,29.0,4.37,31.0,,131.0,83.0,161.0,34.0,5.3,4.77,142.0,7.7,14.7,268.0,13.3,0.95,199.0,8.2,138.0,40.87,8.0,9.0,300.0,1.0,1.0,3.0,2.0,,2.0,1.0,2.0,2.0,2.0,3.0,0
135619.0,43.0,,30.4,103.5,118.0,70.0,199.0,44.0,5.5,1.86,138.0,5.8,13.8,185.0,12.3,0.96,138.0,7.1,100.0,4.45,7.5,8.0,180.0,1.0,2.0,3.0,1.0,3.0,2.0,2.0,2.0,,1.0,2.0,0
135621.0,62.0,1.97,27.5,97.8,106.0,69.0,176.0,48.0,5.4,2.9,138.0,9.0,11.7,421.0,12.3,0.72,116.0,3.4,85.0,24.76,7.0,7.0,420.0,2.0,3.0,2.0,2.0,,2.0,2.0,2.0,,2.0,3.0,1
135622.0,65.0,,33.6,123.7,110.0,64.0,211.0,35.0,5.8,5.02,144.0,6.5,17.0,250.0,14.2,0.98,197.0,8.1,70.0,8.03,7.5,7.5,240.0,1.0,3.0,5.0,2.0,,2.0,1.0,1.0,1.0,2.0,3.0,0
135628.0,75.0,2.51,23.4,93.6,145.0,70.0,165.0,72.0,5.5,0.74,132.0,6.0,13.6,258.0,12.7,0.72,91.0,3.2,104.0,14.52,3.0,3.0,90.0,2.0,3.0,2.0,2.0,,3.0,1.0,1.0,1.0,1.0,4.0,1
135631.0,57.0,2.73,27.6,102.6,131.0,96.0,188.0,41.0,5.4,3.36,139.0,6.5,15.3,255.0,13.0,0.99,111.0,5.4,100.0,6.4,7.0,10.5,540.0,1.0,3.0,4.0,2.0,,2.0,2.0,2.0,,2.0,2.0,0
135633.0,80.0,1.03,16.9,64.6,163.0,96.0,162.0,77.0,6.0,0.68,137.0,4.8,13.8,209.0,13.9,0.74,71.0,3.7,91.0,60.43,6.5,6.5,240.0,2.0,3.0,4.0,2.0,,2.0,2.0,1.0,,1.0,4.0,1
135634.0,21.0,1.57,26.0,88.7,131.0,72.0,163.0,44.0,5.3,1.81,143.0,7.9,15.3,238.0,13.2,0.86,101.0,5.6,102.0,5.51,9.0,9.0,720.0,1.0,1.0,3.0,2.0,,2.0,2.0,2.0,,2.0,1.0,0
135638.0,30.0,3.83,27.0,102.2,109.0,76.0,154.0,45.0,5.1,0.94,138.0,5.6,13.1,317.0,13.4,0.78,91.0,4.4,93.0,18.83,7.0,8.0,780.0,2.0,3.0,5.0,2.0,,2.0,2.0,2.0,,2.0,4.0,0
135639.0,70.0,2.16,22.3,80.4,114.0,68.0,180.0,67.0,5.5,0.37,141.0,7.6,13.0,204.0,13.0,0.64,49.0,4.0,90.0,13.42,9.0,9.0,150.0,2.0,6.0,2.0,2.0,,2.0,2.0,1.0,,1.0,2.0,0
135640.0,58.0,0.61,21.9,77.4,117.0,71.0,170.0,69.0,4.8,1.97,145.0,6.6,15.0,269.0,12.5,0.68,115.0,2.6,92.0,221.22,10.5,9.0,180.0,2.0,3.0,4.0,2.0,,2.0,1.0,1.0,1.0,2.0,2.0,0
135641.0,70.0,4.06,29.6,102.2,183.0,94.0,238.0,35.0,5.8,1.28,142.0,6.5,14.7,221.0,13.8,0.93,218.0,5.7,118.0,10.2,9.0,8.0,180.0,2.0,3.0,4.0,1.0,3.0,2.0,2.0,1.0,,2.0,2.0,0
135643.0,56.0,0.72,27.3,90.0,115.0,50.0,179.0,66.0,5.6,1.03,139.0,4.7,12.3,234.0,16.2,0.84,109.0,5.7,148.0,140.39,9.5,10.0,480.0,2.0,3.0,4.0,1.0,3.0,1.0,1.0,1.0,1.0,1.0,2.0,0
135644.0,67.0,5.0,31.3,114.6,133.0,79.0,200.0,55.0,5.5,0.36,144.0,7.4,13.3,145.0,13.4,1.32,195.0,6.4,101.0,5.45,8.5,8.5,300.0,1.0,3.0,5.0,2.0,,2.0,2.0,2.0,,2.0,1.0,0
135645.0,60.0,1.15,20.8,73.4,127.0,74.0,207.0,67.0,5.5,0.18,141.0,5.5,13.6,244.0,14.6,1.24,76.0,5.5,88.0,4.46,12.5,12.5,480.0,1.0,4.0,3.0,1.0,1.0,2.0,2.0,2.0,,2.0,1.0,0
135646.0,39.0,1.99,36.2,115.3,128.0,84.0,162.0,41.0,6.6,4.56,141.0,9.7,13.7,382.0,13.9,1.17,65.0,7.9,102.0,3.5,10.0,12.0,180.0,1.0,4.0,5.0,2.0,,2.0,2.0,2.0,,2.0,3.0,0
135649.0,74.0,1.24,29.4,103.4,137.0,56.0,142.0,61.0,5.9,4.45,139.0,,,,,0.88,233.0,5.6,144.0,8.11,8.0,8.0,360.0,2.0,3.0,3.0,1.0,3.0,1.0,1.0,2.0,1.0,2.0,3.0,0
135650.0,57.0,1.1,51.7,133.1,132.0,87.0,156.0,54.0,7.0,3.02,141.0,6.3,13.5,275.0,14.7,0.96,108.0,9.7,136.0,4.44,6.0,6.0,30.0,2.0,4.0,2.0,1.0,2.0,1.0,1.0,1.0,1.0,1.0,5.0,1
135653.0,27.0,2.74,29.2,88.4,111.0,76.0,186.0,58.0,5.1,0.63,138.0,7.0,13.2,308.0,13.3,0.79,88.0,5.1,94.0,1.17,7.0,8.0,840.0,2.0,3.0,5.0,2.0,,2.0,2.0,2.0,,2.0,1.0,0
135654.0,42.0,1.67,25.1,77.5,93.0,54.0,181.0,78.0,4.7,0.24,138.0,7.7,14.0,179.0,12.5,0.73,39.0,5.2,77.0,0.91,7.0,6.5,660.0,2.0,3.0,5.0,2.0,,2.0,2.0,2.0,,2.0,2.0,0
135661.0,59.0,3.26,27.5,102.0,85.0,59.0,364.0,41.0,7.9,1.01,136.0,10.1,16.3,291.0,12.9,0.9,402.0,3.6,163.0,8.2,7.0,10.0,300.0,1.0,3.0,4.0,1.0,2.0,3.0,2.0,1.0,,1.0,3.0,1
135663.0,62.0,5.0,27.9,82.7,129.0,76.0,168.0,60.0,5.8,1.26,144.0,4.4,13.8,176.0,12.9,0.98,83.0,4.9,99.0,3.81,5.5,5.5,480.0,2.0,4.0,5.0,2.0,,2.0,1.0,1.0,1.0,1.0,3.0,0
135665.0,65.0,0.58,34.2,113.2,105.0,78.0,134.0,36.0,5.1,1.79,140.0,2.9,12.1,178.0,13.3,1.42,138.0,6.1,90.0,10.9,9.0,9.0,180.0,2.0,1.0,3.0,1.0,1.0,1.0,1.0,1.0,1.0,1.0,4.0,1
135668.0,61.0,1.18,,,124.0,44.0,263.0,64.0,5.6,14.77,138.0,7.8,15.0,141.0,15.1,1.01,82.0,5.4,101.0,12.24,8.0,8.0,600.0,2.0,3.0,5.0,1.0,1.0,2.0,1.0,1.0,1.0,2.0,3.0,0
135669.0,37.0,3.6,34.2,108.3,131.0,88.0,200.0,35.0,5.7,2.68,141.0,7.1,14.9,273.0,13.5,1.08,126.0,6.1,93.0,3.62,8.0,7.5,600.0,1.0,3.0,5.0,2.0,,2.0,1.0,1.0,1.0,2.0,3.0,0
135672.0,33.0,1.92,55.9,158.3,124.0,95.0,199.0,34.0,9.1,17.38,137.0,8.0,14.7,339.0,13.6,0.73,165.0,5.1,234.0,14.63,9.0,11.0,540.0,2.0,3.0,3.0,1.0,3.0,1.0,1.0,1.0,1.0,2.0,3.0,0
135674.0,25.0,,26.2,82.0,110.0,62.0,200.0,95.0,4.9,0.96,139.0,8.0,13.6,272.0,13.7,0.63,41.0,3.7,81.0,1.31,7.0,9.0,300.0,2.0,3.0,4.0,2.0,,2.0,2.0,2.0,,2.0,2.0,0
135675.0,74.0,2.21,27.8,104.9,118.0,76.0,114.0,47.0,5.9,2.5,142.0,7.1,13.2,198.0,13.4,1.03,48.0,5.5,105.0,7.65,,9.0,480.0,1.0,3.0,3.0,2.0,,2.0,2.0,2.0,,1.0,2.0,0
135678.0,42.0,3.3,24.1,80.6,115.0,62.0,162.0,51.0,5.7,1.16,137.0,5.3,16.3,196.0,13.3,1.12,80.0,5.3,97.0,5.87,8.0,8.0,240.0,1.0,2.0,3.0,2.0,,2.0,2.0,2.0,,2.0,1.0,0
135680.0,52.0,,44.1,115.5,144.0,96.0,170.0,38.0,5.6,2.17,139.0,9.9,15.1,262.0,13.9,0.67,266.0,5.2,92.0,7.09,9.5,9.0,240.0,2.0,3.0,4.0,2.0,,2.0,2.0,2.0,,2.0,2.0,0
135682.0,64.0,5.397605346934028e-79,25.8,93.0,145.0,97.0,172.0,60.0,5.6,0.93,142.0,3.8,15.4,172.0,13.2,0.78,104.0,3.3,98.0,5.42,7.5,8.5,420.0,2.0,3.0,4.0,1.0,3.0,2.0,2.0,2.0,,2.0,2.0,0
135687.0,60.0,,22.6,85.0,134.0,87.0,184.0,56.0,5.5,6.18,140.0,9.2,16.0,280.0,13.2,0.98,70.0,6.7,79.0,5.4,8.0,9.0,240.0,1.0,3.0,5.0,2.0,,2.0,2.0,2.0,,2.0,2.0,0
135691.0,66.0,3.47,26.3,100.8,133.0,79.0,155.0,64.0,6.7,0.41,141.0,4.8,13.9,239.0,15.4,0.96,205.0,6.9,198.0,1448.76,10.0,10.0,180.0,1.0,6.0,4.0,1.0,3.0,1.0,1.0,1.0,1.0,1.0,3.0,0
135692.0,63.0,0.29,27.5,97.6,129.0,79.0,172.0,56.0,5.8,0.62,157.0,6.0,12.8,235.0,14.1,0.97,113.0,5.2,92.0,7.28,11.0,7.0,240.0,1.0,7.0,2.0,1.0,1.0,2.0,2.0,2.0,,2.0,3.0,0
135693.0,30.0,5.0,22.5,88.6,112.0,79.0,212.0,40.0,5.2,0.15,143.0,2.5,15.9,185.0,12.9,0.87,131.0,4.9,92.0,4.94,8.0,8.0,600.0,1.0,3.0,5.0,2.0,,2.0,2.0,2.0,,2.0,4.0,0
135694.0,78.0,2.61,25.1,95.2,143.0,71.0,147.0,57.0,6.0,0.52,139.0,5.1,10.5,223.0,13.3,1.25,238.0,6.2,110.0,11.25,8.5,8.5,360.0,1.0,3.0,5.0,1.0,3.0,2.0,1.0,1.0,1.0,1.0,2.0,0
135695.0,51.0,4.31,23.6,83.4,139.0,90.0,233.0,75.0,5.2,5.35,141.0,6.9,15.4,276.0,13.2,0.83,117.0,4.0,90.0,0.68,8.0,8.5,480.0,2.0,3.0,5.0,2.0,,2.0,2.0,1.0,,2.0,3.0,0
135697.0,75.0,1.32,31.6,120.7,113.0,71.0,147.0,39.0,6.2,1.01,142.0,9.3,15.9,516.0,13.7,0.95,123.0,4.5,100.0,5.8,7.5,8.0,360.0,1.0,3.0,4.0,2.0,,2.0,2.0,1.0,,1.0,2.0,0
135699.0,38.0,1.09,22.6,87.2,109.0,71.0,230.0,46.0,5.9,0.6,140.0,4.6,14.4,175.0,16.4,1.07,123.0,5.8,87.0,0.5,8.0,8.5,600.0,1.0,7.0,5.0,2.0,,2.0,2.0,2.0,,2.0,2.0,0
135700.0,57.0,2.73,33.3,114.8,138.0,90.0,192.0,49.0,5.1,0.22,137.0,6.9,16.8,211.0,12.8,0.89,189.0,5.4,90.0,9.95,7.5,8.5,600.0,1.0,3.0,5.0,2.0,,2.0,1.0,1.0,1.0,1.0,3.0,0
135701.0,51.0,2.61,28.8,108.4,137.0,90.0,127.0,52.0,6.5,3.15,142.0,14.7,13.3,390.0,16.5,1.28,163.0,7.5,82.0,7.86,7.0,7.0,240.0,1.0,3.0,4.0,2.0,,1.0,2.0,2.0,,2.0,4.0,0
135704.0,73.0,,23.4,88.2,115.0,67.0,212.0,60.0,5.3,2.1,141.0,5.8,14.0,281.0,13.7,0.78,166.0,5.3,89.0,8.99,7.5,7.5,120.0,2.0,3.0,4.0,2.0,,2.0,2.0,2.0,,2.0,3.0,0
135706.0,50.0,0.2,42.6,132.1,115.0,78.0,226.0,54.0,5.5,12.9,140.0,6.6,14.7,267.0,13.0,0.82,157.0,3.9,96.0,6.28,8.5,9.5,120.0,2.0,4.0,2.0,2.0,,2.0,2.0,1.0,,2.0,2.0,0
135709.0,76.0,,32.8,117.5,120.0,75.0,187.0,40.0,5.8,0.99,141.0,4.8,15.1,234.0,13.0,1.28,111.0,7.2,96.0,5.23,5.0,5.0,240.0,1.0,2.0,5.0,1.0,3.0,2.0,1.0,1.0,1.0,1.0,3.0,0
135711.0,75.0,4.34,27.1,105.9,112.0,57.0,143.0,39.0,5.6,0.35,139.0,5.5,15.6,190.0,12.9,1.17,215.0,6.4,91.0,8.22,8.5,8.5,240.0,1.0,3.0,4.0,2.0,,2.0,2.0,9.0,,1.0,1.0,0
135712.0,80.0,4.56,34.6,110.7,141.0,77.0,202.0,48.0,5.7,1.81,142.0,5.4,13.0,199.0,14.4,0.83,137.0,4.0,92.0,22.39,8.0,8.0,360.0,2.0,3.0,4.0,2.0,,2.0,1.0,2.0,2.0,2.0,2.0,0
135713.0,68.0,1.81,32.7,122.4,119.0,66.0,230.0,35.0,7.1,13.32,136.0,7.4,13.6,210.0,14.7,0.95,348.0,4.0,101.0,41.32,4.0,4.0,120.0,1.0,3.0,3.0,1.0,3.0,1.0,1.0,2.0,1.0,2.0,4.0,0
135715.0,68.0,,38.3,117.2,147.0,93.0,284.0,58.0,5.6,4.44,140.0,5.3,13.1,269.0,13.8,1.0,144.0,6.9,94.0,4.46,7.5,7.5,300.0,1.0,3.0,4.0,1.0,3.0,2.0,2.0,1.0,,2.0,3.0,0
135716.0,80.0,1.81,25.1,95.4,166.0,81.0,145.0,47.0,6.2,1.26,142.0,6.3,14.8,244.0,13.7,1.47,200.0,3.9,112.0,164.86,7.0,7.0,240.0,1.0,2.0,5.0,1.0,3.0,1.0,1.0,1.0,1.0,1.0,4.0,1
135719.0,68.0,5.0,27.0,87.0,139.0,73.0,264.0,84.0,5.4,0.86,140.0,5.4,13.6,266.0,13.6,0.67,64.0,3.6,92.0,9.03,9.5,9.5,360.0,2.0,3.0,5.0,1.0,3.0,2.0,2.0,2.0,,2.0,2.0,0
135720.0,48.0,1.93,41.1,120.5,145.0,101.0,162.0,48.0,5.9,4.37,139.0,6.9,11.3,229.0,15.4,1.39,75.0,5.8,89.0,10.99,8.0,9.0,300.0,2.0,4.0,5.0,2.0,,2.0,1.0,2.0,1.0,2.0,3.0,0
135721.0,68.0,1.94,22.8,97.5,180.0,110.0,228.0,60.0,11.0,0.62,138.0,5.0,15.0,238.0,14.0,0.73,276.0,3.9,243.0,56.63,6.0,7.0,360.0,1.0,3.0,3.0,1.0,3.0,3.0,1.0,9.0,2.0,2.0,2.0,0
135722.0,44.0,3.57,27.8,95.8,106.0,73.0,153.0,32.0,5.4,0.71,140.0,6.4,15.0,215.0,15.0,1.37,192.0,6.6,87.0,0.25,6.0,8.0,120.0,1.0,3.0,4.0,2.0,,3.0,2.0,1.0,,2.0,3.0,0
135723.0,55.0,3.96,41.4,129.2,121.0,70.0,229.0,41.0,7.4,15.94,140.0,12.6,14.0,452.0,17.3,0.61,148.0,3.6,162.0,6.38,8.5,8.5,420.0,2.0,3.0,4.0,1.0,3.0,1.0,2.0,1.0,,1.0,5.0,1
135724.0,26.0,5.0,22.6,81.8,108.0,60.0,155.0,59.0,5.1,0.58,139.0,5.8,14.0,212.0,12.4,1.18,56.0,5.5,89.0,0.47,8.5,9.0,840.0,1.0,3.0,5.0,2.0,,2.0,2.0,2.0,,2.0,1.0,0
135726.0,60.0,5.0,23.5,95.3,119.0,69.0,228.0,48.0,5.6,0.79,141.0,7.3,13.6,318.0,13.6,0.91,121.0,6.3,91.0,5.58,6.5,9.0,120.0,1.0,3.0,4.0,1.0,3.0,2.0,2.0,2.0,,2.0,2.0,0
135728.0,20.0,,47.9,124.4,119.0,84.0,151.0,37.0,5.3,13.07,141.0,5.5,13.2,323.0,14.2,1.13,68.0,7.5,90.0,5.54,3.0,7.0,360.0,1.0,4.0,3.0,2.0,,2.0,1.0,2.0,2.0,2.0,3.0,0
135730.0,66.0,3.02,37.8,106.1,116.0,67.0,193.0,51.0,5.9,4.38,141.0,6.2,14.2,202.0,13.7,0.62,130.0,4.0,103.0,6.39,9.0,9.0,240.0,2.0,1.0,1.0,2.0,,2.0,2.0,2.0,,2.0,2.0,0
135731.0,32.0,1.91,44.5,129.4,125.0,88.0,214.0,41.0,5.7,10.31,138.0,11.2,15.3,328.0,13.5,1.2,270.0,8.6,102.0,1130.37,4.0,8.5,120.0,1.0,1.0,3.0,2.0,,2.0,2.0,1.0,,2.0,3.0,0
135734.0,59.0,1.34,37.4,113.6,159.0,113.0,152.0,49.0,7.2,1.66,140.0,7.1,14.5,276.0,13.4,1.33,96.0,7.1,107.0,35.28,9.0,9.0,240.0,2.0,3.0,3.0,2.0,,1.0,1.0,1.0,1.0,1.0,3.0,0
135738.0,48.0,,26.8,96.6,124.0,86.0,235.0,38.0,4.9,1.16,141.0,5.0,17.2,182.0,13.7,0.87,154.0,5.4,93.0,4.88,8.0,8.0,540.0,1.0,3.0,5.0,1.0,3.0,2.0,2.0,1.0,,2.0,2.0,0
135740.0,76.0,5.0,36.6,102.2,138.0,84.0,203.0,77.0,5.4,4.0,142.0,7.2,13.9,259.0,14.0,0.63,83.0,6.3,91.0,6.0,8.5,8.5,420.0,2.0,2.0,4.0,2.0,,2.0,1.0,2.0,1.0,2.0,2.0,0
135741.0,60.0,1.44,37.4,125.7,159.0,90.0,156.0,38.0,5.8,8.6,140.0,12.1,15.2,201.0,14.4,0.72,102.0,6.2,102.0,17.28,8.0,8.0,180.0,1.0,2.0,5.0,2.0,,2.0,1.0,2.0,1.0,2.0,3.0,0
135742.0,66.0,3.09,25.4,100.2,111.0,71.0,243.0,36.0,6.3,3.33,137.0,4.3,15.2,331.0,12.9,1.1,141.0,5.9,103.0,15.91,8.0,8.0,120.0,1.0,3.0,3.0,1.0,3.0,1.0,1.0,1.0,1.0,2.0,4.0,1
135743.0,74.0,5.0,28.8,109.2,145.0,69.0,245.0,64.0,5.4,5.9,137.0,8.9,16.7,241.0,13.6,0.6,124.0,5.3,125.0,8.63,8.5,8.5,540.0,2.0,3.0,4.0,2.0,,2.0,1.0,1.0,1.0,1.0,1.0,0
135745.0,51.0,3.19,50.0,141.0,129.0,82.0,165.0,54.0,5.8,4.94,138.0,7.2,13.1,346.0,13.6,0.63,167.0,5.7,87.0,82.36,10.0,10.0,300.0,2.0,3.0,4.0,1.0,3.0,2.0,1.0,1.0,1.0,1.0,4.0,0
135747.0,40.0,,25.8,92.2,117.0,79.0,134.0,60.0,5.4,1.24,141.0,5.5,13.7,277.0,13.2,0.87,67.0,3.7,95.0,5.17,8.0,8.0,480.0,2.0,3.0,2.0,2.0,,2.0,2.0,2.0,,2.0,3.0,0
135766.0,41.0,,24.2,83.7,96.0,66.0,200.0,62.0,5.0,1.57,137.0,7.8,13.0,280.0,13.5,0.56,54.0,3.4,86.0,9.9,7.0,8.0,120.0,2.0,2.0,4.0,2.0,,2.0,2.0,2.0,,2.0,3.0,0
135768.0,62.0,1.03,25.7,87.0,110.0,75.0,179.0,58.0,5.8,37.91,136.0,11.7,14.0,290.0,14.2,0.75,76.0,3.8,97.0,6.28,8.0,8.0,5.0,2.0,4.0,4.0,2.0,,2.0,2.0,2.0,,2.0,3.0,0
135770.0,60.0,,21.2,84.9,107.0,72.0,240.0,46.0,5.0,0.7,136.0,4.6,13.4,162.0,12.9,1.12,122.0,3.5,92.0,,9.0,8.5,480.0,1.0,3.0,5.0,2.0,,2.0,2.0,2.0,,2.0,3.0,0
135772.0,46.0,3.77,36.4,123.7,118.0,74.0,107.0,39.0,5.4,2.54,140.0,5.4,14.4,260.0,14.0,1.06,76.0,5.6,104.0,5.95,6.5,7.5,780.0,1.0,3.0,5.0,2.0,,2.0,1.0,2.0,1.0,2.0,1.0,0
135776.0,71.0,2.67,20.4,85.0,104.0,62.0,126.0,49.0,6.7,0.48,139.0,7.8,12.6,284.0,14.7,0.65,69.0,3.3,111.0,10.07,6.0,6.5,120.0,1.0,7.0,4.0,1.0,1.0,1.0,2.0,1.0,,1.0,2.0,1
135777.0,61.0,3.69,23.4,91.6,125.0,77.0,162.0,71.0,11.3,0.98,136.0,6.0,14.6,172.0,13.4,0.62,120.0,3.6,241.0,41.57,7.5,8.0,540.0,2.0,2.0,3.0,2.0,,1.0,2.0,2.0,,2.0,3.0,0
135782.0,31.0,3.75,39.4,133.4,118.0,71.0,192.0,38.0,7.6,7.57,143.0,8.2,14.2,303.0,13.0,0.63,226.0,6.6,104.0,6.47,8.0,8.0,120.0,1.0,3.0,4.0,2.0,,1.0,1.0,1.0,1.0,1.0,3.0,0
135783.0,59.0,5.397605346934028e-79,30.0,117.1,127.0,76.0,231.0,90.0,5.2,2.55,142.0,4.1,13.6,238.0,15.5,0.67,116.0,5.3,101.0,12.44,6.0,6.0,360.0,1.0,3.0,3.0,1.0,2.0,2.0,2.0,1.0,,2.0,4.0,0
135787.0,72.0,,27.6,,141.0,67.0,215.0,58.0,5.6,1.59,141.0,7.7,13.9,225.0,13.6,0.64,97.0,4.2,96.0,8.44,9.0,9.0,180.0,2.0,3.0,5.0,2.0,,2.0,2.0,2.0,,2.0,3.0,0
135790.0,64.0,0.81,48.1,128.9,115.0,79.0,191.0,63.0,6.4,5.87,140.0,9.5,13.6,191.0,14.2,0.81,167.0,7.3,95.0,7.35,7.0,9.0,720.0,2.0,3.0,3.0,2.0,,2.0,1.0,1.0,1.0,2.0,3.0,0
135792.0,37.0,1.7,41.3,119.5,94.0,69.0,167.0,58.0,5.5,7.45,137.0,5.5,12.7,313.0,14.6,0.71,64.0,5.6,94.0,8.84,6.5,12.0,240.0,2.0,3.0,2.0,2.0,,2.0,2.0,2.0,,2.0,3.0,0
135794.0,34.0,2.07,38.1,109.9,97.0,68.0,233.0,35.0,5.3,2.82,139.0,6.3,16.0,199.0,12.8,1.14,204.0,7.9,92.0,5.77,7.5,10.0,600.0,1.0,3.0,3.0,2.0,,2.0,2.0,2.0,,2.0,2.0,0
135797.0,65.0,,26.6,97.9,119.0,73.0,198.0,78.0,5.8,1.45,139.0,6.1,14.2,239.0,14.1,0.79,102.0,5.7,93.0,8.27,7.0,7.0,360.0,2.0,3.0,4.0,1.0,3.0,2.0,1.0,1.0,2.0,1.0,1.0,0
135798.0,56.0,1.1,23.3,94.9,131.0,91.0,197.0,57.0,6.0,0.69,139.0,6.3,15.2,249.0,13.1,0.91,114.0,3.5,83.0,0.88,8.5,8.0,120.0,1.0,3.0,3.0,2.0,,2.0,2.0,1.0,,1.0,2.0,0
135801.0,71.0,4.56,27.9,111.8,120.0,71.0,152.0,49.0,5.6,2.59,140.0,7.3,16.1,166.0,14.3,0.81,100.0,4.1,102.0,6.88,7.0,6.5,300.0,1.0,3.0,5.0,2.0,,2.0,2.0,1.0,,1.0,3.0,0
135804.0,78.0,4.69,31.2,121.5,143.0,69.0,191.0,36.0,5.9,1.15,139.0,6.3,14.4,216.0,14.1,1.01,164.0,7.6,108.0,7.61,11.0,11.0,360.0,1.0,3.0,4.0,1.0,3.0,2.0,2.0,1.0,,1.0,3.0,1
135806.0,80.0,5.0,24.9,89.2,146.0,90.0,140.0,57.0,5.6,0.82,128.0,2.6,12.2,444.0,13.7,0.59,38.0,2.5,95.0,24.04,7.5,7.5,180.0,2.0,3.0,5.0,2.0,,2.0,1.0,2.0,1.0,2.0,3.0,0
135807.0,63.0,1.77,24.1,91.5,146.0,114.0,133.0,49.0,5.1,1.24,141.0,8.9,13.2,203.0,12.9,1.07,134.0,4.7,104.0,23.62,7.5,7.5,360.0,1.0,4.0,4.0,1.0,3.0,2.0,1.0,1.0,1.0,1.0,4.0,1
135808.0,41.0,5.0,30.9,105.2,118.0,81.0,190.0,55.0,5.7,0.93,139.0,6.2,13.5,299.0,12.6,0.91,68.0,4.3,100.0,0.88,8.0,9.0,420.0,1.0,3.0,5.0,2.0,,2.0,2.0,2.0,,2.0,1.0,0
135809.0,45.0,4.64,31.4,104.4,117.0,79.0,199.0,42.0,5.4,6.84,137.0,6.2,15.3,216.0,12.5,0.87,205.0,4.9,97.0,4.01,6.5,12.5,360.0,1.0,3.0,4.0,1.0,3.0,2.0,2.0,2.0,,2.0,3.0,0
135811.0,67.0,4.56,22.5,88.6,128.0,73.0,284.0,84.0,5.3,2.11,142.0,3.4,9.4,286.0,24.3,0.67,161.0,5.9,89.0,31.55,7.0,7.0,240.0,2.0,3.0,5.0,2.0,,2.0,2.0,1.0,,2.0,3.0,0
135821.0,42.0,5.0,37.9,117.6,128.0,79.0,238.0,43.0,5.5,3.14,139.0,6.1,15.4,292.0,13.5,0.87,243.0,6.8,107.0,4.15,6.5,7.0,180.0,1.0,2.0,2.0,2.0,,2.0,2.0,2.0,,2.0,3.0,0
135822.0,46.0,5.0,41.0,134.3,113.0,90.0,250.0,38.0,5.4,3.87,141.0,7.7,15.3,247.0,12.9,0.93,187.0,5.7,103.0,13.45,8.0,8.0,660.0,1.0,3.0,5.0,2.0,,2.0,2.0,2.0,,2.0,3.0,0
135823.0,77.0,2.06,24.9,78.2,146.0,81.0,205.0,63.0,5.6,2.37,136.0,7.2,12.8,360.0,14.6,0.71,83.0,4.3,93.0,24.29,8.5,8.5,360.0,2.0,3.0,5.0,1.0,3.0,3.0,1.0,1.0,1.0,1.0,3.0,0
135826.0,68.0,4.12,34.4,108.2,119.0,75.0,217.0,60.0,5.8,3.22,139.0,5.7,12.2,255.0,15.1,0.68,120.0,3.7,91.0,0.81,8.0,8.0,540.0,2.0,3.0,4.0,2.0,,2.0,2.0,1.0,,2.0,2.0,0
135830.0,41.0,0.74,17.6,63.5,107.0,70.0,175.0,62.0,4.8,0.61,140.0,4.1,15.3,144.0,12.7,0.77,71.0,5.4,93.0,8.15,10.0,9.5,60.0,1.0,2.0,3.0,2.0,,2.0,2.0,2.0,,2.0,4.0,0
135832.0,50.0,,27.4,92.4,106.0,69.0,163.0,41.0,5.6,2.14,142.0,4.5,14.7,211.0,13.4,0.78,111.0,4.8,109.0,5.3,8.0,9.0,60.0,1.0,2.0,4.0,2.0,,2.0,2.0,2.0,,2.0,2.0,0
135834.0,34.0,4.14,33.8,98.4,124.0,85.0,126.0,48.0,4.6,4.65,143.0,5.9,9.8,338.0,13.4,0.78,68.0,4.4,75.0,4.31,4.0,8.0,300.0,2.0,4.0,5.0,1.0,3.0,2.0,1.0,2.0,2.0,2.0,3.0,0
135839.0,62.0,2.73,38.1,113.8,113.0,73.0,153.0,52.0,5.5,4.24,138.0,8.8,15.4,290.0,13.0,0.93,94.0,4.6,76.0,1.17,7.0,8.0,480.0,2.0,3.0,3.0,1.0,3.0,2.0,1.0,2.0,1.0,1.0,4.0,0
135841.0,37.0,5.0,23.0,80.0,111.0,66.0,195.0,54.0,5.0,0.31,142.0,8.3,15.1,239.0,13.4,0.98,121.0,6.1,85.0,6.74,7.0,7.5,780.0,1.0,3.0,5.0,2.0,,2.0,2.0,2.0,,2.0,1.0,0
135842.0,58.0,5.0,34.9,101.1,128.0,85.0,193.0,52.0,6.8,8.36,141.0,6.7,13.0,181.0,14.7,1.09,85.0,5.6,117.0,4.52,8.0,8.0,360.0,2.0,4.0,4.0,2.0,,1.0,1.0,2.0,1.0,2.0,2.0,0
135844.0,32.0,1.85,18.5,78.5,115.0,90.0,176.0,62.0,5.0,0.66,142.0,6.1,13.2,303.0,14.2,0.67,82.0,4.1,89.0,6.25,9.0,8.0,120.0,2.0,2.0,4.0,2.0,,2.0,2.0,2.0,,2.0,2.0,0
135845.0,66.0,1.86,23.4,90.4,129.0,64.0,199.0,58.0,5.7,1.7,138.0,4.4,14.4,227.0,13.5,0.54,121.0,3.4,100.0,1.17,7.5,7.5,60.0,2.0,3.0,3.0,2.0,,2.0,2.0,1.0,,2.0,3.0,0
135846.0,61.0,1.67,18.9,77.1,143.0,83.0,120.0,50.0,5.3,4.81,137.0,7.8,13.3,325.0,12.7,0.98,42.0,5.8,92.0,17.09,8.0,8.5,300.0,1.0,7.0,4.0,1.0,1.0,2.0,2.0,2.0,,2.0,4.0,0
135848.0,80.0,4.78,24.8,95.7,128.0,61.0,173.0,68.0,5.8,2.28,141.0,7.4,13.3,271.0,14.1,0.72,137.0,5.4,101.0,6.05,7.5,7.5,240.0,2.0,3.0,5.0,1.0,3.0,2.0,2.0,1.0,,1.0,3.0,0
135849.0,63.0,4.46,25.9,91.2,109.0,63.0,253.0,93.0,5.3,2.93,138.0,8.3,14.2,223.0,13.2,0.84,124.0,4.6,89.0,1.24,8.5,8.5,240.0,2.0,3.0,4.0,1.0,3.0,2.0,2.0,2.0,,2.0,2.0,0
135851.0,60.0,5.0,19.5,73.6,99.0,61.0,193.0,72.0,5.6,0.63,140.0,4.3,14.0,184.0,13.5,0.67,62.0,5.9,90.0,5.61,7.5,8.0,600.0,2.0,6.0,5.0,2.0,,2.0,2.0,2.0,,2.0,1.0,0
135853.0,80.0,1.03,26.0,97.6,100.0,38.0,159.0,49.0,5.8,0.96,139.0,4.3,11.5,255.0,15.6,1.35,101.0,6.9,95.0,16.04,10.0,10.0,300.0,1.0,3.0,4.0,2.0,,2.0,1.0,2.0,1.0,1.0,2.0,0
135855.0,79.0,1.71,40.6,118.0,146.0,72.0,159.0,58.0,5.7,2.06,141.0,8.3,12.8,240.0,13.6,1.13,139.0,7.5,99.0,16.01,7.5,8.0,300.0,2.0,3.0,4.0,2.0,,2.0,1.0,1.0,1.0,1.0,2.0,0
135858.0,70.0,3.29,23.0,87.0,107.0,62.0,217.0,83.0,4.7,3.09,142.0,4.2,12.9,232.0,13.8,0.79,83.0,3.1,73.0,6.35,8.0,9.0,180.0,2.0,3.0,5.0,1.0,3.0,2.0,2.0,2.0,,2.0,3.0,0
135859.0,64.0,5.0,20.0,82.5,117.0,76.0,194.0,87.0,5.7,0.9,140.0,11.0,15.8,327.0,12.8,0.94,119.0,3.4,101.0,5.18,9.0,9.0,660.0,1.0,3.0,4.0,1.0,3.0,2.0,1.0,1.0,2.0,1.0,2.0,0
135865.0,80.0,1.22,24.7,95.2,117.0,75.0,169.0,39.0,5.6,0.33,140.0,7.3,14.8,199.0,15.7,1.38,123.0,6.0,117.0,26.01,8.0,9.5,60.0,1.0,3.0,2.0,2.0,,2.0,1.0,1.0,1.0,1.0,3.0,0
135867.0,74.0,0.74,21.6,87.7,163.0,110.0,263.0,99.0,5.6,0.77,135.0,8.1,14.9,324.0,13.4,0.83,76.0,5.8,104.0,14.61,7.0,7.0,720.0,1.0,6.0,5.0,1.0,3.0,2.0,1.0,2.0,1.0,2.0,4.0,0
135868.0,41.0,5.0,28.5,96.4,107.0,66.0,231.0,88.0,4.7,0.85,137.0,9.1,13.9,340.0,13.6,0.64,85.0,3.9,92.0,7.51,7.0,7.0,420.0,2.0,3.0,5.0,1.0,3.0,2.0,2.0,2.0,,2.0,2.0,0
135872.0,57.0,5.0,32.6,103.9,112.0,74.0,162.0,40.0,6.0,3.7,141.0,6.4,12.8,294.0,15.3,0.85,255.0,6.5,112.0,14.7,8.0,9.0,480.0,2.0,3.0,5.0,2.0,,2.0,2.0,1.0,,1.0,2.0,0
135873.0,56.0,0.61,58.4,152.7,115.0,73.0,117.0,39.0,7.1,6.92,141.0,8.5,13.2,369.0,14.4,1.12,69.0,7.2,133.0,25.61,4.0,4.0,1200.0,1.0,3.0,4.0,1.0,3.0,1.0,1.0,1.0,1.0,1.0,4.0,0
135876.0,61.0,5.0,23.3,89.2,109.0,84.0,273.0,56.0,5.5,4.06,139.0,6.4,13.9,544.0,13.0,0.81,155.0,3.8,100.0,22.69,8.5,8.5,360.0,2.0,3.0,5.0,1.0,3.0,2.0,2.0,2.0,,2.0,2.0,0
135877.0,77.0,5.0,34.1,124.3,113.0,74.0,202.0,44.0,5.8,6.34,143.0,8.4,14.0,189.0,13.8,0.76,99.0,4.7,97.0,51.5,7.0,9.0,540.0,1.0,3.0,5.0,2.0,,2.0,1.0,2.0,1.0,2.0,3.0,0
135881.0,28.0,0.77,24.6,86.5,123.0,70.0,168.0,83.0,4.6,0.29,142.0,4.6,11.6,305.0,13.1,0.76,118.0,4.1,92.0,8.32,9.0,13.0,150.0,1.0,2.0,1.0,1.0,3.0,2.0,2.0,2.0,,2.0,1.0,0
135882.0,46.0,,39.0,111.4,108.0,77.0,214.0,49.0,5.2,10.31,137.0,6.8,13.6,304.0,13.7,0.74,65.0,4.6,91.0,6.51,6.0,5.0,300.0,2.0,2.0,1.0,2.0,,2.0,2.0,1.0,,2.0,4.0,0
135885.0,20.0,1.23,25.6,88.5,107.0,65.0,141.0,48.0,5.2,0.49,140.0,7.6,15.0,298.0,13.0,0.93,68.0,4.5,100.0,0.32,9.0,9.0,240.0,1.0,1.0,3.0,2.0,,2.0,2.0,2.0,,2.0,1.0,0
135886.0,30.0,0.57,32.0,103.6,102.0,62.0,184.0,45.0,5.0,5.68,139.0,5.8,13.3,249.0,13.5,0.5,138.0,2.1,93.0,19.94,5.5,9.0,30.0,2.0,2.0,3.0,2.0,,2.0,2.0,2.0,,2.0,2.0,0
135890.0,58.0,2.62,23.5,89.1,111.0,62.0,171.0,54.0,5.6,1.41,138.0,8.3,14.9,307.0,12.3,0.8,81.0,5.0,92.0,6.26,6.0,6.0,240.0,1.0,3.0,5.0,2.0,,2.0,2.0,2.0,,2.0,1.0,0
135891.0,37.0,3.09,28.7,98.9,112.0,85.0,209.0,46.0,5.5,1.05,141.0,6.0,16.0,220.0,12.9,1.11,215.0,4.8,101.0,6.49,6.5,9.5,180.0,1.0,3.0,3.0,1.0,3.0,2.0,2.0,2.0,,2.0,1.0,0
135892.0,20.0,2.82,21.0,75.9,130.0,82.0,95.0,47.0,5.2,1.79,141.0,4.4,15.0,206.0,12.5,1.06,31.0,6.1,92.0,11.52,6.0,7.0,,1.0,3.0,4.0,1.0,1.0,2.0,2.0,2.0,,2.0,2.0,0
135893.0,71.0,5.0,39.1,120.7,136.0,75.0,195.0,66.0,5.5,2.39,139.0,7.7,14.9,263.0,16.4,0.77,157.0,6.3,91.0,14.14,10.0,10.0,420.0,2.0,3.0,5.0,1.0,3.0,2.0,1.0,1.0,1.0,1.0,3.0,0
135895.0,20.0,5.0,17.7,70.6,103.0,67.0,123.0,36.0,4.7,1.71,136.0,4.1,14.3,201.0,12.1,0.77,47.0,4.4,104.0,6.8,10.5,10.5,300.0,1.0,3.0,2.0,2.0,,2.0,2.0,2.0,,2.0,1.0,0
135900.0,61.0,,45.9,127.1,135.0,83.0,185.0,43.0,6.2,30.56,139.0,6.5,11.8,268.0,14.9,0.88,105.0,5.5,111.0,25.16,3.0,3.0,180.0,2.0,4.0,4.0,2.0,,2.0,2.0,2.0,,2.0,4.0,0
135902.0,27.0,2.87,24.6,96.3,138.0,80.0,187.0,33.0,5.3,0.66,137.0,8.5,15.4,286.0,12.7,1.17,224.0,6.2,106.0,14.8,10.0,10.0,240.0,1.0,3.0,4.0,2.0,,2.0,2.0,2.0,,2.0,2.0,0
135903.0,62.0,2.46,35.1,106.3,133.0,80.0,199.0,48.0,6.1,1.2,140.0,8.2,14.8,327.0,13.3,0.82,112.0,6.1,99.0,8.09,7.0,7.0,360.0,1.0,1.0,1.0,1.0,3.0,3.0,1.0,1.0,2.0,1.0,3.0,0
135906.0,26.0,1.44,21.2,82.8,98.0,62.0,180.0,45.0,5.3,0.43,139.0,7.0,11.9,215.0,12.6,0.65,113.0,3.4,103.0,5.68,7.0,12.0,180.0,2.0,4.0,4.0,2.0,,2.0,2.0,2.0,,2.0,2.0,0
135908.0,63.0,4.42,24.9,95.6,115.0,79.0,210.0,66.0,5.4,1.98,139.0,7.5,13.9,262.0,13.3,0.76,179.0,3.9,95.0,16.73,9.5,9.5,180.0,2.0,3.0,5.0,2.0,,2.0,1.0,1.0,1.0,1.0,2.0,0
135909.0,34.0,2.16,25.1,99.5,110.0,73.0,163.0,29.0,6.4,7.06,140.0,7.7,11.9,310.0,13.7,0.55,385.0,5.1,122.0,22.04,8.0,9.0,300.0,2.0,6.0,4.0,2.0,,3.0,2.0,2.0,,2.0,2.0,0
135911.0,65.0,1.27,29.6,111.6,117.0,77.0,266.0,56.0,6.2,0.97,140.0,6.2,15.3,270.0,12.9,1.05,91.0,6.7,150.0,5.05,7.5,8.0,300.0,1.0,3.0,4.0,2.0,,1.0,2.0,1.0,,2.0,4.0,0
135914.0,63.0,4.53,34.4,115.7,106.0,75.0,235.0,41.0,5.7,5.85,139.0,6.4,14.2,262.0,13.7,0.85,255.0,3.7,87.0,5.12,8.5,10.0,540.0,2.0,3.0,5.0,1.0,1.0,2.0,2.0,1.0,,2.0,2.0,0
135916.0,60.0,3.55,27.0,,130.0,71.0,193.0,48.0,5.4,4.19,142.0,7.4,12.6,303.0,13.5,0.92,169.0,5.0,89.0,6.89,9.0,9.0,600.0,2.0,3.0,3.0,2.0,,2.0,1.0,2.0,1.0,2.0,3.0,0
135919.0,62.0,3.04,33.9,109.6,101.0,73.0,244.0,74.0,5.9,2.37,142.0,,,,,0.87,95.0,5.4,89.0,0.91,7.5,7.5,90.0,2.0,3.0,5.0,2.0,,2.0,2.0,2.0,,2.0,2.0,0
135920.0,40.0,,31.6,101.3,98.0,59.0,157.0,52.0,5.8,1.81,137.0,4.1,12.1,278.0,13.8,0.77,59.0,3.1,91.0,5.04,9.5,9.0,480.0,2.0,4.0,4.0,2.0,,2.0,2.0,2.0,,2.0,2.0,0
135921.0,44.0,,,,105.0,62.0,128.0,54.0,5.1,1.33,136.0,4.1,8.4,188.0,16.5,0.58,66.0,3.7,79.0,6.79,9.0,6.0,120.0,2.0,2.0,5.0,2.0,,2.0,1.0,2.0,2.0,2.0,3.0,0
135927.0,40.0,,31.4,114.9,109.0,70.0,147.0,42.0,5.1,1.87,140.0,5.7,15.0,200.0,12.2,1.06,145.0,7.0,97.0,,8.5,8.0,600.0,1.0,3.0,5.0,1.0,3.0,2.0,2.0,2.0,,2.0,2.0,0
135928.0,75.0,0.76,30.6,99.1,122.0,80.0,157.0,57.0,5.6,0.15,139.0,4.7,11.4,203.0,14.4,0.85,81.0,3.9,81.0,10.99,4.5,4.5,240.0,2.0,4.0,4.0,2.0,,1.0,1.0,1.0,1.0,1.0,2.0,0
135929.0,73.0,1.91,26.0,101.2,125.0,72.0,187.0,72.0,7.6,0.52,144.0,4.3,12.3,223.0,13.3,0.55,105.0,3.5,153.0,11.49,7.0,7.0,120.0,2.0,6.0,5.0,2.0,,1.0,2.0,2.0,,1.0,3.0,0
135930.0,59.0,5.0,22.2,89.4,95.0,63.0,187.0,66.0,5.5,0.71,141.0,4.1,13.8,246.0,12.4,0.63,65.0,4.6,98.0,5.2,8.0,9.0,300.0,2.0,3.0,5.0,2.0,,2.0,2.0,1.0,,1.0,1.0,0
135937.0,26.0,3.43,28.3,98.3,115.0,79.0,208.0,37.0,5.1,1.98,139.0,7.9,17.1,250.0,12.6,1.07,142.0,7.8,90.0,5.24,9.0,8.5,180.0,1.0,7.0,4.0,2.0,,2.0,2.0,2.0,,2.0,1.0,0
135938.0,28.0,5.0,20.5,73.4,80.0,56.0,169.0,80.0,5.2,1.76,140.0,5.4,13.7,263.0,13.1,0.72,50.0,4.3,86.0,3.67,8.5,9.0,360.0,2.0,6.0,5.0,2.0,,2.0,2.0,2.0,,2.0,1.0,0
135940.0,47.0,5.0,24.3,83.9,94.0,63.0,131.0,78.0,5.1,0.35,141.0,4.9,12.5,208.0,13.3,0.74,58.0,3.8,91.0,8.77,7.5,9.0,480.0,2.0,3.0,5.0,2.0,,2.0,2.0,2.0,,2.0,2.0,0
135941.0,21.0,1.3,24.5,76.5,113.0,71.0,153.0,54.0,5.4,0.28,138.0,10.2,13.3,292.0,13.7,0.74,88.0,4.5,90.0,7.63,8.5,9.5,240.0,2.0,3.0,4.0,2.0,,2.0,2.0,2.0,,2.0,2.0,0
135943.0,69.0,0.68,31.8,92.0,143.0,75.0,205.0,62.0,5.3,4.21,137.0,5.0,12.3,254.0,14.1,0.74,122.0,5.3,87.0,9.75,8.0,8.0,120.0,2.0,4.0,3.0,2.0,,2.0,1.0,2.0,1.0,2.0,3.0,0
135945.0,48.0,4.12,26.1,93.9,141.0,92.0,209.0,84.0,5.1,0.65,140.0,7.0,13.9,276.0,13.0,0.71,125.0,5.2,120.0,1.05,8.0,9.0,360.0,2.0,3.0,5.0,2.0,,2.0,2.0,2.0,,2.0,1.0,0
135946.0,72.0,,37.6,126.8,110.0,78.0,203.0,57.0,5.7,4.9,143.0,6.5,12.6,244.0,13.8,0.98,126.0,6.1,109.0,7.89,7.0,7.0,600.0,1.0,7.0,4.0,2.0,,2.0,1.0,1.0,1.0,1.0,2.0,0
135953.0,60.0,0.66,29.7,105.0,136.0,88.0,304.0,69.0,6.5,1.28,142.0,7.6,13.1,297.0,14.5,0.88,328.0,3.5,93.0,,10.0,10.0,360.0,2.0,7.0,3.0,2.0,,1.0,1.0,1.0,1.0,2.0,3.0,0
135956.0,30.0,1.2,44.3,142.2,121.0,92.0,144.0,41.0,4.6,13.01,134.0,8.5,13.8,291.0,14.1,0.78,63.0,7.4,83.0,0.91,10.0,9.0,240.0,1.0,1.0,2.0,2.0,,2.0,2.0,2.0,,2.0,4.0,0
135957.0,53.0,2.19,37.2,118.2,120.0,91.0,389.0,49.0,8.1,5.52,135.0,11.8,15.4,290.0,14.1,0.99,198.0,5.3,141.0,8.11,9.5,8.0,180.0,2.0,3.0,4.0,1.0,1.0,2.0,2.0,1.0,,2.0,3.0,0
135959.0,76.0,4.1,21.6,80.8,127.0,79.0,208.0,73.0,5.4,3.04,141.0,6.2,11.3,319.0,13.1,1.0,106.0,3.4,101.0,5.83,5.0,5.0,240.0,2.0,3.0,4.0,2.0,,2.0,2.0,2.0,,2.0,2.0,0
135960.0,75.0,1.84,29.3,98.8,113.0,70.0,202.0,35.0,5.6,2.15,141.0,8.0,14.1,218.0,12.9,1.32,277.0,8.5,108.0,9.54,7.5,7.5,9999.0,2.0,3.0,3.0,2.0,,2.0,2.0,2.0,,2.0,1.0,0
135961.0,26.0,2.61,39.6,111.0,125.0,91.0,169.0,58.0,5.2,6.6,141.0,6.6,12.8,242.0,14.2,0.69,66.0,4.4,82.0,0.88,9.0,9.5,240.0,2.0,3.0,3.0,2.0,,2.0,2.0,2.0,,2.0,3.0,0
135962.0,50.0,5.0,43.4,128.7,108.0,74.0,228.0,53.0,5.5,31.44,140.0,9.1,13.2,264.0,15.2,0.67,101.0,4.3,96.0,12.71,9.0,10.0,540.0,2.0,3.0,5.0,2.0,,2.0,1.0,1.0,1.0,2.0,3.0,0
135964.0,23.0,0.34,37.4,113.5,91.0,61.0,203.0,55.0,4.8,1.55,140.0,10.6,13.6,337.0,12.7,0.73,245.0,5.0,90.0,21.8,8.0,7.0,360.0,2.0,7.0,2.0,2.0,,2.0,2.0,2.0,,2.0,3.0,0
135966.0,30.0,0.25,29.6,97.2,123.0,74.0,230.0,58.0,5.2,0.99,136.0,7.2,11.7,274.0,16.4,0.7,106.0,4.1,89.0,4.23,4.0,14.0,120.0,2.0,4.0,3.0,2.0,,2.0,2.0,2.0,,2.0,3.0,0
135969.0,33.0,5.0,28.2,100.4,129.0,80.0,194.0,36.0,5.4,0.95,138.0,7.2,12.3,224.0,16.3,0.91,212.0,6.5,89.0,28.73,8.0,10.0,720.0,1.0,1.0,4.0,2.0,,2.0,1.0,1.0,1.0,2.0,3.0,0
135973.0,78.0,2.65,27.9,106.7,159.0,63.0,169.0,58.0,5.9,4.66,143.0,7.5,12.6,221.0,15.2,0.73,141.0,4.4,104.0,7.63,9.5,9.5,300.0,2.0,3.0,3.0,1.0,3.0,2.0,1.0,1.0,1.0,1.0,3.0,1
135976.0,76.0,,31.0,103.9,123.0,58.0,170.0,54.0,5.4,8.81,138.0,5.3,13.1,275.0,13.9,0.82,161.0,5.5,80.0,5.78,9.0,10.0,360.0,2.0,3.0,5.0,1.0,3.0,1.0,1.0,2.0,2.0,2.0,3.0,1
135977.0,73.0,0.88,33.9,109.4,125.0,77.0,134.0,48.0,5.7,3.63,139.0,7.3,15.0,168.0,13.6,1.54,101.0,5.3,104.0,5.04,8.0,8.0,600.0,2.0,3.0,3.0,1.0,1.0,3.0,1.0,2.0,1.0,2.0,3.0,1
135980.0,55.0,2.04,30.1,90.2,106.0,67.0,215.0,49.0,5.6,3.96,141.0,4.4,15.6,238.0,13.4,0.64,143.0,3.8,114.0,35.52,8.0,7.5,90.0,2.0,3.0,4.0,2.0,,2.0,2.0,2.0,,2.0,3.0,0
135982.0,60.0,3.02,35.6,125.2,110.0,72.0,220.0,82.0,5.3,1.39,139.0,4.4,14.3,177.0,13.6,0.72,102.0,3.6,101.0,5.48,7.0,8.0,600.0,2.0,3.0,4.0,1.0,3.0,2.0,2.0,2.0,,2.0,3.0,0
135983.0,21.0,,22.0,76.9,95.0,65.0,142.0,62.0,5.1,0.74,142.0,5.9,15.3,246.0,13.0,0.77,63.0,4.0,87.0,9.07,9.0,10.0,240.0,2.0,3.0,4.0,2.0,,2.0,2.0,2.0,,2.0,2.0,0
135985.0,46.0,0.2,33.7,89.2,119.0,85.0,172.0,33.0,5.7,6.28,139.0,11.8,9.8,369.0,15.5,0.49,152.0,3.5,103.0,12.31,9.5,11.0,180.0,2.0,2.0,3.0,2.0,,2.0,2.0,1.0,,2.0,1.0,0
135987.0,79.0,2.18,28.9,108.4,117.0,55.0,174.0,36.0,5.3,2.53,140.0,10.1,15.7,265.0,14.0,0.85,197.0,5.1,88.0,44.15,8.0,8.0,180.0,1.0,3.0,4.0,1.0,3.0,2.0,2.0,2.0,,2.0,1.0,0
135988.0,63.0,5.0,27.1,97.1,118.0,84.0,182.0,52.0,5.3,1.25,141.0,6.3,15.6,185.0,14.1,1.14,82.0,7.0,93.0,4.24,7.5,8.0,600.0,1.0,3.0,4.0,2.0,,2.0,2.0,2.0,,2.0,2.0,0
135991.0,32.0,0.68,47.7,111.8,116.0,78.0,156.0,45.0,5.0,1.4,138.0,6.3,9.3,402.0,21.6,0.66,79.0,4.6,87.0,6.84,4.0,7.0,300.0,2.0,7.0,4.0,1.0,2.0,2.0,1.0,2.0,2.0,2.0,3.0,0
135992.0,66.0,1.38,24.5,91.5,93.0,63.0,138.0,50.0,5.0,0.99,138.0,4.7,16.1,183.0,12.7,1.46,76.0,5.5,93.0,13.33,8.0,9.0,300.0,1.0,3.0,5.0,2.0,,2.0,2.0,1.0,,1.0,3.0,1
135993.0,55.0,3.24,35.9,119.2,123.0,81.0,180.0,48.0,5.7,6.04,138.0,6.3,14.8,247.0,13.8,1.1,86.0,6.0,105.0,14.94,5.0,7.0,300.0,1.0,1.0,3.0,2.0,,2.0,1.0,2.0,1.0,2.0,2.0,0
135997.0,25.0,2.39,38.9,119.4,112.0,69.0,128.0,43.0,4.9,12.34,137.0,16.0,12.6,343.0,12.9,0.49,144.0,3.3,81.0,14.23,8.5,8.5,540.0,2.0,3.0,5.0,2.0,,2.0,2.0,2.0,,2.0,2.0,0
135998.0,23.0,1.03,25.5,96.6,124.0,77.0,209.0,51.0,5.1,1.17,139.0,4.8,14.6,223.0,13.4,0.87,69.0,5.5,88.0,6.02,7.0,7.0,480.0,1.0,2.0,4.0,2.0,,2.0,2.0,1.0,,2.0,2.0,0
135999.0,66.0,,24.0,91.0,131.0,80.0,217.0,48.0,5.6,5.19,139.0,7.2,15.2,263.0,12.9,1.21,103.0,5.7,101.0,6.58,7.0,8.0,600.0,1.0,7.0,5.0,2.0,,2.0,2.0,2.0,,2.0,2.0,0
136000.0,44.0,5.0,23.6,78.5,142.0,83.0,207.0,64.0,5.0,0.56,137.0,5.4,12.7,238.0,13.0,0.71,81.0,3.9,91.0,0.88,9.0,9.0,420.0,2.0,3.0,5.0,2.0,,2.0,2.0,1.0,,2.0,2.0,0
136002.0,80.0,2.43,29.6,102.7,142.0,69.0,120.0,55.0,4.9,1.79,137.0,2.4,14.6,63.0,14.8,1.16,86.0,4.9,89.0,11.95,8.0,8.0,180.0,1.0,3.0,2.0,1.0,3.0,2.0,2.0,1.0,,1.0,3.0,0
136004.0,58.0,,44.6,136.8,140.0,70.0,179.0,36.0,5.7,1.94,141.0,5.6,14.3,210.0,14.0,0.87,124.0,5.3,91.0,13.02,7.0,10.5,300.0,1.0,3.0,3.0,2.0,,2.0,1.0,2.0,1.0,2.0,4.0,0
136012.0,73.0,,19.6,86.2,159.0,79.0,173.0,29.0,6.8,5.7,133.0,4.6,9.8,229.0,17.1,1.49,206.0,4.6,253.0,,7.0,9.0,120.0,1.0,2.0,1.0,1.0,1.0,1.0,2.0,2.0,,2.0,3.0,0
136013.0,59.0,1.77,34.6,106.4,132.0,89.0,224.0,47.0,5.6,7.77,140.0,7.9,12.9,272.0,13.4,0.53,244.0,5.6,101.0,18.48,9.0,11.0,60.0,2.0,2.0,4.0,2.0,,2.0,1.0,1.0,1.0,1.0,3.0,0
136014.0,20.0,0.65,28.6,93.4,113.0,57.0,125.0,43.0,4.6,0.74,141.0,7.0,15.8,174.0,12.2,0.97,42.0,4.9,97.0,5.6,8.0,4.0,300.0,1.0,3.0,3.0,2.0,,2.0,2.0,2.0,,2.0,2.0,0
136016.0,41.0,5.0,33.5,120.5,126.0,96.0,229.0,29.0,6.9,2.36,139.0,10.7,15.2,298.0,15.3,1.0,293.0,3.0,120.0,9.72,5.0,4.0,720.0,1.0,4.0,4.0,1.0,3.0,1.0,2.0,2.0,,2.0,3.0,0
136018.0,30.0,3.77,59.7,143.4,120.0,95.0,225.0,54.0,5.3,12.63,138.0,9.7,13.2,292.0,14.7,0.61,191.0,6.3,93.0,9.59,8.0,8.0,480.0,2.0,3.0,5.0,2.0,,2.0,2.0,2.0,,2.0,3.0,0
136020.0,40.0,1.85,59.1,154.5,107.0,68.0,254.0,44.0,6.6,15.91,138.0,12.1,12.3,330.0,16.1,0.56,132.0,5.4,110.0,46.31,8.0,8.0,840.0,2.0,3.0,3.0,1.0,2.0,2.0,1.0,1.0,1.0,2.0,3.0,0
136025.0,42.0,3.55,24.0,84.8,113.0,83.0,196.0,50.0,5.3,0.55,138.0,6.0,11.6,340.0,16.1,0.6,167.0,3.0,85.0,7.37,8.5,10.0,360.0,2.0,3.0,5.0,1.0,3.0,2.0,2.0,2.0,,2.0,3.0,0
136027.0,56.0,2.74,35.0,120.6,143.0,86.0,188.0,68.0,5.9,0.42,139.0,8.8,13.7,267.0,13.4,1.05,195.0,6.2,100.0,138.61,8.0,8.0,60.0,2.0,3.0,4.0,1.0,1.0,3.0,1.0,2.0,1.0,2.0,2.0,0
136031.0,57.0,5.0,32.7,104.6,150.0,105.0,241.0,65.0,5.5,3.21,142.0,10.5,15.3,212.0,13.1,0.81,192.0,5.5,92.0,16.93,7.5,7.5,420.0,2.0,3.0,5.0,1.0,1.0,1.0,1.0,2.0,2.0,2.0,1.0,0
136035.0,80.0,1.97,,117.7,108.0,70.0,188.0,58.0,5.3,0.94,141.0,4.4,13.1,153.0,13.9,0.99,92.0,4.1,97.0,9.66,9.0,9.0,600.0,1.0,3.0,3.0,2.0,,2.0,2.0,2.0,,2.0,5.0,1
136036.0,55.0,5.0,25.7,84.8,108.0,67.0,192.0,50.0,5.4,2.93,138.0,6.3,12.2,315.0,12.8,0.94,145.0,4.0,76.0,1.11,7.0,7.0,120.0,2.0,3.0,4.0,2.0,,2.0,2.0,2.0,,2.0,1.0,0
136039.0,36.0,1.22,30.9,96.9,116.0,69.0,196.0,48.0,6.1,5.27,139.0,8.6,13.0,317.0,12.8,0.54,98.0,6.4,87.0,19.34,9.0,9.0,60.0,2.0,1.0,1.0,1.0,2.0,2.0,2.0,1.0,,2.0,3.0,0
136040.0,41.0,5.0,32.2,96.2,100.0,66.0,225.0,54.0,5.9,4.06,138.0,8.9,12.7,370.0,12.7,0.56,147.0,3.5,127.0,0.95,8.0,8.5,420.0,2.0,3.0,5.0,1.0,3.0,2.0,1.0,1.0,1.0,2.0,3.0,0
136042.0,44.0,,25.9,93.7,119.0,81.0,260.0,41.0,5.8,2.56,140.0,7.6,16.0,258.0,13.6,1.16,479.0,5.8,106.0,6.55,4.0,7.0,360.0,1.0,6.0,5.0,1.0,2.0,2.0,2.0,2.0,,2.0,2.0,0
136046.0,67.0,2.73,33.4,109.3,118.0,76.0,185.0,75.0,5.6,2.27,140.0,5.2,12.7,235.0,12.7,1.06,66.0,3.6,85.0,7.79,7.0,8.0,600.0,2.0,2.0,4.0,2.0,,2.0,1.0,1.0,1.0,2.0,3.0,0
136047.0,80.0,1.72,31.6,110.2,150.0,64.0,118.0,41.0,5.5,2.11,142.0,8.3,10.9,271.0,15.8,4.48,70.0,6.1,97.0,265.64,7.5,7.0,180.0,1.0,3.0,3.0,1.0,3.0,2.0,1.0,1.0,1.0,1.0,3.0,0
136050.0,25.0,5.0,25.1,,114.0,57.0,362.0,44.0,5.0,9.26,136.0,9.6,11.1,279.0,13.5,0.5,133.0,3.0,75.0,11.31,8.0,10.0,240.0,2.0,3.0,5.0,2.0,,2.0,2.0,1.0,,2.0,1.0,0
136051.0,27.0,5.0,32.4,103.6,106.0,65.0,187.0,51.0,4.8,0.47,140.0,8.1,15.8,281.0,12.4,1.44,129.0,4.7,92.0,3.84,6.0,8.0,720.0,1.0,3.0,4.0,1.0,1.0,2.0,2.0,2.0,,2.0,2.0,0
136052.0,78.0,4.46,26.0,104.1,128.0,58.0,216.0,80.0,5.0,1.39,137.0,6.0,13.4,282.0,12.9,0.91,86.0,5.9,93.0,16.93,7.0,7.0,420.0,1.0,3.0,5.0,1.0,3.0,2.0,1.0,2.0,1.0,2.0,2.0,0
136053.0,79.0,2.28,26.6,88.7,91.0,65.0,183.0,82.0,6.0,1.39,142.0,5.5,12.5,234.0,13.3,0.76,85.0,4.4,92.0,7.26,8.0,8.0,360.0,2.0,3.0,3.0,2.0,,2.0,2.0,1.0,,1.0,2.0,0
136054.0,21.0,,28.9,86.8,78.0,49.0,129.0,51.0,4.8,1.98,139.0,7.3,13.2,253.0,12.6,0.61,50.0,3.5,89.0,5.03,9.5,9.5,240.0,2.0,3.0,4.0,1.0,3.0,2.0,2.0,2.0,,2.0,3.0,0
136057.0,69.0,0.87,40.1,124.7,150.0,74.0,163.0,39.0,7.6,1.97,138.0,4.9,12.3,152.0,14.7,1.04,216.0,6.6,201.0,1154.16,6.0,6.5,180.0,2.0,3.0,3.0,2.0,,1.0,1.0,1.0,1.0,1.0,4.0,0
136058.0,68.0,2.84,28.0,102.1,102.0,67.0,162.0,53.0,5.4,0.44,143.0,6.2,13.5,302.0,14.5,1.51,139.0,4.5,94.0,98.9,7.0,7.0,180.0,1.0,4.0,3.0,2.0,,2.0,1.0,1.0,1.0,1.0,3.0,0
136059.0,62.0,0.6,40.4,129.8,131.0,77.0,164.0,48.0,5.6,3.12,141.0,7.3,14.8,184.0,14.5,0.75,89.0,5.1,82.0,7.41,7.5,7.5,30.0,1.0,2.0,2.0,2.0,,2.0,1.0,2.0,2.0,2.0,3.0,0
136060.0,46.0,5.0,29.9,106.9,115.0,73.0,222.0,44.0,5.0,2.57,142.0,5.1,15.0,184.0,13.1,0.99,316.0,4.7,99.0,8.57,8.5,8.5,600.0,1.0,3.0,5.0,2.0,,2.0,2.0,2.0,,2.0,3.0,0
136062.0,21.0,5.397605346934028e-79,20.8,73.0,113.0,64.0,107.0,50.0,5.5,0.21,139.0,6.0,10.0,336.0,16.7,0.64,48.0,1.8,88.0,5.36,12.0,9.0,720.0,2.0,2.0,3.0,2.0,,2.0,2.0,2.0,,2.0,2.0,0
136063.0,41.0,5.0,29.4,91.8,126.0,69.0,189.0,43.0,5.4,0.55,139.0,9.0,16.4,370.0,14.6,1.44,80.0,4.7,91.0,9.97,6.0,6.0,600.0,1.0,3.0,5.0,2.0,,2.0,2.0,2.0,,2.0,1.0,0
136070.0,35.0,,50.4,146.6,141.0,86.0,149.0,41.0,8.3,11.53,138.0,9.0,12.8,322.0,15.0,0.52,130.0,8.0,156.0,230.85,6.0,6.5,180.0,1.0,2.0,1.0,1.0,3.0,1.0,2.0,1.0,,1.0,4.0,0
136072.0,63.0,4.44,27.6,98.0,129.0,82.0,163.0,41.0,9.8,3.2,138.0,6.8,16.9,286.0,14.0,0.78,136.0,4.4,204.0,14.63,6.5,7.5,600.0,1.0,3.0,3.0,1.0,2.0,1.0,1.0,2.0,1.0,2.0,2.0,1
136073.0,70.0,2.91,34.0,105.0,135.0,87.0,200.0,69.0,5.5,4.44,138.0,5.4,13.6,266.0,14.0,0.69,75.0,3.9,101.0,9.29,7.0,7.0,240.0,2.0,3.0,3.0,1.0,3.0,2.0,2.0,2.0,,2.0,3.0,0
136074.0,64.0,2.62,34.6,123.4,143.0,83.0,205.0,41.0,7.3,4.54,141.0,7.4,12.6,263.0,13.5,1.14,214.0,9.9,170.0,3.31,8.5,8.5,240.0,2.0,3.0,4.0,2.0,,1.0,1.0,2.0,1.0,2.0,3.0,0
136079.0,25.0,2.73,22.7,75.0,100.0,62.0,146.0,68.0,5.5,0.29,141.0,5.7,14.2,251.0,12.9,0.75,59.0,5.4,100.0,0.78,8.5,14.0,240.0,2.0,3.0,4.0,2.0,,2.0,2.0,2.0,,2.0,1.0,0
136084.0,45.0,0.58,23.5,88.5,122.0,82.0,207.0,75.0,5.2,0.87,138.0,5.7,13.2,199.0,13.8,0.49,198.0,7.7,93.0,13.36,8.0,12.0,180.0,2.0,6.0,2.0,2.0,,2.0,2.0,2.0,,2.0,3.0,0
136089.0,60.0,0.09,23.5,92.2,114.0,68.0,199.0,47.0,5.2,0.63,140.0,4.2,14.7,158.0,14.1,0.98,66.0,4.3,84.0,4.2,7.0,7.0,720.0,1.0,4.0,3.0,1.0,1.0,2.0,2.0,2.0,,2.0,2.0,0
136092.0,27.0,0.05,27.0,93.5,126.0,83.0,112.0,36.0,5.0,51.31,138.0,5.3,13.5,180.0,13.4,0.69,78.0,4.1,73.0,194.5,9.0,9.0,300.0,2.0,1.0,2.0,2.0,,1.0,2.0,2.0,,2.0,3.0,0
136093.0,80.0,2.16,24.2,92.3,159.0,93.0,266.0,47.0,5.6,2.99,136.0,5.7,15.1,222.0,15.1,0.73,201.0,3.8,100.0,53.95,7.0,7.0,360.0,2.0,3.0,3.0,2.0,,2.0,1.0,1.0,1.0,2.0,2.0,0
136094.0,72.0,3.38,32.9,108.0,122.0,72.0,186.0,60.0,5.2,1.37,144.0,4.7,14.8,152.0,13.8,1.03,74.0,4.4,100.0,3.44,6.0,6.0,420.0,2.0,3.0,5.0,2.0,,2.0,2.0,2.0,,2.0,1.0,0
136095.0,37.0,4.78,18.7,67.3,108.0,72.0,226.0,70.0,5.1,0.19,139.0,7.1,12.9,267.0,13.6,0.84,39.0,3.5,86.0,6.52,8.5,9.0,480.0,2.0,3.0,5.0,2.0,,2.0,2.0,1.0,,2.0,3.0,0
136097.0,48.0,5.0,31.9,93.0,116.0,80.0,164.0,67.0,5.0,0.69,144.0,6.6,13.9,283.0,13.9,0.58,66.0,3.7,101.0,12.42,7.0,9.5,180.0,2.0,3.0,3.0,1.0,3.0,2.0,2.0,2.0,,2.0,2.0,0
136101.0,67.0,5.0,21.7,85.0,111.0,70.0,227.0,71.0,5.6,1.74,140.0,4.2,13.0,171.0,14.1,0.57,144.0,4.2,78.0,11.94,8.0,8.0,1080.0,2.0,3.0,5.0,1.0,3.0,2.0,2.0,1.0,,2.0,3.0,0
136106.0,44.0,0.52,19.7,78.1,114.0,74.0,217.0,60.0,5.0,1.96,139.0,7.3,12.4,291.0,12.9,0.51,83.0,4.0,90.0,1.91,6.0,6.0,9999.0,2.0,2.0,1.0,2.0,,2.0,1.0,2.0,2.0,2.0,4.0,0
136107.0,63.0,0.4,27.5,97.4,158.0,113.0,215.0,67.0,5.3,1.78,138.0,4.6,14.2,247.0,14.6,1.17,133.0,5.8,106.0,5.61,8.5,9.5,15.0,1.0,4.0,3.0,1.0,2.0,2.0,1.0,1.0,1.0,1.0,3.0,1
136111.0,71.0,1.01,36.4,113.0,114.0,80.0,216.0,58.0,4.7,1.04,142.0,6.0,14.8,110.0,13.6,0.75,99.0,6.0,102.0,9.81,9.0,7.0,480.0,2.0,3.0,4.0,1.0,3.0,2.0,2.0,1.0,,2.0,3.0,1
136113.0,80.0,3.09,28.5,96.0,135.0,62.0,134.0,49.0,7.4,0.72,140.0,5.9,11.6,155.0,13.5,1.21,78.0,3.6,268.0,11.21,8.0,8.0,360.0,2.0,3.0,5.0,1.0,3.0,1.0,1.0,1.0,1.0,1.0,4.0,1
136114.0,61.0,4.59,27.8,100.6,165.0,92.0,245.0,72.0,5.7,0.55,141.0,5.9,13.7,287.0,13.5,0.78,74.0,4.9,96.0,6.34,7.0,7.0,180.0,2.0,3.0,3.0,2.0,,2.0,1.0,2.0,1.0,2.0,2.0,0
136115.0,20.0,2.13,29.9,92.7,101.0,68.0,164.0,83.0,5.3,1.75,140.0,6.1,12.4,241.0,13.4,0.63,31.0,4.1,79.0,5.88,9.0,7.0,240.0,2.0,2.0,4.0,2.0,,2.0,2.0,2.0,,2.0,3.0,0
136116.0,23.0,1.07,37.3,113.3,94.0,66.0,130.0,25.0,5.1,6.18,140.0,6.8,13.2,229.0,13.5,0.66,178.0,6.4,89.0,10.87,7.5,10.0,480.0,2.0,3.0,2.0,2.0,,2.0,2.0,2.0,,2.0,2.0,0
136118.0,39.0,2.55,37.0,117.1,100.0,73.0,175.0,29.0,5.7,7.78,138.0,9.9,13.7,314.0,13.6,0.69,174.0,3.8,107.0,6.7,6.0,7.0,120.0,2.0,3.0,4.0,2.0,,2.0,2.0,2.0,,2.0,4.0,0
136119.0,64.0,5.0,31.3,110.0,135.0,80.0,149.0,41.0,6.7,13.15,140.0,8.9,13.0,292.0,16.4,0.79,120.0,4.5,104.0,12.3,8.0,7.0,840.0,1.0,3.0,4.0,1.0,3.0,3.0,1.0,1.0,1.0,1.0,3.0,1
136120.0,54.0,1.16,25.3,80.6,132.0,76.0,240.0,66.0,5.4,0.36,140.0,4.2,15.0,239.0,13.4,1.48,127.0,5.4,87.0,2.63,8.0,10.0,15.0,1.0,2.0,3.0,2.0,,2.0,2.0,1.0,,1.0,3.0,0
136123.0,62.0,,23.8,89.6,117.0,72.0,213.0,60.0,5.8,0.84,141.0,4.4,13.0,235.0,14.7,0.62,123.0,3.7,87.0,6.86,8.0,8.0,120.0,2.0,2.0,3.0,2.0,,2.0,2.0,1.0,,1.0,4.0,0
136124.0,30.0,2.18,18.7,76.0,117.0,61.0,139.0,60.0,5.4,0.34,141.0,7.8,14.4,179.0,13.1,0.88,76.0,6.8,88.0,3.67,7.5,8.0,720.0,1.0,7.0,5.0,2.0,,2.0,2.0,2.0,,2.0,2.0,0
136125.0,42.0,1.61,32.7,113.4,119.0,72.0,158.0,35.0,3.9,3.76,138.0,7.9,15.1,273.0,13.9,1.01,189.0,5.4,76.0,5.89,6.5,6.5,60.0,1.0,3.0,3.0,1.0,1.0,2.0,2.0,2.0,,2.0,3.0,0
136127.0,63.0,2.62,21.2,86.9,139.0,74.0,187.0,54.0,5.1,0.82,137.0,8.2,14.4,175.0,13.0,0.75,343.0,5.8,109.0,12.55,9.0,9.0,480.0,2.0,3.0,4.0,1.0,1.0,2.0,2.0,2.0,,2.0,3.0,0
136128.0,60.0,2.16,35.8,104.4,134.0,75.0,167.0,64.0,10.8,3.51,139.0,5.3,13.8,204.0,13.9,0.53,205.0,3.0,229.0,19.99,6.5,5.0,480.0,2.0,2.0,5.0,1.0,3.0,1.0,2.0,1.0,,1.0,3.0,0
136129.0,73.0,3.31,26.5,109.1,120.0,70.0,109.0,43.0,10.6,2.95,141.0,3.5,13.8,123.0,13.3,0.71,197.0,2.6,215.0,32.28,13.0,13.0,360.0,1.0,7.0,1.0,1.0,3.0,1.0,1.0,1.0,1.0,1.0,3.0,1
136130.0,44.0,2.98,26.0,93.4,123.0,78.0,157.0,50.0,5.4,0.24,142.0,4.8,11.0,219.0,15.6,0.71,77.0,2.6,92.0,12.35,8.5,8.5,120.0,2.0,3.0,5.0,2.0,,2.0,2.0,2.0,,2.0,2.0,0
136132.0,59.0,5.0,38.7,119.2,109.0,65.0,193.0,46.0,5.4,8.35,139.0,6.6,13.2,279.0,14.6,0.9,230.0,4.5,88.0,4.57,6.5,8.5,600.0,2.0,4.0,5.0,2.0,,2.0,1.0,1.0,1.0,2.0,2.0,0
136133.0,42.0,5.0,24.2,89.5,89.0,62.0,186.0,48.0,5.4,0.33,140.0,5.1,13.1,208.0,12.9,0.69,86.0,4.7,96.0,8.19,8.0,8.5,240.0,2.0,3.0,5.0,2.0,,2.0,2.0,2.0,,2.0,1.0,0
136136.0,75.0,4.78,28.0,101.5,156.0,75.0,122.0,64.0,5.3,0.7,141.0,8.9,13.7,259.0,13.6,1.29,44.0,5.5,117.0,21.9,7.5,7.5,300.0,1.0,3.0,5.0,1.0,3.0,2.0,1.0,2.0,1.0,2.0,1.0,0
136139.0,53.0,4.78,35.0,95.5,123.0,85.0,189.0,60.0,5.5,14.05,137.0,7.1,14.4,309.0,14.5,0.61,48.0,4.4,89.0,5.92,4.0,3.0,540.0,2.0,4.0,4.0,2.0,,2.0,1.0,2.0,1.0,2.0,4.0,0
136141.0,80.0,,23.0,91.5,130.0,63.0,228.0,50.0,5.2,0.63,142.0,6.9,13.6,203.0,12.6,0.96,115.0,6.4,139.0,8.31,6.0,6.0,480.0,2.0,3.0,4.0,1.0,3.0,2.0,1.0,1.0,1.0,2.0,2.0,1
136142.0,34.0,5.0,22.1,76.5,118.0,69.0,172.0,70.0,4.9,0.33,142.0,6.7,15.4,267.0,12.6,0.8,58.0,5.4,76.0,6.91,7.0,7.0,720.0,1.0,6.0,5.0,2.0,,2.0,2.0,2.0,,2.0,1.0,0
136152.0,65.0,,27.2,100.6,137.0,92.0,218.0,73.0,5.6,0.74,141.0,5.4,13.0,241.0,13.9,0.65,86.0,3.7,89.0,14.0,7.5,8.0,180.0,2.0,3.0,4.0,2.0,,2.0,1.0,1.0,1.0,2.0,2.0,0
136161.0,37.0,1.01,35.1,117.0,111.0,73.0,300.0,62.0,5.3,8.54,136.0,12.0,14.5,488.0,13.3,0.78,307.0,3.7,93.0,6.14,9.0,8.0,1080.0,2.0,3.0,4.0,2.0,,2.0,2.0,2.0,,2.0,4.0,0
136164.0,45.0,3.72,32.9,111.5,127.0,85.0,218.0,45.0,5.2,2.67,139.0,5.9,15.7,259.0,13.1,0.95,144.0,5.3,96.0,4.59,8.5,8.5,360.0,1.0,3.0,5.0,1.0,3.0,2.0,2.0,2.0,,2.0,3.0,0
136165.0,62.0,2.28,30.0,108.0,136.0,77.0,208.0,66.0,5.3,1.8,138.0,4.9,15.6,149.0,13.9,0.99,75.0,6.5,121.0,3.78,7.0,7.0,300.0,1.0,3.0,5.0,2.0,,3.0,2.0,2.0,,2.0,2.0,0
136172.0,76.0,3.43,38.0,,111.0,82.0,194.0,41.0,5.2,18.7,133.0,10.4,14.6,224.0,11.6,0.98,181.0,5.3,89.0,8.0,3.5,3.5,420.0,2.0,3.0,4.0,2.0,,2.0,2.0,1.0,,2.0,2.0,0
136173.0,73.0,1.58,41.8,127.8,143.0,67.0,131.0,49.0,7.3,5.7,142.0,8.6,13.1,305.0,14.2,0.62,93.0,4.7,104.0,10.76,10.0,12.0,480.0,2.0,1.0,2.0,2.0,,1.0,1.0,2.0,1.0,1.0,3.0,1
136176.0,40.0,4.46,30.4,105.8,144.0,95.0,223.0,69.0,5.5,2.63,136.0,6.3,15.0,246.0,13.2,0.97,71.0,5.5,91.0,8.18,9.0,9.0,240.0,1.0,7.0,3.0,2.0,,2.0,1.0,1.0,1.0,2.0,3.0,0
136182.0,80.0,0.98,31.9,124.1,114.0,82.0,243.0,47.0,7.4,0.98,136.0,5.5,13.4,208.0,13.1,1.2,171.0,5.4,112.0,5.41,7.5,7.5,270.0,1.0,7.0,4.0,1.0,3.0,1.0,9.0,1.0,,1.0,3.0,1
136185.0,21.0,1.3,27.1,89.3,100.0,64.0,143.0,56.0,5.1,2.02,139.0,5.1,12.4,301.0,14.7,0.83,86.0,4.8,92.0,4.03,8.5,5.0,120.0,2.0,2.0,4.0,2.0,,2.0,2.0,2.0,,2.0,3.0,0
136186.0,60.0,3.73,26.9,95.7,113.0,77.0,142.0,59.0,5.4,1.28,140.0,4.6,13.4,128.0,13.9,0.94,89.0,4.3,94.0,8.26,8.0,9.0,240.0,2.0,3.0,5.0,2.0,,2.0,2.0,1.0,,1.0,2.0,0
136187.0,31.0,,40.6,127.3,107.0,73.0,168.0,46.0,5.3,8.01,140.0,9.9,13.6,247.0,13.3,1.11,115.0,5.3,93.0,3.98,11.0,11.0,360.0,1.0,1.0,3.0,2.0,,2.0,1.0,2.0,2.0,2.0,4.0,1
136188.0,49.0,5.0,18.2,73.9,114.0,68.0,151.0,54.0,5.6,1.46,139.0,6.5,13.4,245.0,13.9,0.68,94.0,3.6,95.0,10.59,6.0,6.5,300.0,1.0,2.0,1.0,1.0,1.0,2.0,2.0,2.0,,2.0,3.0,1
136189.0,59.0,2.48,26.9,82.9,134.0,73.0,175.0,69.0,5.0,0.54,140.0,4.2,13.2,172.0,13.9,0.48,134.0,3.9,87.0,38.33,7.0,10.0,240.0,2.0,2.0,1.0,2.0,,2.0,1.0,1.0,1.0,1.0,3.0,0
136190.0,68.0,5.0,20.4,75.2,108.0,59.0,208.0,72.0,5.7,0.74,138.0,7.6,12.0,336.0,12.9,0.76,56.0,3.4,82.0,8.28,7.5,7.5,240.0,2.0,3.0,5.0,2.0,,2.0,2.0,2.0,,2.0,1.0,0
136192.0,66.0,5.397605346934028e-79,20.3,82.0,120.0,66.0,189.0,54.0,4.9,0.21,143.0,5.9,13.7,223.0,13.5,1.02,49.0,6.0,92.0,4.55,8.5,8.5,600.0,1.0,3.0,5.0,2.0,,2.0,2.0,2.0,,2.0,1.0,0
136193.0,72.0,3.13,29.4,107.2,133.0,88.0,143.0,37.0,6.8,0.86,137.0,12.1,15.0,370.0,13.7,0.63,204.0,5.1,114.0,11.3,6.5,6.5,60.0,2.0,3.0,4.0,2.0,,1.0,1.0,1.0,1.0,1.0,3.0,0
136194.0,52.0,2.94,26.0,96.8,166.0,98.0,216.0,36.0,5.5,3.64,140.0,7.9,15.7,245.0,14.2,0.93,151.0,6.6,91.0,,5.5,8.5,240.0,1.0,7.0,4.0,1.0,1.0,2.0,2.0,1.0,,2.0,2.0,0
136200.0,76.0,3.28,26.6,102.2,146.0,66.0,137.0,35.0,5.8,2.57,138.0,7.5,12.1,249.0,13.6,0.79,173.0,7.0,102.0,37.08,9.0,8.0,120.0,2.0,2.0,5.0,1.0,3.0,3.0,1.0,2.0,1.0,2.0,2.0,1
136201.0,31.0,,25.2,85.9,115.0,67.0,239.0,54.0,5.5,0.46,139.0,5.0,15.1,247.0,13.3,0.69,255.0,5.0,95.0,5.82,5.0,10.0,120.0,1.0,2.0,1.0,2.0,,2.0,2.0,2.0,,2.0,3.0,0
136204.0,51.0,0.69,57.0,,151.0,82.0,158.0,31.0,8.4,10.61,134.0,10.1,14.5,279.0,13.8,0.92,86.0,3.9,148.0,8.98,7.5,7.5,420.0,1.0,3.0,2.0,1.0,1.0,1.0,1.0,1.0,1.0,1.0,4.0,0
136205.0,25.0,5.0,27.4,95.6,113.0,52.0,143.0,53.0,4.8,1.34,141.0,5.3,15.5,243.0,12.5,1.12,42.0,6.1,93.0,3.15,8.0,8.5,180.0,1.0,3.0,4.0,1.0,3.0,2.0,2.0,2.0,,2.0,2.0,0
136206.0,80.0,3.77,26.2,90.6,149.0,71.0,264.0,58.0,6.3,4.05,136.0,7.1,13.3,231.0,13.9,0.8,221.0,4.5,106.0,9.87,8.0,8.0,360.0,2.0,3.0,5.0,2.0,,2.0,2.0,1.0,,2.0,1.0,0
136210.0,58.0,1.32,38.9,110.9,111.0,78.0,304.0,46.0,5.7,11.18,140.0,5.5,13.1,202.0,15.0,1.09,359.0,5.5,82.0,10.1,4.5,5.5,480.0,2.0,3.0,4.0,1.0,2.0,2.0,2.0,1.0,,2.0,5.0,0
136211.0,38.0,3.83,28.4,104.6,143.0,93.0,206.0,31.0,5.7,2.27,142.0,11.2,14.9,299.0,12.8,0.56,195.0,5.5,99.0,11.21,5.0,5.0,960.0,2.0,7.0,4.0,1.0,1.0,2.0,1.0,2.0,2.0,2.0,3.0,0
136216.0,80.0,3.43,24.5,98.0,144.0,74.0,214.0,39.0,7.5,9.77,138.0,5.6,12.9,221.0,14.7,1.55,162.0,7.7,194.0,16.97,8.0,8.0,120.0,1.0,3.0,3.0,2.0,,1.0,1.0,1.0,1.0,1.0,3.0,0
136218.0,57.0,1.91,18.5,66.3,90.0,53.0,143.0,83.0,5.6,0.73,141.0,5.6,12.9,280.0,13.6,0.81,54.0,3.8,84.0,8.39,7.5,7.5,120.0,2.0,2.0,5.0,2.0,,2.0,2.0,2.0,,2.0,2.0,0
136220.0,75.0,,29.9,109.4,112.0,64.0,212.0,50.0,5.1,1.24,142.0,7.7,14.9,184.0,13.3,1.36,172.0,7.3,97.0,2.99,7.0,7.0,360.0,1.0,3.0,5.0,2.0,,2.0,2.0,2.0,,2.0,2.0,0
136222.0,31.0,5.0,22.7,77.6,128.0,82.0,207.0,51.0,5.1,2.43,137.0,7.8,13.8,320.0,13.0,0.82,77.0,3.8,91.0,8.69,9.0,8.0,360.0,2.0,2.0,5.0,2.0,,2.0,2.0,2.0,,2.0,1.0,0
136223.0,40.0,3.4,35.6,117.0,143.0,94.0,260.0,59.0,5.4,4.09,138.0,7.3,14.6,255.0,13.3,0.98,440.0,5.7,93.0,3.71,8.0,7.0,300.0,1.0,3.0,4.0,1.0,1.0,2.0,2.0,2.0,,2.0,2.0,0
136225.0,33.0,4.67,22.4,77.8,121.0,79.0,197.0,75.0,5.1,0.24,139.0,6.8,14.9,350.0,13.1,0.64,90.0,4.1,92.0,20.09,8.5,8.5,300.0,2.0,6.0,5.0,2.0,,2.0,2.0,2.0,,2.0,3.0,0
136229.0,63.0,1.57,44.9,142.5,120.0,70.0,145.0,54.0,8.6,7.32,141.0,7.4,14.7,180.0,15.2,1.68,147.0,8.1,120.0,32.56,6.5,6.5,1020.0,1.0,3.0,4.0,1.0,3.0,1.0,2.0,2.0,,1.0,5.0,1
136230.0,45.0,5.0,27.7,97.0,111.0,65.0,192.0,68.0,5.5,1.78,138.0,11.6,14.5,373.0,13.9,0.84,123.0,3.8,91.0,7.11,9.0,9.0,780.0,2.0,3.0,3.0,1.0,1.0,2.0,2.0,2.0,,2.0,2.0,0
136231.0,39.0,4.1,34.3,99.5,87.0,64.0,176.0,59.0,5.1,3.48,141.0,7.5,14.4,328.0,12.6,0.81,79.0,4.5,79.0,8.27,8.0,8.5,600.0,2.0,3.0,5.0,2.0,,2.0,2.0,2.0,,2.0,3.0,0
136232.0,62.0,5.397605346934028e-79,26.8,91.9,120.0,68.0,194.0,43.0,5.2,0.56,139.0,4.2,16.7,185.0,12.9,0.94,123.0,5.8,94.0,6.8,8.5,8.5,240.0,1.0,7.0,5.0,1.0,3.0,2.0,2.0,1.0,,1.0,4.0,1
136233.0,68.0,1.24,34.4,121.2,101.0,68.0,176.0,37.0,6.2,6.67,137.0,8.2,15.9,196.0,13.3,1.08,145.0,3.9,110.0,34.43,9.5,9.5,480.0,1.0,3.0,3.0,1.0,3.0,1.0,1.0,1.0,1.0,1.0,3.0,1
136240.0,64.0,,26.2,93.6,136.0,86.0,221.0,48.0,6.0,2.35,140.0,6.0,13.4,260.0,13.2,0.73,114.0,3.9,107.0,5.27,7.0,,120.0,2.0,1.0,1.0,2.0,,2.0,2.0,1.0,,2.0,4.0,0
136241.0,61.0,0.42,34.0,,116.0,71.0,195.0,52.0,4.9,4.58,136.0,9.1,14.2,230.0,14.5,0.68,112.0,5.0,103.0,34.29,5.0,8.0,720.0,2.0,4.0,3.0,1.0,3.0,2.0,2.0,2.0,,2.0,4.0,0
136243.0,32.0,0.59,36.6,103.2,132.0,106.0,141.0,48.0,5.9,8.72,139.0,7.9,12.3,156.0,13.9,0.94,73.0,4.1,81.0,6.0,8.0,3.0,240.0,2.0,4.0,2.0,1.0,2.0,2.0,2.0,2.0,,2.0,4.0,0
136244.0,62.0,5.0,27.7,96.0,116.0,69.0,205.0,55.0,5.2,0.51,140.0,4.7,14.9,253.0,13.2,1.18,113.0,4.1,91.0,6.93,8.0,8.0,600.0,1.0,2.0,5.0,2.0,,2.0,2.0,2.0,,2.0,1.0,0
136249.0,37.0,1.67,44.1,143.6,124.0,87.0,251.0,60.0,5.5,2.46,141.0,13.9,12.7,350.0,15.1,0.71,171.0,4.1,86.0,24.54,7.0,8.0,480.0,2.0,3.0,5.0,2.0,,2.0,2.0,2.0,,2.0,3.0,0
136250.0,71.0,3.09,30.1,117.2,131.0,70.0,313.0,41.0,10.3,1.38,137.0,8.1,16.0,277.0,12.5,0.84,268.0,5.2,266.0,12.3,6.5,6.5,360.0,1.0,3.0,4.0,2.0,,2.0,2.0,1.0,,2.0,3.0,0
136252.0,58.0,5.0,31.2,115.2,117.0,77.0,285.0,33.0,5.5,7.29,138.0,8.3,15.9,281.0,14.8,1.15,222.0,7.4,101.0,4.58,7.5,7.5,120.0,1.0,3.0,4.0,1.0,1.0,2.0,2.0,1.0,,2.0,3.0,0
136254.0,20.0,0.55,17.3,67.5,110.0,74.0,135.0,64.0,5.1,0.73,137.0,6.3,13.8,248.0,13.3,0.71,48.0,3.2,81.0,17.33,7.5,8.0,240.0,2.0,7.0,4.0,2.0,,2.0,2.0,2.0,,2.0,3.0,0
136255.0,66.0,2.04,29.3,96.4,151.0,80.0,175.0,68.0,5.5,1.43,140.0,8.0,14.3,250.0,13.7,0.75,88.0,3.9,110.0,10.05,6.5,7.5,600.0,2.0,3.0,3.0,1.0,1.0,2.0,1.0,2.0,1.0,1.0,3.0,0
136256.0,57.0,4.59,24.9,84.0,139.0,81.0,255.0,91.0,5.8,16.17,139.0,5.8,13.1,266.0,13.8,0.55,145.0,4.9,93.0,8.72,10.0,12.0,300.0,2.0,2.0,3.0,1.0,1.0,2.0,1.0,2.0,2.0,2.0,3.0,0
136260.0,44.0,2.85,25.5,91.1,100.0,63.0,214.0,58.0,5.0,0.5,140.0,4.9,14.9,204.0,14.7,1.04,109.0,5.3,103.0,4.57,7.0,7.0,180.0,1.0,3.0,5.0,1.0,3.0,2.0,2.0,2.0,,2.0,3.0,0
136261.0,68.0,0.88,24.0,90.5,130.0,84.0,132.0,68.0,4.9,2.88,141.0,4.0,12.8,153.0,13.4,1.09,74.0,4.0,73.0,5.49,7.0,10.0,480.0,2.0,3.0,4.0,2.0,,2.0,1.0,2.0,1.0,1.0,3.0,0
136265.0,76.0,3.96,25.0,,126.0,61.0,111.0,42.0,6.7,3.29,141.0,7.2,11.4,332.0,18.7,1.27,98.0,6.5,70.0,70.87,8.0,8.0,600.0,2.0,3.0,5.0,1.0,3.0,1.0,1.0,1.0,1.0,1.0,4.0,1
136266.0,42.0,1.8,33.1,100.0,120.0,86.0,218.0,40.0,5.1,7.71,140.0,,,,,0.46,270.0,3.5,105.0,12.04,8.0,8.5,240.0,2.0,2.0,5.0,2.0,,2.0,2.0,2.0,,2.0,2.0,0
136267.0,40.0,2.46,17.9,72.1,108.0,66.0,178.0,78.0,5.0,0.28,139.0,5.2,12.5,219.0,13.5,0.78,90.0,3.8,99.0,18.97,6.0,5.0,600.0,2.0,3.0,4.0,2.0,,2.0,2.0,2.0,,2.0,2.0,0
136268.0,48.0,5.0,28.4,99.4,113.0,71.0,161.0,64.0,5.8,1.44,139.0,3.1,13.7,167.0,13.3,0.88,128.0,6.2,81.0,11.2,6.5,7.5,180.0,1.0,4.0,4.0,2.0,,2.0,2.0,1.0,,2.0,3.0,0
136271.0,41.0,5.0,24.4,81.0,107.0,73.0,201.0,80.0,4.9,0.81,138.0,6.7,14.0,300.0,12.1,0.75,79.0,3.5,78.0,5.4,9.0,9.5,360.0,2.0,3.0,4.0,1.0,3.0,2.0,2.0,2.0,,2.0,1.0,0
136274.0,52.0,3.8,23.6,80.2,131.0,80.0,198.0,55.0,5.1,1.41,138.0,5.6,13.6,258.0,12.8,0.77,71.0,3.7,81.0,0.68,8.0,9.0,240.0,2.0,3.0,3.0,2.0,,2.0,2.0,2.0,,2.0,3.0,0
136276.0,73.0,1.07,27.6,100.0,103.0,68.0,140.0,29.0,7.1,1.28,137.0,7.5,16.7,234.0,13.5,0.85,275.0,5.0,147.0,7.81,8.0,8.0,360.0,1.0,3.0,4.0,1.0,3.0,1.0,1.0,1.0,1.0,1.0,2.0,0
136278.0,38.0,0.97,37.9,115.0,139.0,108.0,180.0,49.0,5.8,11.8,139.0,10.5,14.8,415.0,16.2,0.79,156.0,4.1,116.0,9.47,7.0,8.5,120.0,2.0,3.0,4.0,1.0,3.0,2.0,2.0,2.0,,2.0,2.0,0
136281.0,66.0,5.0,24.2,97.9,114.0,69.0,219.0,73.0,5.2,0.61,137.0,4.4,16.1,255.0,13.8,0.81,63.0,4.8,108.0,6.97,8.5,9.5,360.0,1.0,3.0,5.0,2.0,,2.0,2.0,2.0,,2.0,3.0,0
136283.0,75.0,5.0,21.6,79.7,118.0,65.0,136.0,72.0,5.8,0.6,138.0,6.3,13.5,191.0,13.9,1.07,75.0,5.8,90.0,0.91,8.5,8.5,300.0,1.0,3.0,5.0,2.0,,2.0,1.0,1.0,1.0,1.0,2.0,1
136285.0,72.0,2.88,34.6,124.1,118.0,67.0,94.0,39.0,7.5,0.37,141.0,9.1,14.7,473.0,14.6,0.62,81.0,3.9,136.0,8.69,7.0,7.5,300.0,1.0,7.0,3.0,1.0,3.0,1.0,1.0,1.0,1.0,1.0,3.0,1
136287.0,29.0,1.84,20.4,76.6,106.0,64.0,150.0,43.0,5.0,0.32,139.0,5.5,13.6,219.0,12.8,0.89,136.0,3.8,90.0,5.08,7.0,6.5,600.0,1.0,3.0,4.0,1.0,1.0,2.0,2.0,2.0,,2.0,4.0,0
136289.0,74.0,1.26,27.6,106.5,113.0,56.0,204.0,63.0,6.4,0.2,139.0,5.1,14.7,140.0,14.9,0.78,53.0,5.5,100.0,11.76,7.0,9.5,240.0,1.0,3.0,3.0,2.0,,2.0,1.0,1.0,1.0,1.0,3.0,0
136291.0,38.0,3.42,25.8,89.0,114.0,77.0,226.0,60.0,5.0,6.18,141.0,10.1,13.7,300.0,12.6,0.61,153.0,4.2,90.0,1.62,7.5,8.0,240.0,2.0,3.0,4.0,1.0,3.0,2.0,2.0,2.0,,2.0,3.0,0
136293.0,51.0,3.16,18.2,70.8,166.0,95.0,186.0,72.0,5.0,2.52,142.0,5.5,15.0,204.0,12.8,0.63,88.0,2.6,88.0,25.15,7.0,7.0,300.0,2.0,3.0,5.0,1.0,1.0,2.0,1.0,2.0,2.0,2.0,2.0,0
136294.0,52.0,2.61,37.6,120.0,142.0,97.0,168.0,38.0,5.0,1.25,139.0,8.9,14.8,240.0,13.7,0.79,178.0,3.6,86.0,0.64,8.0,8.0,720.0,2.0,3.0,5.0,2.0,,3.0,1.0,1.0,2.0,1.0,3.0,0
136298.0,80.0,1.86,16.8,72.5,145.0,64.0,179.0,93.0,5.5,0.69,136.0,5.9,12.6,194.0,15.4,0.83,60.0,4.8,95.0,49.89,10.0,10.0,240.0,2.0,3.0,4.0,1.0,3.0,2.0,1.0,1.0,2.0,9.0,3.0,1
136299.0,80.0,2.13,28.8,118.0,119.0,68.0,169.0,46.0,5.8,3.48,135.0,8.3,12.1,370.0,16.1,1.07,88.0,8.5,104.0,99.38,10.0,10.0,480.0,1.0,3.0,5.0,1.0,1.0,2.0,1.0,2.0,1.0,1.0,4.0,0
136301.0,54.0,5.0,28.0,99.7,137.0,83.0,217.0,51.0,5.7,1.91,141.0,6.0,15.3,225.0,14.1,1.01,106.0,4.1,98.0,3.61,7.0,6.5,600.0,1.0,3.0,5.0,2.0,,2.0,2.0,1.0,,2.0,1.0,0
136305.0,20.0,2.41,21.2,81.9,94.0,73.0,167.0,58.0,5.2,0.31,138.0,7.9,11.3,278.0,16.9,0.67,66.0,3.1,90.0,16.17,10.0,10.0,180.0,2.0,3.0,2.0,2.0,,2.0,2.0,2.0,,2.0,1.0,0
136306.0,63.0,1.23,22.6,89.0,116.0,69.0,220.0,79.0,5.7,0.59,139.0,5.1,14.8,201.0,13.3,0.98,68.0,5.9,93.0,4.14,7.0,8.0,720.0,1.0,3.0,5.0,2.0,,2.0,2.0,2.0,,2.0,1.0,0
136307.0,55.0,4.27,27.4,89.9,113.0,74.0,209.0,58.0,5.7,3.56,135.0,6.2,13.9,203.0,13.9,0.83,221.0,3.4,95.0,1.4,6.0,8.0,300.0,2.0,3.0,5.0,2.0,,2.0,1.0,1.0,2.0,2.0,2.0,0
136308.0,72.0,5.0,26.8,91.4,121.0,71.0,191.0,60.0,5.3,2.83,139.0,4.7,13.1,172.0,13.7,1.19,75.0,6.0,88.0,5.01,7.0,7.0,660.0,1.0,3.0,5.0,2.0,,2.0,1.0,1.0,1.0,1.0,1.0,0
136309.0,70.0,4.59,27.9,104.0,129.0,81.0,146.0,52.0,6.1,2.48,139.0,9.4,13.1,303.0,13.5,0.63,103.0,4.1,98.0,12.35,8.5,8.5,360.0,2.0,3.0,5.0,2.0,,1.0,2.0,1.0,,1.0,2.0,0
136312.0,38.0,1.8,22.7,82.4,107.0,65.0,159.0,60.0,5.3,1.05,139.0,5.4,13.1,324.0,13.0,0.67,79.0,4.3,94.0,0.91,9.5,9.0,120.0,2.0,3.0,5.0,2.0,,2.0,2.0,2.0,,2.0,1.0,0
136315.0,40.0,0.98,29.0,102.0,129.0,84.0,235.0,37.0,5.8,1.92,136.0,13.3,13.1,259.0,12.8,1.1,763.0,8.9,92.0,5.14,8.5,8.0,420.0,1.0,3.0,3.0,1.0,1.0,2.0,1.0,2.0,1.0,2.0,3.0,0
136318.0,58.0,0.59,28.2,101.5,125.0,77.0,376.0,35.0,5.5,1.72,138.0,6.5,14.5,376.0,14.2,1.03,495.0,6.1,103.0,68.67,11.5,10.0,240.0,2.0,7.0,2.0,2.0,,2.0,1.0,1.0,1.0,1.0,4.0,0
136320.0,47.0,5.0,23.0,86.0,113.0,72.0,185.0,60.0,5.3,14.4,144.0,15.3,13.7,344.0,13.6,0.92,59.0,3.6,84.0,12.18,8.0,7.0,540.0,2.0,3.0,3.0,1.0,1.0,2.0,2.0,2.0,,2.0,1.0,0
136321.0,74.0,1.37,36.9,129.4,130.0,59.0,134.0,41.0,6.2,9.54,140.0,8.2,15.0,189.0,14.8,1.01,123.0,5.7,117.0,54.09,7.5,7.5,120.0,1.0,3.0,4.0,1.0,3.0,1.0,1.0,2.0,1.0,2.0,4.0,1
136323.0,43.0,5.0,22.0,85.2,111.0,75.0,216.0,46.0,4.8,0.9,140.0,5.5,15.7,198.0,13.4,0.93,185.0,4.8,95.0,4.67,8.5,8.5,360.0,1.0,1.0,5.0,1.0,3.0,2.0,2.0,2.0,,2.0,1.0,1
136325.0,66.0,,33.8,113.5,113.0,46.0,158.0,44.0,6.3,0.79,143.0,6.6,10.4,241.0,13.4,1.51,96.0,4.6,129.0,106.56,,,9999.0,2.0,4.0,1.0,2.0,,1.0,1.0,1.0,1.0,9.0,4.0,1
136326.0,59.0,5.0,32.8,114.3,128.0,79.0,201.0,41.0,6.1,3.0,140.0,7.6,16.1,232.0,13.7,0.96,304.0,7.1,130.0,9.85,6.5,8.0,180.0,1.0,3.0,3.0,2.0,,2.0,1.0,1.0,1.0,1.0,4.0,0
136328.0,43.0,5.0,40.8,122.0,181.0,117.0,124.0,35.0,6.3,6.28,138.0,9.3,14.9,239.0,14.8,1.25,90.0,5.7,91.0,22.26,5.5,9.0,30.0,1.0,4.0,4.0,1.0,1.0,2.0,1.0,2.0,2.0,2.0,4.0,0
136330.0,80.0,1.2,21.8,,118.0,65.0,166.0,70.0,5.6,0.69,138.0,5.0,13.8,217.0,13.7,1.19,83.0,4.9,82.0,8.35,5.0,5.0,180.0,1.0,3.0,1.0,1.0,3.0,2.0,2.0,2.0,,2.0,3.0,1
136332.0,39.0,4.86,25.7,93.7,102.0,74.0,203.0,67.0,5.5,0.52,137.0,6.5,14.4,365.0,14.2,0.8,73.0,4.9,98.0,7.97,7.0,8.0,360.0,2.0,3.0,5.0,1.0,3.0,3.0,2.0,1.0,,2.0,3.0,0
136333.0,32.0,0.38,24.6,92.0,96.0,54.0,244.0,55.0,5.2,1.14,136.0,8.7,10.4,303.0,13.2,0.61,141.0,3.2,67.0,6.84,4.0,3.0,180.0,2.0,4.0,5.0,1.0,3.0,2.0,1.0,2.0,2.0,2.0,1.0,0
136334.0,80.0,2.07,32.6,117.3,144.0,72.0,127.0,38.0,5.5,0.9,137.0,5.5,14.3,129.0,13.5,0.88,194.0,6.4,87.0,48.14,8.5,8.5,480.0,1.0,3.0,5.0,2.0,,2.0,1.0,1.0,1.0,1.0,3.0,1
136336.0,68.0,2.73,23.8,93.0,120.0,71.0,248.0,76.0,5.6,1.22,137.0,5.4,14.6,274.0,13.3,0.8,107.0,5.4,97.0,24.71,8.0,8.0,120.0,2.0,3.0,3.0,2.0,,2.0,2.0,1.0,,2.0,2.0,0
136337.0,20.0,1.17,25.8,86.7,112.0,64.0,187.0,54.0,5.3,0.75,141.0,6.4,14.6,179.0,13.8,1.12,79.0,5.8,99.0,,8.0,10.0,240.0,1.0,1.0,4.0,2.0,,2.0,2.0,2.0,,2.0,3.0,0
136339.0,52.0,1.42,27.5,109.7,135.0,89.0,344.0,38.0,12.9,2.05,132.0,6.9,17.7,247.0,13.1,0.71,1120.0,4.5,317.0,280.02,8.0,9.0,720.0,1.0,3.0,5.0,2.0,,1.0,2.0,1.0,,1.0,4.0,0
136341.0,38.0,,26.5,92.6,111.0,74.0,191.0,42.0,5.1,0.73,141.0,7.8,15.4,218.0,14.1,1.05,362.0,6.2,75.0,5.95,6.5,7.5,600.0,1.0,3.0,5.0,1.0,3.0,2.0,2.0,2.0,,2.0,2.0,0
136345.0,32.0,5.0,23.0,89.5,149.0,100.0,248.0,48.0,5.0,0.6,143.0,6.0,16.7,208.0,12.6,1.02,137.0,6.4,91.0,3.88,9.0,8.0,360.0,1.0,3.0,4.0,2.0,,2.0,2.0,2.0,,2.0,2.0,0
136352.0,72.0,4.42,34.2,115.3,133.0,75.0,199.0,60.0,5.9,3.92,140.0,5.1,11.3,235.0,15.7,0.99,128.0,6.6,98.0,28.95,7.5,9.0,540.0,2.0,3.0,4.0,2.0,,2.0,2.0,2.0,,2.0,2.0,0
136353.0,70.0,,24.6,81.1,110.0,75.0,237.0,73.0,5.3,1.25,140.0,5.7,14.3,269.0,12.7,0.9,102.0,3.9,87.0,8.17,8.0,8.0,60.0,2.0,3.0,5.0,2.0,,2.0,2.0,2.0,,2.0,1.0,0
136354.0,34.0,5.0,26.1,88.6,102.0,63.0,184.0,53.0,4.8,1.77,138.0,7.9,13.6,212.0,13.3,0.77,183.0,5.0,95.0,0.45,7.5,8.0,420.0,2.0,3.0,5.0,2.0,,2.0,2.0,2.0,,2.0,2.0,0
136355.0,60.0,5.0,31.5,105.2,118.0,81.0,136.0,35.0,8.0,0.57,136.0,4.9,15.2,223.0,13.5,0.9,145.0,4.3,181.0,7.99,8.5,9.0,120.0,1.0,1.0,3.0,2.0,,1.0,1.0,1.0,1.0,1.0,3.0,0
136360.0,31.0,,22.7,87.0,119.0,58.0,148.0,51.0,5.2,1.19,141.0,4.3,13.7,174.0,13.1,0.82,42.0,6.3,93.0,0.72,8.0,8.0,840.0,1.0,3.0,2.0,2.0,,2.0,2.0,2.0,,2.0,2.0,0
136361.0,67.0,5.0,30.4,105.0,138.0,91.0,202.0,69.0,5.5,3.55,141.0,4.5,16.2,205.0,12.6,1.3,60.0,7.0,85.0,6.69,7.0,7.0,600.0,1.0,3.0,5.0,2.0,,2.0,2.0,2.0,,2.0,2.0,0
136364.0,67.0,5.0,23.5,88.9,111.0,68.0,200.0,72.0,5.4,4.32,141.0,7.5,13.9,335.0,13.3,0.98,158.0,3.3,103.0,6.02,7.5,7.5,60.0,2.0,3.0,5.0,1.0,3.0,2.0,2.0,2.0,,2.0,1.0,0
136365.0,62.0,5.0,30.1,105.6,118.0,73.0,140.0,31.0,5.4,1.39,140.0,8.4,14.9,311.0,13.9,1.3,261.0,5.9,94.0,18.99,7.0,9.0,360.0,1.0,3.0,3.0,2.0,,2.0,1.0,2.0,1.0,2.0,3.0,0
136366.0,32.0,5.0,21.3,78.8,96.0,66.0,180.0,59.0,5.0,1.07,135.0,6.2,12.5,365.0,13.1,0.64,109.0,4.0,91.0,9.05,7.5,7.5,600.0,2.0,6.0,5.0,2.0,,2.0,2.0,2.0,,2.0,3.0,0
136370.0,46.0,1.71,28.5,89.3,110.0,70.0,182.0,39.0,5.2,1.04,139.0,8.1,14.0,194.0,14.2,0.85,150.0,6.4,83.0,24.5,8.0,9.0,90.0,1.0,3.0,5.0,1.0,2.0,2.0,2.0,2.0,,2.0,2.0,0
136373.0,36.0,,35.0,110.9,111.0,71.0,179.0,35.0,5.3,0.63,142.0,5.9,14.2,290.0,14.0,0.98,158.0,8.3,90.0,30.38,12.0,12.5,360.0,1.0,4.0,3.0,2.0,,2.0,2.0,1.0,,1.0,3.0,0
136376.0,63.0,3.17,31.0,113.0,131.0,91.0,243.0,40.0,5.7,7.25,140.0,8.1,13.6,245.0,13.5,1.01,255.0,6.0,98.0,9.41,10.0,10.0,600.0,2.0,3.0,4.0,2.0,,2.0,2.0,1.0,,2.0,4.0,1
136378.0,33.0,2.67,25.8,85.7,120.0,61.0,265.0,47.0,5.4,1.02,139.0,7.5,14.0,296.0,13.1,0.92,112.0,5.6,89.0,4.95,8.5,8.0,120.0,1.0,2.0,2.0,2.0,,2.0,2.0,1.0,,2.0,4.0,0
136381.0,52.0,0.65,29.7,99.4,124.0,78.0,212.0,66.0,5.7,1.82,140.0,7.4,12.9,233.0,14.1,0.81,139.0,5.3,90.0,11.54,8.0,8.0,180.0,2.0,6.0,2.0,2.0,,2.0,2.0,2.0,,2.0,3.0,0
136383.0,79.0,1.37,27.4,99.1,120.0,62.0,109.0,40.0,7.3,3.33,140.0,5.5,12.3,91.0,21.0,0.91,85.0,5.9,96.0,25.4,11.0,11.0,300.0,1.0,1.0,2.0,1.0,3.0,1.0,2.0,1.0,,1.0,3.0,1
136384.0,33.0,0.02,37.5,130.3,162.0,111.0,153.0,52.0,5.2,1.92,140.0,4.1,14.9,208.0,12.9,0.62,49.0,4.0,78.0,64.09,6.5,8.0,300.0,2.0,3.0,4.0,2.0,,2.0,1.0,2.0,1.0,2.0,4.0,0
136385.0,63.0,1.89,28.1,112.6,139.0,62.0,179.0,41.0,5.8,4.76,139.0,8.5,15.9,174.0,13.2,1.45,167.0,5.5,120.0,29.14,11.0,11.0,360.0,1.0,3.0,4.0,1.0,3.0,1.0,1.0,1.0,1.0,1.0,3.0,0
136389.0,73.0,1.44,46.2,123.5,116.0,69.0,176.0,49.0,5.5,3.3,138.0,6.5,12.6,285.0,22.4,0.86,126.0,6.7,102.0,8.7,9.0,9.0,360.0,2.0,3.0,3.0,2.0,,2.0,1.0,1.0,1.0,1.0,2.0,0
136390.0,80.0,3.28,31.3,104.8,110.0,74.0,137.0,49.0,7.3,8.34,138.0,7.0,11.5,188.0,13.8,1.26,103.0,11.5,154.0,15.61,7.5,7.5,600.0,2.0,3.0,4.0,2.0,,3.0,1.0,1.0,1.0,1.0,3.0,1
136392.0,59.0,1.22,21.4,80.5,104.0,71.0,257.0,78.0,5.5,0.54,143.0,4.2,14.8,321.0,13.4,0.79,70.0,4.3,97.0,4.86,8.5,9.0,180.0,2.0,3.0,4.0,2.0,,2.0,2.0,2.0,,2.0,1.0,0
136397.0,38.0,0.79,30.2,96.1,109.0,79.0,156.0,54.0,5.4,2.27,141.0,7.4,12.9,297.0,12.8,0.66,101.0,4.3,75.0,48.08,5.5,7.5,180.0,2.0,2.0,5.0,1.0,3.0,2.0,2.0,1.0,,2.0,3.0,0
136398.0,58.0,0.75,35.6,104.6,112.0,68.0,184.0,50.0,5.6,13.06,135.0,9.1,13.9,164.0,13.3,1.15,211.0,6.6,117.0,14.92,3.0,3.0,480.0,2.0,3.0,3.0,1.0,3.0,1.0,1.0,1.0,1.0,1.0,5.0,1
136399.0,52.0,2.13,35.1,100.6,131.0,83.0,229.0,54.0,5.6,4.26,142.0,7.5,14.1,329.0,13.0,0.65,178.0,5.5,82.0,1.62,6.5,6.5,360.0,2.0,6.0,4.0,2.0,,2.0,1.0,1.0,1.0,1.0,4.0,1
136400.0,55.0,0.74,34.2,104.0,154.0,94.0,131.0,45.0,5.1,3.36,139.0,5.4,13.6,301.0,13.2,0.6,185.0,5.5,88.0,33.94,8.0,8.0,300.0,2.0,3.0,4.0,1.0,3.0,2.0,1.0,1.0,1.0,1.0,3.0,1
136401.0,34.0,2.88,24.9,74.0,104.0,68.0,165.0,62.0,5.1,0.77,137.0,7.0,11.6,242.0,13.0,0.79,67.0,3.4,88.0,5.43,7.0,9.0,600.0,2.0,2.0,4.0,2.0,,2.0,2.0,2.0,,2.0,1.0,0
136402.0,65.0,5.0,29.6,94.6,139.0,61.0,216.0,69.0,5.5,2.72,143.0,6.5,12.7,277.0,13.1,0.86,98.0,4.4,98.0,4.68,8.5,8.5,240.0,2.0,3.0,5.0,2.0,,2.0,1.0,2.0,2.0,2.0,2.0,1
136405.0,61.0,5.0,42.0,124.1,134.0,78.0,289.0,57.0,5.6,10.92,141.0,6.2,13.6,350.0,13.3,1.01,168.0,4.9,118.0,6.88,8.5,10.5,720.0,2.0,3.0,4.0,2.0,,2.0,1.0,1.0,1.0,1.0,3.0,0
136407.0,58.0,0.07,26.0,97.8,132.0,84.0,113.0,46.0,5.9,9.72,140.0,8.8,13.7,183.0,13.6,1.06,76.0,4.7,92.0,18.19,11.0,11.0,600.0,1.0,7.0,3.0,1.0,2.0,2.0,2.0,2.0,,2.0,2.0,0
136408.0,63.0,2.13,30.2,113.1,133.0,91.0,238.0,48.0,5.8,0.84,136.0,12.2,14.9,355.0,12.9,0.55,575.0,5.0,106.0,15.05,8.5,8.5,240.0,1.0,3.0,3.0,1.0,2.0,2.0,1.0,1.0,1.0,1.0,3.0,1
136412.0,65.0,0.1,34.3,116.2,144.0,78.0,247.0,59.0,5.9,13.62,139.0,8.2,13.5,278.0,13.4,1.24,225.0,6.3,150.0,237.79,7.5,7.5,120.0,2.0,4.0,5.0,2.0,,2.0,1.0,1.0,1.0,1.0,3.0,1
136415.0,52.0,,27.8,102.7,104.0,69.0,102.0,36.0,6.9,1.74,142.0,6.1,13.9,266.0,14.7,2.02,80.0,5.6,84.0,216.42,5.5,5.5,540.0,1.0,2.0,5.0,2.0,,1.0,1.0,1.0,1.0,1.0,4.0,0
136418.0,70.0,1.47,29.7,105.4,97.0,69.0,105.0,46.0,5.6,3.04,141.0,8.3,15.2,232.0,13.5,0.85,82.0,7.3,97.0,12.21,11.5,11.0,720.0,1.0,3.0,3.0,2.0,,2.0,1.0,1.0,1.0,1.0,4.0,0
136421.0,25.0,5.0,33.1,108.2,116.0,76.0,152.0,35.0,5.1,3.52,141.0,7.8,15.4,287.0,13.8,0.87,100.0,5.9,99.0,3.62,7.5,9.0,300.0,1.0,1.0,4.0,2.0,,2.0,2.0,2.0,,2.0,2.0,0
136424.0,42.0,0.97,37.7,110.3,106.0,81.0,135.0,35.0,5.0,5.98,138.0,6.4,13.7,198.0,14.2,0.81,139.0,4.7,96.0,7.67,10.0,10.0,240.0,2.0,7.0,4.0,2.0,,2.0,1.0,2.0,1.0,2.0,2.0,0
136425.0,46.0,2.95,38.1,120.8,139.0,83.0,156.0,47.0,5.7,8.63,143.0,10.8,14.9,259.0,14.9,0.98,156.0,7.9,81.0,4.56,7.0,9.0,360.0,1.0,3.0,3.0,2.0,,3.0,1.0,2.0,2.0,2.0,3.0,0
136429.0,39.0,1.23,45.8,146.8,115.0,72.0,185.0,72.0,5.4,0.25,140.0,6.7,9.8,372.0,18.2,0.73,106.0,6.1,85.0,1.31,7.5,8.0,300.0,2.0,3.0,3.0,1.0,3.0,2.0,2.0,2.0,,2.0,3.0,0
136431.0,54.0,1.77,26.7,94.2,117.0,72.0,176.0,51.0,5.9,4.85,139.0,7.6,15.6,206.0,13.0,1.07,74.0,5.8,101.0,7.54,7.5,9.0,300.0,1.0,2.0,5.0,1.0,1.0,3.0,2.0,1.0,,1.0,2.0,0
136434.0,61.0,1.37,28.6,97.3,129.0,90.0,230.0,52.0,5.6,4.69,141.0,4.8,13.2,326.0,13.0,0.71,152.0,5.6,99.0,6.4,7.5,7.0,120.0,2.0,3.0,4.0,2.0,,2.0,1.0,1.0,1.0,2.0,3.0,0
136437.0,43.0,5.0,28.8,101.1,107.0,69.0,208.0,47.0,5.8,0.96,140.0,6.0,14.9,257.0,14.0,1.05,96.0,6.8,105.0,3.23,5.0,7.0,180.0,1.0,6.0,5.0,1.0,1.0,3.0,2.0,1.0,,2.0,2.0,0
136439.0,20.0,5.0,19.3,77.1,123.0,100.0,116.0,51.0,5.1,0.5,140.0,5.8,13.3,153.0,13.5,0.73,36.0,3.5,97.0,4.53,8.5,8.5,660.0,2.0,6.0,3.0,2.0,,2.0,2.0,2.0,,2.0,2.0,0
136440.0,80.0,5.0,22.0,78.0,116.0,70.0,198.0,66.0,5.8,0.51,145.0,5.3,13.2,242.0,14.1,0.79,69.0,4.0,102.0,7.35,5.5,5.5,180.0,2.0,3.0,5.0,2.0,,2.0,2.0,1.0,,1.0,2.0,0
136442.0,37.0,4.4,25.3,92.9,123.0,72.0,212.0,62.0,5.3,0.35,143.0,5.7,15.1,239.0,13.0,1.0,112.0,5.8,81.0,0.45,7.0,7.0,540.0,1.0,3.0,5.0,2.0,,2.0,2.0,2.0,,2.0,2.0,0
136443.0,67.0,3.24,21.8,84.3,137.0,72.0,120.0,36.0,6.7,1.17,140.0,5.7,13.2,164.0,14.0,0.83,246.0,6.1,127.0,13.44,12.5,11.5,480.0,1.0,4.0,2.0,2.0,,1.0,1.0,1.0,1.0,1.0,3.0,1
136444.0,61.0,0.82,29.1,101.7,134.0,86.0,210.0,59.0,5.3,0.54,136.0,3.6,15.3,263.0,13.8,1.1,104.0,3.8,97.0,3.74,7.0,9.0,360.0,1.0,2.0,3.0,1.0,3.0,2.0,1.0,1.0,1.0,1.0,4.0,0
136445.0,80.0,0.36,24.1,91.6,148.0,66.0,158.0,40.0,5.6,0.71,140.0,4.7,15.5,197.0,12.6,0.79,87.0,6.6,104.0,56.33,7.5,7.5,240.0,1.0,6.0,3.0,2.0,,2.0,1.0,2.0,1.0,2.0,3.0,0
136448.0,80.0,1.97,36.6,121.5,133.0,69.0,183.0,42.0,7.0,8.88,141.0,5.8,12.7,242.0,13.9,0.58,180.0,3.2,132.0,70.95,9.0,9.0,360.0,2.0,3.0,3.0,1.0,3.0,2.0,1.0,1.0,1.0,1.0,3.0,1
136449.0,21.0,,21.3,73.7,94.0,64.0,178.0,86.0,5.0,2.37,140.0,8.3,12.9,214.0,12.6,0.76,54.0,3.0,79.0,10.58,10.0,10.0,480.0,2.0,6.0,4.0,2.0,,2.0,2.0,2.0,,2.0,3.0,0
136452.0,36.0,5.0,26.6,87.5,96.0,72.0,198.0,42.0,5.0,0.83,140.0,7.5,12.5,244.0,12.7,0.86,139.0,4.8,91.0,7.75,8.0,8.0,720.0,2.0,6.0,5.0,2.0,,2.0,2.0,2.0,,2.0,2.0,0
136453.0,32.0,,22.8,88.1,103.0,69.0,179.0,37.0,5.5,1.52,141.0,9.6,12.8,306.0,16.0,0.72,126.0,4.8,88.0,7.04,8.0,8.0,240.0,2.0,6.0,5.0,2.0,,2.0,2.0,2.0,,2.0,2.0,0
136455.0,58.0,2.66,26.1,100.6,85.0,53.0,136.0,35.0,5.5,1.6,139.0,7.5,14.3,231.0,13.9,1.22,212.0,3.4,92.0,60.33,9.5,8.0,240.0,1.0,3.0,3.0,1.0,1.0,2.0,1.0,1.0,1.0,1.0,4.0,1
136457.0,68.0,3.93,24.4,81.9,102.0,66.0,228.0,82.0,5.5,0.84,141.0,4.2,13.2,205.0,14.0,0.71,53.0,3.9,102.0,7.65,7.5,7.5,180.0,2.0,3.0,5.0,2.0,,2.0,2.0,1.0,,2.0,2.0,0
136458.0,73.0,1.99,35.2,122.8,124.0,96.0,174.0,44.0,5.6,11.94,138.0,6.6,13.8,160.0,13.3,1.4,149.0,7.0,94.0,60.94,10.0,10.0,180.0,1.0,3.0,4.0,1.0,3.0,2.0,1.0,2.0,1.0,2.0,2.0,0
136460.0,29.0,0.96,37.0,113.3,105.0,76.0,231.0,59.0,5.1,7.15,137.0,7.5,14.6,360.0,12.9,0.75,114.0,3.6,83.0,7.68,6.0,7.0,480.0,2.0,3.0,4.0,1.0,1.0,2.0,2.0,2.0,,2.0,3.0,0
136461.0,25.0,2.39,24.8,79.9,123.0,75.0,161.0,50.0,5.2,0.32,132.0,3.7,11.0,322.0,15.4,0.66,55.0,2.9,74.0,5.76,9.0,12.0,720.0,2.0,4.0,4.0,2.0,,2.0,2.0,2.0,,2.0,3.0,0
136462.0,21.0,0.15,22.5,79.0,109.0,64.0,181.0,62.0,5.4,17.91,139.0,6.2,12.0,361.0,12.9,0.86,105.0,4.4,96.0,4.44,8.5,9.0,360.0,2.0,3.0,4.0,2.0,,2.0,2.0,2.0,,2.0,2.0,0
136466.0,43.0,3.13,28.5,98.7,96.0,75.0,273.0,48.0,5.6,0.84,138.0,5.3,13.0,310.0,14.6,0.74,130.0,4.2,101.0,4.6,8.0,8.5,600.0,2.0,3.0,5.0,2.0,,2.0,2.0,1.0,,2.0,3.0,0
136467.0,57.0,2.58,23.2,89.5,129.0,73.0,207.0,41.0,5.6,0.57,136.0,6.9,13.1,317.0,13.9,0.95,202.0,4.1,95.0,6.88,5.5,10.0,180.0,2.0,3.0,3.0,1.0,1.0,2.0,2.0,2.0,,2.0,3.0,0
136468.0,21.0,,18.2,69.5,121.0,62.0,139.0,48.0,4.9,0.33,140.0,5.6,13.4,192.0,13.0,0.83,63.0,4.8,91.0,10.65,9.0,7.0,480.0,1.0,3.0,3.0,1.0,3.0,2.0,2.0,2.0,,2.0,3.0,0
136473.0,60.0,0.66,24.8,89.4,108.0,73.0,178.0,94.0,5.5,0.75,142.0,5.8,13.4,194.0,13.7,0.86,97.0,6.6,80.0,0.95,9.0,9.0,360.0,1.0,4.0,4.0,1.0,1.0,2.0,2.0,2.0,,2.0,4.0,0
136475.0,80.0,1.55,26.8,93.1,160.0,75.0,216.0,98.0,6.1,5.5,140.0,5.9,12.6,182.0,14.2,1.19,92.0,4.6,110.0,43.43,11.0,11.0,240.0,2.0,3.0,3.0,1.0,3.0,3.0,2.0,1.0,,2.0,3.0,0
136477.0,52.0,4.05,27.6,95.9,115.0,72.0,178.0,31.0,4.9,1.0,143.0,6.5,17.2,186.0,13.1,1.15,612.0,5.4,93.0,0.91,9.0,10.0,600.0,1.0,3.0,5.0,2.0,,2.0,2.0,2.0,,2.0,2.0,0
136478.0,59.0,0.09,40.5,124.6,145.0,65.0,233.0,42.0,12.8,3.04,137.0,6.5,15.1,204.0,16.4,1.11,203.0,6.1,321.0,5763.61,8.0,8.0,30.0,1.0,1.0,1.0,1.0,3.0,1.0,1.0,1.0,1.0,1.0,5.0,1
136487.0,48.0,3.16,39.7,120.3,111.0,79.0,191.0,46.0,5.8,6.15,139.0,5.5,13.7,342.0,12.8,0.75,103.0,4.6,137.0,4.29,6.0,8.5,240.0,2.0,3.0,4.0,2.0,,3.0,1.0,2.0,2.0,2.0,3.0,0
136489.0,41.0,5.0,24.2,95.8,117.0,79.0,167.0,60.0,5.3,0.82,141.0,6.1,15.3,217.0,12.9,0.93,54.0,5.7,94.0,9.54,6.5,7.0,600.0,1.0,3.0,5.0,1.0,3.0,2.0,2.0,2.0,,2.0,1.0,0
136490.0,61.0,5.0,29.7,112.3,117.0,80.0,151.0,50.0,5.3,0.79,141.0,6.6,15.8,246.0,12.9,0.94,103.0,6.3,105.0,10.83,8.5,8.5,660.0,1.0,3.0,5.0,1.0,3.0,2.0,1.0,2.0,1.0,2.0,3.0,0
136492.0,66.0,1.91,25.1,88.0,143.0,87.0,199.0,49.0,6.3,0.44,140.0,7.3,15.5,245.0,12.8,0.66,109.0,5.2,133.0,8.02,6.0,7.5,120.0,1.0,6.0,5.0,1.0,3.0,2.0,1.0,2.0,1.0,2.0,3.0,0
136496.0,57.0,5.0,24.0,89.6,120.0,78.0,234.0,64.0,5.2,1.35,142.0,5.2,13.8,217.0,12.6,0.67,102.0,4.2,90.0,11.89,7.0,7.5,300.0,2.0,6.0,5.0,2.0,,2.0,2.0,2.0,,2.0,2.0,1
136499.0,38.0,,20.6,77.5,112.0,67.0,170.0,68.0,5.4,0.3,142.0,9.1,13.3,247.0,12.8,1.08,94.0,4.7,83.0,4.2,9.0,8.0,120.0,2.0,3.0,5.0,2.0,,2.0,2.0,2.0,,2.0,1.0,0
136508.0,62.0,5.0,25.5,84.9,127.0,81.0,289.0,73.0,5.3,0.61,144.0,4.4,14.7,227.0,12.6,0.47,68.0,5.1,94.0,13.96,7.5,8.0,240.0,2.0,6.0,5.0,2.0,,2.0,2.0,2.0,,2.0,4.0,0
136509.0,28.0,1.0,58.6,143.4,115.0,73.0,128.0,35.0,6.1,8.78,141.0,7.5,12.3,309.0,14.1,0.63,162.0,6.9,92.0,7.23,7.5,9.0,480.0,2.0,3.0,4.0,2.0,,2.0,2.0,2.0,,2.0,3.0,0
136510.0,36.0,,48.5,141.3,99.0,65.0,173.0,49.0,6.4,44.2,138.0,9.3,12.0,399.0,16.9,0.68,57.0,6.0,125.0,4.73,6.0,7.0,480.0,2.0,4.0,5.0,2.0,,2.0,2.0,2.0,,2.0,2.0,0
136512.0,71.0,5.0,24.5,88.8,123.0,65.0,214.0,56.0,5.7,3.75,138.0,7.8,13.7,235.0,12.4,1.0,270.0,4.7,89.0,0.54,8.5,7.5,300.0,2.0,3.0,5.0,1.0,3.0,2.0,1.0,2.0,1.0,2.0,3.0,0
136516.0,71.0,,27.1,94.3,144.0,87.0,342.0,74.0,5.8,7.19,140.0,7.3,14.4,214.0,13.0,0.87,193.0,4.8,92.0,32.97,7.5,7.5,300.0,2.0,3.0,5.0,2.0,,2.0,1.0,2.0,1.0,2.0,2.0,0
136521.0,41.0,0.7,24.2,91.6,140.0,96.0,196.0,39.0,5.5,1.49,139.0,9.0,15.0,279.0,13.7,0.84,186.0,4.6,105.0,7.75,10.0,10.0,660.0,1.0,3.0,3.0,1.0,1.0,2.0,1.0,2.0,1.0,2.0,2.0,0
136522.0,20.0,0.07,20.2,68.5,108.0,69.0,149.0,67.0,5.0,0.69,141.0,5.0,13.5,205.0,12.6,0.68,38.0,2.7,84.0,5.07,5.5,7.0,420.0,2.0,3.0,4.0,2.0,,2.0,2.0,2.0,,2.0,2.0,0
136523.0,63.0,,35.8,106.5,110.0,74.0,165.0,70.0,6.7,1.86,142.0,6.0,14.3,237.0,15.7,0.72,132.0,3.4,137.0,6.52,7.5,8.0,780.0,2.0,1.0,5.0,2.0,,1.0,1.0,1.0,1.0,1.0,2.0,0
136525.0,63.0,3.99,39.8,134.3,125.0,93.0,189.0,31.0,8.9,2.94,134.0,8.6,17.7,291.0,15.9,0.83,341.0,5.6,195.0,1260.22,3.5,4.0,420.0,1.0,7.0,2.0,2.0,,1.0,1.0,1.0,1.0,1.0,4.0,1
136527.0,71.0,2.03,35.9,101.0,132.0,75.0,169.0,83.0,5.4,1.22,139.0,5.0,14.4,158.0,14.5,1.06,84.0,5.5,93.0,6.21,9.0,9.5,300.0,2.0,3.0,4.0,2.0,,2.0,1.0,1.0,1.0,1.0,3.0,0
136528.0,23.0,5.0,21.8,86.2,135.0,81.0,221.0,45.0,5.4,0.4,139.0,5.1,14.2,301.0,14.5,0.83,192.0,6.7,94.0,8.85,9.0,10.0,360.0,1.0,3.0,4.0,2.0,,2.0,2.0,2.0,,2.0,2.0,0
136530.0,40.0,5.0,25.6,99.5,133.0,82.0,228.0,94.0,5.0,3.09,139.0,6.1,15.9,259.0,13.1,0.86,67.0,7.3,73.0,4.15,7.5,8.5,600.0,1.0,3.0,5.0,2.0,,2.0,2.0,2.0,,2.0,1.0,0
136535.0,63.0,5.0,26.3,98.5,114.0,71.0,153.0,36.0,4.7,1.54,140.0,5.6,15.0,247.0,13.3,0.98,109.0,5.6,86.0,4.49,8.5,9.5,540.0,1.0,3.0,5.0,2.0,,2.0,2.0,1.0,,1.0,1.0,0
136536.0,55.0,5.0,25.4,86.0,115.0,75.0,238.0,54.0,5.8,2.3,139.0,4.0,14.8,237.0,13.2,0.95,131.0,5.0,104.0,6.69,5.0,11.5,180.0,2.0,2.0,5.0,2.0,,2.0,2.0,2.0,,2.0,3.0,0
136537.0,27.0,1.75,37.0,111.7,114.0,71.0,232.0,51.0,5.6,6.41,138.0,9.0,14.9,279.0,13.5,0.88,129.0,6.1,83.0,4.29,7.5,7.5,90.0,1.0,3.0,4.0,2.0,,2.0,2.0,2.0,,2.0,2.0,0
136539.0,80.0,4.42,27.5,103.2,84.0,45.0,134.0,34.0,7.2,7.98,141.0,7.8,14.0,162.0,18.8,1.47,114.0,10.7,161.0,6.11,8.0,8.0,960.0,1.0,3.0,2.0,1.0,3.0,2.0,1.0,1.0,2.0,1.0,3.0,1
136540.0,21.0,2.11,23.4,83.5,99.0,55.0,153.0,66.0,5.4,0.22,140.0,7.1,12.0,264.0,13.7,0.7,95.0,3.5,74.0,3.85,8.0,12.0,180.0,2.0,4.0,3.0,2.0,,2.0,2.0,2.0,,2.0,3.0,0
136541.0,50.0,5.0,21.4,77.5,132.0,84.0,188.0,87.0,4.7,0.35,140.0,4.5,13.8,245.0,12.5,0.75,66.0,4.5,89.0,7.1,8.0,9.0,300.0,2.0,3.0,5.0,1.0,3.0,2.0,2.0,2.0,,2.0,2.0,0
136542.0,60.0,,38.1,121.9,108.0,81.0,121.0,38.0,5.8,3.92,,8.2,15.9,289.0,14.0,,,,,20.0,5.0,11.0,480.0,1.0,4.0,3.0,2.0,,2.0,1.0,1.0,1.0,1.0,4.0,1
136546.0,80.0,1.29,30.2,105.3,203.0,112.0,148.0,78.0,5.0,0.45,139.0,3.7,15.6,219.0,12.1,0.77,57.0,6.6,100.0,25.1,5.0,6.0,480.0,2.0,4.0,2.0,2.0,,2.0,1.0,1.0,1.0,1.0,4.0,0
136549.0,44.0,3.31,25.2,94.3,114.0,77.0,154.0,47.0,4.8,3.11,139.0,4.9,11.8,278.0,12.8,0.35,124.0,5.9,91.0,7.43,8.0,9.0,240.0,2.0,7.0,4.0,2.0,,2.0,2.0,2.0,,2.0,3.0,0
136553.0,38.0,,26.0,92.9,111.0,77.0,219.0,51.0,4.6,0.41,137.0,6.7,15.1,262.0,12.8,0.97,95.0,7.1,95.0,1.0,6.5,6.5,240.0,1.0,3.0,5.0,1.0,3.0,2.0,2.0,2.0,,2.0,3.0,0
136556.0,56.0,1.82,24.2,85.1,128.0,78.0,145.0,52.0,4.7,11.98,139.0,7.8,13.9,466.0,12.7,1.4,74.0,6.0,95.0,7.69,6.0,6.0,480.0,1.0,4.0,2.0,1.0,1.0,2.0,2.0,2.0,,2.0,2.0,0
136561.0,31.0,4.27,26.2,86.7,99.0,73.0,160.0,46.0,5.0,0.41,140.0,4.4,14.1,190.0,12.5,1.04,100.0,5.6,87.0,1.24,7.5,8.5,360.0,1.0,7.0,5.0,2.0,,2.0,2.0,2.0,,2.0,1.0,0
136562.0,71.0,,32.0,103.7,151.0,106.0,296.0,72.0,5.3,3.1,143.0,6.4,15.0,317.0,13.1,0.93,75.0,5.2,92.0,18.4,5.5,5.5,180.0,2.0,3.0,3.0,1.0,3.0,2.0,2.0,2.0,,2.0,3.0,0
136564.0,58.0,2.52,30.0,103.6,101.0,73.0,87.0,34.0,6.5,0.48,141.0,3.5,13.6,71.0,15.8,0.95,137.0,5.6,109.0,51.85,7.0,6.0,240.0,2.0,7.0,4.0,1.0,3.0,1.0,2.0,2.0,,9.0,2.0,0
136566.0,63.0,5.0,29.7,111.4,122.0,71.0,186.0,61.0,6.9,1.97,138.0,5.1,11.3,195.0,12.5,1.23,79.0,5.3,136.0,21.91,7.0,8.0,420.0,1.0,4.0,4.0,2.0,,1.0,2.0,1.0,,1.0,2.0,0
136568.0,68.0,1.17,29.0,103.7,131.0,81.0,167.0,50.0,5.6,1.56,141.0,5.0,16.2,213.0,15.9,1.16,107.0,9.1,103.0,4.14,8.5,8.5,300.0,1.0,3.0,4.0,2.0,,2.0,2.0,1.0,,1.0,1.0,0
136571.0,63.0,5.0,25.7,95.7,128.0,56.0,170.0,60.0,5.5,0.16,143.0,5.1,12.9,186.0,12.6,0.84,44.0,4.2,87.0,3.38,8.0,8.5,300.0,1.0,3.0,5.0,2.0,,2.0,1.0,1.0,1.0,1.0,1.0,0
136572.0,77.0,1.38,28.9,104.3,118.0,70.0,201.0,42.0,5.4,0.88,141.0,4.2,13.2,221.0,13.5,1.08,212.0,6.1,86.0,7.36,7.0,7.0,120.0,2.0,3.0,2.0,1.0,3.0,2.0,2.0,2.0,,2.0,2.0,0
136573.0,57.0,2.08,23.0,94.1,131.0,87.0,438.0,65.0,5.9,0.48,142.0,7.3,10.9,327.0,17.3,1.13,240.0,5.1,96.0,49.35,8.0,10.0,180.0,2.0,3.0,4.0,2.0,,2.0,2.0,2.0,,2.0,4.0,0
136576.0,61.0,1.89,41.2,116.9,119.0,67.0,187.0,51.0,7.4,17.82,140.0,13.1,14.8,421.0,13.3,0.92,142.0,6.5,122.0,8.06,8.0,9.0,600.0,2.0,3.0,4.0,2.0,,2.0,2.0,2.0,,1.0,3.0,0
136577.0,53.0,4.02,42.9,117.0,115.0,75.0,144.0,61.0,5.5,12.84,139.0,7.4,13.6,243.0,14.5,0.8,71.0,6.0,107.0,5.08,8.0,8.0,600.0,2.0,3.0,4.0,1.0,3.0,2.0,2.0,2.0,,2.0,3.0,0
136579.0,52.0,3.33,27.8,97.3,145.0,101.0,197.0,41.0,5.3,1.54,138.0,6.8,13.0,297.0,14.6,0.78,225.0,5.3,97.0,59.32,5.5,5.5,840.0,2.0,6.0,4.0,2.0,,2.0,2.0,2.0,,2.0,2.0,0
136582.0,66.0,4.05,25.0,89.7,138.0,74.0,138.0,57.0,5.7,0.83,141.0,4.4,14.3,177.0,13.1,1.07,73.0,5.0,97.0,6.72,9.0,9.0,360.0,1.0,4.0,4.0,2.0,,2.0,1.0,1.0,1.0,1.0,2.0,1
136584.0,33.0,1.97,21.0,73.0,116.0,77.0,184.0,65.0,4.9,0.37,138.0,12.0,14.6,249.0,12.7,0.59,67.0,3.2,84.0,13.15,8.0,8.5,240.0,2.0,3.0,5.0,1.0,1.0,2.0,2.0,2.0,,2.0,2.0,0
136585.0,60.0,2.13,31.3,99.7,123.0,91.0,235.0,64.0,5.7,1.39,139.0,6.9,14.5,225.0,13.0,0.84,227.0,6.1,83.0,0.7,6.5,5.5,240.0,1.0,6.0,4.0,2.0,,2.0,2.0,1.0,,1.0,2.0,0
136586.0,66.0,2.19,23.9,87.2,148.0,84.0,228.0,63.0,5.5,1.11,143.0,4.7,12.9,192.0,13.8,0.69,105.0,5.3,96.0,9.26,7.5,7.5,360.0,2.0,3.0,5.0,2.0,,2.0,1.0,1.0,1.0,1.0,2.0,1
136587.0,59.0,1.6,30.0,91.8,99.0,56.0,175.0,73.0,7.8,3.09,135.0,7.4,14.5,231.0,13.5,0.6,120.0,3.9,183.0,6.61,3.5,9.5,180.0,2.0,1.0,1.0,1.0,1.0,1.0,1.0,1.0,1.0,1.0,4.0,1
136589.0,80.0,2.02,36.4,136.8,101.0,49.0,198.0,54.0,5.7,1.34,138.0,8.9,14.4,206.0,14.4,0.91,85.0,4.9,104.0,9.1,,,360.0,1.0,3.0,3.0,1.0,3.0,2.0,2.0,2.0,,2.0,1.0,0
136591.0,57.0,,24.2,91.4,132.0,83.0,393.0,54.0,5.8,2.35,140.0,4.6,16.5,139.0,13.7,0.72,496.0,5.7,103.0,23.18,7.0,7.0,120.0,1.0,2.0,1.0,2.0,,2.0,2.0,2.0,,1.0,3.0,0
136592.0,71.0,4.26,32.2,113.5,130.0,74.0,185.0,61.0,5.4,0.87,139.0,6.1,14.1,150.0,13.3,1.06,101.0,4.6,92.0,5.44,8.0,8.0,240.0,1.0,3.0,5.0,2.0,,2.0,2.0,1.0,,1.0,3.0,0
136593.0,29.0,,26.4,90.7,111.0,64.0,141.0,39.0,5.1,3.96,138.0,6.0,12.4,260.0,15.1,,252.0,,92.0,8.08,7.0,6.5,180.0,2.0,1.0,4.0,2.0,,2.0,2.0,2.0,,2.0,2.0,0
136596.0,67.0,0.68,22.3,89.4,193.0,101.0,155.0,54.0,5.4,12.74,138.0,5.9,15.0,299.0,13.2,0.67,75.0,5.9,100.0,5.14,6.0,6.0,120.0,1.0,4.0,2.0,1.0,3.0,2.0,1.0,2.0,1.0,2.0,3.0,0
136599.0,64.0,1.31,44.1,135.0,144.0,85.0,241.0,44.0,5.7,10.52,142.0,8.1,16.3,388.0,14.6,1.08,147.0,6.3,124.0,35.1,14.0,9.0,1020.0,2.0,3.0,4.0,2.0,,2.0,1.0,1.0,1.0,1.0,3.0,0
136601.0,44.0,0.98,25.4,87.0,108.0,76.0,233.0,53.0,5.5,1.66,142.0,6.4,12.8,330.0,13.1,0.77,128.0,4.6,91.0,8.78,8.5,8.5,180.0,2.0,1.0,3.0,2.0,,2.0,2.0,2.0,,2.0,3.0,0
136603.0,59.0,,30.9,102.7,130.0,74.0,175.0,61.0,5.5,3.61,139.0,5.6,13.9,208.0,12.7,0.86,129.0,5.0,80.0,0.55,6.5,6.5,120.0,2.0,3.0,3.0,1.0,3.0,2.0,1.0,2.0,1.0,2.0,3.0,0
136605.0,60.0,5.0,29.4,101.3,136.0,104.0,227.0,72.0,5.1,1.31,141.0,4.9,14.2,203.0,12.5,0.91,82.0,3.6,83.0,7.94,7.0,7.0,300.0,2.0,2.0,4.0,2.0,,2.0,1.0,1.0,1.0,1.0,2.0,0
136606.0,67.0,1.3,,,109.0,55.0,173.0,39.0,5.0,10.02,140.0,4.8,9.9,249.0,16.1,0.74,87.0,4.2,91.0,6.73,8.5,8.5,720.0,1.0,4.0,2.0,1.0,3.0,2.0,1.0,2.0,1.0,2.0,4.0,1
136607.0,59.0,0.7,27.6,106.2,121.0,69.0,62.0,29.0,6.6,14.47,133.0,5.8,6.6,141.0,21.3,1.08,56.0,11.2,148.0,26.57,2.0,2.0,240.0,1.0,2.0,4.0,1.0,1.0,2.0,1.0,1.0,1.0,1.0,4.0,1
136608.0,39.0,5.0,39.3,128.6,129.0,95.0,238.0,51.0,5.1,6.1,139.0,8.5,15.7,242.0,12.7,0.97,241.0,8.5,92.0,7.29,8.0,8.0,540.0,1.0,3.0,5.0,2.0,,2.0,2.0,2.0,,2.0,2.0,0
136610.0,20.0,,19.4,71.3,144.0,97.0,133.0,67.0,5.0,0.42,139.0,9.4,14.5,261.0,14.0,0.84,47.0,4.4,102.0,5.66,9.0,7.0,120.0,1.0,2.0,3.0,2.0,,2.0,2.0,2.0,,2.0,4.0,0
136614.0,77.0,,27.2,,127.0,64.0,126.0,48.0,5.8,4.12,139.0,10.2,14.9,416.0,13.7,1.16,214.0,7.8,40.0,95.86,6.0,6.0,30.0,1.0,4.0,3.0,1.0,2.0,1.0,2.0,2.0,,1.0,3.0,1
136616.0,58.0,5.0,24.1,92.2,140.0,91.0,200.0,54.0,5.7,0.69,140.0,7.9,15.8,164.0,12.5,0.94,136.0,7.9,102.0,8.15,8.0,8.0,240.0,1.0,6.0,5.0,2.0,,2.0,1.0,2.0,1.0,2.0,3.0,0
136618.0,70.0,2.73,37.7,128.3,134.0,80.0,183.0,43.0,7.3,2.91,138.0,8.0,13.4,211.0,14.4,1.41,213.0,6.2,140.0,6.21,9.0,10.0,420.0,1.0,2.0,1.0,2.0,,1.0,1.0,1.0,1.0,1.0,3.0,0
136621.0,65.0,1.64,24.5,85.2,166.0,86.0,227.0,59.0,6.1,0.77,135.0,5.0,14.1,264.0,13.4,0.57,83.0,4.5,90.0,10.11,7.0,7.0,60.0,2.0,6.0,3.0,2.0,,2.0,1.0,2.0,1.0,1.0,4.0,0
136623.0,54.0,5.0,26.5,94.4,119.0,64.0,146.0,44.0,5.4,0.56,141.0,7.0,15.4,226.0,12.9,0.97,97.0,5.0,83.0,0.49,8.0,8.0,180.0,1.0,3.0,5.0,2.0,,2.0,2.0,1.0,,1.0,2.0,0
136626.0,64.0,3.65,31.9,110.0,95.0,60.0,334.0,54.0,5.7,7.8,138.0,9.9,15.4,330.0,14.3,0.83,239.0,4.7,96.0,11.22,8.5,10.0,240.0,2.0,3.0,5.0,2.0,,2.0,2.0,1.0,,2.0,1.0,0
136628.0,71.0,3.55,19.2,77.5,139.0,75.0,191.0,72.0,5.4,0.66,135.0,7.2,11.7,313.0,12.6,0.7,83.0,2.3,90.0,24.53,9.0,9.0,480.0,2.0,3.0,4.0,2.0,,2.0,2.0,2.0,,2.0,2.0,0
136629.0,50.0,1.26,27.4,98.0,139.0,71.0,105.0,31.0,6.6,0.27,137.0,6.2,11.2,177.0,17.2,15.17,172.0,7.7,113.0,14708.28,11.0,11.0,720.0,1.0,6.0,5.0,1.0,3.0,1.0,1.0,1.0,1.0,1.0,4.0,1
136634.0,69.0,2.94,18.6,79.0,132.0,80.0,179.0,78.0,5.7,36.15,140.0,6.8,15.8,282.0,15.4,1.18,62.0,5.9,77.0,25.65,8.5,8.5,600.0,1.0,7.0,2.0,1.0,1.0,2.0,2.0,2.0,,2.0,3.0,1
136636.0,54.0,5.0,23.0,87.0,102.0,69.0,183.0,65.0,5.4,1.58,139.0,5.1,13.2,242.0,13.5,0.7,48.0,3.7,86.0,0.64,7.5,9.0,240.0,2.0,3.0,5.0,2.0,,2.0,2.0,2.0,,2.0,3.0,0
136637.0,52.0,5.0,30.7,99.2,92.0,67.0,196.0,43.0,5.3,3.77,139.0,8.4,14.0,327.0,12.8,0.7,137.0,4.5,85.0,14.27,8.5,10.0,540.0,2.0,3.0,4.0,1.0,3.0,2.0,2.0,2.0,,2.0,2.0,0
136638.0,60.0,5.0,21.6,82.4,126.0,65.0,251.0,71.0,5.3,0.45,133.0,6.4,13.1,254.0,12.7,0.65,74.0,2.6,93.0,9.82,8.0,8.0,300.0,2.0,3.0,5.0,1.0,3.0,2.0,2.0,2.0,,2.0,1.0,0
136642.0,33.0,5.0,26.2,89.0,110.0,65.0,165.0,60.0,4.5,3.85,136.0,6.1,14.9,221.0,12.6,0.77,153.0,4.1,90.0,5.24,8.0,8.0,720.0,2.0,3.0,5.0,2.0,,2.0,2.0,2.0,,2.0,2.0,0
136643.0,45.0,1.01,30.3,94.2,109.0,66.0,193.0,72.0,5.8,3.33,137.0,8.6,12.0,363.0,14.6,0.58,106.0,3.7,95.0,12.85,7.0,9.0,120.0,2.0,1.0,4.0,2.0,,2.0,2.0,2.0,,2.0,2.0,0
136644.0,51.0,0.69,31.6,104.2,125.0,83.0,168.0,48.0,5.7,1.71,140.0,7.3,14.1,237.0,13.4,0.71,119.0,3.8,94.0,13.46,6.5,9.0,300.0,2.0,1.0,3.0,2.0,,2.0,2.0,2.0,,2.0,3.0,0
136645.0,65.0,5.0,30.4,107.0,138.0,85.0,202.0,51.0,5.9,10.48,141.0,4.5,14.0,196.0,14.1,0.89,189.0,7.2,83.0,4.64,7.5,7.5,300.0,1.0,3.0,5.0,2.0,,2.0,2.0,1.0,,1.0,3.0,0
136647.0,60.0,,43.1,129.5,105.0,75.0,173.0,57.0,6.0,3.06,136.0,9.0,14.4,259.0,15.9,0.68,104.0,4.1,92.0,48.26,8.5,10.0,480.0,2.0,3.0,2.0,1.0,1.0,2.0,1.0,1.0,1.0,1.0,4.0,1
136649.0,43.0,0.12,23.5,77.0,135.0,87.0,174.0,48.0,5.2,1.0,139.0,9.6,13.0,193.0,13.1,0.75,129.0,3.6,89.0,7.49,8.0,8.0,180.0,1.0,2.0,2.0,1.0,1.0,2.0,2.0,2.0,,2.0,1.0,0
136650.0,68.0,2.5,23.2,89.4,115.0,77.0,194.0,72.0,5.5,0.49,140.0,3.2,15.6,189.0,12.9,0.75,75.0,3.6,105.0,6.19,10.0,10.0,240.0,1.0,3.0,5.0,1.0,3.0,2.0,1.0,2.0,1.0,2.0,3.0,0
136652.0,65.0,5.0,28.4,105.4,125.0,70.0,233.0,35.0,6.3,7.25,137.0,9.2,11.4,675.0,16.5,0.94,200.0,5.4,103.0,22.24,11.0,8.0,300.0,2.0,3.0,4.0,2.0,,2.0,2.0,2.0,,2.0,3.0,0
136655.0,72.0,5.0,24.5,93.4,123.0,60.0,214.0,68.0,5.2,2.52,140.0,5.4,15.0,297.0,12.5,1.57,94.0,6.5,105.0,193.65,6.0,6.0,360.0,1.0,3.0,5.0,2.0,,2.0,1.0,1.0,1.0,2.0,3.0,0
136657.0,44.0,4.94,32.2,112.8,142.0,91.0,244.0,42.0,5.5,7.55,138.0,6.0,13.5,293.0,13.4,0.72,220.0,4.9,98.0,56.37,8.5,8.5,540.0,2.0,3.0,5.0,2.0,,2.0,1.0,1.0,2.0,1.0,2.0,0
136663.0,64.0,,22.4,81.4,127.0,59.0,312.0,56.0,5.6,0.9,137.0,4.8,12.6,231.0,13.7,0.7,187.0,2.7,90.0,11.03,8.5,8.5,120.0,2.0,3.0,4.0,2.0,,2.0,1.0,1.0,1.0,2.0,2.0,0
136664.0,61.0,0.87,44.1,142.3,122.0,64.0,131.0,28.0,6.3,14.13,140.0,10.6,16.7,314.0,14.1,0.77,294.0,6.4,78.0,13.92,8.5,8.0,720.0,1.0,2.0,3.0,1.0,1.0,2.0,1.0,1.0,1.0,1.0,4.0,1
136667.0,36.0,1.57,25.8,88.3,119.0,79.0,193.0,79.0,5.0,106.25,137.0,8.8,13.2,255.0,12.6,0.61,146.0,2.2,98.0,8.18,7.5,8.0,360.0,2.0,3.0,4.0,2.0,,2.0,2.0,2.0,,2.0,1.0,0
136668.0,70.0,2.48,34.1,113.8,93.0,68.0,228.0,39.0,5.5,1.18,137.0,6.7,16.9,183.0,14.6,0.89,157.0,5.5,90.0,5.27,6.0,9.0,480.0,1.0,2.0,5.0,2.0,,2.0,2.0,2.0,,2.0,3.0,0
136673.0,33.0,0.01,26.3,89.0,101.0,55.0,165.0,41.0,5.6,2.2,141.0,8.2,12.5,242.0,13.0,0.62,206.0,4.0,96.0,10.72,8.0,12.0,30.0,2.0,2.0,1.0,2.0,,2.0,2.0,2.0,,2.0,5.0,0
136675.0,65.0,5.0,18.7,79.6,117.0,78.0,207.0,84.0,5.2,0.88,141.0,4.6,14.1,271.0,13.4,0.84,83.0,3.6,86.0,12.47,10.5,10.5,180.0,2.0,3.0,5.0,1.0,3.0,2.0,2.0,2.0,,2.0,2.0,0
136677.0,71.0,,32.6,113.8,139.0,69.0,146.0,54.0,6.0,1.7,140.0,5.7,15.0,249.0,14.1,0.93,102.0,4.2,120.0,5.63,,,300.0,1.0,3.0,5.0,2.0,,1.0,2.0,1.0,,1.0,3.0,1
136679.0,73.0,4.37,28.2,104.7,136.0,77.0,161.0,31.0,5.8,0.66,139.0,8.3,14.6,215.0,12.9,1.05,694.0,5.5,87.0,7.18,8.5,8.0,180.0,1.0,3.0,4.0,1.0,3.0,2.0,1.0,1.0,1.0,1.0,3.0,0
136682.0,80.0,5.0,29.0,106.5,132.0,62.0,217.0,60.0,5.5,1.22,136.0,8.3,12.8,249.0,13.5,0.98,82.0,4.6,92.0,8.74,8.0,8.0,480.0,1.0,3.0,5.0,2.0,,2.0,1.0,1.0,1.0,2.0,1.0,0
136685.0,43.0,0.97,36.5,109.4,108.0,71.0,205.0,40.0,5.6,5.59,139.0,6.7,11.6,331.0,16.3,0.55,235.0,3.4,82.0,15.2,6.5,7.0,60.0,2.0,2.0,4.0,2.0,,2.0,2.0,2.0,,2.0,3.0,0
136688.0,27.0,1.47,20.8,77.0,109.0,66.0,135.0,55.0,4.8,0.34,141.0,4.4,12.7,215.0,11.8,0.69,49.0,3.6,85.0,1.75,8.5,8.5,360.0,2.0,3.0,5.0,2.0,,2.0,2.0,2.0,,2.0,2.0,0
136691.0,67.0,,34.0,,125.0,69.0,121.0,51.0,7.5,8.09,141.0,6.6,12.8,244.0,16.6,0.99,63.0,6.2,103.0,73.59,6.5,6.5,420.0,1.0,4.0,2.0,1.0,3.0,1.0,2.0,1.0,,1.0,3.0,0
136692.0,67.0,,22.0,78.5,122.0,56.0,169.0,46.0,5.3,0.6,143.0,6.9,13.3,216.0,13.9,0.99,125.0,4.4,84.0,0.91,7.0,7.0,90.0,1.0,3.0,5.0,2.0,,2.0,2.0,2.0,,2.0,1.0,0
136693.0,45.0,3.27,35.0,110.9,106.0,70.0,165.0,45.0,5.5,0.95,142.0,11.3,12.4,318.0,13.3,0.6,124.0,2.8,112.0,7.26,6.5,8.0,180.0,2.0,3.0,4.0,1.0,1.0,1.0,1.0,1.0,1.0,1.0,5.0,0
136696.0,57.0,2.4,28.1,90.1,116.0,73.0,244.0,43.0,5.5,0.58,141.0,6.8,13.9,245.0,13.3,0.69,253.0,5.1,94.0,8.49,8.0,9.0,120.0,2.0,2.0,5.0,2.0,,2.0,2.0,2.0,,2.0,3.0,0
136697.0,34.0,1.82,32.0,104.2,128.0,87.0,189.0,36.0,5.4,10.86,137.0,7.3,13.1,505.0,15.0,0.96,170.0,4.6,104.0,3.38,8.0,5.0,240.0,2.0,4.0,4.0,2.0,,2.0,1.0,1.0,1.0,1.0,2.0,0
136698.0,32.0,1.31,27.2,92.7,101.0,75.0,187.0,63.0,5.9,2.82,146.0,7.2,13.7,262.0,14.3,0.7,97.0,5.0,97.0,21.47,8.0,6.5,240.0,2.0,2.0,3.0,2.0,,2.0,2.0,2.0,,2.0,1.0,0
136699.0,49.0,2.29,38.7,115.5,101.0,69.0,269.0,44.0,6.2,8.04,143.0,4.8,13.4,197.0,15.8,0.73,266.0,4.0,149.0,9.66,2.0,2.0,360.0,2.0,3.0,4.0,2.0,,1.0,1.0,1.0,1.0,1.0,3.0,0
136701.0,31.0,0.84,46.4,129.2,136.0,84.0,182.0,62.0,5.3,4.15,139.0,7.4,15.9,305.0,13.5,0.93,84.0,6.8,97.0,4.33,5.0,6.0,240.0,1.0,1.0,3.0,2.0,,2.0,1.0,2.0,2.0,2.0,1.0,0
136702.0,68.0,5.0,26.6,100.2,131.0,67.0,118.0,58.0,4.6,11.58,138.0,6.0,12.7,219.0,12.7,0.72,77.0,6.1,104.0,0.81,9.5,9.5,360.0,1.0,3.0,4.0,1.0,3.0,2.0,2.0,1.0,,1.0,3.0,1
136703.0,44.0,5.397605346934028e-79,23.2,82.9,111.0,76.0,182.0,60.0,5.8,0.35,141.0,5.4,14.4,283.0,12.7,0.87,132.0,4.0,80.0,9.93,10.0,10.0,180.0,2.0,7.0,1.0,1.0,1.0,2.0,2.0,2.0,,2.0,4.0,0
136705.0,23.0,0.71,32.5,90.0,89.0,58.0,139.0,61.0,5.8,10.32,138.0,6.7,10.8,385.0,16.8,0.82,57.0,5.4,86.0,0.32,9.0,11.0,1080.0,2.0,7.0,2.0,2.0,,2.0,2.0,2.0,,2.0,3.0,0
136707.0,43.0,1.39,29.3,97.0,108.0,78.0,161.0,43.0,5.7,5.4,138.0,5.9,10.8,382.0,14.3,0.64,138.0,3.4,95.0,6.5,7.5,10.0,240.0,2.0,4.0,4.0,2.0,,2.0,2.0,1.0,,2.0,3.0,0
136709.0,45.0,0.91,28.1,94.2,133.0,92.0,188.0,54.0,5.3,0.5,139.0,4.2,13.8,190.0,12.5,0.89,154.0,8.1,93.0,4.48,8.0,8.0,360.0,1.0,1.0,1.0,2.0,,2.0,2.0,2.0,,2.0,3.0,0
136713.0,73.0,5.0,20.9,71.7,132.0,71.0,207.0,69.0,5.5,1.5,133.0,5.6,13.0,312.0,14.6,0.78,86.0,3.2,117.0,28.34,8.0,8.0,180.0,2.0,3.0,5.0,2.0,,2.0,1.0,1.0,1.0,1.0,3.0,0
136714.0,20.0,1.74,37.1,122.0,102.0,64.0,162.0,60.0,5.8,15.19,139.0,9.5,9.7,339.0,18.0,0.8,77.0,5.7,87.0,4.88,6.0,8.0,60.0,2.0,1.0,3.0,2.0,,2.0,2.0,2.0,,2.0,3.0,0
136718.0,60.0,5.0,32.0,106.1,130.0,84.0,157.0,44.0,5.7,1.1,139.0,6.6,16.2,235.0,13.2,0.99,110.0,4.8,92.0,4.22,7.0,9.0,720.0,1.0,2.0,4.0,1.0,3.0,2.0,1.0,1.0,1.0,1.0,3.0,0
136720.0,70.0,5.0,31.6,103.4,113.0,61.0,235.0,41.0,5.8,11.82,141.0,10.1,13.6,385.0,14.0,0.77,110.0,5.3,112.0,12.88,5.5,7.0,600.0,2.0,3.0,5.0,2.0,,2.0,2.0,1.0,,2.0,2.0,0
136723.0,62.0,5.0,37.8,123.8,133.0,85.0,243.0,64.0,5.1,0.67,139.0,5.3,14.2,197.0,13.5,0.87,79.0,5.6,96.0,14.5,8.0,8.0,480.0,1.0,3.0,4.0,1.0,3.0,2.0,1.0,2.0,1.0,2.0,2.0,0
136724.0,75.0,2.66,22.0,84.4,129.0,71.0,248.0,77.0,6.0,2.43,143.0,7.0,13.4,221.0,13.1,0.64,145.0,3.6,109.0,7.87,9.0,9.0,360.0,2.0,1.0,4.0,1.0,3.0,1.0,2.0,2.0,,2.0,3.0,0
136728.0,55.0,1.67,24.3,92.5,100.0,60.0,220.0,48.0,5.4,1.02,140.0,7.4,12.6,223.0,13.2,1.03,107.0,5.9,102.0,46.09,7.0,9.0,180.0,2.0,3.0,4.0,2.0,,2.0,2.0,2.0,,2.0,3.0,0
136730.0,62.0,5.0,27.5,97.8,110.0,76.0,141.0,35.0,7.5,1.12,141.0,6.4,14.6,157.0,13.3,0.96,200.0,5.5,155.0,0.64,7.5,7.5,720.0,1.0,7.0,5.0,1.0,3.0,1.0,1.0,1.0,1.0,1.0,2.0,0
136731.0,31.0,,24.3,83.0,90.0,59.0,180.0,57.0,5.1,3.98,140.0,6.6,13.8,329.0,13.7,0.47,59.0,3.6,96.0,11.32,9.0,8.0,480.0,2.0,1.0,5.0,2.0,,2.0,2.0,2.0,,2.0,1.0,0
136733.0,33.0,0.09,21.6,83.1,135.0,74.0,221.0,63.0,5.5,0.68,141.0,6.1,12.9,298.0,14.3,0.73,59.0,4.0,94.0,0.35,10.0,10.0,480.0,2.0,2.0,4.0,1.0,3.0,2.0,2.0,2.0,,2.0,2.0,0
136734.0,35.0,1.13,25.7,83.9,107.0,74.0,173.0,37.0,5.4,0.8,139.0,4.8,15.3,238.0,12.7,0.96,109.0,4.6,103.0,3.31,8.0,8.5,330.0,1.0,1.0,3.0,2.0,,2.0,1.0,2.0,2.0,2.0,2.0,0
136735.0,80.0,2.02,26.9,95.6,140.0,73.0,113.0,40.0,6.2,2.43,136.0,7.0,12.9,232.0,13.6,0.67,159.0,5.0,111.0,12.37,7.5,7.5,180.0,2.0,3.0,3.0,1.0,3.0,2.0,1.0,2.0,1.0,9.0,3.0,1
136736.0,64.0,5.0,28.3,90.9,160.0,104.0,217.0,52.0,5.8,4.32,137.0,7.4,14.2,266.0,13.1,0.71,168.0,6.0,86.0,42.91,10.0,10.0,540.0,2.0,6.0,5.0,2.0,,2.0,2.0,2.0,,2.0,2.0,0
136739.0,67.0,5.0,24.5,90.0,135.0,76.0,185.0,67.0,5.3,2.74,141.0,7.4,13.5,209.0,13.1,0.82,95.0,2.9,76.0,8.55,8.0,8.0,420.0,2.0,3.0,4.0,2.0,,2.0,2.0,2.0,,2.0,2.0,0
136740.0,69.0,4.37,28.3,96.5,118.0,82.0,228.0,50.0,5.6,0.86,142.0,9.8,14.4,355.0,14.3,0.63,131.0,3.9,91.0,12.5,7.0,8.0,360.0,2.0,2.0,3.0,1.0,1.0,2.0,1.0,1.0,1.0,2.0,3.0,0
136744.0,36.0,4.67,24.7,90.2,109.0,74.0,159.0,67.0,5.3,0.27,140.0,4.6,15.0,281.0,14.0,0.77,31.0,3.8,106.0,5.31,7.5,7.5,120.0,1.0,3.0,4.0,2.0,,2.0,2.0,2.0,,2.0,1.0,0
136745.0,38.0,5.0,25.4,92.2,127.0,68.0,201.0,64.0,5.1,0.42,138.0,4.8,16.1,129.0,13.0,1.1,78.0,4.8,102.0,3.79,8.5,9.0,540.0,1.0,3.0,5.0,2.0,,2.0,2.0,1.0,,2.0,1.0,0
136747.0,37.0,0.7,31.8,106.1,113.0,70.0,147.0,52.0,5.6,6.86,138.0,5.1,11.6,227.0,14.2,0.88,86.0,4.5,84.0,14.36,8.5,9.5,180.0,2.0,4.0,5.0,2.0,,2.0,2.0,2.0,,2.0,1.0,0
136748.0,69.0,1.55,31.3,113.2,102.0,81.0,214.0,41.0,5.8,1.16,139.0,6.0,16.4,206.0,14.9,1.18,142.0,4.9,99.0,301.65,9.0,9.0,300.0,1.0,3.0,4.0,1.0,1.0,2.0,1.0,2.0,1.0,2.0,3.0,0
136750.0,62.0,5.0,33.4,123.2,116.0,71.0,193.0,58.0,5.6,1.29,139.0,8.8,15.2,317.0,13.1,0.88,278.0,6.0,90.0,14.51,5.0,5.0,600.0,1.0,3.0,5.0,1.0,1.0,2.0,2.0,2.0,,2.0,2.0,0
136752.0,73.0,5.0,30.8,109.2,141.0,80.0,225.0,44.0,5.7,2.04,139.0,8.3,14.2,282.0,14.5,0.89,189.0,6.1,94.0,21.18,5.0,5.0,840.0,1.0,6.0,5.0,2.0,,2.0,2.0,2.0,,2.0,3.0,0
136754.0,80.0,2.35,22.0,86.4,124.0,54.0,131.0,58.0,6.2,0.46,142.0,5.1,12.5,211.0,15.6,1.02,56.0,4.7,101.0,14.93,7.5,10.0,360.0,1.0,4.0,2.0,1.0,3.0,1.0,1.0,1.0,1.0,1.0,2.0,0
136757.0,80.0,1.72,26.1,93.9,115.0,64.0,233.0,66.0,5.0,0.99,143.0,8.3,14.3,283.0,14.2,0.85,118.0,5.7,88.0,8.31,8.0,8.0,120.0,2.0,3.0,4.0,1.0,3.0,2.0,2.0,1.0,,2.0,2.0,0
136758.0,29.0,5.0,31.5,108.7,104.0,76.0,187.0,52.0,5.0,0.67,137.0,5.7,14.3,266.0,12.2,0.74,109.0,4.6,78.0,22.29,8.0,8.5,300.0,2.0,3.0,5.0,2.0,,2.0,2.0,2.0,,2.0,2.0,0
136760.0,73.0,1.97,24.9,91.3,122.0,71.0,271.0,85.0,5.9,0.85,137.0,5.0,14.6,398.0,13.1,0.91,74.0,6.6,91.0,6.64,6.5,6.5,240.0,2.0,6.0,4.0,2.0,,2.0,1.0,1.0,1.0,2.0,3.0,0
136761.0,61.0,3.62,25.3,86.4,129.0,82.0,193.0,46.0,5.8,0.81,141.0,4.3,14.2,155.0,12.3,0.92,206.0,5.9,108.0,9.09,6.0,7.0,480.0,1.0,6.0,5.0,2.0,,2.0,2.0,1.0,,1.0,2.0,0
136762.0,33.0,0.64,28.1,101.2,115.0,66.0,215.0,42.0,6.2,3.05,142.0,6.0,14.0,218.0,14.4,1.35,154.0,5.5,142.0,22.05,8.0,11.0,600.0,1.0,4.0,3.0,1.0,2.0,2.0,1.0,2.0,2.0,2.0,2.0,0
136776.0,67.0,,38.5,120.0,97.0,70.0,171.0,43.0,6.2,8.42,141.0,7.7,16.1,203.0,13.5,0.92,134.0,6.5,132.0,5.04,8.0,8.0,300.0,1.0,3.0,3.0,1.0,3.0,3.0,1.0,2.0,1.0,2.0,3.0,0
136778.0,53.0,,30.2,97.2,113.0,70.0,143.0,47.0,5.7,0.36,138.0,9.4,12.3,356.0,13.2,0.87,59.0,5.2,135.0,6.1,7.0,7.5,180.0,1.0,3.0,4.0,2.0,,1.0,2.0,1.0,,1.0,2.0,0
136781.0,25.0,0.92,21.9,78.5,95.0,57.0,171.0,59.0,5.4,1.24,141.0,5.1,12.5,247.0,13.9,0.55,47.0,4.6,87.0,8.04,8.5,8.5,120.0,2.0,6.0,3.0,2.0,,2.0,2.0,2.0,,2.0,1.0,0
136785.0,61.0,1.17,22.6,99.1,128.0,72.0,169.0,27.0,9.9,3.42,141.0,6.3,9.4,478.0,17.0,1.01,351.0,6.3,160.0,9.19,9.0,9.0,360.0,2.0,3.0,4.0,1.0,1.0,1.0,2.0,1.0,,1.0,3.0,0
136788.0,68.0,5.0,32.6,116.5,118.0,80.0,196.0,56.0,5.5,1.25,140.0,7.8,14.6,181.0,13.6,1.18,218.0,6.4,94.0,4.58,9.0,9.0,300.0,1.0,3.0,2.0,1.0,3.0,2.0,1.0,1.0,1.0,1.0,2.0,0
136791.0,64.0,4.92,21.3,75.3,147.0,74.0,222.0,79.0,5.1,1.27,140.0,3.9,15.5,192.0,12.9,0.68,65.0,3.4,99.0,14.29,8.5,8.5,180.0,2.0,3.0,5.0,2.0,,2.0,2.0,1.0,,2.0,2.0,0
136797.0,30.0,0.82,27.3,83.7,112.0,67.0,196.0,66.0,5.4,0.69,139.0,7.0,12.4,287.0,12.8,0.71,65.0,4.5,84.0,0.62,10.0,12.0,120.0,2.0,2.0,3.0,2.0,,2.0,2.0,2.0,,2.0,3.0,0
136799.0,38.0,5.0,25.2,83.4,96.0,56.0,194.0,67.0,5.2,0.37,139.0,5.7,12.7,210.0,12.6,0.57,99.0,2.7,89.0,5.74,7.5,7.5,360.0,2.0,2.0,5.0,2.0,,2.0,2.0,1.0,,2.0,1.0,0
136800.0,62.0,5.0,24.1,88.4,124.0,82.0,131.0,59.0,5.5,0.7,144.0,6.6,14.3,237.0,13.9,1.3,156.0,5.4,75.0,6.21,9.0,8.0,480.0,1.0,3.0,3.0,2.0,,2.0,1.0,1.0,1.0,1.0,2.0,0
136801.0,64.0,3.82,30.9,102.5,139.0,88.0,117.0,60.0,4.1,0.23,142.0,4.0,11.0,242.0,16.0,0.58,69.0,4.1,83.0,10.73,6.0,11.0,240.0,2.0,3.0,3.0,2.0,,2.0,2.0,2.0,,2.0,3.0,0
136802.0,53.0,2.61,16.8,72.9,101.0,75.0,261.0,42.0,5.1,0.68,139.0,9.4,14.2,239.0,13.4,0.87,373.0,3.8,97.0,8.35,2.0,4.0,660.0,2.0,3.0,3.0,1.0,1.0,2.0,2.0,2.0,,2.0,2.0,0
136803.0,62.0,3.33,33.0,104.2,128.0,74.0,197.0,43.0,4.8,5.32,136.0,8.0,15.5,237.0,12.8,0.94,200.0,5.6,91.0,5.44,6.0,8.5,180.0,1.0,3.0,4.0,2.0,,2.0,2.0,2.0,,2.0,3.0,0
136809.0,69.0,,32.3,121.4,117.0,75.0,159.0,40.0,6.1,0.9,136.0,4.8,15.1,209.0,13.8,1.46,124.0,5.0,117.0,4.06,6.5,6.5,600.0,1.0,3.0,2.0,1.0,3.0,3.0,2.0,1.0,,1.0,2.0,0
136810.0,73.0,1.69,46.9,147.2,127.0,69.0,220.0,67.0,5.4,1.0,139.0,4.7,14.2,209.0,12.7,0.81,136.0,4.5,107.0,48.29,7.0,8.0,360.0,2.0,3.0,3.0,2.0,,2.0,1.0,1.0,1.0,2.0,3.0,0
136812.0,65.0,5.0,27.4,97.2,126.0,83.0,198.0,53.0,5.7,0.98,138.0,4.8,14.3,166.0,13.5,0.78,330.0,6.3,93.0,9.49,7.5,8.5,6.0,2.0,3.0,5.0,2.0,,2.0,2.0,1.0,,1.0,1.0,0
136814.0,56.0,4.34,45.5,137.3,117.0,71.0,178.0,37.0,11.1,3.52,136.0,5.8,13.8,178.0,14.5,0.66,355.0,6.4,270.0,5.63,8.0,8.0,240.0,2.0,1.0,2.0,2.0,,1.0,1.0,1.0,2.0,1.0,4.0,1
136817.0,32.0,3.92,29.5,89.1,99.0,68.0,178.0,53.0,4.8,2.77,139.0,9.2,13.1,271.0,12.5,0.78,210.0,5.3,141.0,6.56,7.0,9.0,600.0,2.0,2.0,2.0,2.0,,2.0,2.0,2.0,,2.0,3.0,0
136818.0,46.0,3.33,23.1,84.0,111.0,75.0,186.0,66.0,5.4,6.94,138.0,6.1,13.5,282.0,12.6,0.78,76.0,2.8,84.0,5.23,7.5,7.5,480.0,2.0,3.0,5.0,2.0,,2.0,2.0,2.0,,2.0,2.0,0
136822.0,34.0,2.52,47.5,127.7,116.0,76.0,127.0,35.0,6.4,8.25,139.0,7.9,13.0,450.0,13.6,0.63,117.0,4.6,133.0,41.45,8.0,8.0,780.0,2.0,7.0,4.0,1.0,3.0,1.0,2.0,2.0,,2.0,4.0,0
136826.0,64.0,1.84,37.9,124.1,117.0,82.0,164.0,71.0,5.2,7.5,142.0,7.1,11.3,293.0,13.5,0.71,117.0,4.8,97.0,26.17,6.5,6.5,480.0,2.0,3.0,4.0,2.0,,2.0,2.0,2.0,,2.0,4.0,0
136827.0,54.0,5.0,27.9,111.4,100.0,65.0,211.0,37.0,5.9,4.99,137.0,7.0,16.1,153.0,18.0,0.76,193.0,8.3,90.0,32.61,7.5,8.0,480.0,1.0,3.0,4.0,1.0,1.0,2.0,2.0,2.0,,2.0,3.0,1
136828.0,60.0,0.99,41.6,130.2,110.0,86.0,228.0,47.0,5.9,2.11,141.0,9.2,13.3,357.0,13.7,0.76,138.0,5.1,107.0,8.19,10.0,12.0,360.0,2.0,3.0,4.0,1.0,3.0,2.0,2.0,1.0,,1.0,4.0,0
136829.0,76.0,,29.4,105.8,159.0,70.0,183.0,47.0,6.1,1.28,138.0,5.6,13.6,209.0,14.7,0.74,292.0,2.9,105.0,26.7,6.5,7.0,300.0,2.0,1.0,3.0,2.0,,1.0,2.0,1.0,,1.0,3.0,0
136831.0,43.0,2.0,29.0,97.9,130.0,75.0,259.0,47.0,11.6,3.68,134.0,8.6,11.3,469.0,17.3,0.39,219.0,2.3,220.0,77.91,8.0,10.0,120.0,2.0,1.0,2.0,2.0,,2.0,2.0,1.0,,2.0,3.0,0
136832.0,72.0,4.32,33.1,125.6,116.0,50.0,167.0,33.0,7.3,4.44,139.0,13.8,12.1,262.0,16.3,5.84,295.0,7.0,136.0,359.12,7.0,7.0,600.0,1.0,3.0,4.0,1.0,3.0,1.0,1.0,1.0,1.0,1.0,4.0,1
136835.0,62.0,3.14,41.2,127.6,125.0,69.0,136.0,61.0,6.3,3.08,142.0,8.5,13.5,182.0,14.7,0.67,120.0,3.7,95.0,32.95,10.0,9.0,300.0,2.0,3.0,4.0,1.0,3.0,2.0,1.0,1.0,1.0,1.0,2.0,0
136836.0,71.0,5.0,22.7,87.9,125.0,58.0,152.0,65.0,5.5,0.37,143.0,5.4,14.1,185.0,13.4,0.85,112.0,5.9,96.0,15.36,6.5,6.5,600.0,2.0,3.0,5.0,2.0,,2.0,2.0,1.0,,1.0,2.0,1
136837.0,71.0,1.13,38.0,123.0,146.0,85.0,248.0,51.0,5.8,10.82,140.0,5.4,14.5,193.0,15.4,0.6,110.0,3.7,110.0,16.38,10.0,10.0,360.0,2.0,3.0,3.0,1.0,3.0,2.0,2.0,1.0,,2.0,3.0,0
136838.0,68.0,4.37,26.0,97.3,115.0,71.0,176.0,73.0,5.4,1.54,140.0,6.5,15.3,212.0,14.2,1.1,111.0,6.8,107.0,3.73,7.5,7.5,360.0,1.0,3.0,5.0,1.0,3.0,2.0,1.0,1.0,1.0,1.0,3.0,0
136839.0,61.0,1.51,45.4,,143.0,68.0,120.0,44.0,6.3,3.47,139.0,6.2,10.9,232.0,17.3,0.68,112.0,4.7,127.0,,12.0,13.0,360.0,2.0,1.0,3.0,2.0,,1.0,1.0,1.0,1.0,1.0,5.0,1
136840.0,54.0,4.27,26.1,93.4,121.0,79.0,258.0,50.0,5.1,0.7,141.0,6.8,15.5,241.0,13.3,0.98,162.0,6.4,100.0,4.31,6.5,7.5,120.0,1.0,3.0,5.0,2.0,,2.0,2.0,1.0,,2.0,1.0,0
136849.0,53.0,2.41,30.5,110.2,122.0,77.0,209.0,44.0,8.0,3.5,140.0,7.1,16.8,200.0,13.0,0.64,109.0,4.5,185.0,385.45,8.5,8.5,180.0,1.0,3.0,3.0,1.0,1.0,1.0,2.0,1.0,,1.0,4.0,0
136852.0,26.0,5.0,18.9,71.5,103.0,71.0,198.0,61.0,5.7,0.24,138.0,6.1,11.8,252.0,16.3,0.53,127.0,3.2,83.0,6.4,7.5,9.0,480.0,2.0,6.0,5.0,2.0,,2.0,2.0,1.0,,2.0,2.0,0
136854.0,36.0,,23.4,83.1,116.0,66.0,168.0,71.0,5.4,0.31,136.0,4.5,13.9,252.0,14.6,0.93,118.0,5.6,86.0,1.83,4.0,4.0,120.0,1.0,4.0,4.0,1.0,3.0,2.0,2.0,2.0,,2.0,4.0,0
136859.0,27.0,5.0,31.0,89.6,143.0,71.0,161.0,41.0,5.7,1.73,139.0,3.4,15.6,192.0,12.5,1.06,65.0,6.6,91.0,6.29,8.0,7.0,180.0,1.0,7.0,4.0,2.0,,2.0,2.0,2.0,,2.0,1.0,0
136862.0,74.0,0.79,25.7,101.8,146.0,68.0,178.0,37.0,5.8,1.63,139.0,11.7,15.7,290.0,14.1,1.02,203.0,4.8,96.0,0.81,9.0,9.0,360.0,1.0,7.0,2.0,1.0,1.0,3.0,1.0,1.0,1.0,1.0,4.0,0
136864.0,72.0,,30.2,98.4,203.0,110.0,267.0,64.0,6.0,32.38,138.0,6.8,14.0,265.0,13.6,0.84,235.0,8.4,94.0,16.85,5.0,4.0,120.0,2.0,6.0,4.0,2.0,,2.0,1.0,1.0,1.0,1.0,3.0,0
136865.0,72.0,4.41,,141.8,119.0,71.0,129.0,43.0,8.0,9.07,138.0,6.7,13.2,263.0,16.1,1.33,148.0,6.6,207.0,26.75,7.0,7.0,720.0,1.0,3.0,3.0,2.0,,1.0,1.0,1.0,1.0,1.0,4.0,1
136866.0,25.0,,27.6,103.1,121.0,76.0,218.0,35.0,5.4,2.99,141.0,7.7,14.7,283.0,13.5,1.24,238.0,9.2,100.0,6.99,8.0,9.0,600.0,1.0,7.0,4.0,1.0,3.0,2.0,1.0,2.0,2.0,2.0,3.0,0
136868.0,41.0,,31.5,105.5,120.0,82.0,176.0,32.0,5.5,1.22,140.0,3.9,15.0,154.0,13.3,0.79,73.0,4.9,99.0,3.42,12.0,12.0,,1.0,4.0,1.0,2.0,,2.0,2.0,2.0,,2.0,3.0,0
136870.0,53.0,1.59,44.6,129.4,126.0,87.0,178.0,58.0,6.7,42.78,138.0,8.8,10.8,572.0,14.9,0.95,78.0,3.9,101.0,20.07,9.5,6.0,720.0,2.0,4.0,4.0,2.0,,1.0,1.0,2.0,1.0,2.0,3.0,0
136872.0,26.0,3.3,34.9,106.5,106.0,59.0,204.0,54.0,5.3,2.15,139.0,7.1,14.4,308.0,13.5,0.88,65.0,5.1,98.0,11.1,6.5,9.0,360.0,1.0,3.0,3.0,2.0,,2.0,2.0,2.0,,2.0,3.0,0
136874.0,46.0,5.0,33.6,100.1,118.0,72.0,176.0,59.0,5.4,6.73,138.0,6.0,13.4,306.0,14.4,0.72,133.0,5.9,106.0,7.17,7.0,7.5,180.0,2.0,2.0,5.0,2.0,,2.0,2.0,2.0,,2.0,1.0,0
136882.0,28.0,2.33,38.2,119.3,119.0,86.0,196.0,31.0,7.1,17.33,135.0,11.3,13.1,386.0,13.0,0.62,387.0,5.3,143.0,15.43,8.5,11.0,600.0,2.0,3.0,5.0,2.0,,1.0,2.0,2.0,,2.0,2.0,0
136887.0,25.0,3.26,28.9,92.0,110.0,70.0,175.0,40.0,5.1,1.7,139.0,7.0,15.1,251.0,13.8,0.97,97.0,6.4,83.0,4.1,8.0,7.5,600.0,1.0,2.0,4.0,1.0,3.0,2.0,2.0,2.0,,2.0,2.0,0
136888.0,21.0,0.99,22.9,87.0,126.0,73.0,192.0,48.0,5.2,0.42,142.0,7.3,15.5,299.0,12.9,0.97,209.0,5.6,96.0,14.4,9.0,9.5,600.0,1.0,3.0,4.0,2.0,,2.0,2.0,2.0,,2.0,1.0,0
136890.0,62.0,5.0,19.7,70.9,99.0,53.0,283.0,68.0,5.6,0.27,140.0,3.2,12.7,158.0,13.3,0.66,62.0,3.0,88.0,7.47,9.0,9.0,480.0,2.0,3.0,5.0,2.0,,2.0,2.0,1.0,,2.0,4.0,0
136891.0,31.0,1.99,29.9,105.2,115.0,72.0,193.0,52.0,4.8,6.06,139.0,5.7,17.4,211.0,15.0,1.02,112.0,8.7,93.0,3.13,8.5,6.0,300.0,1.0,3.0,4.0,1.0,1.0,2.0,2.0,2.0,,2.0,1.0,0
136892.0,79.0,,29.5,,128.0,100.0,256.0,101.0,7.2,1.6,140.0,12.3,14.3,567.0,14.7,0.79,146.0,1.1,226.0,53.03,10.0,10.0,360.0,2.0,3.0,4.0,1.0,3.0,1.0,2.0,2.0,,2.0,4.0,0
136893.0,59.0,4.33,24.2,94.0,120.0,69.0,254.0,62.0,5.5,0.21,139.0,6.2,15.0,243.0,13.0,0.86,48.0,5.0,100.0,15.91,8.0,8.0,600.0,1.0,3.0,4.0,1.0,3.0,2.0,2.0,1.0,,2.0,1.0,0
136897.0,70.0,2.71,36.2,133.6,131.0,76.0,162.0,42.0,7.3,5.04,138.0,8.2,14.8,302.0,13.1,1.72,290.0,9.3,89.0,53.96,8.0,8.0,480.0,1.0,3.0,4.0,1.0,3.0,1.0,1.0,1.0,1.0,1.0,3.0,1
136898.0,46.0,4.62,47.9,119.2,118.0,80.0,221.0,68.0,5.7,3.04,140.0,7.3,13.1,249.0,14.1,0.77,99.0,7.1,99.0,6.84,8.5,8.5,600.0,2.0,3.0,5.0,2.0,,2.0,2.0,1.0,,2.0,3.0,0
136906.0,53.0,3.49,22.7,79.0,118.0,77.0,182.0,46.0,5.5,0.92,138.0,4.6,13.4,230.0,13.0,0.58,183.0,4.6,94.0,13.3,7.5,7.5,120.0,2.0,3.0,3.0,1.0,2.0,2.0,2.0,2.0,,2.0,3.0,0
136908.0,55.0,0.04,35.1,122.6,125.0,69.0,164.0,37.0,6.8,2.3,141.0,9.8,13.9,447.0,14.5,0.65,159.0,7.1,102.0,4.46,2.0,2.0,1200.0,2.0,4.0,2.0,1.0,3.0,1.0,1.0,1.0,1.0,1.0,4.0,0
136910.0,70.0,5.0,29.4,107.0,153.0,89.0,185.0,62.0,5.1,3.84,141.0,6.8,14.2,267.0,13.1,0.84,80.0,6.0,103.0,11.95,8.5,8.5,600.0,1.0,3.0,5.0,1.0,3.0,2.0,1.0,1.0,1.0,1.0,3.0,1
136911.0,39.0,4.5,23.5,90.3,85.0,56.0,189.0,48.0,5.5,0.3,140.0,4.6,13.9,173.0,13.1,0.84,88.0,4.1,99.0,5.66,8.0,9.0,480.0,2.0,3.0,5.0,2.0,,2.0,2.0,2.0,,2.0,2.0,0
136914.0,56.0,,33.0,121.6,123.0,76.0,170.0,51.0,6.3,1.39,139.0,5.7,13.4,261.0,13.6,1.27,176.0,6.5,129.0,5.5,7.0,9.0,300.0,1.0,3.0,3.0,2.0,,1.0,1.0,1.0,1.0,1.0,4.0,0
136917.0,49.0,5.0,30.2,116.7,142.0,101.0,124.0,26.0,4.7,0.65,140.0,6.4,15.7,204.0,12.8,0.94,104.0,6.1,85.0,5.53,9.0,11.0,360.0,1.0,3.0,4.0,1.0,2.0,2.0,2.0,2.0,,2.0,2.0,0
136918.0,24.0,2.61,25.2,85.2,104.0,72.0,313.0,112.0,4.7,1.09,139.0,5.9,11.6,346.0,23.0,0.8,54.0,3.8,82.0,48.92,10.0,8.5,360.0,2.0,3.0,3.0,2.0,,2.0,2.0,2.0,,2.0,1.0,0
136921.0,61.0,1.84,28.7,101.5,114.0,77.0,213.0,52.0,5.3,2.29,142.0,6.5,13.0,240.0,13.1,0.64,59.0,2.5,92.0,6.9,7.0,7.0,480.0,2.0,3.0,4.0,2.0,,2.0,2.0,1.0,,2.0,2.0,0
136922.0,44.0,5.0,24.8,91.0,131.0,78.0,260.0,40.0,5.5,0.63,137.0,5.6,15.6,241.0,13.3,0.95,182.0,5.0,103.0,7.78,7.0,11.0,540.0,1.0,2.0,5.0,2.0,,2.0,2.0,2.0,,2.0,1.0,0
136923.0,20.0,0.91,30.8,98.6,108.0,71.0,118.0,38.0,5.8,0.69,140.0,7.4,14.5,263.0,14.0,0.91,111.0,7.0,90.0,6.03,7.5,11.0,480.0,1.0,2.0,2.0,2.0,,1.0,2.0,1.0,,1.0,3.0,0
136925.0,63.0,,24.7,89.8,116.0,69.0,221.0,38.0,6.3,1.48,136.0,7.8,17.3,244.0,12.9,0.87,284.0,7.0,120.0,6.85,5.0,5.0,360.0,1.0,2.0,5.0,1.0,3.0,3.0,2.0,1.0,,1.0,2.0,0
136928.0,58.0,,23.3,92.1,125.0,75.0,125.0,50.0,5.2,0.19,140.0,7.2,14.4,221.0,12.5,0.64,156.0,4.3,90.0,7.67,4.0,5.0,240.0,1.0,3.0,4.0,1.0,3.0,2.0,1.0,1.0,2.0,1.0,4.0,0
136929.0,47.0,5.0,32.4,108.0,119.0,74.0,151.0,29.0,5.6,0.5,138.0,6.5,12.9,294.0,13.8,0.63,198.0,3.7,86.0,7.27,8.5,8.0,480.0,2.0,1.0,5.0,2.0,,2.0,2.0,2.0,,2.0,1.0,0
136931.0,69.0,2.33,32.1,109.9,139.0,81.0,147.0,41.0,5.8,1.14,138.0,7.5,15.8,169.0,12.8,0.78,178.0,7.1,106.0,7.04,7.0,7.0,60.0,1.0,3.0,3.0,1.0,1.0,2.0,2.0,1.0,,1.0,3.0,0
136936.0,68.0,3.44,30.1,95.9,136.0,65.0,194.0,63.0,9.3,3.75,140.0,7.9,13.4,380.0,13.5,0.88,111.0,5.4,242.0,173.83,9.5,9.0,480.0,2.0,3.0,4.0,2.0,,1.0,2.0,1.0,,1.0,3.0,0
136938.0,53.0,5.0,28.3,104.0,119.0,77.0,228.0,51.0,7.9,10.72,140.0,7.6,14.3,337.0,13.5,0.68,179.0,3.9,177.0,6.4,7.5,7.5,420.0,2.0,4.0,5.0,2.0,,1.0,1.0,1.0,1.0,1.0,2.0,0
136939.0,59.0,,23.4,84.8,106.0,64.0,188.0,51.0,4.3,8.28,140.0,4.0,11.2,130.0,20.5,0.98,194.0,6.0,100.0,20.9,4.5,4.5,30.0,2.0,3.0,5.0,2.0,,2.0,1.0,2.0,2.0,2.0,4.0,1
136942.0,43.0,3.69,27.4,96.8,126.0,73.0,194.0,30.0,7.5,3.37,142.0,5.5,14.1,384.0,14.4,0.77,81.0,4.1,156.0,8.79,9.0,8.0,120.0,1.0,4.0,4.0,1.0,1.0,2.0,2.0,2.0,,2.0,2.0,0
136943.0,47.0,1.99,37.3,100.1,139.0,104.0,190.0,40.0,6.5,2.29,139.0,5.3,13.5,285.0,15.7,0.47,136.0,4.4,131.0,18.84,5.5,10.0,120.0,2.0,1.0,1.0,1.0,3.0,2.0,1.0,2.0,1.0,2.0,3.0,0
136946.0,67.0,2.58,26.3,93.9,123.0,76.0,142.0,44.0,6.7,7.73,142.0,8.1,17.3,157.0,15.3,1.62,173.0,5.6,141.0,6.42,8.5,8.5,300.0,1.0,3.0,3.0,1.0,1.0,1.0,1.0,1.0,1.0,1.0,4.0,1
136947.0,22.0,1.47,21.0,78.7,115.0,67.0,146.0,55.0,5.2,0.66,141.0,4.9,11.7,149.0,15.9,0.79,58.0,3.1,84.0,32.27,9.0,9.0,600.0,2.0,3.0,4.0,2.0,,2.0,2.0,2.0,,2.0,2.0,0
136950.0,25.0,2.13,38.1,121.9,140.0,96.0,125.0,42.0,5.0,5.27,139.0,13.2,15.2,296.0,13.1,0.65,127.0,5.6,107.0,8.65,9.5,10.0,180.0,1.0,3.0,3.0,1.0,1.0,2.0,2.0,2.0,,2.0,5.0,0
136951.0,80.0,1.01,18.4,76.8,107.0,42.0,166.0,101.0,5.7,0.2,135.0,7.1,12.1,381.0,14.5,0.82,56.0,4.4,91.0,14.58,10.0,9.5,360.0,2.0,7.0,5.0,2.0,,2.0,2.0,2.0,,2.0,4.0,0
136953.0,57.0,2.18,27.7,95.0,132.0,57.0,183.0,75.0,5.2,5.72,138.0,5.0,12.5,63.0,15.3,0.44,95.0,3.9,113.0,7.96,11.0,11.0,360.0,2.0,1.0,3.0,1.0,3.0,2.0,1.0,2.0,2.0,2.0,3.0,0
136954.0,35.0,0.84,31.4,108.7,132.0,82.0,197.0,32.0,5.4,3.96,137.0,8.5,15.1,347.0,13.8,1.02,325.0,5.9,108.0,5.95,6.0,9.5,180.0,1.0,3.0,3.0,1.0,3.0,2.0,2.0,2.0,,2.0,3.0,0
136956.0,62.0,1.8,22.0,92.0,109.0,69.0,215.0,66.0,5.5,2.39,140.0,6.0,14.3,264.0,13.4,0.75,164.0,3.5,96.0,7.78,7.0,7.0,360.0,2.0,3.0,4.0,1.0,1.0,2.0,2.0,2.0,,2.0,3.0,0
136959.0,70.0,1.07,32.8,111.5,147.0,73.0,208.0,60.0,5.6,3.31,136.0,6.3,11.2,284.0,14.9,0.88,171.0,4.7,91.0,6.45,7.5,8.0,360.0,2.0,4.0,3.0,1.0,1.0,2.0,1.0,2.0,1.0,2.0,2.0,0
136963.0,32.0,4.05,37.6,133.2,104.0,82.0,176.0,42.0,5.2,3.35,138.0,4.8,14.4,322.0,12.9,1.21,76.0,7.2,92.0,14.47,7.0,7.0,300.0,1.0,3.0,3.0,2.0,,2.0,2.0,2.0,,2.0,3.0,0
136966.0,80.0,1.09,26.8,112.0,147.0,83.0,200.0,49.0,7.6,1.61,138.0,7.9,13.3,250.0,15.4,1.14,116.0,3.5,185.0,8.63,10.0,10.0,240.0,1.0,3.0,3.0,1.0,3.0,1.0,2.0,1.0,,1.0,4.0,0
136968.0,52.0,5.0,30.9,83.9,114.0,80.0,159.0,52.0,5.6,2.25,139.0,9.3,12.9,279.0,12.8,0.84,106.0,4.4,92.0,1.31,9.0,9.0,720.0,2.0,3.0,5.0,2.0,,2.0,1.0,1.0,2.0,1.0,1.0,0
136969.0,29.0,0.54,25.6,85.7,98.0,62.0,156.0,42.0,5.7,0.47,140.0,6.3,12.1,260.0,13.0,0.6,95.0,3.9,94.0,6.81,5.0,11.0,120.0,2.0,2.0,2.0,2.0,,2.0,2.0,2.0,,2.0,4.0,0
136972.0,78.0,,27.7,92.2,82.0,44.0,117.0,35.0,5.7,11.75,143.0,11.0,12.5,299.0,14.0,1.11,220.0,9.2,,20.01,8.0,8.0,180.0,2.0,3.0,3.0,1.0,3.0,2.0,2.0,1.0,,1.0,3.0,1
136973.0,71.0,1.12,21.3,84.6,110.0,77.0,268.0,56.0,5.3,0.38,140.0,4.0,13.9,247.0,13.2,1.05,133.0,4.9,95.0,7.7,8.0,8.0,420.0,2.0,3.0,3.0,2.0,,2.0,2.0,1.0,,2.0,3.0,0
136975.0,49.0,3.43,35.8,111.2,139.0,104.0,192.0,47.0,5.3,3.09,142.0,6.4,15.1,78.0,13.2,1.03,289.0,6.2,96.0,8.86,6.0,6.0,960.0,1.0,2.0,5.0,2.0,,2.0,2.0,2.0,,2.0,3.0,0
136976.0,31.0,3.65,25.7,104.3,132.0,84.0,207.0,57.0,5.2,0.4,140.0,6.3,15.1,230.0,13.0,1.12,222.0,5.5,88.0,1.11,8.0,7.5,720.0,1.0,3.0,3.0,1.0,3.0,2.0,2.0,2.0,,2.0,2.0,0
136977.0,29.0,2.58,27.1,95.7,125.0,71.0,193.0,47.0,5.2,1.05,140.0,7.6,15.2,395.0,13.4,0.89,85.0,4.6,75.0,5.04,7.0,8.0,360.0,1.0,3.0,5.0,2.0,,2.0,2.0,2.0,,2.0,1.0,0
136978.0,45.0,1.1,24.8,81.1,165.0,116.0,183.0,60.0,5.3,0.62,142.0,7.6,14.9,290.0,12.8,0.63,110.0,3.8,92.0,23.44,8.0,9.5,240.0,2.0,6.0,4.0,2.0,,2.0,2.0,2.0,,2.0,2.0,0
136979.0,78.0,,37.3,114.7,114.0,88.0,189.0,43.0,10.4,3.06,135.0,10.0,12.7,230.0,13.1,1.51,217.0,6.1,314.0,5.23,7.5,10.0,600.0,2.0,4.0,4.0,2.0,,1.0,1.0,2.0,1.0,2.0,3.0,0
136980.0,62.0,5.0,28.2,104.6,144.0,83.0,177.0,57.0,5.4,1.08,140.0,7.5,14.7,267.0,13.1,0.95,86.0,7.0,118.0,5.1,7.0,8.0,480.0,1.0,3.0,5.0,2.0,,2.0,1.0,1.0,1.0,1.0,2.0,0
136982.0,47.0,5.0,23.1,91.5,104.0,54.0,203.0,42.0,5.7,1.71,140.0,5.4,14.9,255.0,12.9,0.88,82.0,4.1,99.0,5.43,7.0,7.0,600.0,1.0,3.0,5.0,2.0,,2.0,2.0,2.0,,2.0,1.0,0
136984.0,78.0,2.18,34.3,100.4,133.0,74.0,221.0,59.0,5.9,1.41,139.0,5.8,14.7,209.0,13.7,0.72,159.0,5.1,99.0,7.73,13.0,10.0,360.0,2.0,3.0,4.0,2.0,,2.0,1.0,9.0,1.0,2.0,3.0,0
136987.0,80.0,2.13,25.9,89.0,132.0,87.0,247.0,81.0,5.8,1.41,142.0,5.0,13.6,173.0,14.8,0.88,92.0,3.9,97.0,45.19,7.0,6.0,360.0,2.0,3.0,5.0,1.0,3.0,2.0,2.0,2.0,,2.0,3.0,0
136988.0,65.0,5.0,35.2,123.4,127.0,79.0,180.0,40.0,6.1,1.92,138.0,5.6,15.5,240.0,12.7,0.95,147.0,7.6,114.0,9.37,10.0,9.0,360.0,1.0,3.0,4.0,2.0,,2.0,1.0,1.0,1.0,1.0,3.0,0
136990.0,63.0,5.0,39.7,128.7,111.0,74.0,185.0,52.0,6.4,17.36,140.0,5.9,14.7,264.0,14.7,1.17,86.0,6.1,110.0,252.33,5.0,6.0,600.0,1.0,4.0,4.0,2.0,,2.0,2.0,2.0,,2.0,3.0,0
136991.0,48.0,,21.3,83.2,121.0,63.0,187.0,84.0,5.5,0.44,140.0,4.3,15.1,164.0,13.2,0.89,44.0,5.3,88.0,4.95,7.0,7.0,120.0,1.0,3.0,5.0,2.0,,2.0,2.0,2.0,,2.0,1.0,0
136993.0,58.0,4.12,29.5,98.0,125.0,87.0,211.0,61.0,5.0,1.95,140.0,3.7,14.1,173.0,13.2,0.96,84.0,4.9,80.0,21.72,8.0,8.0,120.0,2.0,3.0,5.0,2.0,,2.0,2.0,2.0,,2.0,2.0,0
136994.0,50.0,1.42,24.8,89.3,134.0,79.0,196.0,71.0,5.3,5.44,141.0,8.7,14.4,266.0,12.9,0.88,92.0,3.9,100.0,11.72,7.0,9.0,180.0,2.0,3.0,4.0,1.0,1.0,2.0,2.0,1.0,,2.0,2.0,0
136997.0,77.0,1.86,28.2,109.0,151.0,79.0,152.0,54.0,5.7,1.75,137.0,7.4,16.5,258.0,12.8,1.58,160.0,4.2,98.0,97.18,8.0,8.0,480.0,1.0,3.0,1.0,1.0,3.0,2.0,1.0,1.0,1.0,1.0,4.0,1
136998.0,77.0,5.0,23.9,87.7,102.0,54.0,213.0,76.0,5.0,0.41,144.0,4.6,15.5,291.0,13.4,0.66,76.0,3.6,94.0,10.19,8.0,8.0,240.0,2.0,3.0,5.0,2.0,,2.0,2.0,2.0,,2.0,1.0,0
137005.0,30.0,,24.0,88.2,129.0,77.0,181.0,44.0,5.5,0.26,138.0,6.7,15.8,295.0,13.5,1.06,84.0,5.0,116.0,12.9,8.0,8.0,480.0,1.0,3.0,5.0,1.0,3.0,2.0,2.0,2.0,,2.0,1.0,0
137006.0,55.0,,24.9,88.7,127.0,73.0,184.0,60.0,9.4,0.23,141.0,3.7,14.2,317.0,12.5,0.77,88.0,2.6,57.0,8.41,8.0,10.0,240.0,1.0,3.0,4.0,1.0,3.0,1.0,2.0,2.0,,2.0,2.0,0
137007.0,77.0,2.44,37.9,122.3,148.0,83.0,141.0,48.0,6.3,1.06,141.0,7.7,14.4,249.0,15.1,0.63,99.0,4.2,112.0,97.18,7.0,6.5,180.0,2.0,3.0,3.0,1.0,3.0,2.0,2.0,1.0,,1.0,2.0,0
137008.0,30.0,2.12,45.0,139.5,118.0,91.0,152.0,50.0,6.1,13.48,139.0,10.0,12.3,420.0,16.2,0.59,120.0,4.9,99.0,10.17,7.5,7.5,420.0,2.0,1.0,5.0,1.0,3.0,2.0,2.0,2.0,,2.0,3.0,0
137009.0,56.0,0.16,18.4,72.0,154.0,87.0,182.0,82.0,5.8,0.62,142.0,4.3,11.3,213.0,15.8,0.67,89.0,3.6,96.0,19.09,9.5,13.0,9999.0,2.0,4.0,2.0,7.0,,2.0,1.0,1.0,1.0,1.0,3.0,1
137010.0,68.0,0.25,26.5,81.4,118.0,82.0,271.0,54.0,5.6,3.45,139.0,4.9,13.0,220.0,13.5,1.33,221.0,6.2,93.0,6.69,8.0,9.0,240.0,2.0,2.0,5.0,1.0,2.0,2.0,1.0,1.0,1.0,1.0,2.0,0
137011.0,32.0,4.78,27.2,93.0,118.0,75.0,172.0,44.0,5.7,0.17,139.0,8.2,14.5,260.0,13.3,1.25,161.0,5.1,105.0,8.01,8.5,9.0,480.0,1.0,2.0,5.0,2.0,,2.0,2.0,2.0,,2.0,2.0,0
137012.0,30.0,1.64,41.0,122.2,113.0,82.0,162.0,49.0,6.6,1.4,137.0,9.1,9.0,275.0,20.4,0.53,140.0,3.1,93.0,36.6,10.0,10.0,360.0,2.0,4.0,3.0,2.0,,1.0,1.0,2.0,1.0,2.0,3.0,0
137013.0,80.0,,29.4,102.2,139.0,73.0,136.0,54.0,5.7,1.39,140.0,5.1,12.5,172.0,13.8,1.03,115.0,4.9,110.0,,5.5,5.5,360.0,2.0,3.0,3.0,2.0,,2.0,1.0,2.0,1.0,1.0,3.0,1
137017.0,69.0,,27.3,106.1,148.0,68.0,200.0,44.0,5.0,6.54,141.0,6.1,13.7,450.0,15.8,0.86,183.0,4.3,99.0,5.36,8.5,8.5,600.0,1.0,7.0,3.0,1.0,3.0,2.0,2.0,2.0,,2.0,3.0,1
137022.0,73.0,2.1,24.6,99.0,155.0,80.0,175.0,78.0,6.0,0.45,128.0,5.9,14.2,184.0,13.6,0.87,90.0,4.2,111.0,32.68,9.5,9.5,240.0,1.0,3.0,5.0,2.0,,2.0,1.0,9.0,1.0,1.0,4.0,1
137023.0,27.0,5.0,19.4,75.3,108.0,70.0,161.0,60.0,,31.47,140.0,10.6,12.5,300.0,12.7,0.72,59.0,4.7,69.0,53.41,8.5,9.0,240.0,2.0,3.0,5.0,2.0,,2.0,2.0,2.0,,2.0,1.0,0
137026.0,36.0,2.09,31.3,101.5,131.0,88.0,177.0,45.0,5.3,3.79,139.0,4.7,14.5,249.0,13.1,0.66,89.0,4.5,96.0,6.26,8.5,10.0,480.0,2.0,3.0,4.0,1.0,3.0,2.0,1.0,2.0,1.0,2.0,2.0,0
137029.0,58.0,,26.8,90.4,140.0,72.0,173.0,45.0,5.9,1.59,141.0,5.2,12.9,181.0,13.3,0.64,88.0,4.7,106.0,9.61,8.0,10.0,180.0,2.0,1.0,1.0,2.0,,1.0,2.0,1.0,,2.0,3.0,1
137031.0,35.0,0.39,37.8,103.0,109.0,72.0,150.0,43.0,5.6,14.69,136.0,7.2,13.1,230.0,15.7,0.86,53.0,6.4,96.0,4.36,6.5,9.0,600.0,2.0,4.0,4.0,1.0,3.0,2.0,2.0,2.0,,2.0,1.0,0
137037.0,55.0,1.55,32.8,118.4,103.0,70.0,110.0,45.0,5.9,1.65,140.0,5.7,13.7,206.0,14.0,0.82,63.0,3.7,107.0,8.9,7.5,9.0,480.0,1.0,2.0,3.0,1.0,3.0,1.0,1.0,1.0,1.0,1.0,2.0,0
137039.0,64.0,2.29,31.7,,104.0,59.0,183.0,37.0,5.5,1.14,138.0,6.8,15.8,173.0,12.2,0.76,213.0,5.8,99.0,5.24,6.0,6.0,600.0,1.0,3.0,5.0,1.0,3.0,2.0,2.0,1.0,,1.0,3.0,0
137040.0,62.0,1.68,35.4,104.2,108.0,71.0,191.0,78.0,5.6,3.73,143.0,6.2,14.0,208.0,14.1,0.69,58.0,5.1,92.0,7.41,6.5,6.0,720.0,2.0,4.0,3.0,2.0,,3.0,1.0,2.0,2.0,2.0,2.0,0
137042.0,71.0,1.32,26.9,99.6,114.0,63.0,123.0,50.0,7.1,0.76,141.0,4.9,14.8,180.0,13.0,0.87,77.0,5.6,144.0,7.31,10.0,9.0,240.0,1.0,3.0,3.0,2.0,,1.0,1.0,1.0,1.0,1.0,4.0,1
137043.0,60.0,1.15,34.0,115.8,120.0,91.0,202.0,60.0,6.0,2.19,141.0,9.5,13.3,298.0,16.4,0.6,105.0,2.8,95.0,27.64,4.0,5.0,360.0,2.0,2.0,4.0,1.0,1.0,2.0,1.0,1.0,1.0,1.0,3.0,1
137045.0,59.0,,20.3,79.5,110.0,74.0,202.0,54.0,5.5,1.28,140.0,6.8,14.4,272.0,13.1,0.64,118.0,4.7,98.0,5.33,8.0,8.0,300.0,2.0,2.0,5.0,2.0,,2.0,2.0,2.0,,2.0,2.0,0
137046.0,65.0,1.77,26.5,89.9,111.0,61.0,242.0,70.0,5.6,1.85,139.0,7.2,13.8,325.0,14.6,0.84,103.0,4.6,98.0,10.15,7.5,7.5,300.0,2.0,3.0,4.0,1.0,1.0,2.0,2.0,2.0,,2.0,2.0,0
137048.0,60.0,5.0,21.7,82.9,132.0,90.0,229.0,79.0,5.5,3.1,140.0,6.9,13.2,274.0,13.1,0.83,150.0,4.8,85.0,25.26,8.0,7.0,240.0,2.0,3.0,5.0,2.0,,2.0,2.0,2.0,,2.0,1.0,0
137051.0,64.0,5.0,43.2,,113.0,73.0,127.0,52.0,5.3,2.71,141.0,8.0,14.1,188.0,15.0,0.8,84.0,3.9,101.0,12.76,4.0,3.0,360.0,1.0,3.0,3.0,2.0,,2.0,1.0,2.0,1.0,1.0,2.0,0
137052.0,53.0,0.81,19.8,76.5,118.0,81.0,182.0,66.0,5.4,0.23,139.0,3.9,15.5,238.0,13.2,0.96,77.0,4.3,109.0,4.2,4.0,4.0,600.0,1.0,6.0,5.0,1.0,1.0,2.0,2.0,2.0,,2.0,5.0,0
137055.0,68.0,2.89,39.9,139.4,124.0,76.0,189.0,53.0,6.1,3.54,141.0,10.7,16.3,226.0,14.2,0.86,96.0,7.1,131.0,62.43,8.5,8.5,240.0,1.0,3.0,4.0,1.0,1.0,2.0,1.0,2.0,1.0,2.0,4.0,1
137056.0,64.0,1.67,33.5,98.4,110.0,80.0,205.0,41.0,5.8,6.56,143.0,6.7,11.9,385.0,13.2,1.49,138.0,9.4,114.0,8.73,9.0,9.0,480.0,2.0,3.0,3.0,2.0,,2.0,2.0,2.0,,2.0,2.0,0
137057.0,32.0,,26.6,89.0,105.0,77.0,199.0,49.0,5.6,0.96,140.0,5.5,13.8,254.0,13.7,0.77,100.0,3.9,90.0,5.58,7.5,8.0,120.0,2.0,2.0,4.0,2.0,,2.0,2.0,2.0,,2.0,2.0,0
137060.0,52.0,0.5,41.5,117.3,103.0,70.0,187.0,56.0,6.3,4.55,139.0,7.3,14.3,425.0,14.3,0.66,152.0,4.3,87.0,154.08,5.0,9.0,120.0,2.0,1.0,1.0,2.0,,2.0,2.0,1.0,,2.0,4.0,0
137061.0,78.0,,24.9,82.5,124.0,60.0,170.0,48.0,5.9,2.31,141.0,4.4,12.0,297.0,14.6,1.22,178.0,5.2,99.0,13.05,7.0,7.0,180.0,2.0,6.0,5.0,2.0,,1.0,2.0,2.0,,1.0,2.0,0
137065.0,66.0,3.33,19.2,77.8,116.0,77.0,228.0,100.0,5.1,0.78,140.0,3.8,14.3,313.0,12.0,0.95,111.0,2.0,94.0,5.95,8.0,8.0,360.0,2.0,3.0,3.0,1.0,3.0,2.0,2.0,2.0,,2.0,3.0,0
137066.0,25.0,1.71,19.5,74.7,84.0,46.0,161.0,74.0,4.7,0.27,136.0,3.1,12.3,202.0,12.4,0.73,38.0,2.9,79.0,4.72,8.0,8.5,420.0,2.0,3.0,5.0,2.0,,2.0,2.0,2.0,,2.0,2.0,0
137067.0,58.0,1.41,32.5,114.6,119.0,90.0,338.0,29.0,9.1,2.32,132.0,9.7,14.8,318.0,12.5,0.69,1724.0,6.3,229.0,202.63,8.0,6.0,360.0,1.0,3.0,2.0,1.0,2.0,1.0,1.0,1.0,1.0,1.0,3.0,0
137068.0,50.0,4.12,25.8,91.5,137.0,78.0,189.0,62.0,5.4,1.63,139.0,6.0,12.4,340.0,11.9,0.61,135.0,3.1,84.0,23.27,8.0,12.0,120.0,2.0,3.0,3.0,1.0,1.0,2.0,2.0,2.0,,2.0,2.0,0
137073.0,58.0,1.15,39.3,116.1,116.0,77.0,170.0,53.0,6.9,2.9,142.0,7.8,16.0,246.0,14.1,0.66,116.0,3.7,118.0,13.75,8.5,8.5,600.0,2.0,3.0,4.0,2.0,,1.0,2.0,2.0,,2.0,2.0,0
137076.0,80.0,1.67,24.5,91.5,158.0,99.0,184.0,55.0,5.4,0.4,143.0,6.4,13.1,263.0,13.5,0.87,117.0,4.7,93.0,28.88,8.0,8.0,360.0,2.0,3.0,3.0,2.0,,2.0,2.0,2.0,,1.0,2.0,0
137077.0,80.0,1.71,39.2,,90.0,45.0,135.0,39.0,5.7,55.79,138.0,7.8,10.7,215.0,13.5,2.93,95.0,10.0,106.0,6.68,7.5,7.5,480.0,1.0,3.0,4.0,1.0,3.0,2.0,1.0,2.0,1.0,2.0,4.0,0
137078.0,80.0,,26.7,86.6,181.0,73.0,182.0,66.0,7.4,1.75,142.0,7.2,11.7,154.0,15.2,0.91,221.0,6.0,170.0,135.04,10.0,11.0,120.0,2.0,2.0,2.0,2.0,,1.0,1.0,1.0,1.0,1.0,4.0,1
137081.0,48.0,1.07,34.3,123.3,136.0,99.0,201.0,49.0,6.7,3.49,139.0,4.6,15.9,221.0,13.9,1.1,101.0,3.9,147.0,4.04,4.0,4.0,480.0,1.0,3.0,3.0,2.0,,1.0,1.0,1.0,1.0,2.0,4.0,0
137083.0,61.0,5.0,32.9,110.5,129.0,71.0,214.0,56.0,5.9,1.2,142.0,6.3,16.0,265.0,13.6,1.07,155.0,6.0,93.0,7.61,7.0,8.5,300.0,1.0,3.0,5.0,2.0,,2.0,1.0,1.0,1.0,1.0,2.0,0
137084.0,46.0,1.32,29.0,85.1,121.0,86.0,228.0,68.0,5.1,1.3,138.0,7.1,13.4,344.0,12.8,0.68,92.0,3.6,99.0,11.49,7.0,9.5,480.0,2.0,2.0,5.0,2.0,,2.0,2.0,2.0,,2.0,2.0,0
137088.0,80.0,3.6,40.4,120.5,134.0,62.0,179.0,60.0,5.3,1.72,140.0,6.3,13.8,197.0,13.5,1.09,116.0,5.8,103.0,13.85,7.5,7.5,360.0,2.0,3.0,4.0,2.0,,2.0,1.0,1.0,1.0,1.0,4.0,0
137090.0,23.0,1.09,29.4,100.1,95.0,63.0,193.0,46.0,4.9,1.02,140.0,9.1,13.8,273.0,13.3,0.65,105.0,3.9,100.0,6.05,10.0,11.0,300.0,2.0,3.0,3.0,2.0,,2.0,2.0,2.0,,2.0,3.0,0
137091.0,56.0,1.84,48.1,128.6,127.0,81.0,179.0,54.0,5.7,3.94,141.0,7.0,12.1,305.0,14.8,0.86,115.0,7.5,97.0,4.24,6.0,10.0,480.0,2.0,4.0,4.0,2.0,,2.0,1.0,2.0,1.0,2.0,4.0,0
137096.0,68.0,,26.2,103.2,145.0,76.0,190.0,41.0,5.5,2.18,142.0,6.5,15.3,249.0,12.7,0.75,285.0,6.2,92.0,12.24,7.5,7.5,240.0,1.0,3.0,5.0,1.0,3.0,2.0,1.0,1.0,1.0,2.0,1.0,0
137100.0,77.0,0.69,33.0,119.4,126.0,88.0,252.0,98.0,5.8,5.2,142.0,6.4,14.2,198.0,14.8,1.32,75.0,5.0,115.0,5.98,8.0,8.0,360.0,1.0,3.0,3.0,1.0,3.0,2.0,2.0,1.0,,1.0,4.0,1
137102.0,39.0,5.0,26.2,87.1,103.0,63.0,201.0,56.0,5.6,1.77,140.0,6.7,11.3,250.0,15.2,0.65,44.0,3.3,103.0,7.82,7.0,9.0,360.0,2.0,6.0,5.0,2.0,,2.0,2.0,2.0,,1.0,3.0,0
137103.0,45.0,5.0,35.8,123.9,139.0,85.0,231.0,35.0,6.8,1.8,140.0,6.6,15.9,194.0,12.8,0.99,758.0,6.5,128.0,6.66,7.0,9.0,480.0,1.0,3.0,5.0,2.0,,2.0,2.0,1.0,,1.0,3.0,0
137106.0,68.0,0.65,22.0,87.0,136.0,73.0,152.0,46.0,5.7,1.43,139.0,7.5,14.0,266.0,13.4,0.74,108.0,3.9,108.0,8.84,6.0,6.0,480.0,2.0,7.0,4.0,1.0,1.0,2.0,1.0,1.0,1.0,1.0,5.0,0
137107.0,40.0,5.0,26.9,92.6,102.0,59.0,99.0,36.0,5.7,0.58,142.0,5.4,15.2,210.0,12.7,0.75,88.0,6.6,93.0,5.65,5.5,6.0,660.0,1.0,3.0,5.0,2.0,,2.0,2.0,2.0,,2.0,3.0,0
137110.0,40.0,5.0,25.0,88.0,125.0,75.0,122.0,43.0,5.0,1.17,139.0,7.1,15.6,247.0,12.7,1.19,77.0,4.2,92.0,4.89,9.0,9.0,180.0,1.0,3.0,4.0,2.0,,2.0,2.0,2.0,,2.0,1.0,0
137112.0,26.0,1.57,52.6,132.5,104.0,74.0,184.0,41.0,7.0,25.05,141.0,10.6,13.6,509.0,14.3,0.77,87.0,5.7,106.0,8.46,7.0,7.0,180.0,2.0,3.0,4.0,2.0,,1.0,2.0,2.0,,2.0,3.0,0
137113.0,65.0,2.62,27.4,101.4,126.0,80.0,212.0,57.0,5.1,0.4,140.0,5.2,16.3,262.0,13.6,0.99,80.0,5.7,93.0,5.69,7.5,8.0,180.0,1.0,7.0,4.0,1.0,3.0,2.0,2.0,2.0,,2.0,1.0,0
137116.0,49.0,2.03,37.3,116.1,120.0,71.0,211.0,47.0,5.9,4.67,137.0,8.2,13.2,316.0,13.6,0.67,88.0,4.6,127.0,5.18,8.5,7.5,180.0,2.0,3.0,5.0,2.0,,3.0,2.0,2.0,,2.0,2.0,0
137119.0,77.0,0.41,32.7,107.8,116.0,75.0,185.0,54.0,6.0,9.37,140.0,7.0,12.1,288.0,13.8,0.84,179.0,5.4,98.0,49.54,8.5,8.5,180.0,2.0,2.0,1.0,2.0,,2.0,1.0,1.0,1.0,1.0,4.0,0
137123.0,68.0,3.04,25.0,96.0,115.0,75.0,157.0,64.0,5.5,0.71,141.0,4.7,14.2,197.0,13.2,1.02,62.0,3.7,97.0,3.64,7.0,7.0,120.0,1.0,3.0,3.0,2.0,,2.0,2.0,2.0,,2.0,2.0,0
137125.0,42.0,5.0,22.8,71.1,139.0,68.0,184.0,80.0,5.6,2.09,137.0,5.5,11.8,245.0,15.8,1.03,59.0,2.6,77.0,3.39,5.0,5.5,480.0,2.0,4.0,5.0,1.0,3.0,2.0,1.0,2.0,2.0,2.0,4.0,0
137126.0,68.0,1.3,33.1,110.2,134.0,77.0,97.0,37.0,4.8,0.88,145.0,6.5,14.1,186.0,14.0,0.91,69.0,7.8,102.0,128.28,10.0,11.0,480.0,1.0,4.0,3.0,1.0,2.0,2.0,2.0,2.0,,2.0,4.0,0
137128.0,25.0,5.0,,,113.0,79.0,258.0,37.0,6.0,2.49,137.0,8.5,14.2,292.0,12.6,0.7,442.0,6.1,112.0,4.41,10.0,10.0,360.0,2.0,3.0,4.0,2.0,,2.0,2.0,1.0,,2.0,4.0,0
137132.0,51.0,,25.0,92.5,103.0,81.0,230.0,60.0,5.3,4.35,138.0,4.0,12.9,190.0,14.3,0.81,132.0,3.6,88.0,1.0,9.0,9.0,300.0,2.0,3.0,3.0,2.0,,2.0,2.0,1.0,,2.0,3.0,0
137133.0,52.0,5.0,22.7,81.0,98.0,69.0,262.0,74.0,5.3,0.39,136.0,5.7,13.9,226.0,12.4,0.69,97.0,3.8,87.0,0.78,7.5,8.0,840.0,2.0,3.0,4.0,2.0,,2.0,2.0,2.0,,2.0,2.0,0
137136.0,71.0,5.0,30.3,110.5,122.0,64.0,131.0,41.0,5.9,9.38,139.0,4.6,15.4,193.0,12.9,1.05,95.0,5.6,111.0,3.84,7.0,7.0,540.0,1.0,3.0,5.0,2.0,,2.0,1.0,1.0,1.0,1.0,2.0,0
137137.0,48.0,1.17,29.9,98.9,112.0,72.0,234.0,48.0,5.4,0.94,139.0,10.3,13.0,234.0,12.3,0.71,161.0,3.3,96.0,9.58,8.0,11.0,300.0,2.0,1.0,4.0,2.0,,2.0,2.0,2.0,,2.0,3.0,0
137138.0,70.0,1.06,42.5,147.3,119.0,77.0,112.0,47.0,6.0,5.03,138.0,6.2,14.6,154.0,14.3,1.36,77.0,8.4,108.0,1.4,8.5,8.5,480.0,1.0,3.0,5.0,2.0,,3.0,2.0,2.0,,2.0,3.0,1
137139.0,53.0,4.82,38.5,121.0,92.0,63.0,215.0,57.0,5.2,4.22,143.0,5.0,13.4,170.0,13.7,1.05,109.0,6.0,91.0,4.4,7.0,10.0,240.0,2.0,3.0,3.0,1.0,1.0,2.0,2.0,2.0,,2.0,3.0,0
137140.0,64.0,0.63,26.7,91.0,160.0,68.0,276.0,85.0,5.5,0.79,141.0,5.0,14.0,252.0,14.4,0.69,79.0,3.6,89.0,9.1,11.0,12.0,120.0,2.0,2.0,1.0,2.0,,2.0,2.0,2.0,,2.0,3.0,0
137142.0,71.0,,23.5,89.3,202.0,128.0,268.0,90.0,5.6,0.55,139.0,6.7,14.1,280.0,13.2,1.04,85.0,4.7,98.0,15.24,8.0,8.0,240.0,1.0,3.0,4.0,2.0,,2.0,1.0,1.0,1.0,2.0,1.0,0
137145.0,55.0,,35.6,116.9,125.0,65.0,184.0,47.0,6.0,1.48,140.0,10.5,14.5,218.0,14.1,0.65,211.0,5.5,100.0,22.2,7.5,6.5,360.0,2.0,3.0,3.0,2.0,,2.0,1.0,1.0,1.0,1.0,2.0,0
137146.0,55.0,,25.7,86.2,104.0,65.0,192.0,71.0,5.1,0.31,143.0,3.9,13.1,223.0,13.1,0.81,83.0,4.2,108.0,7.68,5.0,5.0,300.0,2.0,2.0,1.0,2.0,,2.0,2.0,2.0,,2.0,4.0,0
137149.0,33.0,5.0,22.7,82.8,111.0,72.0,195.0,63.0,5.1,0.23,139.0,5.1,14.1,176.0,13.5,0.93,56.0,4.7,86.0,3.84,9.0,11.0,600.0,2.0,4.0,5.0,2.0,,2.0,2.0,1.0,,2.0,2.0,0
137153.0,67.0,3.46,27.4,,123.0,67.0,134.0,24.0,5.4,0.41,139.0,6.3,13.4,197.0,12.2,0.65,404.0,5.3,99.0,11.29,6.5,7.0,120.0,2.0,3.0,4.0,2.0,,2.0,2.0,1.0,,1.0,2.0,0
137154.0,65.0,2.17,53.9,127.5,101.0,54.0,247.0,97.0,8.5,13.25,141.0,4.8,13.6,166.0,14.0,1.02,89.0,3.3,109.0,8.01,7.0,7.0,600.0,2.0,7.0,4.0,1.0,3.0,1.0,2.0,1.0,,1.0,3.0,0
137155.0,22.0,1.77,,,123.0,73.0,130.0,32.0,4.8,5.81,140.0,7.1,14.6,173.0,12.7,0.96,89.0,4.7,83.0,,8.0,10.5,600.0,1.0,3.0,3.0,2.0,,2.0,2.0,1.0,,2.0,1.0,0
137157.0,47.0,4.22,34.5,114.2,118.0,91.0,192.0,57.0,5.6,7.11,139.0,7.4,12.5,320.0,16.5,0.74,140.0,4.3,99.0,6.31,9.0,8.0,720.0,2.0,3.0,4.0,2.0,,2.0,2.0,1.0,,1.0,3.0,0
137158.0,41.0,1.01,40.9,120.3,126.0,75.0,140.0,54.0,6.1,11.09,142.0,6.9,13.2,348.0,13.5,1.15,122.0,7.4,109.0,8.05,7.5,8.5,240.0,2.0,4.0,3.0,2.0,,2.0,1.0,2.0,1.0,2.0,4.0,0
137159.0,67.0,2.21,35.4,118.6,104.0,72.0,232.0,65.0,6.2,14.45,142.0,6.2,12.8,226.0,16.4,0.69,221.0,3.4,103.0,9.19,7.0,7.0,360.0,2.0,3.0,4.0,1.0,3.0,2.0,1.0,1.0,1.0,1.0,3.0,1
137160.0,46.0,5.0,25.1,74.4,112.0,63.0,241.0,97.0,4.8,0.47,140.0,6.9,13.8,338.0,14.5,0.85,52.0,4.8,88.0,0.58,9.0,9.0,180.0,2.0,2.0,4.0,1.0,3.0,2.0,2.0,2.0,,2.0,3.0,0
137164.0,59.0,2.76,30.5,104.5,201.0,108.0,162.0,46.0,5.9,4.09,,9.8,16.0,325.0,15.6,,,,,10.11,5.0,5.0,300.0,1.0,3.0,1.0,1.0,3.0,3.0,1.0,1.0,2.0,2.0,3.0,1
137167.0,72.0,2.5,25.5,90.8,122.0,57.0,196.0,63.0,5.6,0.72,136.0,8.6,12.6,163.0,13.8,0.89,175.0,5.4,94.0,19.38,7.5,8.0,300.0,2.0,3.0,4.0,1.0,3.0,1.0,1.0,1.0,1.0,2.0,2.0,0
137168.0,80.0,4.72,,,119.0,63.0,234.0,79.0,5.4,0.56,142.0,6.7,13.8,233.0,13.2,0.94,69.0,4.4,99.0,,11.5,11.5,720.0,2.0,3.0,4.0,2.0,,2.0,2.0,2.0,,2.0,4.0,0
137170.0,65.0,2.48,30.1,107.7,122.0,79.0,176.0,44.0,5.3,0.84,138.0,5.3,15.6,229.0,13.7,0.98,108.0,5.7,82.0,16.18,8.0,6.5,540.0,1.0,4.0,4.0,1.0,3.0,2.0,2.0,1.0,,2.0,2.0,0
137175.0,68.0,2.73,37.7,109.0,148.0,71.0,198.0,59.0,6.0,4.24,139.0,5.7,11.6,189.0,13.8,1.02,133.0,3.2,94.0,5.88,7.5,8.0,240.0,2.0,2.0,1.0,2.0,,2.0,2.0,1.0,,2.0,1.0,0
137177.0,51.0,5.0,27.3,87.3,105.0,75.0,183.0,45.0,5.6,0.62,141.0,4.8,13.5,212.0,12.3,0.97,129.0,6.4,104.0,12.41,5.0,5.0,600.0,1.0,6.0,5.0,2.0,,2.0,2.0,2.0,,2.0,2.0,0
137180.0,77.0,1.3,32.1,110.3,167.0,98.0,146.0,55.0,5.3,1.49,144.0,6.9,13.8,197.0,13.1,0.48,74.0,3.5,100.0,9.41,9.5,9.5,720.0,2.0,3.0,4.0,2.0,,2.0,1.0,1.0,1.0,1.0,3.0,0
137182.0,75.0,2.18,22.8,88.6,193.0,105.0,146.0,41.0,6.7,0.28,144.0,6.6,14.3,300.0,13.9,1.43,174.0,5.9,84.0,82.25,9.0,8.0,360.0,1.0,6.0,3.0,1.0,1.0,1.0,1.0,1.0,1.0,1.0,2.0,1
137184.0,38.0,3.86,38.5,123.6,121.0,79.0,190.0,33.0,4.9,3.2,131.0,9.3,15.5,365.0,14.1,0.69,176.0,5.6,79.0,5.28,6.0,8.0,420.0,1.0,1.0,5.0,2.0,,2.0,2.0,2.0,,2.0,3.0,0
137186.0,79.0,4.61,44.5,134.5,133.0,73.0,130.0,46.0,6.2,1.25,142.0,11.1,11.9,198.0,13.5,0.86,200.0,5.7,119.0,5.08,8.0,7.0,600.0,2.0,3.0,5.0,2.0,,1.0,1.0,1.0,1.0,1.0,3.0,0
137191.0,23.0,2.92,29.0,93.7,122.0,61.0,253.0,38.0,5.2,1.85,140.0,6.6,16.1,197.0,12.3,1.05,165.0,9.2,93.0,2.99,8.5,11.0,180.0,1.0,2.0,3.0,1.0,1.0,2.0,1.0,9.0,2.0,2.0,3.0,0
137193.0,32.0,1.13,23.8,86.3,97.0,57.0,172.0,51.0,5.2,0.54,136.0,6.2,13.1,296.0,12.5,0.76,67.0,4.2,85.0,0.64,9.5,9.5,240.0,2.0,2.0,2.0,2.0,,2.0,2.0,2.0,,2.0,2.0,0
137194.0,58.0,,25.9,,105.0,67.0,195.0,53.0,5.5,0.87,138.0,6.5,14.4,212.0,13.5,1.31,90.0,6.8,89.0,2.91,7.0,6.0,720.0,1.0,3.0,5.0,2.0,,2.0,2.0,2.0,,2.0,2.0,0
137195.0,69.0,,31.2,121.0,111.0,63.0,180.0,45.0,8.2,1.14,142.0,6.1,13.8,214.0,14.9,1.31,128.0,4.9,91.0,13.65,8.5,8.5,600.0,1.0,3.0,3.0,1.0,3.0,1.0,2.0,1.0,,1.0,1.0,0
137198.0,23.0,2.73,23.7,80.9,106.0,71.0,197.0,58.0,5.4,1.73,138.0,7.1,13.8,308.0,12.7,0.63,45.0,4.1,86.0,5.47,8.5,8.5,720.0,2.0,2.0,5.0,2.0,,2.0,2.0,2.0,,2.0,2.0,0
137200.0,40.0,1.98,31.7,101.5,127.0,76.0,247.0,41.0,5.7,2.64,138.0,10.2,15.2,262.0,12.9,1.07,482.0,6.6,99.0,7.26,4.5,5.0,180.0,1.0,7.0,3.0,1.0,3.0,2.0,2.0,2.0,,2.0,3.0,0
137202.0,24.0,2.94,42.2,133.2,121.0,73.0,177.0,41.0,4.4,2.68,138.0,6.8,13.8,283.0,13.2,0.82,163.0,7.1,88.0,3.62,6.0,6.0,360.0,1.0,4.0,3.0,1.0,3.0,2.0,2.0,2.0,,2.0,4.0,0
137203.0,33.0,4.97,30.9,96.1,133.0,86.0,197.0,50.0,5.7,2.21,139.0,6.2,15.9,208.0,13.8,1.07,157.0,8.1,88.0,8.26,7.5,8.0,780.0,1.0,4.0,4.0,2.0,,2.0,2.0,2.0,,2.0,3.0,0
137206.0,68.0,1.44,27.9,99.0,111.0,44.0,180.0,35.0,8.8,5.58,139.0,7.5,8.0,244.0,15.9,0.7,127.0,3.0,222.0,11.28,5.0,7.0,480.0,2.0,2.0,3.0,1.0,2.0,1.0,1.0,1.0,2.0,2.0,5.0,1
137208.0,54.0,1.72,27.4,92.5,120.0,74.0,135.0,40.0,5.5,3.08,140.0,7.2,14.3,266.0,12.1,0.82,185.0,4.4,106.0,4.71,5.0,6.0,360.0,2.0,2.0,1.0,2.0,,2.0,2.0,2.0,,2.0,3.0,0
137209.0,44.0,2.21,24.5,86.0,114.0,72.0,237.0,70.0,5.1,2.8,138.0,3.8,13.5,226.0,13.8,0.58,155.0,4.2,86.0,1.91,8.5,9.5,180.0,1.0,2.0,4.0,1.0,3.0,3.0,1.0,1.0,1.0,2.0,3.0,0
137212.0,80.0,,28.7,105.7,133.0,64.0,163.0,48.0,6.0,2.03,140.0,7.3,12.1,266.0,13.6,1.02,138.0,7.5,102.0,9.48,4.5,8.0,180.0,2.0,3.0,3.0,2.0,,2.0,1.0,1.0,1.0,1.0,4.0,0
137213.0,31.0,4.41,25.9,95.4,109.0,82.0,177.0,57.0,5.5,2.42,137.0,11.7,14.3,251.0,13.2,0.89,61.0,6.0,72.0,0.64,7.5,9.0,120.0,1.0,3.0,5.0,1.0,3.0,2.0,2.0,2.0,,2.0,1.0,0
137214.0,31.0,2.16,32.6,100.9,108.0,76.0,167.0,49.0,5.3,5.41,136.0,7.3,14.3,380.0,12.7,0.49,79.0,3.8,96.0,12.35,7.5,7.5,600.0,2.0,3.0,5.0,2.0,,2.0,2.0,2.0,,2.0,2.0,0
137215.0,56.0,2.85,36.1,115.5,110.0,72.0,137.0,49.0,5.7,5.88,141.0,8.2,13.5,221.0,14.5,0.65,115.0,5.4,104.0,18.72,7.0,8.0,30.0,2.0,3.0,5.0,1.0,3.0,1.0,2.0,2.0,,2.0,3.0,0
137216.0,53.0,2.4,40.0,135.6,126.0,68.0,210.0,54.0,5.6,1.57,140.0,6.1,16.5,141.0,14.0,0.75,122.0,7.5,95.0,78.95,8.0,8.0,120.0,1.0,3.0,3.0,1.0,1.0,3.0,2.0,2.0,,2.0,3.0,0
137218.0,39.0,,23.3,91.3,128.0,77.0,161.0,57.0,5.3,0.86,142.0,3.8,14.0,127.0,13.0,0.97,61.0,7.2,100.0,5.1,8.0,8.0,360.0,1.0,3.0,5.0,2.0,,2.0,2.0,2.0,,2.0,1.0,0
137220.0,64.0,,23.0,88.7,151.0,98.0,175.0,48.0,5.9,0.9,139.0,7.1,16.0,189.0,14.4,0.76,129.0,6.2,97.0,9.59,9.0,9.0,360.0,1.0,3.0,4.0,1.0,1.0,2.0,1.0,2.0,1.0,2.0,2.0,0
137221.0,69.0,0.92,28.1,96.4,162.0,94.0,256.0,53.0,6.3,1.79,141.0,7.1,11.6,267.0,15.9,0.83,213.0,4.8,97.0,0.48,8.0,11.0,120.0,2.0,2.0,4.0,2.0,,3.0,1.0,1.0,2.0,2.0,3.0,0
137224.0,53.0,,29.8,93.3,114.0,70.0,227.0,49.0,6.4,3.18,141.0,7.3,13.3,344.0,13.3,0.58,178.0,5.5,112.0,19.12,4.5,8.0,360.0,2.0,6.0,4.0,2.0,,2.0,2.0,1.0,,2.0,3.0,0
137230.0,80.0,4.92,25.8,103.3,151.0,81.0,151.0,60.0,5.2,2.13,138.0,6.6,13.7,181.0,12.9,0.97,93.0,5.6,92.0,10.53,9.0,9.0,600.0,1.0,3.0,4.0,1.0,3.0,2.0,2.0,2.0,,1.0,4.0,0
137232.0,61.0,1.4,23.4,88.6,180.0,108.0,233.0,99.0,5.6,3.66,134.0,6.0,14.6,263.0,13.0,1.06,50.0,6.7,92.0,23.44,6.5,7.5,240.0,1.0,4.0,3.0,2.0,,2.0,2.0,2.0,,2.0,3.0,0
137234.0,63.0,1.75,24.8,97.2,156.0,87.0,146.0,62.0,10.0,7.25,140.0,9.8,15.1,180.0,14.7,1.12,148.0,5.0,142.0,217.38,6.0,6.0,480.0,1.0,3.0,3.0,1.0,2.0,1.0,1.0,1.0,1.0,1.0,5.0,1
137239.0,79.0,5.0,35.6,122.4,130.0,75.0,164.0,54.0,6.1,2.07,139.0,7.2,13.8,158.0,17.1,0.97,109.0,5.4,104.0,11.2,7.5,6.5,600.0,1.0,3.0,5.0,1.0,3.0,2.0,1.0,1.0,1.0,1.0,3.0,0
137240.0,23.0,4.05,24.3,86.2,126.0,73.0,227.0,52.0,4.9,1.37,138.0,6.0,16.4,281.0,12.8,0.81,191.0,5.1,95.0,5.29,8.5,9.0,720.0,1.0,3.0,4.0,2.0,,2.0,2.0,2.0,,2.0,3.0,0
137241.0,47.0,0.78,27.5,97.6,122.0,79.0,264.0,42.0,6.2,1.83,138.0,8.8,15.2,244.0,14.1,0.92,110.0,7.1,97.0,7.73,8.0,8.5,60.0,1.0,6.0,5.0,2.0,,2.0,2.0,2.0,,2.0,2.0,0
137243.0,63.0,1.37,29.5,92.2,110.0,69.0,290.0,58.0,6.1,1.95,142.0,6.5,13.5,290.0,13.7,0.65,180.0,4.1,107.0,5.46,7.0,9.0,300.0,2.0,1.0,3.0,2.0,,2.0,2.0,1.0,,2.0,3.0,0
137246.0,39.0,,24.6,92.5,87.0,61.0,137.0,57.0,5.3,2.23,136.0,5.0,12.5,286.0,13.6,0.68,83.0,4.0,96.0,9.14,8.0,10.5,180.0,2.0,2.0,4.0,2.0,,2.0,2.0,2.0,,2.0,2.0,0
137248.0,80.0,2.4,36.0,,123.0,62.0,162.0,41.0,6.9,11.47,138.0,7.4,12.8,252.0,15.5,1.14,194.0,3.6,130.0,,8.5,8.5,240.0,2.0,3.0,4.0,1.0,3.0,1.0,1.0,1.0,1.0,1.0,4.0,0
137249.0,42.0,2.1,24.0,86.0,100.0,66.0,239.0,74.0,5.1,1.7,137.0,6.0,12.4,410.0,14.2,0.69,68.0,3.9,89.0,7.08,8.0,9.0,840.0,2.0,3.0,5.0,1.0,3.0,2.0,2.0,2.0,,2.0,4.0,0
137250.0,49.0,1.13,25.2,85.3,107.0,58.0,191.0,57.0,5.6,0.31,141.0,5.0,12.9,231.0,13.6,0.7,90.0,3.6,99.0,5.49,7.0,11.0,180.0,2.0,1.0,3.0,2.0,,2.0,2.0,2.0,,2.0,4.0,0
137251.0,66.0,3.5,42.6,134.5,126.0,75.0,141.0,46.0,5.9,44.96,135.0,,,,,0.65,106.0,3.7,104.0,64.42,8.0,8.0,300.0,2.0,3.0,3.0,1.0,3.0,2.0,2.0,1.0,,1.0,2.0,0
137252.0,66.0,2.74,24.9,91.0,136.0,82.0,284.0,88.0,5.3,0.46,139.0,8.0,14.4,327.0,12.8,0.92,174.0,4.2,95.0,5.21,8.5,8.5,180.0,2.0,3.0,5.0,2.0,,2.0,2.0,2.0,,2.0,1.0,0
137253.0,31.0,5.0,29.6,97.3,114.0,71.0,141.0,48.0,4.7,0.3,141.0,3.8,16.4,204.0,13.3,0.84,72.0,5.8,101.0,4.5,6.5,10.0,420.0,1.0,3.0,5.0,2.0,,2.0,2.0,2.0,,2.0,2.0,0
137255.0,54.0,5.0,32.3,103.8,112.0,77.0,214.0,45.0,5.3,3.93,137.0,7.5,14.5,339.0,13.0,0.67,238.0,5.0,93.0,11.83,8.5,8.5,720.0,2.0,3.0,4.0,1.0,1.0,2.0,2.0,2.0,,2.0,2.0,0
137256.0,75.0,3.64,33.4,112.2,105.0,63.0,245.0,68.0,5.2,0.35,138.0,4.6,13.0,200.0,12.7,0.92,58.0,3.9,86.0,8.12,6.0,6.0,420.0,2.0,3.0,5.0,2.0,,2.0,2.0,1.0,,2.0,2.0,0
137261.0,75.0,,22.0,84.1,127.0,75.0,226.0,55.0,5.3,2.0,138.0,4.9,16.7,187.0,12.5,0.87,137.0,6.4,96.0,6.57,5.5,5.5,180.0,1.0,6.0,3.0,2.0,,2.0,2.0,2.0,,2.0,3.0,0
137263.0,57.0,0.92,24.1,91.1,156.0,92.0,183.0,94.0,9.9,1.42,125.0,6.9,11.3,177.0,14.5,0.53,233.0,4.5,314.0,1029.5,7.5,8.0,240.0,2.0,2.0,1.0,2.0,,1.0,1.0,1.0,1.0,1.0,5.0,0
137264.0,80.0,5.0,23.9,89.0,153.0,76.0,263.0,72.0,5.2,3.32,139.0,7.8,14.1,179.0,13.0,0.49,127.0,4.8,89.0,26.41,9.0,10.0,240.0,2.0,2.0,3.0,2.0,,2.0,1.0,2.0,1.0,2.0,1.0,0
137268.0,48.0,3.83,38.0,123.4,159.0,88.0,179.0,38.0,5.7,1.66,134.0,6.4,14.1,234.0,13.7,0.82,543.0,5.3,99.0,42.83,8.5,10.0,120.0,1.0,2.0,4.0,1.0,3.0,2.0,1.0,2.0,1.0,2.0,2.0,0
137269.0,49.0,0.65,25.4,94.1,117.0,72.0,154.0,58.0,4.8,0.31,139.0,9.8,12.0,310.0,26.6,0.4,84.0,2.7,85.0,12.12,3.0,4.0,720.0,2.0,7.0,4.0,1.0,1.0,2.0,2.0,1.0,,2.0,4.0,0
137270.0,68.0,0.77,34.7,,151.0,72.0,175.0,47.0,5.2,12.11,138.0,7.5,12.7,228.0,13.1,1.05,165.0,6.9,115.0,,13.0,11.5,180.0,2.0,3.0,3.0,1.0,3.0,2.0,1.0,2.0,1.0,2.0,3.0,0
137271.0,44.0,3.41,29.3,100.0,122.0,89.0,174.0,51.0,5.0,1.05,140.0,9.8,15.0,350.0,13.8,1.28,175.0,5.8,91.0,5.62,7.0,7.0,360.0,1.0,3.0,5.0,2.0,,2.0,2.0,2.0,,2.0,1.0,0
137272.0,56.0,,40.1,114.2,107.0,86.0,166.0,44.0,6.1,3.39,142.0,6.1,14.2,290.0,13.2,0.67,140.0,4.5,83.0,9.11,7.5,7.0,420.0,2.0,3.0,5.0,1.0,3.0,2.0,1.0,1.0,1.0,1.0,3.0,0
137273.0,55.0,1.74,23.0,89.0,104.0,72.0,158.0,56.0,5.7,40.48,139.0,13.5,14.4,275.0,13.6,1.45,128.0,4.7,100.0,96.04,8.5,11.5,420.0,1.0,3.0,4.0,1.0,3.0,2.0,1.0,2.0,1.0,2.0,3.0,0
137274.0,61.0,3.53,25.2,93.7,146.0,89.0,303.0,39.0,10.3,1.46,136.0,12.1,17.1,188.0,12.9,0.9,249.0,5.4,219.0,,6.5,6.5,240.0,1.0,7.0,3.0,1.0,1.0,1.0,1.0,2.0,1.0,2.0,3.0,0
137276.0,64.0,5.0,21.0,75.4,129.0,73.0,193.0,90.0,5.4,0.46,143.0,9.8,13.9,226.0,13.4,0.77,113.0,4.0,98.0,18.79,8.0,8.0,360.0,2.0,7.0,5.0,2.0,,2.0,2.0,2.0,,2.0,1.0,0
137279.0,30.0,5.0,22.1,74.8,111.0,65.0,153.0,67.0,5.4,0.24,142.0,6.0,13.2,250.0,12.6,0.65,53.0,2.8,86.0,43.82,8.5,8.5,180.0,2.0,3.0,5.0,2.0,,2.0,2.0,2.0,,2.0,2.0,0
137280.0,58.0,5.0,25.2,100.2,111.0,68.0,195.0,70.0,5.6,0.84,140.0,5.2,15.3,230.0,13.1,0.91,134.0,5.0,104.0,5.89,7.0,8.0,120.0,1.0,3.0,5.0,2.0,,2.0,2.0,2.0,,2.0,1.0,0
137281.0,59.0,3.1,24.0,93.2,152.0,77.0,260.0,54.0,5.7,3.36,141.0,7.6,14.9,301.0,13.1,0.79,169.0,3.5,104.0,7.94,7.5,7.5,300.0,2.0,3.0,5.0,1.0,3.0,2.0,2.0,1.0,,2.0,2.0,0
137282.0,48.0,2.94,44.4,123.0,132.0,95.0,239.0,46.0,6.0,5.76,140.0,4.5,14.0,243.0,14.0,1.26,83.0,7.2,99.0,6.37,4.0,4.0,840.0,1.0,4.0,4.0,2.0,,2.0,1.0,1.0,2.0,2.0,5.0,0
137283.0,80.0,1.91,29.3,101.5,124.0,66.0,230.0,69.0,5.5,2.7,140.0,6.5,13.1,234.0,13.9,1.04,183.0,4.4,87.0,6.25,8.5,8.5,480.0,2.0,3.0,3.0,2.0,,2.0,2.0,2.0,,2.0,2.0,0
137284.0,60.0,5.0,35.8,118.8,150.0,94.0,214.0,53.0,5.6,2.78,142.0,6.3,13.8,245.0,13.6,0.73,127.0,5.4,98.0,6.41,6.0,7.0,900.0,2.0,3.0,4.0,1.0,3.0,2.0,1.0,1.0,1.0,1.0,2.0,0
137286.0,65.0,3.04,19.8,77.5,140.0,87.0,257.0,111.0,5.7,4.9,139.0,5.9,13.0,242.0,14.0,0.81,74.0,3.3,109.0,7.42,11.0,11.0,240.0,2.0,3.0,3.0,1.0,1.0,2.0,1.0,2.0,1.0,2.0,2.0,0
137288.0,33.0,,45.6,132.8,104.0,69.0,266.0,35.0,5.1,3.3,139.0,5.4,13.6,210.0,13.5,0.81,113.0,6.4,96.0,3.11,10.0,10.0,720.0,2.0,4.0,2.0,2.0,,2.0,1.0,1.0,2.0,2.0,4.0,0
137291.0,64.0,5.0,25.9,101.8,105.0,71.0,192.0,38.0,5.8,6.0,141.0,8.1,15.6,280.0,13.5,1.09,194.0,4.1,108.0,3.26,7.0,9.0,720.0,1.0,3.0,5.0,2.0,,2.0,2.0,1.0,,1.0,2.0,0
137293.0,61.0,5.0,24.3,86.8,128.0,71.0,246.0,60.0,5.7,2.94,140.0,6.1,12.2,185.0,14.2,0.82,74.0,5.3,86.0,5.22,5.0,7.0,120.0,2.0,6.0,5.0,2.0,,2.0,1.0,1.0,1.0,2.0,2.0,0
137295.0,24.0,2.3,32.3,107.0,118.0,75.0,190.0,46.0,5.2,1.26,139.0,7.0,16.8,227.0,12.7,0.89,227.0,6.5,91.0,3.26,8.0,10.5,600.0,1.0,2.0,4.0,2.0,,2.0,2.0,2.0,,2.0,4.0,0
137296.0,69.0,,22.8,83.2,140.0,80.0,171.0,48.0,6.1,0.53,139.0,7.6,13.1,489.0,12.6,0.66,144.0,5.4,95.0,70.08,8.0,8.0,240.0,2.0,6.0,4.0,2.0,,3.0,1.0,1.0,1.0,1.0,4.0,1
137299.0,25.0,5.0,27.8,95.7,107.0,72.0,184.0,67.0,4.4,0.36,141.0,5.2,14.4,262.0,13.6,1.05,51.0,6.1,99.0,4.26,8.0,8.0,120.0,1.0,3.0,5.0,2.0,,2.0,2.0,2.0,,2.0,1.0,0
137300.0,34.0,3.83,33.9,112.0,117.0,84.0,162.0,42.0,5.5,2.07,142.0,6.2,15.5,333.0,13.2,1.06,111.0,5.7,108.0,3.68,7.5,9.5,240.0,1.0,3.0,3.0,2.0,,2.0,2.0,2.0,,2.0,3.0,1
137301.0,52.0,,24.7,83.5,108.0,64.0,196.0,56.0,5.7,1.19,139.0,6.7,12.4,263.0,13.6,0.61,125.0,3.0,89.0,17.9,7.0,8.0,480.0,2.0,2.0,5.0,2.0,,2.0,2.0,2.0,,2.0,2.0,0
137302.0,57.0,0.6,33.5,102.3,152.0,97.0,214.0,58.0,5.7,2.88,140.0,5.9,13.9,264.0,14.2,1.05,93.0,6.4,92.0,8.29,9.0,9.0,720.0,2.0,3.0,5.0,2.0,,2.0,2.0,2.0,,2.0,2.0,0
137303.0,50.0,,31.0,102.0,119.0,78.0,262.0,41.0,10.4,3.98,139.0,4.1,14.3,287.0,13.9,0.93,180.0,5.1,121.0,8.96,9.5,10.0,60.0,1.0,4.0,3.0,2.0,,2.0,2.0,2.0,,2.0,3.0,0
137304.0,38.0,3.22,22.0,82.0,102.0,62.0,155.0,68.0,4.7,0.81,142.0,9.5,13.9,222.0,12.6,0.82,87.0,2.2,91.0,11.46,9.0,8.0,360.0,2.0,3.0,5.0,2.0,,2.0,2.0,2.0,,2.0,1.0,0
137305.0,27.0,5.0,20.6,72.0,100.0,60.0,152.0,57.0,4.9,1.59,139.0,7.7,13.7,237.0,13.3,0.86,95.0,6.2,82.0,3.97,7.0,8.5,720.0,2.0,6.0,5.0,2.0,,2.0,2.0,2.0,,2.0,3.0,0
137306.0,41.0,3.41,22.1,82.8,125.0,79.0,135.0,46.0,4.9,1.4,137.0,8.3,14.5,243.0,12.9,0.62,101.0,4.3,88.0,22.23,7.0,7.0,720.0,2.0,3.0,5.0,2.0,,2.0,2.0,2.0,,2.0,2.0,0
137308.0,70.0,4.56,33.8,116.8,118.0,70.0,189.0,58.0,5.7,2.38,140.0,6.1,14.2,194.0,13.8,0.99,140.0,6.5,95.0,11.27,6.0,,480.0,1.0,3.0,5.0,1.0,3.0,2.0,1.0,1.0,1.0,1.0,4.0,0
137309.0,45.0,3.25,40.4,111.5,108.0,82.0,252.0,46.0,5.8,6.6,141.0,9.7,11.2,388.0,16.6,0.64,236.0,4.4,84.0,5.56,7.0,9.0,600.0,2.0,3.0,4.0,1.0,3.0,2.0,2.0,2.0,,2.0,2.0,0
137310.0,69.0,2.06,39.3,132.0,125.0,69.0,228.0,37.0,6.9,33.76,139.0,10.3,14.1,256.0,15.6,0.74,206.0,6.5,111.0,6.1,4.0,4.0,1200.0,1.0,3.0,4.0,1.0,3.0,1.0,2.0,1.0,,2.0,3.0,0
137313.0,37.0,,31.7,104.7,137.0,79.0,215.0,38.0,5.6,4.0,139.0,5.1,14.2,206.0,13.9,0.79,135.0,9.6,106.0,10.58,9.0,10.0,600.0,1.0,1.0,4.0,2.0,,2.0,2.0,1.0,,2.0,3.0,0
137314.0,67.0,1.86,28.8,110.5,123.0,82.0,184.0,43.0,5.4,0.61,141.0,5.4,15.4,240.0,13.5,0.89,150.0,5.4,87.0,34.43,8.0,8.0,180.0,1.0,3.0,3.0,2.0,,2.0,1.0,2.0,1.0,2.0,3.0,0
137316.0,26.0,2.09,25.0,87.6,101.0,72.0,142.0,48.0,5.7,1.66,139.0,7.9,13.5,260.0,14.1,0.55,80.0,3.3,86.0,10.51,7.0,8.0,480.0,2.0,1.0,5.0,2.0,,2.0,2.0,2.0,,2.0,3.0,0
137318.0,55.0,0.79,22.7,81.5,120.0,71.0,223.0,48.0,5.3,3.9,140.0,5.5,11.6,267.0,13.8,0.62,154.0,4.7,89.0,6.68,5.0,7.0,60.0,2.0,2.0,2.0,2.0,,2.0,2.0,1.0,,1.0,3.0,0
137319.0,62.0,4.05,32.1,107.6,123.0,86.0,209.0,35.0,5.9,4.66,139.0,5.2,16.2,234.0,14.3,1.37,77.0,7.1,96.0,4.29,8.0,8.0,480.0,1.0,3.0,5.0,2.0,,2.0,2.0,2.0,,2.0,2.0,0
137323.0,32.0,2.56,29.9,81.0,110.0,75.0,162.0,64.0,5.2,0.5,140.0,5.4,12.6,304.0,12.4,0.75,61.0,3.3,90.0,6.49,5.5,7.0,30.0,2.0,4.0,5.0,2.0,,2.0,2.0,2.0,,2.0,1.0,0
137325.0,65.0,5.0,22.7,86.6,122.0,65.0,251.0,109.0,5.0,1.7,140.0,4.8,12.7,257.0,12.9,0.8,67.0,4.7,96.0,5.91,8.0,8.5,420.0,2.0,3.0,5.0,2.0,,2.0,2.0,2.0,,2.0,2.0,0
137329.0,74.0,4.02,30.9,111.9,149.0,97.0,228.0,54.0,5.1,2.14,136.0,11.5,16.0,232.0,12.6,0.88,187.0,5.3,102.0,18.73,9.0,9.0,300.0,1.0,3.0,4.0,1.0,3.0,2.0,1.0,2.0,1.0,2.0,2.0,1
137331.0,70.0,,28.9,106.7,124.0,60.0,138.0,51.0,5.5,0.6,140.0,6.2,15.4,193.0,13.8,1.16,117.0,5.9,104.0,7.3,8.0,9.0,240.0,1.0,3.0,4.0,2.0,,2.0,2.0,1.0,,1.0,3.0,1
137332.0,72.0,1.99,25.9,107.2,114.0,65.0,122.0,45.0,6.2,0.23,135.0,6.5,15.7,221.0,14.0,0.9,67.0,5.7,99.0,13.0,7.0,7.0,480.0,1.0,4.0,3.0,1.0,3.0,2.0,1.0,1.0,1.0,1.0,3.0,0
137333.0,41.0,4.56,44.0,110.1,138.0,89.0,211.0,79.0,5.7,13.13,138.0,5.2,13.1,258.0,13.2,0.66,51.0,7.2,97.0,6.88,8.0,8.0,720.0,2.0,4.0,4.0,2.0,,2.0,1.0,1.0,1.0,2.0,4.0,0
137335.0,63.0,5.0,23.6,79.1,89.0,63.0,219.0,116.0,5.2,0.32,141.0,4.3,15.0,162.0,13.7,0.73,48.0,4.0,99.0,0.48,7.0,7.5,360.0,2.0,3.0,5.0,2.0,,2.0,2.0,2.0,,2.0,1.0,0
137339.0,49.0,1.15,23.8,84.2,118.0,75.0,229.0,52.0,5.7,1.22,139.0,8.8,15.1,283.0,14.2,0.94,83.0,4.2,110.0,4.67,8.0,7.0,360.0,1.0,4.0,3.0,1.0,1.0,2.0,1.0,2.0,2.0,2.0,3.0,0
137341.0,53.0,2.71,33.5,109.9,110.0,85.0,235.0,47.0,5.7,3.51,144.0,5.6,12.7,204.0,13.8,0.72,176.0,5.4,94.0,7.11,8.5,9.0,600.0,2.0,2.0,5.0,2.0,,2.0,2.0,2.0,,2.0,3.0,0
137342.0,49.0,0.87,28.2,90.1,108.0,63.0,226.0,72.0,5.7,0.83,137.0,5.4,10.0,329.0,16.1,0.63,76.0,2.5,86.0,6.78,7.5,7.5,9999.0,2.0,1.0,4.0,2.0,,2.0,2.0,2.0,,2.0,3.0,0
137344.0,50.0,3.38,29.6,96.3,136.0,87.0,254.0,50.0,5.6,1.08,140.0,5.6,16.2,118.0,13.5,0.85,209.0,5.9,90.0,4.78,6.5,6.5,240.0,1.0,2.0,3.0,2.0,,2.0,2.0,1.0,,2.0,3.0,0
137348.0,31.0,1.91,32.2,113.4,105.0,79.0,178.0,42.0,5.6,1.25,136.0,6.4,13.8,306.0,14.6,0.95,129.0,5.2,101.0,11.2,7.0,9.0,600.0,2.0,3.0,4.0,1.0,1.0,2.0,2.0,2.0,,2.0,3.0,0
137349.0,78.0,3.28,40.0,113.6,195.0,100.0,157.0,63.0,5.9,8.57,141.0,7.7,10.1,218.0,16.1,0.82,94.0,5.7,89.0,36.83,9.0,7.0,360.0,2.0,4.0,4.0,1.0,3.0,1.0,1.0,1.0,1.0,1.0,4.0,0
137350.0,64.0,,32.0,120.5,148.0,94.0,127.0,36.0,7.5,2.14,142.0,6.8,13.2,225.0,13.3,1.18,600.0,8.6,179.0,35.55,7.5,8.0,180.0,2.0,3.0,2.0,2.0,,1.0,1.0,2.0,1.0,1.0,3.0,0
137351.0,41.0,,30.7,98.9,102.0,64.0,184.0,49.0,5.0,9.58,136.0,6.4,12.5,207.0,13.6,0.65,100.0,4.8,85.0,5.12,8.0,9.0,15.0,2.0,2.0,3.0,1.0,3.0,2.0,2.0,2.0,,2.0,4.0,0
137352.0,73.0,3.44,29.9,113.5,176.0,90.0,161.0,38.0,5.5,2.88,139.0,7.1,10.8,199.0,14.3,1.99,207.0,5.6,104.0,169.09,10.0,10.0,180.0,1.0,3.0,5.0,2.0,,1.0,1.0,1.0,1.0,1.0,3.0,0
137353.0,69.0,0.7,32.1,110.8,108.0,64.0,159.0,39.0,6.9,5.47,142.0,9.6,13.5,319.0,13.0,3.37,103.0,11.3,154.0,7.34,6.0,4.5,180.0,1.0,4.0,2.0,1.0,2.0,1.0,1.0,1.0,1.0,1.0,4.0,1
137354.0,68.0,,24.4,96.0,134.0,86.0,143.0,54.0,5.9,1.47,132.0,6.0,12.1,263.0,12.3,0.68,91.0,2.9,105.0,9.03,8.0,8.0,600.0,2.0,3.0,4.0,1.0,3.0,2.0,1.0,1.0,1.0,1.0,2.0,0
137355.0,37.0,2.85,25.8,90.7,104.0,74.0,193.0,79.0,5.0,0.31,138.0,7.0,13.9,212.0,13.4,0.72,50.0,2.6,93.0,5.87,7.0,7.5,60.0,2.0,3.0,5.0,2.0,,2.0,2.0,2.0,,2.0,1.0,0
137366.0,73.0,4.05,27.6,87.6,131.0,83.0,282.0,51.0,5.8,4.05,138.0,5.1,13.9,294.0,13.8,0.71,684.0,5.3,116.0,34.13,9.0,9.0,480.0,2.0,3.0,4.0,2.0,,2.0,2.0,1.0,,2.0,2.0,0
137370.0,73.0,2.33,25.4,101.5,138.0,76.0,166.0,63.0,6.1,1.32,140.0,6.8,15.9,245.0,13.8,1.23,126.0,6.8,111.0,125.66,7.5,7.5,360.0,1.0,6.0,5.0,2.0,,2.0,1.0,2.0,1.0,2.0,2.0,0
137374.0,25.0,0.97,20.9,75.8,99.0,65.0,193.0,60.0,4.9,1.49,139.0,7.4,12.8,235.0,12.6,0.65,40.0,2.7,81.0,8.55,8.5,8.5,600.0,2.0,3.0,4.0,2.0,,2.0,2.0,2.0,,2.0,1.0,0
137375.0,60.0,,28.6,100.4,127.0,68.0,210.0,67.0,6.0,0.74,139.0,6.1,12.6,241.0,13.4,0.64,150.0,4.0,104.0,13.6,8.0,8.0,120.0,2.0,3.0,4.0,2.0,,2.0,2.0,1.0,,1.0,2.0,0
137378.0,70.0,0.75,25.2,88.5,115.0,71.0,247.0,63.0,5.0,1.58,141.0,6.2,14.3,210.0,12.8,1.1,106.0,6.7,117.0,13.15,12.0,12.0,60.0,1.0,2.0,1.0,2.0,,2.0,2.0,1.0,,1.0,3.0,0
137379.0,66.0,5.0,33.7,113.2,137.0,67.0,192.0,29.0,8.3,2.6,139.0,5.9,13.9,174.0,16.2,0.74,384.0,4.3,252.0,99.45,5.0,5.0,300.0,1.0,3.0,5.0,2.0,,1.0,1.0,2.0,2.0,2.0,4.0,0
137381.0,40.0,5.0,32.8,114.3,120.0,88.0,246.0,54.0,5.3,3.17,139.0,6.1,14.3,208.0,12.5,0.96,116.0,7.4,99.0,3.67,8.0,8.5,720.0,1.0,3.0,5.0,2.0,,2.0,1.0,2.0,2.0,2.0,2.0,0
137383.0,73.0,5.0,23.3,88.1,148.0,82.0,225.0,88.0,5.3,2.47,134.0,6.0,12.7,225.0,14.2,0.93,62.0,4.3,87.0,21.81,8.0,8.0,360.0,2.0,3.0,5.0,2.0,,2.0,2.0,2.0,,2.0,2.0,0
137386.0,56.0,5.0,34.6,113.6,126.0,79.0,167.0,51.0,5.2,1.43,139.0,9.6,14.6,245.0,13.6,1.23,98.0,7.6,99.0,4.74,7.5,10.5,360.0,1.0,4.0,5.0,2.0,,2.0,1.0,1.0,1.0,1.0,2.0,1
137387.0,69.0,5.0,33.7,114.1,108.0,55.0,139.0,66.0,5.1,38.89,137.0,10.7,14.0,319.0,13.9,0.72,88.0,3.4,94.0,9.25,6.0,7.0,780.0,2.0,3.0,5.0,1.0,3.0,2.0,1.0,1.0,1.0,1.0,3.0,0
137391.0,62.0,,34.2,131.7,126.0,69.0,144.0,38.0,5.6,4.31,139.0,7.5,15.6,220.0,13.4,0.8,285.0,6.5,98.0,15.51,9.0,9.0,300.0,1.0,3.0,4.0,1.0,2.0,3.0,1.0,1.0,1.0,1.0,3.0,0
137394.0,65.0,1.22,44.6,,117.0,75.0,112.0,42.0,8.0,15.29,138.0,10.0,14.2,323.0,13.9,1.12,83.0,5.9,212.0,10.24,8.0,8.0,360.0,1.0,3.0,4.0,1.0,3.0,1.0,1.0,1.0,1.0,1.0,4.0,0
137396.0,43.0,1.02,30.7,103.0,153.0,91.0,232.0,45.0,5.9,1.42,139.0,7.2,14.5,236.0,13.2,1.17,182.0,4.5,109.0,6.9,7.0,8.0,180.0,1.0,2.0,3.0,2.0,,2.0,2.0,2.0,,2.0,2.0,0
137400.0,67.0,5.0,22.1,87.2,155.0,86.0,135.0,41.0,5.7,0.7,136.0,8.6,17.5,253.0,14.0,1.07,101.0,6.0,90.0,15.44,9.5,9.5,420.0,1.0,3.0,5.0,2.0,,2.0,1.0,1.0,2.0,1.0,1.0,0
137401.0,75.0,5.0,23.0,98.0,122.0,73.0,151.0,48.0,5.2,1.86,139.0,5.7,15.5,181.0,13.4,1.1,106.0,6.1,84.0,0.51,7.0,7.0,360.0,1.0,3.0,5.0,2.0,,2.0,2.0,2.0,,2.0,1.0,0
137402.0,40.0,,26.4,99.6,96.0,67.0,208.0,64.0,5.3,5.2,138.0,4.0,13.4,298.0,12.4,0.69,68.0,3.0,91.0,9.28,8.5,7.5,240.0,2.0,2.0,5.0,2.0,,2.0,2.0,2.0,,2.0,3.0,0
137403.0,80.0,2.87,28.6,99.6,128.0,68.0,199.0,42.0,5.4,1.8,144.0,5.6,14.7,225.0,13.6,0.85,162.0,4.7,114.0,7.9,9.0,8.5,420.0,1.0,3.0,5.0,1.0,3.0,2.0,2.0,2.0,,2.0,1.0,0
137408.0,24.0,3.6,28.5,90.2,123.0,73.0,180.0,50.0,5.3,1.81,137.0,5.2,13.6,278.0,14.1,1.23,66.0,6.8,98.0,4.83,7.0,8.5,360.0,1.0,3.0,5.0,2.0,,2.0,2.0,2.0,,2.0,1.0,0
137409.0,41.0,2.43,33.0,108.8,105.0,69.0,239.0,54.0,6.6,5.3,139.0,6.2,12.7,492.0,14.8,0.81,100.0,5.7,115.0,7.38,7.0,10.0,240.0,2.0,3.0,4.0,2.0,,2.0,2.0,1.0,,2.0,3.0,0
137410.0,20.0,0.63,21.7,72.0,130.0,83.0,125.0,48.0,4.9,0.46,139.0,6.6,12.2,207.0,14.1,0.7,31.0,5.0,80.0,7.64,4.0,7.0,480.0,2.0,4.0,4.0,2.0,,2.0,2.0,2.0,,2.0,4.0,0
137411.0,31.0,2.8,27.0,92.1,133.0,89.0,244.0,60.0,5.4,2.62,136.0,5.1,14.0,285.0,12.9,0.74,109.0,4.2,82.0,9.12,8.0,9.0,60.0,2.0,3.0,5.0,2.0,,2.0,2.0,2.0,,2.0,2.0,0
137412.0,66.0,3.0,23.6,98.0,116.0,72.0,147.0,51.0,5.5,4.52,141.0,4.4,14.1,194.0,13.6,0.78,105.0,3.5,104.0,0.48,8.0,7.5,180.0,1.0,3.0,5.0,2.0,,2.0,1.0,1.0,1.0,1.0,3.0,1
137414.0,44.0,0.19,26.6,92.3,102.0,63.0,199.0,60.0,5.7,3.28,138.0,5.0,12.2,236.0,13.8,0.66,119.0,3.4,85.0,14.04,6.5,8.0,60.0,2.0,1.0,3.0,2.0,,2.0,2.0,2.0,,2.0,3.0,0
137415.0,80.0,2.58,23.0,84.8,152.0,73.0,165.0,45.0,5.2,1.23,128.0,4.6,13.3,274.0,13.5,0.69,76.0,3.3,93.0,,11.0,11.0,720.0,2.0,3.0,3.0,1.0,3.0,2.0,1.0,2.0,2.0,2.0,4.0,1
137417.0,43.0,3.53,27.9,107.2,129.0,68.0,173.0,49.0,5.0,0.46,138.0,6.4,16.4,203.0,13.8,0.92,82.0,6.6,98.0,6.57,5.0,5.0,240.0,1.0,3.0,4.0,1.0,1.0,2.0,1.0,2.0,2.0,2.0,3.0,0
137419.0,31.0,3.26,35.7,126.0,111.0,79.0,164.0,53.0,5.4,9.52,140.0,6.4,14.3,209.0,13.8,1.37,66.0,6.3,79.0,3.35,6.0,7.0,600.0,1.0,4.0,4.0,2.0,,2.0,2.0,2.0,,2.0,2.0,0
137420.0,80.0,3.43,31.9,110.6,99.0,51.0,164.0,58.0,6.3,2.73,140.0,8.4,12.1,320.0,14.1,0.86,139.0,4.7,70.0,7.47,10.0,11.0,480.0,2.0,2.0,2.0,1.0,3.0,1.0,1.0,2.0,1.0,2.0,3.0,1
137423.0,44.0,1.41,30.2,101.9,141.0,91.0,231.0,52.0,5.0,3.31,135.0,6.5,16.3,274.0,13.0,0.89,125.0,8.4,92.0,909.64,5.0,9.5,10.0,1.0,2.0,2.0,1.0,1.0,2.0,2.0,2.0,,2.0,3.0,0
137424.0,28.0,5.397605346934028e-79,38.7,124.3,110.0,72.0,180.0,44.0,5.0,0.57,142.0,7.1,14.8,203.0,14.8,1.13,149.0,6.6,76.0,9.39,6.0,9.0,120.0,1.0,4.0,5.0,2.0,,2.0,2.0,2.0,,2.0,4.0,0
137425.0,51.0,0.85,36.0,88.6,102.0,60.0,128.0,56.0,5.7,0.91,139.0,6.1,13.7,266.0,11.9,0.61,75.0,3.9,94.0,2.1,8.5,8.5,420.0,2.0,3.0,4.0,2.0,,1.0,2.0,1.0,,1.0,3.0,0
137429.0,72.0,5.0,27.0,92.7,160.0,61.0,223.0,62.0,4.6,0.59,140.0,6.3,11.1,291.0,13.3,1.07,107.0,4.0,94.0,15.02,7.0,7.0,600.0,2.0,3.0,3.0,2.0,,2.0,1.0,1.0,1.0,2.0,5.0,0
137432.0,70.0,2.78,26.1,82.2,100.0,65.0,165.0,77.0,4.8,0.79,140.0,4.1,13.4,188.0,13.3,0.98,111.0,3.7,88.0,3.84,5.0,5.0,360.0,2.0,3.0,2.0,1.0,2.0,2.0,2.0,2.0,,2.0,3.0,0
137435.0,44.0,5.0,23.0,81.4,104.0,63.0,226.0,47.0,5.5,0.69,140.0,4.2,15.3,227.0,12.8,0.83,469.0,6.5,86.0,12.68,8.5,9.0,240.0,1.0,6.0,5.0,1.0,3.0,2.0,2.0,1.0,,2.0,2.0,0
137436.0,80.0,2.28,26.0,111.3,130.0,63.0,148.0,54.0,6.0,1.52,137.0,7.0,15.0,227.0,13.8,1.12,121.0,5.6,105.0,6.43,9.0,9.0,480.0,1.0,3.0,4.0,1.0,3.0,2.0,2.0,1.0,,1.0,3.0,0
137438.0,65.0,,24.3,95.1,127.0,65.0,263.0,54.0,5.8,9.31,140.0,7.2,13.0,338.0,14.7,0.79,118.0,4.8,112.0,10.21,5.5,6.0,360.0,2.0,3.0,5.0,2.0,,2.0,2.0,9.0,,2.0,2.0,0
137439.0,46.0,4.27,21.9,84.3,126.0,89.0,177.0,78.0,5.3,0.65,141.0,5.1,13.4,356.0,13.4,0.67,49.0,5.6,87.0,5.89,9.5,9.0,360.0,2.0,4.0,5.0,2.0,,2.0,1.0,2.0,1.0,2.0,3.0,0
137440.0,50.0,5.0,33.7,103.5,89.0,63.0,193.0,73.0,5.4,0.71,140.0,9.3,12.9,295.0,15.4,0.68,89.0,3.9,80.0,4.45,6.0,7.0,540.0,2.0,4.0,5.0,1.0,3.0,1.0,1.0,1.0,2.0,1.0,3.0,1
137443.0,62.0,2.81,26.3,101.3,122.0,73.0,210.0,66.0,4.8,0.84,137.0,6.2,15.0,216.0,13.7,0.84,89.0,4.0,83.0,0.48,7.0,8.0,480.0,1.0,3.0,5.0,2.0,,2.0,2.0,2.0,,2.0,1.0,0
137444.0,77.0,1.4,28.0,,125.0,73.0,159.0,76.0,6.1,0.63,142.0,11.3,12.8,318.0,16.2,0.97,102.0,3.9,85.0,,10.0,,480.0,2.0,3.0,3.0,1.0,3.0,1.0,1.0,2.0,1.0,1.0,3.0,1
137446.0,57.0,0.74,33.5,106.2,108.0,71.0,180.0,48.0,5.5,16.73,139.0,12.6,15.2,317.0,13.5,1.13,283.0,9.8,99.0,12.52,8.0,11.5,300.0,2.0,4.0,3.0,2.0,,2.0,1.0,1.0,1.0,1.0,4.0,0
137447.0,72.0,5.0,29.4,116.1,117.0,66.0,131.0,42.0,5.6,0.38,136.0,7.0,15.5,234.0,12.8,0.91,182.0,3.9,94.0,4.29,8.5,8.5,360.0,1.0,3.0,5.0,2.0,,2.0,1.0,1.0,1.0,1.0,1.0,1
137448.0,80.0,4.56,27.7,102.0,128.0,70.0,151.0,52.0,5.6,1.36,141.0,5.0,13.7,171.0,13.3,1.07,91.0,5.4,102.0,38.91,9.0,9.0,300.0,1.0,3.0,4.0,2.0,,2.0,2.0,1.0,,1.0,9.0,1
137451.0,80.0,5.0,32.6,111.1,143.0,80.0,174.0,44.0,5.6,14.2,146.0,7.3,15.8,164.0,14.7,1.07,154.0,9.2,97.0,43.26,8.0,8.0,600.0,1.0,3.0,5.0,2.0,,2.0,2.0,1.0,,1.0,4.0,0
137455.0,76.0,3.91,29.8,116.5,152.0,82.0,134.0,43.0,6.0,0.6,139.0,5.1,13.6,245.0,13.6,1.23,72.0,5.7,100.0,50.64,9.0,9.0,540.0,1.0,3.0,5.0,2.0,,1.0,1.0,1.0,1.0,1.0,3.0,1
137461.0,61.0,1.03,22.6,77.3,102.0,77.0,230.0,65.0,5.6,0.73,141.0,6.4,13.1,228.0,14.0,0.73,81.0,4.4,86.0,10.05,8.0,8.5,240.0,2.0,2.0,5.0,2.0,,3.0,2.0,1.0,,1.0,1.0,0
137462.0,73.0,,27.5,95.4,123.0,68.0,154.0,59.0,6.1,1.67,142.0,7.2,14.0,223.0,14.0,1.32,140.0,6.2,90.0,12.34,6.0,7.0,240.0,1.0,4.0,4.0,1.0,2.0,1.0,1.0,1.0,1.0,1.0,2.0,0
137463.0,60.0,5.0,27.5,102.3,112.0,65.0,197.0,49.0,5.4,2.09,140.0,5.0,14.3,207.0,13.2,1.02,85.0,5.1,113.0,3.99,8.5,8.5,480.0,1.0,3.0,5.0,2.0,,2.0,2.0,2.0,,2.0,2.0,0
137464.0,33.0,1.85,38.9,127.7,110.0,80.0,178.0,37.0,5.0,2.63,137.0,7.1,15.5,277.0,13.6,0.79,196.0,8.4,105.0,4.1,5.0,9.0,180.0,1.0,3.0,4.0,2.0,,2.0,1.0,2.0,1.0,2.0,4.0,1
137468.0,31.0,0.05,48.5,137.0,111.0,82.0,173.0,58.0,5.4,3.92,138.0,16.7,13.6,431.0,14.3,0.86,96.0,6.0,83.0,4.04,7.0,6.0,300.0,2.0,3.0,3.0,1.0,3.0,2.0,2.0,2.0,,2.0,3.0,0
137472.0,41.0,3.26,28.1,93.0,101.0,61.0,234.0,67.0,5.3,4.71,138.0,8.4,13.1,316.0,12.8,,144.0,,88.0,5.92,9.0,10.0,540.0,2.0,2.0,5.0,1.0,3.0,2.0,2.0,1.0,,2.0,2.0,0
137473.0,26.0,3.02,20.8,78.2,136.0,75.0,206.0,92.0,4.8,0.27,139.0,6.6,16.7,173.0,13.4,0.98,42.0,5.8,88.0,5.36,7.0,8.5,60.0,1.0,3.0,5.0,2.0,,2.0,2.0,2.0,,2.0,3.0,0
137474.0,64.0,1.14,25.6,99.4,138.0,74.0,186.0,48.0,6.9,2.94,141.0,5.9,13.1,288.0,14.0,1.21,120.0,6.1,109.0,21.25,8.0,8.0,20.0,1.0,2.0,1.0,1.0,3.0,1.0,1.0,1.0,1.0,2.0,4.0,1
137476.0,70.0,4.26,28.2,103.3,141.0,92.0,201.0,60.0,5.7,2.33,141.0,6.7,14.1,268.0,13.1,0.85,147.0,4.5,96.0,8.48,9.0,9.0,360.0,2.0,3.0,5.0,2.0,,2.0,2.0,1.0,,1.0,3.0,1
137477.0,39.0,1.47,23.1,93.7,110.0,63.0,162.0,29.0,5.1,2.94,140.0,6.1,14.6,119.0,12.7,0.9,322.0,6.6,99.0,29.12,9.0,8.0,180.0,1.0,7.0,3.0,1.0,1.0,2.0,2.0,2.0,,2.0,4.0,0
137478.0,73.0,3.35,27.1,103.8,128.0,69.0,171.0,67.0,5.6,0.67,140.0,6.2,15.6,182.0,12.9,1.18,55.0,5.2,106.0,3.68,4.0,4.0,240.0,1.0,3.0,3.0,1.0,3.0,2.0,2.0,2.0,,1.0,2.0,0
137480.0,23.0,2.41,30.4,98.4,100.0,74.0,143.0,50.0,5.3,3.71,138.0,6.3,13.6,250.0,13.5,0.58,81.0,5.4,84.0,7.64,7.0,8.0,480.0,2.0,1.0,4.0,2.0,,2.0,2.0,2.0,,2.0,4.0,0
137481.0,58.0,0.88,26.0,107.7,210.0,75.0,178.0,51.0,5.6,1.37,130.0,8.7,14.3,423.0,13.6,0.77,150.0,2.7,94.0,16.33,8.0,9.0,60.0,1.0,3.0,4.0,1.0,3.0,2.0,1.0,1.0,1.0,2.0,4.0,1
137482.0,38.0,0.62,37.9,117.7,108.0,78.0,184.0,45.0,5.4,6.4,140.0,6.5,13.7,259.0,12.9,0.67,131.0,3.5,79.0,4.79,8.5,8.0,240.0,2.0,3.0,3.0,2.0,,2.0,2.0,2.0,,2.0,3.0,0
137483.0,42.0,5.0,19.5,76.0,96.0,61.0,198.0,80.0,4.8,0.92,141.0,8.2,13.6,309.0,12.7,0.67,82.0,2.4,94.0,4.24,9.0,9.5,480.0,2.0,3.0,5.0,2.0,,2.0,2.0,2.0,,2.0,2.0,0
137488.0,29.0,2.17,28.8,97.2,168.0,103.0,114.0,34.0,5.6,3.92,141.0,3.6,14.8,276.0,12.8,0.68,109.0,4.2,100.0,7.25,8.5,9.0,300.0,1.0,7.0,4.0,2.0,,2.0,2.0,2.0,,2.0,3.0,0
137489.0,75.0,3.77,25.5,92.3,157.0,78.0,142.0,56.0,5.5,0.4,140.0,4.7,16.1,246.0,12.8,1.16,65.0,5.1,114.0,5.45,7.5,7.5,120.0,1.0,2.0,3.0,2.0,,2.0,2.0,2.0,,2.0,2.0,0
137493.0,31.0,1.19,57.4,133.3,113.0,86.0,133.0,48.0,5.6,64.0,139.0,11.5,12.8,337.0,13.7,0.97,169.0,7.0,106.0,11.33,8.0,6.5,300.0,2.0,3.0,4.0,2.0,,2.0,1.0,2.0,2.0,2.0,4.0,1
137495.0,68.0,4.19,41.6,119.3,121.0,66.0,183.0,77.0,5.4,6.21,142.0,5.2,13.5,228.0,13.7,0.77,61.0,4.4,96.0,7.37,7.5,7.5,480.0,2.0,3.0,4.0,1.0,3.0,2.0,1.0,1.0,1.0,1.0,4.0,0
137497.0,68.0,5.0,30.3,,118.0,79.0,242.0,54.0,4.9,1.31,143.0,4.6,14.3,218.0,13.2,0.77,112.0,5.6,85.0,,11.5,11.5,360.0,2.0,3.0,5.0,2.0,,2.0,2.0,2.0,,2.0,2.0,0
137499.0,80.0,3.3,28.0,107.1,135.0,79.0,142.0,43.0,5.6,1.2,139.0,4.4,15.5,170.0,13.1,0.99,100.0,5.7,96.0,5.94,6.0,6.0,180.0,1.0,3.0,3.0,2.0,,2.0,2.0,1.0,,1.0,2.0,0
137500.0,75.0,,32.8,103.0,153.0,65.0,204.0,57.0,5.9,2.33,143.0,9.6,11.8,188.0,19.4,0.88,95.0,4.8,92.0,119.19,8.0,13.0,480.0,2.0,3.0,5.0,1.0,3.0,2.0,2.0,2.0,,2.0,2.0,0
137501.0,35.0,5.0,30.5,90.7,114.0,78.0,267.0,74.0,5.1,5.5,136.0,10.7,12.6,249.0,13.6,0.48,199.0,3.3,89.0,5.19,7.5,9.0,180.0,2.0,3.0,5.0,2.0,,2.0,2.0,2.0,,2.0,2.0,0
137504.0,63.0,1.51,38.9,115.2,105.0,61.0,215.0,58.0,5.7,9.12,139.0,7.3,14.5,335.0,14.3,0.84,86.0,5.3,100.0,6.08,2.0,2.0,360.0,2.0,3.0,5.0,2.0,,2.0,2.0,2.0,,2.0,3.0,0
137508.0,79.0,1.89,28.1,113.7,156.0,68.0,125.0,42.0,7.4,2.25,139.0,6.2,14.6,154.0,14.4,1.24,105.0,7.3,154.0,52.79,10.0,10.0,720.0,1.0,3.0,1.0,1.0,3.0,2.0,2.0,2.0,,2.0,2.0,0
137510.0,80.0,4.8,21.4,80.4,158.0,72.0,196.0,83.0,5.8,1.26,131.0,9.3,14.0,262.0,15.5,0.97,81.0,4.1,96.0,21.25,8.0,8.0,120.0,2.0,3.0,4.0,1.0,3.0,2.0,1.0,2.0,1.0,1.0,4.0,1
137511.0,74.0,1.69,36.0,130.8,111.0,69.0,121.0,37.0,6.2,2.06,139.0,5.2,14.1,99.0,13.7,0.69,145.0,5.2,146.0,6.47,,7.0,420.0,1.0,3.0,3.0,1.0,2.0,1.0,1.0,2.0,1.0,1.0,3.0,0
137512.0,69.0,1.06,37.5,122.8,118.0,79.0,196.0,50.0,7.7,2.27,139.0,8.7,12.0,259.0,13.5,1.22,316.0,6.4,146.0,393.13,8.0,6.0,600.0,2.0,3.0,4.0,2.0,,1.0,1.0,1.0,1.0,1.0,3.0,0
137515.0,72.0,0.4,40.6,135.5,107.0,64.0,129.0,62.0,6.5,0.32,137.0,13.9,14.1,122.0,13.3,1.58,151.0,6.2,117.0,1.11,9.0,9.0,180.0,1.0,1.0,1.0,1.0,3.0,3.0,1.0,1.0,1.0,1.0,4.0,1
137517.0,51.0,5.0,23.3,82.5,96.0,59.0,192.0,50.0,5.2,1.0,137.0,13.0,14.2,198.0,12.5,0.58,89.0,3.5,91.0,1.4,4.5,4.5,240.0,2.0,3.0,4.0,1.0,1.0,2.0,1.0,1.0,1.0,1.0,3.0,0
137518.0,48.0,5.0,26.2,93.3,104.0,74.0,205.0,62.0,6.0,0.16,140.0,5.8,13.6,196.0,13.2,0.94,86.0,4.4,78.0,5.01,8.0,7.0,720.0,1.0,6.0,5.0,1.0,3.0,2.0,2.0,2.0,,2.0,2.0,0
137519.0,33.0,5.0,41.6,130.4,117.0,79.0,170.0,35.0,5.8,48.01,140.0,9.3,13.8,354.0,15.7,0.7,74.0,6.8,111.0,12.71,7.5,9.0,720.0,1.0,3.0,4.0,2.0,,2.0,2.0,2.0,,2.0,3.0,0
137520.0,73.0,1.37,34.1,113.2,135.0,66.0,140.0,41.0,6.0,0.96,140.0,6.7,14.9,269.0,13.5,1.09,102.0,7.3,99.0,19.74,9.0,9.0,240.0,1.0,3.0,3.0,1.0,3.0,2.0,1.0,1.0,1.0,1.0,2.0,1
137523.0,56.0,5.0,42.7,133.4,114.0,62.0,203.0,41.0,5.7,3.93,138.0,9.6,14.4,246.0,13.6,1.02,177.0,9.1,92.0,5.26,5.5,6.5,120.0,1.0,3.0,2.0,1.0,3.0,2.0,2.0,2.0,,2.0,3.0,0
137526.0,45.0,3.09,50.3,143.3,114.0,81.0,154.0,41.0,6.2,16.25,143.0,9.8,14.0,416.0,16.3,0.65,104.0,4.5,104.0,11.03,8.5,7.5,480.0,2.0,4.0,3.0,1.0,1.0,1.0,1.0,2.0,1.0,2.0,3.0,0
137527.0,52.0,0.75,,,118.0,73.0,194.0,43.0,5.7,1.85,137.0,3.3,13.5,155.0,14.0,0.64,78.0,6.3,105.0,216.78,8.0,8.0,720.0,1.0,4.0,5.0,2.0,,3.0,2.0,1.0,,2.0,2.0,0
137528.0,57.0,2.03,40.1,142.2,179.0,110.0,143.0,42.0,10.8,10.6,136.0,8.7,16.8,300.0,14.0,0.84,112.0,4.9,214.0,35.59,8.0,8.0,840.0,1.0,3.0,4.0,1.0,3.0,3.0,1.0,1.0,1.0,2.0,4.0,0
137531.0,30.0,5.0,26.1,88.9,115.0,72.0,170.0,53.0,4.7,1.13,137.0,6.6,12.9,317.0,11.6,0.7,181.0,4.6,83.0,6.49,8.5,7.5,480.0,2.0,3.0,5.0,1.0,3.0,2.0,2.0,2.0,,2.0,2.0,0
137532.0,43.0,2.5,23.0,87.8,128.0,82.0,168.0,86.0,5.1,0.81,136.0,7.4,14.1,281.0,13.5,0.92,110.0,5.2,96.0,1.75,7.5,9.0,120.0,2.0,3.0,4.0,1.0,2.0,2.0,2.0,2.0,,2.0,2.0,0
137534.0,48.0,5.0,29.1,99.0,135.0,86.0,145.0,48.0,5.3,2.05,142.0,3.9,14.9,209.0,13.1,1.06,52.0,5.3,83.0,3.91,4.0,4.0,360.0,1.0,3.0,4.0,1.0,3.0,2.0,2.0,2.0,,2.0,1.0,0
137535.0,58.0,1.71,30.3,91.0,157.0,97.0,161.0,45.0,17.1,11.93,129.0,6.3,14.0,269.0,12.9,0.49,141.0,4.5,898.0,368.22,11.0,9.0,720.0,2.0,3.0,2.0,2.0,,2.0,2.0,2.0,,2.0,4.0,1
137537.0,37.0,5.0,30.6,90.4,94.0,69.0,195.0,61.0,5.3,5.2,137.0,7.8,13.2,271.0,12.8,0.72,56.0,4.5,88.0,1.31,8.5,9.0,480.0,2.0,1.0,5.0,2.0,,2.0,2.0,2.0,,2.0,1.0,0
137541.0,74.0,1.55,30.6,110.0,134.0,74.0,202.0,58.0,5.7,0.41,138.0,8.8,14.1,225.0,14.1,0.87,168.0,2.8,98.0,6.07,8.0,8.0,300.0,2.0,3.0,4.0,2.0,,2.0,1.0,1.0,1.0,1.0,3.0,0
137544.0,75.0,3.76,29.9,98.6,156.0,72.0,190.0,79.0,5.5,2.02,143.0,5.3,12.8,192.0,14.1,1.1,60.0,5.4,80.0,5.55,7.5,9.5,120.0,2.0,3.0,4.0,1.0,3.0,2.0,2.0,1.0,,1.0,3.0,0
137545.0,59.0,5.397605346934028e-79,30.9,99.5,119.0,83.0,163.0,46.0,11.0,39.71,131.0,7.8,13.3,261.0,14.3,0.77,143.0,4.2,278.0,106.74,12.5,12.5,180.0,2.0,4.0,4.0,1.0,2.0,1.0,1.0,2.0,1.0,2.0,4.0,0
137547.0,61.0,4.8,33.0,105.0,134.0,80.0,257.0,61.0,5.3,0.68,141.0,5.8,15.8,220.0,13.1,1.07,151.0,7.1,104.0,10.58,7.0,7.0,300.0,1.0,3.0,5.0,1.0,3.0,2.0,2.0,1.0,,2.0,1.0,0
137548.0,33.0,1.99,28.3,93.4,115.0,78.0,263.0,38.0,5.1,2.59,140.0,5.5,16.1,306.0,13.0,0.89,202.0,8.2,100.0,5.77,6.0,13.0,60.0,1.0,2.0,1.0,2.0,,2.0,1.0,1.0,1.0,2.0,5.0,0
137550.0,56.0,4.23,30.1,106.1,112.0,63.0,221.0,57.0,5.3,4.18,140.0,4.6,15.1,224.0,13.2,0.82,104.0,5.1,102.0,7.15,8.0,8.0,240.0,1.0,3.0,4.0,2.0,,2.0,2.0,1.0,,2.0,3.0,0
137551.0,61.0,5.0,36.0,108.4,134.0,79.0,182.0,55.0,5.9,1.54,139.0,9.2,14.0,256.0,13.3,0.76,199.0,5.2,100.0,6.93,8.0,9.5,600.0,2.0,3.0,5.0,1.0,3.0,3.0,1.0,1.0,1.0,1.0,3.0,0
137552.0,64.0,1.93,28.9,108.3,113.0,72.0,208.0,46.0,6.8,0.68,140.0,4.0,13.4,352.0,13.9,0.63,232.0,6.1,101.0,103.55,6.5,7.5,360.0,1.0,3.0,3.0,1.0,3.0,1.0,1.0,1.0,1.0,1.0,1.0,0
137559.0,38.0,4.88,38.0,124.0,115.0,82.0,245.0,41.0,5.8,3.99,138.0,9.3,10.9,391.0,17.7,0.81,138.0,4.5,92.0,3.8,8.0,8.0,720.0,2.0,3.0,5.0,1.0,1.0,2.0,2.0,2.0,,2.0,2.0,0
137563.0,55.0,5.0,40.3,114.7,119.0,73.0,223.0,71.0,5.4,0.66,138.0,5.7,15.0,331.0,13.8,0.78,80.0,4.2,99.0,19.78,7.0,7.0,840.0,2.0,3.0,5.0,2.0,,2.0,1.0,1.0,1.0,2.0,3.0,0
137564.0,51.0,5.0,33.8,120.4,130.0,82.0,177.0,40.0,5.1,0.97,139.0,6.6,15.3,300.0,12.4,0.77,68.0,6.6,101.0,1.4,7.0,10.0,480.0,1.0,3.0,4.0,1.0,3.0,2.0,1.0,1.0,1.0,2.0,5.0,0
137567.0,36.0,0.87,32.2,109.7,109.0,73.0,203.0,46.0,5.3,0.87,139.0,8.3,14.5,264.0,14.5,0.61,124.0,3.9,90.0,15.32,5.0,5.0,180.0,2.0,3.0,4.0,1.0,3.0,2.0,2.0,2.0,,2.0,4.0,0
137568.0,24.0,,22.3,84.4,111.0,70.0,180.0,61.0,5.3,0.57,142.0,4.7,16.1,222.0,13.2,0.96,84.0,3.5,77.0,7.07,8.0,10.0,120.0,1.0,4.0,5.0,2.0,,2.0,2.0,2.0,,2.0,1.0,0
137569.0,20.0,,29.4,100.0,115.0,67.0,168.0,61.0,5.2,3.01,141.0,6.3,14.1,248.0,13.5,0.92,36.0,6.0,106.0,3.98,8.5,11.5,240.0,1.0,3.0,3.0,1.0,3.0,2.0,2.0,2.0,,2.0,2.0,0
137571.0,72.0,1.64,32.1,110.8,125.0,66.0,117.0,50.0,5.9,3.53,138.0,5.5,14.6,230.0,13.5,0.82,148.0,6.0,102.0,12.78,3.0,3.0,120.0,1.0,6.0,3.0,2.0,,2.0,1.0,1.0,1.0,1.0,2.0,1
137573.0,44.0,4.1,27.7,96.0,114.0,85.0,247.0,52.0,5.5,10.53,139.0,7.8,13.9,302.0,13.1,0.76,146.0,5.6,85.0,5.44,7.5,9.0,360.0,2.0,3.0,5.0,2.0,,2.0,1.0,1.0,1.0,2.0,2.0,0
137575.0,76.0,2.56,21.9,76.4,178.0,97.0,160.0,60.0,5.8,1.29,134.0,5.7,13.2,198.0,13.3,0.84,49.0,4.1,89.0,13.59,8.0,8.0,60.0,2.0,3.0,5.0,2.0,,2.0,2.0,2.0,,2.0,2.0,0
137580.0,23.0,5.0,28.4,94.6,102.0,77.0,195.0,52.0,5.2,2.98,140.0,6.0,13.5,239.0,13.8,0.85,83.0,4.4,107.0,6.36,8.0,10.0,480.0,2.0,3.0,5.0,2.0,,2.0,1.0,2.0,2.0,2.0,3.0,0
137581.0,39.0,5.0,25.2,93.1,131.0,65.0,177.0,41.0,5.1,0.45,139.0,6.9,16.3,394.0,13.1,0.99,55.0,5.0,100.0,0.68,8.0,8.5,540.0,1.0,3.0,5.0,1.0,3.0,2.0,2.0,2.0,,2.0,1.0,0
137583.0,36.0,3.42,24.1,89.6,96.0,60.0,264.0,48.0,5.4,0.34,138.0,6.8,14.4,257.0,12.6,0.91,109.0,5.4,86.0,8.92,8.5,8.0,540.0,1.0,3.0,5.0,1.0,3.0,2.0,2.0,1.0,,2.0,2.0,0
137585.0,63.0,5.0,22.7,84.5,115.0,71.0,202.0,58.0,5.4,1.03,138.0,4.5,13.5,307.0,13.1,0.78,76.0,4.1,83.0,6.66,7.5,7.0,240.0,2.0,3.0,5.0,2.0,,2.0,2.0,1.0,,2.0,2.0,0
137590.0,53.0,0.71,22.1,78.4,120.0,86.0,227.0,73.0,5.8,0.61,140.0,3.1,12.4,221.0,12.5,0.87,50.0,3.4,100.0,3.89,11.0,11.0,240.0,2.0,4.0,3.0,2.0,,2.0,2.0,2.0,,2.0,1.0,0
137592.0,50.0,5.0,25.1,,136.0,82.0,236.0,66.0,5.2,0.82,141.0,5.3,14.2,326.0,12.6,0.6,96.0,4.8,86.0,36.42,7.5,7.0,120.0,2.0,6.0,4.0,2.0,,2.0,2.0,2.0,,2.0,3.0,0
137593.0,42.0,4.29,28.4,93.7,104.0,77.0,198.0,82.0,5.3,2.86,137.0,6.4,11.5,388.0,13.7,0.72,98.0,3.1,90.0,3.37,8.0,8.5,300.0,2.0,2.0,5.0,2.0,,2.0,2.0,2.0,,2.0,2.0,0
137595.0,54.0,5.0,29.4,98.9,128.0,94.0,313.0,65.0,6.0,3.73,139.0,8.8,12.6,276.0,13.4,0.8,269.0,5.3,94.0,17.68,7.0,6.0,180.0,2.0,2.0,5.0,2.0,,2.0,1.0,1.0,1.0,2.0,2.0,0
137597.0,61.0,1.12,36.6,105.0,143.0,81.0,131.0,39.0,6.2,6.63,140.0,6.2,13.2,210.0,13.6,0.63,79.0,5.0,102.0,28.91,6.0,7.5,240.0,2.0,1.0,1.0,2.0,,2.0,2.0,2.0,,2.0,3.0,0
137598.0,71.0,5.0,24.2,94.1,158.0,95.0,235.0,131.0,5.3,6.64,139.0,5.0,14.9,175.0,13.1,0.84,53.0,6.7,100.0,12.79,9.0,9.0,480.0,1.0,3.0,5.0,2.0,,2.0,1.0,2.0,2.0,1.0,3.0,0
137602.0,80.0,,21.3,80.7,129.0,55.0,126.0,60.0,5.7,0.28,139.0,3.5,9.6,122.0,14.8,1.54,55.0,6.4,89.0,161.38,10.0,10.0,360.0,1.0,6.0,2.0,2.0,,2.0,1.0,2.0,1.0,1.0,3.0,0
137607.0,32.0,0.69,33.8,98.3,113.0,77.0,129.0,36.0,7.0,4.34,138.0,6.1,10.4,232.0,16.4,0.63,136.0,4.5,123.0,18.92,5.5,7.0,60.0,2.0,1.0,3.0,2.0,,1.0,2.0,2.0,,2.0,2.0,0
137610.0,59.0,,26.7,99.5,156.0,84.0,167.0,40.0,9.1,2.48,138.0,7.2,16.1,172.0,13.7,0.72,233.0,3.6,153.0,19.2,7.0,5.5,240.0,1.0,1.0,2.0,2.0,,1.0,1.0,1.0,1.0,1.0,5.0,1
137613.0,63.0,2.64,36.5,110.6,120.0,79.0,196.0,58.0,5.4,1.84,139.0,5.7,13.0,275.0,12.4,1.26,164.0,4.9,102.0,9.71,6.5,6.5,300.0,2.0,2.0,4.0,2.0,,2.0,2.0,1.0,,1.0,4.0,0
137614.0,34.0,0.61,33.6,99.8,111.0,72.0,217.0,38.0,5.5,1.62,140.0,6.9,14.3,332.0,13.1,0.65,128.0,4.2,86.0,6.58,8.0,10.0,180.0,2.0,2.0,3.0,2.0,,2.0,2.0,2.0,,2.0,2.0,0
137615.0,21.0,0.96,28.8,93.3,102.0,63.0,197.0,64.0,4.7,5.09,140.0,7.9,12.4,165.0,13.4,0.81,61.0,5.2,75.0,27.52,8.5,10.0,300.0,2.0,2.0,4.0,2.0,,2.0,1.0,1.0,2.0,2.0,2.0,0
137617.0,33.0,1.99,27.6,88.3,126.0,97.0,184.0,53.0,4.9,2.91,140.0,9.0,14.4,276.0,13.4,0.86,125.0,3.9,88.0,6.8,4.5,6.0,300.0,2.0,3.0,5.0,1.0,3.0,2.0,1.0,2.0,1.0,2.0,2.0,0
137619.0,64.0,2.16,34.4,117.2,123.0,82.0,183.0,54.0,6.8,1.23,138.0,5.8,13.5,199.0,15.6,0.53,125.0,3.3,168.0,,7.0,7.0,360.0,2.0,3.0,3.0,2.0,,1.0,2.0,1.0,,1.0,4.0,0
137623.0,66.0,2.74,33.7,112.9,111.0,69.0,189.0,49.0,8.5,0.74,140.0,7.1,16.0,230.0,13.7,1.08,142.0,5.7,159.0,12.07,8.5,12.0,180.0,1.0,3.0,3.0,1.0,3.0,1.0,2.0,2.0,,2.0,3.0,0
137625.0,63.0,3.04,37.2,111.0,126.0,88.0,229.0,46.0,5.8,3.46,141.0,6.7,13.3,239.0,13.4,0.74,121.0,6.9,112.0,6.08,7.5,8.0,180.0,2.0,3.0,3.0,1.0,3.0,2.0,1.0,1.0,1.0,2.0,1.0,0
137626.0,31.0,5.0,41.9,116.8,94.0,74.0,177.0,51.0,4.7,17.83,138.0,8.7,13.1,315.0,12.9,0.6,68.0,7.0,87.0,7.67,8.0,9.0,480.0,2.0,3.0,5.0,1.0,3.0,2.0,2.0,2.0,,2.0,3.0,0
137629.0,35.0,0.96,43.9,115.2,107.0,78.0,214.0,47.0,5.6,9.64,137.0,9.2,14.8,243.0,13.8,0.85,303.0,7.1,90.0,996.37,8.5,,300.0,2.0,2.0,4.0,2.0,,2.0,2.0,2.0,,2.0,3.0,0
137632.0,46.0,3.78,27.0,94.0,112.0,75.0,197.0,47.0,5.8,0.51,140.0,6.4,15.0,206.0,13.1,1.22,167.0,5.8,96.0,2.8,6.5,8.5,180.0,1.0,7.0,5.0,2.0,,2.0,2.0,1.0,,2.0,2.0,0
137634.0,68.0,1.26,26.5,111.1,78.0,55.0,219.0,49.0,6.1,9.47,135.0,14.8,14.7,301.0,13.5,0.89,191.0,6.0,92.0,110.83,8.5,8.5,600.0,1.0,3.0,3.0,1.0,3.0,3.0,1.0,1.0,1.0,1.0,3.0,0
137635.0,75.0,3.8,30.0,96.7,139.0,83.0,217.0,66.0,5.3,2.9,140.0,7.3,14.6,298.0,12.6,0.78,94.0,3.6,89.0,8.69,7.5,7.5,240.0,2.0,3.0,5.0,1.0,3.0,2.0,2.0,1.0,,2.0,2.0,0
137643.0,44.0,3.33,37.6,110.5,112.0,85.0,156.0,43.0,5.0,6.34,138.0,5.8,13.3,238.0,13.4,0.66,95.0,3.5,87.0,512.77,9.0,8.0,60.0,2.0,1.0,4.0,2.0,,2.0,2.0,2.0,,2.0,2.0,0
137644.0,33.0,1.68,33.1,110.3,109.0,78.0,178.0,53.0,5.2,2.21,138.0,5.7,13.9,189.0,13.0,1.02,95.0,5.8,93.0,12.25,8.0,7.0,240.0,2.0,3.0,4.0,1.0,3.0,2.0,2.0,2.0,,2.0,1.0,0
137649.0,34.0,0.91,23.8,84.0,119.0,79.0,128.0,48.0,5.0,0.82,144.0,6.2,14.1,308.0,13.3,0.66,193.0,3.8,91.0,10.78,8.5,9.0,360.0,2.0,3.0,4.0,1.0,1.0,2.0,1.0,1.0,1.0,2.0,2.0,0
137650.0,28.0,5.0,27.6,98.0,120.0,66.0,173.0,44.0,4.9,0.46,140.0,5.7,14.8,179.0,13.4,1.15,103.0,4.9,88.0,4.01,7.0,9.0,120.0,1.0,2.0,5.0,2.0,,2.0,2.0,2.0,,2.0,1.0,0
137651.0,51.0,5.0,25.3,93.6,107.0,70.0,137.0,41.0,5.5,1.15,141.0,5.4,15.0,205.0,13.4,1.0,94.0,6.4,90.0,6.88,7.5,7.0,180.0,1.0,3.0,5.0,1.0,3.0,2.0,2.0,1.0,,1.0,3.0,0
137652.0,61.0,,25.7,89.0,189.0,109.0,183.0,39.0,6.0,12.79,141.0,6.1,13.4,229.0,12.7,0.58,211.0,4.9,97.0,84.8,10.0,10.0,120.0,2.0,4.0,2.0,1.0,3.0,2.0,1.0,1.0,1.0,1.0,4.0,0
137654.0,69.0,4.59,28.8,111.0,133.0,82.0,121.0,33.0,5.6,0.45,138.0,7.3,14.3,295.0,13.2,1.16,221.0,6.7,81.0,9.22,7.5,10.0,300.0,1.0,3.0,5.0,2.0,,2.0,1.0,1.0,1.0,1.0,3.0,1
137655.0,48.0,1.47,23.1,82.6,137.0,76.0,147.0,93.0,5.5,1.21,139.0,7.5,13.8,274.0,14.4,1.15,62.0,4.2,94.0,21.55,9.0,10.0,180.0,1.0,7.0,4.0,1.0,1.0,2.0,2.0,2.0,,2.0,5.0,0
137659.0,78.0,5.0,21.6,92.2,146.0,61.0,195.0,72.0,5.5,0.5,134.0,9.1,14.4,350.0,12.3,1.01,111.0,5.6,122.0,101.12,9.0,9.0,240.0,2.0,3.0,5.0,1.0,3.0,2.0,1.0,1.0,1.0,1.0,2.0,0
137662.0,62.0,1.47,44.7,119.4,138.0,80.0,195.0,65.0,6.2,30.27,139.0,8.4,14.3,323.0,15.4,0.77,97.0,6.3,124.0,8.9,8.0,8.0,60.0,2.0,2.0,2.0,2.0,,1.0,1.0,1.0,1.0,2.0,4.0,0
137663.0,29.0,,21.9,79.1,126.0,66.0,182.0,55.0,4.9,0.86,141.0,6.7,15.8,258.0,12.7,0.79,149.0,5.8,85.0,0.78,10.0,8.5,420.0,1.0,3.0,5.0,2.0,,2.0,2.0,2.0,,2.0,2.0,0
137664.0,69.0,4.43,25.9,101.3,108.0,56.0,152.0,33.0,5.8,1.53,137.0,7.2,16.2,273.0,13.6,1.07,243.0,7.2,104.0,7.19,8.0,8.0,540.0,1.0,7.0,3.0,1.0,1.0,2.0,2.0,1.0,,1.0,3.0,0
137667.0,43.0,,23.2,92.0,116.0,63.0,246.0,58.0,5.1,0.23,140.0,5.1,14.4,395.0,12.8,0.53,97.0,5.3,94.0,11.24,6.0,7.0,180.0,2.0,6.0,5.0,2.0,,2.0,2.0,2.0,,2.0,2.0,0
137668.0,50.0,5.0,42.1,133.3,124.0,78.0,176.0,45.0,5.8,7.45,140.0,7.5,14.2,262.0,13.4,0.87,247.0,6.4,89.0,6.83,8.0,9.0,720.0,1.0,3.0,5.0,2.0,,2.0,1.0,1.0,1.0,1.0,4.0,1
137670.0,63.0,5.0,24.4,89.7,177.0,89.0,259.0,70.0,5.1,0.41,142.0,6.1,13.6,227.0,13.7,1.03,150.0,3.8,94.0,5.12,8.5,9.5,240.0,2.0,3.0,3.0,1.0,3.0,2.0,1.0,2.0,1.0,2.0,3.0,0
137675.0,27.0,1.13,33.0,107.6,107.0,60.0,161.0,38.0,5.1,4.88,138.0,7.1,14.2,267.0,13.1,0.85,90.0,5.8,88.0,5.81,8.0,9.5,240.0,1.0,1.0,3.0,2.0,,2.0,2.0,2.0,,2.0,1.0,0
137676.0,43.0,0.55,46.1,121.0,112.0,77.0,209.0,96.0,5.3,4.03,137.0,6.9,13.1,203.0,14.4,0.8,57.0,4.3,89.0,101.68,10.0,7.0,120.0,2.0,4.0,3.0,1.0,3.0,2.0,2.0,2.0,,2.0,4.0,0
137680.0,74.0,5.0,22.9,86.5,131.0,66.0,185.0,54.0,5.3,0.9,137.0,7.6,13.8,234.0,13.8,0.72,179.0,4.4,92.0,1.75,8.0,8.0,240.0,2.0,3.0,5.0,2.0,,2.0,2.0,2.0,,2.0,2.0,0
137683.0,33.0,5.0,25.1,94.5,117.0,73.0,146.0,44.0,5.3,0.43,140.0,5.9,14.7,250.0,13.2,1.1,65.0,5.9,93.0,6.48,8.0,8.5,540.0,1.0,3.0,5.0,2.0,,2.0,2.0,2.0,,2.0,2.0,0
137686.0,38.0,4.83,34.7,113.2,115.0,85.0,244.0,35.0,6.4,15.85,139.0,12.5,11.5,439.0,17.3,0.65,229.0,4.4,125.0,8.04,9.0,8.0,540.0,2.0,3.0,4.0,1.0,3.0,2.0,1.0,2.0,1.0,2.0,3.0,0
137690.0,57.0,0.04,23.8,85.3,112.0,71.0,214.0,49.0,5.8,0.89,137.0,8.7,14.6,203.0,14.2,0.73,151.0,4.7,97.0,7.01,7.0,7.0,60.0,1.0,2.0,3.0,1.0,1.0,2.0,2.0,2.0,,2.0,1.0,0
137695.0,78.0,2.06,31.9,108.8,145.0,83.0,180.0,60.0,6.4,2.65,141.0,7.0,13.0,224.0,13.3,0.83,136.0,3.5,92.0,14.65,8.0,9.0,240.0,2.0,3.0,4.0,1.0,3.0,1.0,1.0,1.0,1.0,2.0,3.0,0
137696.0,64.0,5.0,24.0,80.7,118.0,80.0,235.0,92.0,5.6,0.33,138.0,3.2,13.3,289.0,14.0,0.87,38.0,4.6,87.0,4.85,7.0,6.5,720.0,2.0,3.0,5.0,2.0,,2.0,2.0,1.0,,2.0,1.0,0
137698.0,65.0,2.05,30.5,94.9,134.0,77.0,315.0,66.0,5.7,3.68,141.0,4.8,13.2,303.0,14.1,0.87,124.0,3.9,93.0,8.36,8.0,8.0,240.0,2.0,2.0,3.0,2.0,,2.0,2.0,1.0,,1.0,3.0,0
137700.0,31.0,5.0,29.8,96.0,101.0,66.0,168.0,60.0,4.4,1.33,140.0,5.1,13.1,310.0,12.3,0.76,103.0,4.8,83.0,5.24,6.0,7.0,600.0,2.0,2.0,5.0,2.0,,2.0,2.0,2.0,,2.0,3.0,0
137701.0,60.0,0.05,33.1,104.7,122.0,84.0,147.0,48.0,7.7,2.62,140.0,5.5,15.1,232.0,13.4,1.0,150.0,4.6,147.0,5.81,6.0,6.0,300.0,2.0,2.0,3.0,2.0,,1.0,1.0,1.0,1.0,1.0,4.0,1
137702.0,46.0,3.11,25.8,100.9,135.0,91.0,206.0,43.0,5.8,0.64,144.0,5.0,15.2,184.0,13.4,1.18,111.0,4.9,112.0,31.36,10.0,10.0,360.0,1.0,4.0,4.0,2.0,,2.0,2.0,2.0,,2.0,1.0,0
137703.0,51.0,5.0,36.1,119.9,133.0,91.0,197.0,41.0,7.0,0.46,141.0,9.3,15.3,208.0,12.8,0.92,303.0,6.8,118.0,9.47,7.0,7.0,240.0,1.0,6.0,5.0,2.0,,2.0,2.0,2.0,,1.0,1.0,0
137705.0,65.0,2.13,34.1,115.0,120.0,81.0,236.0,41.0,5.7,7.96,140.0,6.6,12.0,327.0,17.2,0.89,183.0,8.9,82.0,15.97,8.0,9.5,120.0,2.0,4.0,4.0,2.0,,2.0,1.0,1.0,1.0,2.0,3.0,0
137706.0,58.0,1.05,53.1,163.3,120.0,73.0,179.0,41.0,5.9,11.22,141.0,7.3,13.1,299.0,13.4,0.79,172.0,5.6,98.0,8.36,4.0,4.0,720.0,2.0,3.0,1.0,1.0,3.0,2.0,2.0,1.0,,2.0,4.0,0
137711.0,78.0,5.0,22.0,79.9,106.0,59.0,170.0,55.0,5.6,4.14,142.0,4.8,12.9,238.0,13.9,0.91,63.0,4.4,92.0,7.03,9.0,9.0,240.0,2.0,3.0,5.0,1.0,3.0,2.0,1.0,1.0,1.0,1.0,1.0,0
137713.0,40.0,3.0,39.7,116.6,111.0,77.0,178.0,39.0,5.6,2.69,138.0,7.1,14.4,215.0,12.7,0.81,129.0,5.0,100.0,6.04,7.0,6.0,360.0,2.0,3.0,4.0,2.0,,2.0,2.0,1.0,,2.0,3.0,0
137716.0,67.0,1.1,27.2,,121.0,62.0,134.0,54.0,7.6,0.85,139.0,11.4,14.7,215.0,12.7,0.88,148.0,6.3,143.0,353.26,10.0,10.0,1080.0,1.0,1.0,4.0,1.0,1.0,1.0,1.0,1.0,1.0,1.0,4.0,1
137718.0,60.0,2.87,30.3,96.9,117.0,84.0,243.0,60.0,5.3,2.59,141.0,7.5,15.1,213.0,14.2,0.92,127.0,5.0,89.0,6.31,6.0,6.0,600.0,2.0,3.0,4.0,1.0,1.0,2.0,2.0,2.0,,2.0,3.0,0
137721.0,78.0,2.4,24.8,97.5,150.0,69.0,138.0,49.0,4.4,1.04,140.0,7.0,10.0,346.0,13.9,1.62,80.0,4.6,95.0,10.74,5.5,5.5,360.0,2.0,3.0,2.0,1.0,1.0,2.0,1.0,1.0,1.0,1.0,2.0,0
137722.0,33.0,2.7,26.4,87.6,104.0,77.0,154.0,59.0,5.0,0.79,138.0,4.0,12.9,343.0,13.2,0.81,42.0,7.0,92.0,0.95,7.5,7.5,240.0,2.0,3.0,4.0,2.0,,2.0,2.0,2.0,,2.0,2.0,0
137723.0,60.0,3.69,19.7,76.0,113.0,65.0,199.0,52.0,5.5,3.74,142.0,5.7,12.7,278.0,12.6,0.89,103.0,4.8,90.0,8.15,7.0,7.0,300.0,2.0,3.0,5.0,2.0,,2.0,2.0,2.0,,2.0,2.0,0
137725.0,44.0,2.47,21.0,77.1,82.0,52.0,175.0,65.0,5.3,1.15,140.0,4.6,13.3,250.0,13.5,0.7,52.0,4.3,84.0,11.57,6.5,7.5,360.0,2.0,3.0,5.0,2.0,,2.0,2.0,2.0,,2.0,1.0,0
137726.0,57.0,1.09,44.0,104.9,138.0,91.0,204.0,61.0,8.2,13.8,140.0,5.5,13.3,259.0,14.5,0.91,143.0,5.6,117.0,5.86,6.5,6.5,4.0,2.0,4.0,4.0,2.0,,1.0,1.0,2.0,1.0,2.0,3.0,0
137729.0,68.0,1.12,35.3,117.2,119.0,61.0,211.0,62.0,6.0,2.41,139.0,12.7,12.8,340.0,13.4,0.76,119.0,4.4,125.0,3.85,5.5,5.5,300.0,2.0,3.0,4.0,2.0,,2.0,1.0,2.0,1.0,2.0,4.0,0
137730.0,34.0,2.21,35.3,125.4,119.0,85.0,191.0,43.0,5.4,12.44,139.0,8.7,14.7,273.0,13.3,0.71,145.0,4.9,88.0,4.89,8.0,8.0,480.0,2.0,7.0,3.0,1.0,1.0,2.0,2.0,2.0,,2.0,3.0,0
137736.0,66.0,4.92,42.3,134.4,127.0,83.0,136.0,52.0,6.6,0.46,138.0,6.5,14.8,220.0,14.1,0.6,107.0,4.5,112.0,7.64,8.0,8.5,720.0,1.0,3.0,5.0,2.0,,1.0,2.0,1.0,,1.0,2.0,0
137737.0,73.0,4.27,27.2,99.5,124.0,75.0,98.0,33.0,5.4,1.07,143.0,6.2,14.1,255.0,13.7,0.57,105.0,3.4,92.0,19.42,8.0,8.0,720.0,2.0,3.0,5.0,1.0,2.0,2.0,1.0,1.0,1.0,1.0,3.0,1
137738.0,67.0,1.92,24.4,99.3,161.0,90.0,155.0,42.0,5.7,1.11,136.0,3.8,14.3,206.0,15.1,0.96,194.0,2.4,80.0,7.6,9.0,9.0,720.0,1.0,3.0,3.0,1.0,1.0,2.0,1.0,1.0,1.0,1.0,3.0,1
137740.0,28.0,2.83,36.0,114.6,116.0,85.0,185.0,48.0,5.4,8.47,139.0,9.0,14.7,302.0,13.2,0.92,145.0,6.1,77.0,3.51,3.5,7.5,660.0,2.0,2.0,4.0,2.0,,2.0,2.0,2.0,,2.0,3.0,0
137742.0,55.0,0.82,18.2,82.9,99.0,64.0,247.0,50.0,7.7,1.8,136.0,10.3,15.9,300.0,13.8,0.74,203.0,3.2,199.0,78.88,7.5,7.0,240.0,1.0,7.0,3.0,1.0,1.0,1.0,2.0,1.0,,2.0,4.0,1
137745.0,80.0,2.73,26.9,90.0,176.0,93.0,130.0,47.0,4.6,1.28,143.0,4.2,14.5,150.0,13.3,1.33,46.0,5.5,96.0,113.86,7.0,7.5,120.0,1.0,4.0,2.0,2.0,,2.0,1.0,2.0,2.0,2.0,2.0,1
137747.0,65.0,0.46,33.2,114.3,103.0,63.0,147.0,48.0,8.5,2.24,140.0,7.6,13.6,230.0,12.3,0.77,195.0,4.7,128.0,13.96,8.5,8.5,180.0,2.0,3.0,3.0,1.0,3.0,1.0,1.0,1.0,1.0,1.0,3.0,0
137748.0,42.0,2.19,45.4,130.7,106.0,74.0,168.0,50.0,5.4,16.28,137.0,6.2,12.7,283.0,13.8,0.85,98.0,4.5,90.0,3.53,7.0,10.0,420.0,2.0,3.0,5.0,2.0,,2.0,2.0,2.0,,2.0,2.0,0
137752.0,61.0,3.83,34.2,110.2,103.0,71.0,151.0,53.0,5.7,81.9,139.0,8.3,14.6,287.0,14.7,0.76,254.0,3.5,86.0,46.32,8.5,8.5,120.0,2.0,3.0,4.0,1.0,1.0,2.0,1.0,1.0,1.0,1.0,2.0,0
137756.0,51.0,4.86,27.5,100.4,109.0,70.0,157.0,51.0,5.8,1.23,143.0,5.9,14.5,183.0,12.8,0.95,52.0,5.9,92.0,4.52,8.0,7.0,720.0,1.0,6.0,4.0,1.0,2.0,2.0,1.0,1.0,1.0,1.0,4.0,0
137757.0,23.0,1.69,20.1,71.6,97.0,63.0,173.0,60.0,4.9,0.88,142.0,6.0,12.2,232.0,15.2,0.59,79.0,4.7,86.0,1.75,7.0,8.0,120.0,2.0,7.0,5.0,2.0,,2.0,2.0,2.0,,2.0,3.0,0
137760.0,20.0,,38.1,122.6,107.0,72.0,265.0,52.0,5.2,16.22,140.0,8.9,14.8,351.0,12.7,0.63,128.0,6.7,87.0,4.41,2.0,9.0,360.0,1.0,1.0,2.0,1.0,3.0,2.0,2.0,2.0,,2.0,1.0,0
137765.0,43.0,1.06,37.2,122.8,121.0,83.0,149.0,35.0,7.1,10.0,137.0,11.6,12.8,269.0,13.7,0.76,150.0,5.6,75.0,4.13,11.0,11.0,240.0,1.0,3.0,4.0,1.0,3.0,2.0,2.0,1.0,,1.0,3.0,0
137768.0,44.0,,38.3,129.0,97.0,62.0,200.0,45.0,5.4,8.06,142.0,6.9,15.0,304.0,13.3,0.88,108.0,6.3,103.0,3.31,7.0,8.0,600.0,1.0,2.0,4.0,2.0,,2.0,2.0,2.0,,2.0,3.0,0
137771.0,78.0,,25.0,91.0,94.0,52.0,181.0,85.0,5.3,1.36,136.0,7.8,10.8,340.0,13.5,1.74,98.0,9.1,119.0,,10.0,9.5,360.0,2.0,3.0,3.0,1.0,3.0,2.0,1.0,2.0,2.0,1.0,2.0,1
137774.0,48.0,5.0,30.4,99.3,110.0,62.0,165.0,39.0,5.7,1.32,139.0,6.2,15.0,172.0,12.8,1.1,88.0,5.1,91.0,4.7,7.0,7.0,180.0,1.0,2.0,5.0,2.0,,2.0,2.0,1.0,,2.0,2.0,0
137777.0,43.0,,28.8,86.4,127.0,89.0,240.0,39.0,5.5,1.6,139.0,7.3,13.6,230.0,12.9,0.71,424.0,5.0,84.0,11.21,8.5,10.0,480.0,2.0,1.0,3.0,2.0,,2.0,2.0,1.0,,2.0,2.0,0
137781.0,44.0,2.31,29.8,94.0,114.0,74.0,204.0,45.0,5.9,1.5,140.0,6.5,15.1,216.0,13.8,0.86,151.0,5.6,108.0,5.96,7.0,8.5,240.0,1.0,1.0,2.0,2.0,,2.0,2.0,2.0,,2.0,3.0,0
137784.0,27.0,5.0,25.8,82.5,116.0,59.0,167.0,52.0,5.0,0.58,141.0,6.9,15.6,177.0,12.3,0.93,99.0,5.0,82.0,0.78,8.0,8.5,720.0,1.0,3.0,5.0,2.0,,2.0,2.0,2.0,,2.0,2.0,0
137787.0,44.0,3.62,26.2,92.2,127.0,84.0,197.0,35.0,5.5,2.14,141.0,6.5,14.2,173.0,13.2,1.22,216.0,8.1,89.0,3.08,8.0,8.0,360.0,1.0,2.0,3.0,2.0,,2.0,2.0,2.0,,2.0,1.0,0
137788.0,79.0,3.3,24.2,84.3,115.0,64.0,205.0,51.0,6.2,0.7,141.0,5.2,13.4,205.0,14.4,0.78,228.0,5.2,110.0,7.73,6.5,6.5,180.0,2.0,2.0,3.0,2.0,,2.0,2.0,1.0,,1.0,3.0,0
137789.0,67.0,4.64,39.5,134.3,199.0,108.0,128.0,44.0,5.3,1.59,139.0,6.9,15.8,266.0,14.1,0.84,122.0,6.4,92.0,186.98,6.0,6.0,480.0,1.0,3.0,5.0,2.0,,2.0,2.0,2.0,,2.0,3.0,0
137791.0,55.0,5.0,27.2,97.9,128.0,76.0,200.0,54.0,5.5,8.01,142.0,4.5,14.3,157.0,12.8,1.01,108.0,5.7,83.0,0.5,6.5,9.5,240.0,1.0,3.0,5.0,2.0,,2.0,2.0,1.0,,2.0,2.0,0
137793.0,67.0,5.0,32.0,105.6,129.0,80.0,241.0,54.0,5.6,5.5,139.0,4.8,15.6,253.0,13.1,1.08,177.0,6.6,103.0,3.34,8.0,8.0,360.0,1.0,3.0,4.0,1.0,3.0,2.0,1.0,1.0,1.0,2.0,1.0,0
137794.0,80.0,2.18,27.1,93.7,160.0,66.0,148.0,71.0,5.7,1.46,137.0,5.3,16.3,229.0,14.1,1.05,46.0,5.6,100.0,13.94,8.0,8.0,240.0,1.0,3.0,3.0,2.0,,2.0,2.0,2.0,,1.0,1.0,0
137798.0,72.0,1.52,43.1,132.9,125.0,67.0,146.0,51.0,6.1,0.56,141.0,5.8,14.0,210.0,15.3,0.94,74.0,6.0,105.0,3.92,6.5,5.0,480.0,1.0,7.0,4.0,1.0,3.0,3.0,2.0,1.0,,1.0,3.0,1
137799.0,66.0,1.67,36.9,111.8,116.0,65.0,222.0,41.0,6.0,42.62,139.0,8.4,10.8,184.0,15.1,1.99,493.0,7.1,85.0,18.31,5.5,5.5,600.0,2.0,3.0,5.0,2.0,,2.0,1.0,2.0,1.0,2.0,4.0,0
137800.0,34.0,5.0,27.6,99.5,118.0,77.0,180.0,46.0,5.8,0.98,140.0,6.7,16.3,193.0,13.9,0.82,227.0,5.8,92.0,11.78,9.0,9.0,300.0,1.0,6.0,5.0,2.0,,2.0,2.0,2.0,,2.0,2.0,0
137801.0,68.0,0.79,29.6,111.4,141.0,86.0,218.0,38.0,6.6,7.47,135.0,7.7,15.9,319.0,13.0,1.19,254.0,6.2,126.0,31.95,7.0,11.0,360.0,1.0,1.0,1.0,1.0,1.0,1.0,1.0,1.0,1.0,1.0,3.0,0
137803.0,51.0,5.0,22.1,82.0,93.0,65.0,195.0,89.0,5.6,0.24,151.0,4.2,13.2,164.0,13.5,0.66,24.0,2.4,74.0,12.36,7.5,7.5,660.0,2.0,3.0,5.0,2.0,,2.0,2.0,2.0,,2.0,2.0,0
137804.0,49.0,,33.5,109.4,111.0,64.0,219.0,46.0,5.4,5.04,138.0,7.1,12.5,348.0,16.0,0.53,157.0,5.0,101.0,12.0,5.0,6.0,60.0,2.0,1.0,5.0,2.0,,2.0,2.0,2.0,,2.0,2.0,0
137808.0,66.0,1.71,18.3,70.2,103.0,63.0,179.0,72.0,5.8,1.32,139.0,7.1,13.4,248.0,13.4,0.48,56.0,2.9,86.0,9.96,8.5,10.0,300.0,2.0,3.0,3.0,1.0,3.0,2.0,2.0,1.0,,1.0,2.0,0
137809.0,32.0,4.46,22.9,78.4,100.0,79.0,189.0,66.0,5.4,0.87,137.0,6.6,13.1,241.0,15.1,0.64,65.0,4.4,83.0,5.43,6.0,7.0,240.0,2.0,6.0,3.0,2.0,,2.0,2.0,2.0,,2.0,2.0,0
137810.0,43.0,4.83,39.3,118.1,121.0,88.0,176.0,41.0,6.0,4.21,140.0,9.8,13.2,280.0,13.2,0.58,153.0,6.4,124.0,15.0,10.0,9.0,180.0,2.0,1.0,4.0,2.0,,2.0,1.0,2.0,2.0,2.0,3.0,0
137812.0,33.0,1.01,31.9,107.9,107.0,75.0,155.0,54.0,5.3,2.81,138.0,4.3,13.5,223.0,13.6,0.82,43.0,4.8,89.0,9.18,9.0,10.0,480.0,2.0,4.0,4.0,2.0,,2.0,2.0,2.0,,2.0,2.0,0
137814.0,38.0,0.37,37.0,99.3,109.0,73.0,333.0,60.0,5.3,3.05,139.0,6.9,14.6,347.0,13.8,0.75,229.0,4.1,82.0,8.64,7.5,9.0,240.0,2.0,7.0,5.0,1.0,3.0,2.0,2.0,2.0,,2.0,2.0,0
137815.0,48.0,,37.4,121.8,156.0,115.0,200.0,36.0,5.9,1.52,135.0,9.1,16.7,260.0,15.1,0.72,330.0,6.3,101.0,15.96,8.0,8.0,120.0,2.0,3.0,2.0,1.0,1.0,2.0,1.0,2.0,1.0,2.0,4.0,1
137816.0,46.0,5.0,27.8,100.5,111.0,81.0,267.0,49.0,5.5,1.4,142.0,6.2,15.1,222.0,12.8,0.92,187.0,6.9,93.0,6.05,8.5,8.5,480.0,1.0,3.0,5.0,1.0,3.0,2.0,2.0,1.0,,2.0,2.0,0
137817.0,80.0,,32.8,107.7,114.0,56.0,112.0,52.0,6.6,0.29,143.0,8.3,13.1,207.0,16.4,0.82,118.0,5.8,119.0,8.19,3.0,3.0,90.0,2.0,3.0,4.0,2.0,,1.0,1.0,9.0,1.0,1.0,4.0,1
137818.0,46.0,1.69,21.6,85.9,107.0,70.0,203.0,57.0,5.0,0.74,138.0,4.5,14.0,290.0,12.0,0.65,104.0,3.5,84.0,22.15,7.5,8.0,180.0,2.0,3.0,4.0,2.0,,2.0,2.0,1.0,,2.0,3.0,0
137822.0,72.0,0.62,32.1,116.0,130.0,72.0,133.0,50.0,6.0,3.42,142.0,5.3,11.5,199.0,17.7,1.18,146.0,5.1,113.0,7.55,9.0,8.5,360.0,1.0,4.0,3.0,1.0,2.0,2.0,1.0,1.0,1.0,1.0,4.0,1
137823.0,69.0,4.41,36.5,115.9,97.0,74.0,258.0,38.0,5.9,6.66,140.0,9.9,14.0,185.0,13.6,1.05,233.0,5.6,111.0,4.39,8.0,8.0,300.0,2.0,3.0,4.0,1.0,1.0,3.0,2.0,1.0,,2.0,3.0,0
137824.0,23.0,,39.0,124.1,89.0,58.0,173.0,59.0,5.3,7.06,138.0,9.4,13.3,289.0,13.8,0.76,60.0,5.0,92.0,29.44,10.0,11.5,300.0,2.0,3.0,4.0,2.0,,2.0,2.0,2.0,,2.0,4.0,0
137829.0,40.0,,29.0,101.1,101.0,71.0,246.0,52.0,5.1,6.05,141.0,9.6,14.1,369.0,13.5,0.81,130.0,3.9,90.0,4.96,6.5,7.5,360.0,2.0,3.0,5.0,2.0,,2.0,2.0,1.0,,2.0,2.0,0
137831.0,64.0,5.0,25.1,81.2,133.0,86.0,234.0,87.0,5.5,0.84,146.0,4.8,14.3,276.0,13.2,0.63,89.0,5.4,98.0,6.04,9.5,9.5,360.0,2.0,1.0,4.0,2.0,,2.0,2.0,2.0,,2.0,2.0,0
137832.0,67.0,2.28,28.2,104.5,101.0,60.0,200.0,88.0,5.3,2.49,139.0,4.6,13.2,273.0,14.1,0.73,115.0,3.5,102.0,5.1,7.0,7.0,600.0,2.0,3.0,5.0,1.0,3.0,2.0,2.0,2.0,,2.0,1.0,0
137834.0,61.0,1.06,27.6,107.0,158.0,89.0,301.0,45.0,5.7,3.69,138.0,5.4,13.9,316.0,14.2,1.06,560.0,6.7,87.0,7.36,8.0,8.0,120.0,1.0,4.0,3.0,2.0,,2.0,2.0,2.0,,2.0,4.0,0
137838.0,29.0,2.21,48.5,148.0,112.0,65.0,167.0,41.0,6.2,104.21,141.0,9.9,13.5,241.0,14.7,1.11,80.0,8.0,114.0,8.1,8.0,13.0,60.0,1.0,4.0,5.0,2.0,,2.0,2.0,2.0,,2.0,2.0,0
137840.0,40.0,1.85,38.6,119.5,154.0,101.0,237.0,41.0,9.3,6.86,136.0,7.8,14.1,200.0,13.5,0.55,504.0,4.6,295.0,128.67,7.0,8.0,180.0,2.0,3.0,3.0,2.0,,1.0,1.0,2.0,1.0,2.0,3.0,0
137841.0,80.0,2.03,31.5,111.7,114.0,74.0,139.0,52.0,5.5,4.05,137.0,14.2,12.9,529.0,13.5,0.98,125.0,6.5,113.0,6.96,10.0,10.0,360.0,2.0,3.0,2.0,1.0,3.0,2.0,1.0,1.0,1.0,1.0,4.0,1
137843.0,21.0,4.22,25.0,85.5,113.0,65.0,161.0,62.0,4.8,0.54,138.0,6.9,15.5,212.0,12.9,1.22,36.0,5.6,84.0,0.95,8.0,9.5,660.0,1.0,3.0,3.0,2.0,,2.0,2.0,2.0,,2.0,2.0,0
137844.0,79.0,,30.3,112.3,147.0,65.0,157.0,34.0,7.1,3.9,142.0,6.9,12.6,239.0,13.6,0.92,97.0,4.7,80.0,52.27,6.0,6.0,360.0,1.0,2.0,1.0,1.0,3.0,1.0,1.0,1.0,2.0,1.0,5.0,1
137845.0,49.0,5.0,35.0,111.4,108.0,78.0,181.0,47.0,5.3,1.43,137.0,9.1,12.0,274.0,14.9,0.71,141.0,3.9,88.0,7.64,8.5,9.0,180.0,2.0,3.0,5.0,2.0,,2.0,2.0,2.0,,2.0,2.0,0
137846.0,47.0,2.27,38.5,123.3,122.0,79.0,169.0,35.0,6.3,3.86,135.0,9.0,15.1,263.0,13.2,1.0,247.0,7.5,146.0,5.94,2.0,2.0,1200.0,1.0,3.0,4.0,1.0,1.0,1.0,2.0,1.0,,2.0,3.0,0
137849.0,24.0,1.23,20.0,79.8,110.0,64.0,171.0,65.0,4.9,0.41,141.0,4.9,15.0,224.0,12.9,0.87,59.0,5.9,89.0,11.67,7.5,8.5,240.0,1.0,3.0,5.0,2.0,,2.0,2.0,2.0,,2.0,4.0,0
137850.0,66.0,5.0,24.5,91.1,137.0,91.0,219.0,93.0,5.5,2.31,142.0,3.8,13.1,244.0,13.2,0.78,123.0,5.2,105.0,4.5,9.0,9.0,360.0,2.0,3.0,4.0,2.0,,2.0,1.0,1.0,1.0,1.0,2.0,0
137851.0,33.0,2.17,21.5,85.2,92.0,49.0,193.0,66.0,4.9,0.7,138.0,7.0,11.2,168.0,12.7,0.53,73.0,3.9,73.0,5.27,8.0,8.0,240.0,2.0,7.0,4.0,2.0,,2.0,2.0,2.0,,2.0,3.0,0
137852.0,75.0,,30.1,99.1,122.0,74.0,209.0,55.0,6.2,3.48,139.0,6.5,13.8,283.0,13.5,0.77,112.0,5.1,104.0,5.86,9.0,9.0,300.0,2.0,3.0,3.0,2.0,,2.0,1.0,1.0,1.0,2.0,3.0,0
137853.0,57.0,,27.1,86.7,155.0,91.0,199.0,53.0,5.8,2.61,140.0,7.1,13.2,206.0,14.0,0.69,259.0,4.2,100.0,17.06,8.0,8.0,360.0,2.0,3.0,5.0,2.0,,3.0,1.0,1.0,1.0,1.0,2.0,0
137858.0,54.0,5.0,35.2,116.0,101.0,68.0,202.0,41.0,5.6,4.57,139.0,5.9,14.6,250.0,14.0,0.87,115.0,7.9,107.0,5.24,4.5,7.0,600.0,2.0,3.0,3.0,2.0,,2.0,2.0,1.0,,2.0,3.0,0
137860.0,67.0,5.0,28.0,83.0,123.0,77.0,208.0,52.0,6.0,0.69,141.0,5.8,14.2,250.0,13.3,0.82,95.0,6.3,97.0,11.49,8.5,8.5,300.0,2.0,6.0,5.0,2.0,,2.0,1.0,2.0,1.0,2.0,3.0,0
137862.0,36.0,5.0,29.1,101.6,130.0,77.0,120.0,52.0,5.2,0.75,139.0,8.1,14.6,222.0,14.3,0.77,96.0,5.9,91.0,22.09,8.0,8.5,840.0,1.0,3.0,5.0,1.0,3.0,2.0,1.0,1.0,2.0,1.0,2.0,0
137863.0,75.0,1.01,30.1,110.5,97.0,55.0,210.0,48.0,5.5,3.5,141.0,5.5,13.3,197.0,14.1,0.64,136.0,4.8,118.0,15.69,,,720.0,2.0,3.0,4.0,2.0,,2.0,2.0,1.0,,1.0,3.0,0
137865.0,32.0,1.86,26.2,91.4,107.0,66.0,166.0,33.0,5.4,1.99,140.0,5.3,15.6,261.0,13.1,0.82,83.0,5.3,101.0,,11.0,,30.0,1.0,3.0,4.0,1.0,1.0,2.0,2.0,2.0,,2.0,2.0,0
137870.0,46.0,,26.5,88.5,119.0,81.0,226.0,68.0,5.6,1.04,139.0,4.4,15.2,198.0,13.8,0.88,31.0,6.1,99.0,6.84,6.5,7.0,480.0,1.0,3.0,4.0,2.0,,2.0,2.0,1.0,,2.0,1.0,0
137871.0,20.0,0.48,26.4,90.7,101.0,59.0,177.0,63.0,5.4,0.72,136.0,7.2,11.0,273.0,16.9,0.76,85.0,3.9,89.0,7.87,8.5,10.5,240.0,2.0,6.0,4.0,2.0,,2.0,1.0,2.0,2.0,2.0,3.0,0
137873.0,73.0,0.91,28.6,90.5,124.0,83.0,167.0,66.0,5.8,0.57,141.0,5.3,14.8,228.0,12.6,0.76,118.0,5.4,111.0,19.45,9.0,9.0,180.0,2.0,7.0,4.0,2.0,,2.0,1.0,1.0,1.0,1.0,2.0,0
137875.0,80.0,5.0,27.1,,129.0,78.0,131.0,54.0,6.0,0.39,142.0,7.9,13.3,190.0,14.6,0.85,61.0,5.4,99.0,9.25,6.5,6.0,720.0,1.0,3.0,5.0,2.0,,2.0,2.0,2.0,,9.0,3.0,1
137876.0,80.0,5.0,30.0,107.7,169.0,83.0,140.0,52.0,5.7,1.49,142.0,8.8,13.3,176.0,13.8,0.89,159.0,6.1,92.0,16.01,8.5,12.0,600.0,2.0,3.0,3.0,1.0,3.0,2.0,1.0,1.0,1.0,1.0,2.0,0
137879.0,54.0,5.0,26.0,102.1,116.0,87.0,192.0,62.0,5.3,0.42,139.0,5.9,14.3,232.0,13.5,0.83,134.0,3.0,101.0,1.05,7.5,8.0,360.0,2.0,3.0,5.0,2.0,,2.0,2.0,2.0,,2.0,2.0,0
137881.0,63.0,1.64,35.7,118.9,126.0,85.0,228.0,45.0,5.5,3.02,140.0,5.2,14.5,299.0,13.3,0.77,201.0,5.7,101.0,5.54,2.0,3.0,180.0,2.0,3.0,5.0,2.0,,2.0,2.0,2.0,,2.0,3.0,0
137882.0,62.0,4.12,32.6,113.0,130.0,74.0,133.0,41.0,5.3,0.7,139.0,4.6,15.0,223.0,13.2,0.85,75.0,4.6,98.0,11.8,7.0,8.0,300.0,1.0,1.0,5.0,2.0,,2.0,1.0,1.0,1.0,1.0,2.0,0
137883.0,74.0,2.07,35.1,120.2,116.0,71.0,215.0,51.0,7.7,2.84,138.0,6.3,13.5,204.0,14.6,0.76,246.0,5.0,135.0,25.86,7.0,7.0,300.0,2.0,3.0,4.0,1.0,3.0,1.0,1.0,1.0,1.0,1.0,4.0,0
137884.0,60.0,4.92,28.9,,117.0,76.0,153.0,47.0,5.5,0.58,141.0,3.8,15.0,264.0,12.7,0.88,81.0,6.3,98.0,7.52,9.5,9.5,180.0,1.0,6.0,5.0,2.0,,2.0,2.0,1.0,,1.0,2.0,0
137885.0,74.0,0.63,23.4,86.0,163.0,94.0,190.0,66.0,5.4,1.29,141.0,7.2,13.9,217.0,14.3,0.97,54.0,4.4,84.0,8.73,9.5,9.5,300.0,1.0,3.0,5.0,2.0,,2.0,2.0,2.0,,2.0,2.0,0
137886.0,67.0,5.0,20.2,73.2,171.0,75.0,208.0,66.0,5.2,0.27,143.0,4.1,14.1,145.0,14.0,0.56,64.0,2.8,93.0,22.57,6.5,6.5,240.0,2.0,3.0,4.0,1.0,3.0,2.0,2.0,2.0,,2.0,1.0,0
137888.0,45.0,,32.0,117.3,132.0,86.0,264.0,41.0,6.0,3.57,139.0,7.8,15.8,269.0,14.0,0.82,229.0,7.4,96.0,4.92,6.5,7.5,240.0,1.0,1.0,3.0,1.0,1.0,2.0,2.0,1.0,,2.0,3.0,0
137890.0,44.0,5.0,22.2,84.7,99.0,71.0,227.0,88.0,5.4,1.87,140.0,4.6,13.3,207.0,12.9,0.75,49.0,2.9,85.0,0.51,8.0,8.5,360.0,2.0,3.0,5.0,2.0,,2.0,2.0,2.0,,2.0,2.0,0
137891.0,29.0,1.23,33.0,98.8,110.0,78.0,234.0,66.0,5.0,4.1,139.0,5.1,12.2,257.0,13.3,,111.0,,93.0,6.14,7.0,8.0,240.0,2.0,3.0,4.0,2.0,,2.0,2.0,1.0,,2.0,2.0,0
137892.0,51.0,3.87,25.5,94.3,108.0,65.0,207.0,51.0,5.4,3.2,139.0,8.3,14.3,226.0,14.0,0.79,107.0,4.4,90.0,6.45,6.0,9.0,120.0,2.0,3.0,3.0,1.0,1.0,2.0,2.0,2.0,,2.0,3.0,0
137893.0,60.0,2.21,32.3,117.3,140.0,91.0,234.0,51.0,5.3,6.87,139.0,8.3,15.4,205.0,13.1,1.08,95.0,8.5,88.0,11.95,7.0,7.0,240.0,1.0,3.0,4.0,2.0,,2.0,2.0,2.0,,2.0,1.0,0
137894.0,72.0,5.0,30.1,111.1,134.0,79.0,143.0,44.0,5.5,1.04,142.0,6.5,15.6,267.0,13.5,1.22,168.0,6.3,99.0,8.55,8.0,8.0,360.0,1.0,3.0,5.0,1.0,3.0,2.0,1.0,1.0,1.0,1.0,2.0,0
137895.0,35.0,5.0,23.8,85.3,113.0,68.0,128.0,64.0,5.1,0.61,143.0,3.1,13.9,238.0,13.4,0.91,56.0,5.1,88.0,8.26,7.0,8.0,540.0,1.0,3.0,5.0,2.0,,2.0,2.0,2.0,,2.0,1.0,0
137900.0,40.0,1.18,31.4,94.8,122.0,77.0,155.0,50.0,5.7,1.02,138.0,5.3,12.2,228.0,14.9,0.74,75.0,4.9,99.0,5.61,5.5,14.0,300.0,2.0,4.0,3.0,2.0,,2.0,2.0,2.0,,2.0,1.0,0
137901.0,34.0,5.397605346934028e-79,26.0,91.3,141.0,98.0,261.0,51.0,4.9,0.94,142.0,4.8,16.8,242.0,13.1,0.78,183.0,8.6,99.0,7.29,6.5,8.5,480.0,1.0,3.0,4.0,2.0,,2.0,1.0,1.0,1.0,2.0,1.0,0
137905.0,35.0,4.31,20.9,75.9,122.0,66.0,188.0,84.0,5.3,2.1,142.0,6.6,12.8,248.0,14.4,0.81,51.0,3.8,93.0,7.87,7.5,8.0,420.0,2.0,3.0,5.0,2.0,,2.0,2.0,2.0,,2.0,1.0,0
137906.0,80.0,3.29,28.2,87.8,141.0,71.0,160.0,68.0,5.6,2.43,140.0,6.7,13.6,293.0,13.5,0.81,69.0,4.8,91.0,,11.0,11.0,420.0,2.0,3.0,5.0,2.0,,2.0,1.0,1.0,1.0,1.0,3.0,0
137909.0,40.0,3.28,51.7,135.7,117.0,82.0,175.0,44.0,5.3,4.64,139.0,10.1,10.5,389.0,15.8,0.69,234.0,6.5,86.0,7.13,8.0,12.0,480.0,2.0,3.0,4.0,1.0,2.0,2.0,2.0,2.0,,2.0,1.0,0
137910.0,73.0,5.0,46.1,143.6,135.0,77.0,161.0,45.0,5.5,5.03,139.0,11.1,14.9,244.0,13.7,1.03,103.0,4.1,100.0,57.38,7.0,8.5,240.0,1.0,3.0,4.0,2.0,,2.0,1.0,2.0,1.0,2.0,1.0,0
137914.0,67.0,2.37,30.1,109.3,121.0,62.0,230.0,41.0,5.9,5.27,140.0,8.0,14.2,153.0,13.8,1.17,200.0,6.2,93.0,10.15,7.5,7.5,480.0,1.0,3.0,4.0,1.0,3.0,2.0,2.0,2.0,,2.0,2.0,0
137926.0,63.0,5.0,22.5,79.3,110.0,56.0,192.0,54.0,5.5,0.67,139.0,4.5,13.5,230.0,13.0,0.77,102.0,3.7,92.0,6.91,7.0,8.5,600.0,2.0,3.0,5.0,2.0,,2.0,2.0,2.0,,2.0,2.0,0
137928.0,34.0,0.77,48.9,136.4,123.0,89.0,176.0,45.0,5.9,6.67,140.0,11.3,14.2,382.0,14.6,0.77,279.0,4.6,91.0,24.2,5.0,7.0,180.0,2.0,3.0,3.0,1.0,1.0,2.0,1.0,2.0,1.0,2.0,3.0,0
137932.0,59.0,2.48,22.0,91.3,99.0,68.0,250.0,86.0,5.8,1.4,138.0,8.0,14.5,258.0,12.9,0.68,75.0,4.3,91.0,1.62,7.5,10.0,180.0,2.0,3.0,3.0,1.0,1.0,2.0,2.0,2.0,,2.0,3.0,0
137934.0,67.0,5.0,28.0,112.3,138.0,90.0,171.0,35.0,9.6,1.65,141.0,8.0,15.1,243.0,14.2,1.14,534.0,7.4,313.0,72.46,7.0,8.0,300.0,1.0,3.0,5.0,2.0,,1.0,1.0,1.0,1.0,1.0,4.0,0
137936.0,72.0,4.92,19.1,74.7,138.0,78.0,289.0,104.0,5.5,0.5,141.0,2.6,14.1,249.0,13.4,0.79,141.0,3.5,83.0,10.19,7.0,7.0,9999.0,2.0,7.0,5.0,1.0,3.0,2.0,2.0,2.0,,2.0,1.0,0
137937.0,37.0,1.33,19.1,71.6,107.0,72.0,132.0,47.0,5.5,0.76,142.0,7.9,12.8,224.0,13.0,0.68,70.0,2.8,99.0,7.42,5.5,5.5,120.0,2.0,3.0,4.0,1.0,2.0,2.0,1.0,2.0,2.0,2.0,5.0,0
137939.0,34.0,0.03,16.5,66.0,101.0,68.0,149.0,44.0,5.4,0.72,137.0,5.5,11.4,257.0,15.5,0.98,58.0,5.8,88.0,4.54,13.0,14.0,180.0,1.0,2.0,3.0,2.0,,2.0,2.0,2.0,,2.0,1.0,0
137942.0,71.0,3.88,36.5,110.9,101.0,64.0,197.0,55.0,5.3,3.85,141.0,6.1,14.9,259.0,13.6,0.91,115.0,6.1,91.0,5.66,6.0,8.0,480.0,2.0,3.0,5.0,1.0,3.0,2.0,1.0,1.0,1.0,1.0,2.0,0
137943.0,32.0,5.0,27.2,86.6,122.0,62.0,273.0,65.0,5.2,0.89,139.0,4.2,14.7,251.0,13.4,1.37,156.0,4.2,101.0,3.78,7.0,8.0,480.0,1.0,1.0,3.0,2.0,,2.0,2.0,1.0,,2.0,1.0,0
137947.0,64.0,5.0,30.8,99.0,139.0,80.0,163.0,50.0,5.6,1.27,141.0,5.2,16.0,222.0,13.8,0.66,165.0,5.0,97.0,27.49,7.5,9.0,120.0,1.0,2.0,4.0,2.0,,2.0,2.0,1.0,,1.0,3.0,0
137948.0,53.0,,29.2,100.8,96.0,66.0,214.0,64.0,5.4,4.93,142.0,4.9,14.9,218.0,14.3,0.93,77.0,5.8,111.0,10.04,5.0,9.0,360.0,1.0,2.0,4.0,2.0,,2.0,1.0,2.0,1.0,2.0,3.0,1
137949.0,63.0,1.22,25.2,94.5,120.0,83.0,190.0,67.0,5.2,0.56,138.0,5.4,14.3,242.0,13.2,1.17,60.0,6.0,94.0,4.11,8.5,8.5,120.0,1.0,3.0,3.0,2.0,,2.0,1.0,2.0,1.0,2.0,2.0,0
137950.0,50.0,,24.9,89.3,125.0,71.0,328.0,42.0,4.9,0.84,139.0,6.4,14.6,263.0,14.3,0.38,387.0,2.8,94.0,13.08,6.5,6.5,720.0,2.0,3.0,3.0,2.0,,2.0,2.0,2.0,,2.0,3.0,0
137953.0,65.0,3.92,28.5,90.0,153.0,81.0,182.0,58.0,5.5,9.44,139.0,8.4,12.4,265.0,13.1,0.71,230.0,4.9,89.0,27.2,9.0,9.5,600.0,2.0,2.0,4.0,1.0,3.0,2.0,1.0,1.0,1.0,1.0,3.0,0
137955.0,41.0,1.54,18.7,,104.0,74.0,206.0,64.0,5.0,0.36,,10.6,15.3,306.0,12.6,,,,,21.97,10.0,10.0,180.0,2.0,3.0,4.0,2.0,,2.0,2.0,2.0,,2.0,1.0,0
137962.0,72.0,1.97,29.5,105.5,144.0,79.0,187.0,75.0,5.9,0.8,139.0,6.9,13.5,307.0,14.9,0.87,96.0,3.3,85.0,27.02,9.0,9.0,720.0,2.0,3.0,4.0,1.0,3.0,3.0,2.0,1.0,,1.0,4.0,0
137963.0,71.0,,17.8,80.1,77.0,40.0,134.0,55.0,5.7,150.92,142.0,13.8,14.8,197.0,16.1,1.39,89.0,6.4,88.0,,10.5,10.5,240.0,1.0,3.0,2.0,1.0,2.0,2.0,2.0,1.0,,1.0,3.0,1
137965.0,53.0,5.0,36.7,109.0,122.0,77.0,226.0,71.0,4.6,3.14,136.0,5.8,12.3,305.0,14.3,1.19,81.0,6.9,91.0,66.15,8.0,8.0,840.0,2.0,4.0,5.0,2.0,,2.0,2.0,1.0,,2.0,2.0,0
137967.0,71.0,5.0,21.9,87.7,112.0,69.0,160.0,60.0,4.8,5.1,138.0,4.9,12.5,263.0,14.4,1.47,71.0,7.3,97.0,39.82,9.0,9.0,360.0,1.0,3.0,5.0,2.0,,2.0,2.0,2.0,,2.0,3.0,1
137970.0,37.0,3.33,26.6,90.0,117.0,73.0,201.0,52.0,5.4,6.02,137.0,7.8,13.3,338.0,12.8,1.11,105.0,4.8,91.0,3.58,8.0,8.0,360.0,2.0,3.0,5.0,2.0,,2.0,2.0,2.0,,2.0,2.0,0
137972.0,58.0,0.97,30.2,110.8,112.0,69.0,152.0,46.0,4.6,1.33,140.0,5.5,13.3,232.0,13.5,1.16,81.0,4.7,103.0,3.16,7.0,7.0,420.0,1.0,4.0,2.0,1.0,3.0,2.0,1.0,2.0,1.0,2.0,3.0,0
137974.0,37.0,,22.8,85.3,101.0,63.0,156.0,50.0,5.4,1.71,139.0,11.7,13.9,287.0,12.6,0.56,187.0,4.2,84.0,51.37,7.0,8.0,90.0,2.0,3.0,2.0,1.0,1.0,2.0,2.0,2.0,,2.0,3.0,0
137976.0,67.0,2.74,26.6,96.1,128.0,85.0,246.0,46.0,5.5,3.23,140.0,6.0,14.1,292.0,14.5,0.85,110.0,6.4,102.0,9.44,8.0,8.0,240.0,1.0,3.0,4.0,1.0,3.0,2.0,2.0,2.0,,2.0,1.0,0
137977.0,67.0,0.96,29.7,102.6,123.0,73.0,205.0,54.0,6.2,7.78,142.0,6.8,12.3,317.0,16.4,0.69,165.0,4.1,93.0,17.15,10.0,11.0,180.0,2.0,4.0,4.0,2.0,,2.0,2.0,2.0,,2.0,3.0,0
137979.0,44.0,3.49,37.5,112.7,127.0,72.0,186.0,48.0,5.9,2.29,134.0,11.3,16.4,247.0,14.0,0.82,405.0,6.3,89.0,7.98,7.5,8.0,180.0,1.0,3.0,2.0,1.0,1.0,2.0,1.0,1.0,1.0,1.0,4.0,0
137982.0,62.0,0.68,41.1,122.9,118.0,72.0,166.0,45.0,6.9,1.81,142.0,6.4,11.5,239.0,14.2,0.98,140.0,5.7,84.0,24.8,11.0,11.0,480.0,2.0,3.0,2.0,2.0,,1.0,1.0,1.0,1.0,1.0,4.0,0
137985.0,74.0,1.94,28.9,105.6,172.0,56.0,148.0,60.0,5.6,1.27,143.0,6.5,12.3,247.0,13.8,1.14,111.0,5.1,97.0,12.19,7.0,7.0,240.0,2.0,3.0,3.0,2.0,,2.0,1.0,1.0,1.0,1.0,3.0,1
137988.0,74.0,2.28,23.1,79.7,122.0,70.0,154.0,68.0,5.4,0.77,141.0,8.1,13.3,266.0,12.8,1.14,100.0,3.4,94.0,7.48,7.0,7.0,300.0,2.0,3.0,4.0,2.0,,2.0,2.0,1.0,,1.0,2.0,0
137990.0,45.0,3.85,35.6,122.2,133.0,101.0,173.0,41.0,5.5,26.46,137.0,15.0,14.2,293.0,13.5,0.76,221.0,5.6,91.0,6.48,8.0,8.5,540.0,2.0,3.0,5.0,1.0,3.0,2.0,1.0,1.0,2.0,2.0,3.0,0
137991.0,60.0,1.38,29.7,104.2,109.0,70.0,239.0,61.0,5.6,4.42,142.0,9.4,12.8,311.0,12.9,0.74,244.0,6.5,90.0,5.81,8.0,8.0,660.0,2.0,3.0,5.0,2.0,,3.0,1.0,1.0,1.0,1.0,2.0,0
137992.0,67.0,5.0,26.2,95.1,124.0,80.0,190.0,60.0,5.5,1.56,139.0,6.3,14.5,262.0,13.4,0.86,88.0,5.4,86.0,17.2,6.0,6.0,420.0,1.0,3.0,5.0,2.0,,2.0,2.0,2.0,,2.0,2.0,0
137996.0,40.0,5.0,26.9,88.5,117.0,80.0,162.0,54.0,4.9,0.41,141.0,6.8,14.0,185.0,12.4,0.72,62.0,3.4,100.0,18.58,8.0,8.0,120.0,2.0,3.0,5.0,2.0,,2.0,2.0,2.0,,2.0,4.0,0
137999.0,52.0,3.04,34.3,103.2,139.0,93.0,226.0,55.0,5.7,3.34,139.0,4.7,13.4,232.0,13.8,0.75,144.0,5.4,80.0,6.86,9.0,9.0,300.0,2.0,4.0,5.0,2.0,,2.0,2.0,2.0,,1.0,2.0,0
138000.0,62.0,2.4,33.8,109.9,122.0,77.0,257.0,68.0,5.2,5.96,143.0,6.2,14.7,268.0,13.4,0.81,125.0,5.3,101.0,4.68,5.0,7.0,480.0,2.0,3.0,5.0,1.0,3.0,2.0,2.0,2.0,,2.0,3.0,0
138005.0,70.0,4.37,28.2,104.0,123.0,66.0,215.0,36.0,5.8,2.88,141.0,9.5,13.6,248.0,12.8,1.06,203.0,9.2,91.0,4.69,9.5,9.0,60.0,1.0,3.0,4.0,2.0,,2.0,2.0,2.0,,1.0,2.0,1
138006.0,75.0,,37.8,131.1,126.0,50.0,126.0,54.0,5.8,1.28,142.0,7.6,11.3,213.0,14.2,1.76,87.0,6.8,101.0,36.83,10.0,10.0,300.0,1.0,3.0,4.0,1.0,3.0,1.0,2.0,1.0,,1.0,3.0,0
138009.0,20.0,,29.6,92.0,96.0,60.0,152.0,46.0,5.1,1.83,138.0,4.7,12.6,373.0,12.4,0.94,77.0,4.5,74.0,4.77,7.0,9.0,240.0,2.0,2.0,4.0,2.0,,2.0,2.0,2.0,,2.0,4.0,0
138011.0,68.0,1.6,33.4,119.1,140.0,83.0,270.0,74.0,5.9,4.29,139.0,9.1,13.9,413.0,13.3,1.1,237.0,6.5,108.0,9.43,9.0,9.0,360.0,2.0,3.0,4.0,2.0,,2.0,1.0,1.0,1.0,2.0,4.0,1
138012.0,26.0,3.58,26.1,93.4,110.0,70.0,166.0,67.0,4.7,0.53,141.0,4.9,13.8,188.0,13.2,0.72,41.0,4.4,84.0,6.97,5.5,5.5,360.0,2.0,3.0,4.0,2.0,,2.0,2.0,2.0,,2.0,2.0,0
138013.0,58.0,2.18,30.6,107.9,124.0,80.0,150.0,47.0,6.3,1.86,134.0,7.9,13.6,291.0,13.3,0.9,117.0,5.3,112.0,5.13,6.0,4.0,360.0,2.0,3.0,4.0,1.0,1.0,2.0,2.0,2.0,,2.0,3.0,0
138014.0,38.0,1.35,36.6,130.0,139.0,96.0,261.0,47.0,9.8,2.62,139.0,5.6,17.1,94.0,14.4,0.61,175.0,3.2,265.0,13.93,9.0,8.0,540.0,1.0,7.0,2.0,1.0,2.0,1.0,1.0,2.0,1.0,1.0,5.0,1
138015.0,63.0,3.17,27.4,94.0,136.0,82.0,162.0,54.0,5.2,0.92,140.0,8.4,12.8,248.0,13.8,0.75,208.0,2.0,105.0,13.79,10.5,10.5,540.0,2.0,3.0,4.0,2.0,,2.0,1.0,1.0,1.0,1.0,3.0,0
138016.0,36.0,5.0,22.2,77.3,112.0,65.0,175.0,48.0,5.6,1.7,139.0,5.6,11.5,290.0,13.2,0.74,77.0,4.3,87.0,6.83,7.5,8.0,360.0,2.0,3.0,5.0,2.0,,2.0,2.0,2.0,,2.0,1.0,0
138017.0,32.0,5.0,32.5,110.5,111.0,78.0,167.0,41.0,5.7,2.65,141.0,5.3,14.8,293.0,13.8,1.02,68.0,5.3,97.0,4.62,5.5,9.0,720.0,1.0,3.0,5.0,2.0,,2.0,1.0,1.0,2.0,2.0,3.0,0
138020.0,71.0,2.16,24.7,93.4,122.0,73.0,125.0,51.0,10.3,0.48,136.0,5.6,13.0,344.0,13.5,0.79,97.0,3.1,233.0,12.02,9.0,9.0,600.0,1.0,6.0,4.0,2.0,,1.0,1.0,1.0,1.0,1.0,3.0,0
138021.0,40.0,4.42,22.3,73.5,103.0,71.0,135.0,48.0,5.0,1.58,138.0,9.7,12.4,327.0,13.4,0.8,75.0,2.8,82.0,8.79,9.0,11.0,120.0,2.0,3.0,3.0,2.0,,2.0,2.0,2.0,,2.0,2.0,0
138027.0,67.0,0.02,25.2,91.7,129.0,74.0,177.0,54.0,5.6,1.08,141.0,5.8,13.2,264.0,14.6,0.7,124.0,4.6,86.0,6.91,7.0,8.0,180.0,2.0,3.0,4.0,1.0,3.0,2.0,2.0,2.0,,2.0,1.0,0
138028.0,70.0,4.66,29.0,112.7,87.0,58.0,109.0,44.0,5.8,1.99,141.0,3.1,13.6,168.0,14.8,1.73,75.0,4.5,96.0,52.29,8.5,7.5,120.0,1.0,4.0,3.0,1.0,3.0,2.0,1.0,1.0,1.0,1.0,2.0,1
138034.0,29.0,2.88,29.6,101.5,119.0,96.0,133.0,43.0,5.2,0.36,144.0,6.9,17.1,253.0,12.8,0.96,45.0,5.4,100.0,10.65,6.5,10.0,720.0,1.0,3.0,4.0,1.0,3.0,2.0,2.0,2.0,,2.0,4.0,0
138036.0,50.0,5.0,33.0,101.4,135.0,93.0,97.0,51.0,5.8,0.76,140.0,7.2,13.5,336.0,13.1,0.86,63.0,3.8,108.0,7.92,8.0,9.0,300.0,2.0,3.0,5.0,2.0,,2.0,1.0,2.0,2.0,1.0,3.0,0
138037.0,39.0,5.0,31.1,98.6,131.0,87.0,208.0,53.0,5.3,2.05,131.0,8.9,13.5,418.0,12.2,0.57,121.0,5.4,87.0,9.16,3.0,3.0,480.0,2.0,6.0,5.0,2.0,,2.0,2.0,2.0,,2.0,2.0,0
138038.0,72.0,4.31,27.3,108.5,129.0,72.0,182.0,46.0,5.1,7.22,128.0,5.9,14.1,206.0,13.2,0.87,112.0,3.2,92.0,,10.0,8.5,240.0,1.0,7.0,4.0,2.0,,2.0,1.0,1.0,1.0,1.0,2.0,0
138040.0,21.0,2.49,29.4,85.6,100.0,67.0,187.0,48.0,5.1,1.72,141.0,6.8,13.8,319.0,13.5,0.58,100.0,5.9,87.0,6.37,8.0,9.0,240.0,2.0,6.0,4.0,2.0,,2.0,2.0,9.0,,2.0,2.0,0
138044.0,44.0,4.25,26.2,91.1,113.0,77.0,238.0,55.0,5.2,0.3,138.0,4.9,13.5,318.0,13.0,0.84,92.0,5.2,91.0,3.85,8.0,10.0,600.0,2.0,3.0,4.0,1.0,3.0,2.0,2.0,2.0,,2.0,3.0,0
138046.0,58.0,1.85,22.0,75.5,146.0,83.0,188.0,42.0,5.8,2.04,138.0,7.0,12.4,264.0,13.8,0.92,130.0,4.5,98.0,13.54,5.0,13.0,120.0,2.0,3.0,5.0,1.0,1.0,2.0,2.0,1.0,,2.0,4.0,0
138048.0,55.0,5.0,24.3,95.6,125.0,74.0,171.0,47.0,5.0,0.7,143.0,4.9,14.5,235.0,13.0,0.89,78.0,5.1,95.0,4.3,7.5,9.5,480.0,1.0,3.0,5.0,2.0,,2.0,2.0,1.0,,2.0,2.0,0
138049.0,40.0,5.0,32.6,97.3,151.0,85.0,133.0,34.0,5.1,1.83,142.0,7.5,16.3,403.0,15.3,1.22,87.0,2.3,89.0,7.95,7.5,9.0,360.0,1.0,3.0,4.0,1.0,3.0,2.0,2.0,1.0,,2.0,2.0,0
138050.0,75.0,0.09,43.6,129.5,147.0,77.0,227.0,59.0,6.1,3.28,140.0,7.6,12.8,226.0,15.8,1.54,156.0,6.9,132.0,8.76,8.0,8.0,7777.0,2.0,3.0,2.0,2.0,,2.0,1.0,1.0,2.0,2.0,4.0,1
138051.0,21.0,,25.3,93.6,88.0,50.0,189.0,43.0,5.7,7.6,136.0,11.6,15.9,290.0,13.2,0.75,151.0,5.2,90.0,5.91,9.0,9.0,240.0,1.0,3.0,3.0,2.0,,2.0,2.0,2.0,,2.0,2.0,0
138053.0,65.0,,29.6,91.4,139.0,94.0,281.0,78.0,5.8,2.31,140.0,7.4,13.8,251.0,14.1,0.94,101.0,4.7,87.0,1.91,6.5,6.5,180.0,2.0,3.0,4.0,2.0,,2.0,2.0,1.0,,2.0,2.0,0
138054.0,57.0,5.0,41.5,132.0,136.0,79.0,137.0,41.0,5.2,1.85,141.0,5.3,15.5,184.0,14.1,0.99,143.0,7.1,102.0,4.22,9.0,8.0,360.0,1.0,3.0,3.0,2.0,,2.0,1.0,1.0,1.0,1.0,3.0,0
138055.0,77.0,,24.6,94.5,111.0,67.0,154.0,58.0,5.2,1.32,139.0,4.7,11.6,164.0,15.4,1.08,64.0,5.3,96.0,3.56,8.0,8.0,480.0,1.0,3.0,5.0,2.0,,2.0,2.0,2.0,,2.0,2.0,0
138056.0,69.0,1.71,36.6,119.6,121.0,76.0,156.0,47.0,6.4,3.28,144.0,7.9,13.1,359.0,13.9,1.16,181.0,6.5,96.0,5.39,6.0,6.0,480.0,2.0,4.0,2.0,1.0,3.0,1.0,1.0,1.0,1.0,1.0,3.0,1
138057.0,56.0,2.87,37.6,123.7,135.0,88.0,158.0,36.0,7.3,11.62,140.0,7.4,16.2,247.0,14.3,0.96,153.0,6.0,194.0,14.48,7.0,10.0,480.0,1.0,3.0,4.0,2.0,,1.0,1.0,1.0,1.0,1.0,4.0,0
138059.0,80.0,,19.3,84.4,146.0,105.0,230.0,32.0,6.4,13.25,141.0,7.7,13.9,295.0,13.9,0.72,674.0,6.0,125.0,330.98,7.5,7.5,360.0,2.0,3.0,5.0,2.0,,1.0,1.0,1.0,1.0,2.0,4.0,1
138061.0,67.0,4.37,26.5,99.7,145.0,80.0,157.0,66.0,6.0,1.03,140.0,5.0,13.8,263.0,12.9,0.7,54.0,3.7,101.0,2.1,8.0,8.5,300.0,2.0,3.0,5.0,2.0,,2.0,1.0,1.0,1.0,1.0,2.0,0
138062.0,71.0,,40.7,143.5,105.0,61.0,168.0,33.0,8.9,8.66,139.0,9.4,14.9,208.0,13.8,1.07,118.0,5.4,243.0,8.68,8.0,11.0,240.0,1.0,3.0,3.0,2.0,,1.0,1.0,1.0,1.0,1.0,4.0,1
138063.0,24.0,0.63,40.6,121.1,100.0,64.0,224.0,50.0,4.9,4.52,137.0,12.3,12.0,312.0,13.7,0.62,388.0,5.6,64.0,5.83,6.5,10.0,360.0,2.0,3.0,3.0,2.0,,2.0,2.0,2.0,,2.0,4.0,0
138064.0,77.0,2.06,24.0,87.5,113.0,55.0,207.0,91.0,5.0,12.14,132.0,8.4,11.6,359.0,14.4,0.61,92.0,4.0,98.0,40.39,9.5,10.5,420.0,2.0,3.0,4.0,2.0,,2.0,1.0,2.0,1.0,2.0,2.0,0
138068.0,60.0,1.14,27.1,81.0,123.0,68.0,168.0,84.0,5.8,0.42,141.0,5.8,11.7,228.0,14.0,0.78,63.0,3.1,88.0,9.99,6.0,7.0,40.0,2.0,2.0,1.0,2.0,,1.0,1.0,1.0,2.0,2.0,4.0,0
138070.0,70.0,5.0,26.2,95.6,89.0,53.0,129.0,56.0,6.3,5.27,137.0,9.8,15.8,206.0,13.7,0.81,60.0,6.3,75.0,19.58,7.0,6.0,660.0,1.0,2.0,1.0,1.0,3.0,1.0,2.0,1.0,,1.0,5.0,1
138072.0,67.0,1.03,23.6,101.7,135.0,72.0,101.0,43.0,5.4,5.8,139.0,5.6,11.0,226.0,13.4,2.89,85.0,10.6,118.0,1196.41,6.5,7.5,720.0,1.0,3.0,4.0,1.0,3.0,2.0,1.0,1.0,1.0,1.0,4.0,1
138073.0,65.0,0.84,26.7,100.9,148.0,88.0,215.0,56.0,5.6,0.71,141.0,5.4,14.6,162.0,14.8,1.03,88.0,6.5,93.0,5.48,5.0,8.0,120.0,1.0,2.0,3.0,2.0,,2.0,2.0,1.0,,2.0,4.0,0
138076.0,67.0,3.3,29.2,96.5,115.0,72.0,123.0,49.0,5.3,0.11,141.0,5.8,15.2,157.0,13.3,0.93,73.0,5.2,119.0,13.1,9.0,9.0,180.0,1.0,3.0,3.0,2.0,,1.0,1.0,2.0,1.0,1.0,3.0,0
138078.0,73.0,0.66,22.1,95.7,96.0,56.0,117.0,45.0,5.6,0.84,139.0,5.5,12.1,197.0,14.0,1.15,114.0,6.0,90.0,3.16,8.0,9.0,420.0,1.0,4.0,2.0,1.0,3.0,2.0,1.0,2.0,1.0,2.0,3.0,1
138080.0,37.0,2.45,40.8,122.6,115.0,70.0,199.0,42.0,5.5,3.03,140.0,,,,,0.9,137.0,7.2,88.0,4.47,7.0,8.0,300.0,1.0,3.0,4.0,2.0,,2.0,2.0,2.0,,2.0,2.0,0
138081.0,57.0,5.0,31.1,106.9,124.0,78.0,242.0,92.0,5.8,4.32,140.0,4.7,13.6,180.0,13.3,0.99,52.0,6.0,86.0,4.03,6.5,8.0,480.0,2.0,3.0,4.0,1.0,3.0,2.0,1.0,1.0,2.0,2.0,2.0,0
138082.0,59.0,,25.7,107.2,110.0,72.0,169.0,54.0,5.6,1.32,144.0,6.6,15.8,270.0,14.6,1.09,104.0,5.9,106.0,5.02,9.0,11.0,480.0,1.0,3.0,3.0,1.0,1.0,3.0,2.0,1.0,,1.0,3.0,1
138083.0,66.0,2.7,31.2,109.2,109.0,66.0,166.0,57.0,5.6,2.25,142.0,5.9,14.5,239.0,14.3,1.19,134.0,6.7,99.0,5.8,5.0,8.0,180.0,1.0,3.0,4.0,2.0,,2.0,2.0,1.0,,1.0,2.0,0
138084.0,59.0,2.39,25.3,91.9,117.0,71.0,185.0,46.0,5.7,0.73,138.0,5.2,14.9,257.0,13.1,1.19,94.0,6.6,81.0,3.92,6.0,7.0,240.0,1.0,4.0,4.0,2.0,,2.0,2.0,1.0,,1.0,3.0,1
138086.0,63.0,5.0,20.1,79.3,112.0,71.0,170.0,58.0,5.4,0.34,139.0,5.6,15.3,249.0,13.5,0.9,63.0,4.2,94.0,10.37,8.5,8.5,180.0,1.0,3.0,3.0,1.0,3.0,2.0,2.0,2.0,,2.0,1.0,0
138087.0,73.0,5.0,24.3,95.2,122.0,70.0,156.0,58.0,5.8,0.77,141.0,5.2,15.2,173.0,13.7,1.17,79.0,4.4,101.0,8.97,8.0,8.0,300.0,1.0,3.0,5.0,2.0,,2.0,2.0,2.0,,1.0,2.0,0
138089.0,34.0,4.43,27.0,93.0,100.0,75.0,190.0,51.0,5.5,1.14,139.0,5.3,13.3,305.0,13.7,0.73,134.0,3.5,82.0,1.05,8.0,9.0,360.0,2.0,3.0,5.0,2.0,,2.0,2.0,2.0,,2.0,2.0,0
138090.0,37.0,0.65,24.6,94.2,117.0,73.0,219.0,55.0,5.4,1.99,140.0,6.7,14.2,285.0,16.2,0.93,176.0,3.0,86.0,4.66,8.0,7.5,540.0,1.0,3.0,4.0,1.0,3.0,2.0,2.0,2.0,,2.0,2.0,0
138092.0,72.0,4.82,,104.6,129.0,83.0,210.0,71.0,6.0,11.63,140.0,9.0,13.8,291.0,14.6,0.79,86.0,5.2,118.0,6.03,7.5,7.5,240.0,2.0,3.0,5.0,2.0,,2.0,2.0,2.0,,2.0,1.0,0
138094.0,34.0,3.94,29.0,83.9,104.0,73.0,185.0,54.0,5.4,1.0,137.0,9.0,12.1,293.0,15.4,0.84,62.0,6.1,73.0,26.03,8.0,8.0,180.0,2.0,3.0,4.0,1.0,3.0,2.0,2.0,2.0,,2.0,2.0,0
138097.0,78.0,,40.9,133.0,123.0,58.0,121.0,43.0,6.8,0.31,142.0,6.1,12.7,151.0,25.5,1.43,93.0,6.2,103.0,7.76,7.0,8.0,180.0,1.0,4.0,2.0,1.0,3.0,1.0,1.0,1.0,1.0,1.0,3.0,0
138100.0,70.0,1.68,25.0,91.2,117.0,72.0,192.0,39.0,5.6,1.85,141.0,6.0,13.4,385.0,14.5,0.82,169.0,4.4,86.0,6.22,5.5,8.0,1200.0,2.0,4.0,3.0,1.0,1.0,2.0,1.0,1.0,1.0,1.0,2.0,0
138102.0,30.0,,23.4,85.5,99.0,73.0,208.0,74.0,5.0,2.77,137.0,5.1,13.1,243.0,13.7,0.64,74.0,4.2,79.0,10.77,8.0,8.5,360.0,2.0,3.0,5.0,2.0,,2.0,2.0,2.0,,2.0,3.0,0
138103.0,60.0,4.1,32.1,114.6,129.0,92.0,162.0,49.0,5.9,0.81,140.0,7.7,16.3,259.0,13.0,1.09,185.0,4.6,106.0,10.96,9.0,9.0,240.0,1.0,3.0,4.0,1.0,3.0,2.0,1.0,1.0,1.0,1.0,2.0,0
138104.0,34.0,5.0,24.8,88.0,114.0,72.0,179.0,31.0,5.7,0.46,140.0,5.6,15.0,209.0,13.3,0.96,164.0,7.7,94.0,3.97,8.0,8.0,540.0,1.0,6.0,5.0,2.0,,2.0,2.0,2.0,,2.0,1.0,0
138106.0,37.0,4.27,25.6,98.0,129.0,72.0,186.0,40.0,5.2,0.58,135.0,5.2,14.0,214.0,12.3,0.91,226.0,5.8,96.0,1.31,8.0,8.5,360.0,1.0,3.0,5.0,2.0,,2.0,2.0,2.0,,2.0,3.0,0
138108.0,34.0,2.28,27.2,91.2,88.0,57.0,186.0,72.0,5.2,0.76,139.0,7.0,13.2,271.0,13.2,0.75,84.0,3.5,90.0,0.84,6.5,8.0,300.0,2.0,3.0,5.0,2.0,,3.0,2.0,2.0,,2.0,2.0,0
138109.0,46.0,1.42,27.9,90.2,142.0,81.0,189.0,56.0,11.6,1.24,134.0,8.0,12.5,309.0,13.3,0.43,140.0,2.3,285.0,16.81,9.0,9.0,420.0,2.0,2.0,4.0,2.0,,1.0,1.0,2.0,1.0,2.0,4.0,0
138110.0,69.0,5.0,32.6,108.5,119.0,78.0,232.0,65.0,7.0,1.97,140.0,7.9,13.1,263.0,13.7,0.62,207.0,4.8,107.0,17.47,10.0,10.0,900.0,2.0,3.0,5.0,1.0,3.0,1.0,1.0,1.0,1.0,1.0,3.0,0
138111.0,48.0,3.5,20.7,74.0,121.0,82.0,289.0,78.0,5.3,0.56,137.0,6.4,12.1,342.0,14.5,0.66,90.0,3.0,79.0,20.48,7.5,7.5,360.0,2.0,3.0,5.0,2.0,,2.0,2.0,1.0,,2.0,2.0,0
138114.0,62.0,4.23,24.3,86.3,112.0,70.0,223.0,51.0,5.3,0.5,141.0,5.7,14.3,302.0,13.1,0.89,156.0,4.1,94.0,5.98,8.0,10.0,180.0,2.0,3.0,4.0,2.0,,2.0,2.0,2.0,,2.0,2.0,0
138116.0,70.0,3.82,28.3,95.9,129.0,74.0,267.0,72.0,5.5,1.97,137.0,6.6,12.8,275.0,14.1,0.63,172.0,3.1,104.0,11.0,8.0,8.0,120.0,2.0,3.0,4.0,2.0,,2.0,1.0,2.0,1.0,2.0,3.0,0
138117.0,65.0,5.0,36.3,117.7,113.0,78.0,162.0,46.0,5.5,3.82,141.0,7.9,17.7,277.0,13.3,1.01,82.0,7.3,104.0,13.12,6.5,8.0,660.0,1.0,3.0,4.0,1.0,3.0,2.0,2.0,2.0,,2.0,2.0,0
138119.0,80.0,4.37,25.1,92.8,134.0,89.0,160.0,60.0,5.6,0.32,142.0,7.2,14.9,214.0,13.7,2.65,71.0,6.5,96.0,1138.85,6.5,7.0,60.0,1.0,3.0,5.0,1.0,3.0,2.0,2.0,2.0,,2.0,1.0,0
138122.0,65.0,5.0,40.3,122.4,129.0,78.0,191.0,79.0,5.5,2.39,138.0,6.4,13.8,237.0,13.4,0.92,175.0,5.2,90.0,7.72,8.5,9.0,480.0,2.0,3.0,5.0,1.0,3.0,2.0,1.0,1.0,1.0,1.0,3.0,0
138124.0,41.0,5.0,25.4,84.7,100.0,66.0,218.0,80.0,5.6,2.01,140.0,6.5,13.7,280.0,12.9,0.71,52.0,4.8,88.0,0.95,5.0,6.5,300.0,2.0,3.0,5.0,2.0,,2.0,2.0,2.0,,2.0,2.0,0
138126.0,65.0,3.16,33.1,115.8,109.0,64.0,167.0,46.0,14.1,3.34,133.0,5.8,12.3,148.0,14.8,1.63,169.0,8.1,374.0,9.92,,8.5,480.0,1.0,7.0,3.0,1.0,3.0,1.0,1.0,1.0,1.0,1.0,4.0,1
138128.0,64.0,1.51,21.8,82.4,126.0,64.0,196.0,60.0,10.6,0.91,139.0,6.6,14.0,201.0,13.0,0.44,90.0,2.4,244.0,9.7,8.0,9.0,240.0,2.0,2.0,1.0,2.0,,1.0,2.0,2.0,,2.0,3.0,0
138131.0,26.0,2.32,31.8,88.7,97.0,60.0,154.0,41.0,5.1,4.62,138.0,6.4,12.5,197.0,13.8,0.65,84.0,5.7,84.0,5.08,8.0,8.0,60.0,2.0,2.0,2.0,2.0,,2.0,1.0,1.0,2.0,2.0,4.0,0
138132.0,68.0,4.37,37.0,115.3,133.0,76.0,251.0,103.0,5.9,0.74,135.0,7.8,12.0,311.0,14.6,0.66,135.0,3.8,95.0,11.45,7.0,7.0,240.0,2.0,3.0,5.0,2.0,,2.0,1.0,1.0,1.0,1.0,2.0,0
138135.0,62.0,1.64,25.4,88.1,141.0,84.0,219.0,51.0,5.2,1.62,140.0,7.6,13.8,246.0,13.3,0.7,71.0,4.8,97.0,11.58,6.0,7.0,120.0,2.0,2.0,3.0,1.0,1.0,2.0,2.0,1.0,,2.0,4.0,0
138136.0,56.0,1.2,22.4,88.6,125.0,72.0,145.0,53.0,5.2,1.06,140.0,4.8,16.2,234.0,14.2,0.88,73.0,4.2,98.0,7.74,8.5,8.0,360.0,1.0,3.0,3.0,1.0,1.0,2.0,2.0,2.0,,2.0,3.0,0
138137.0,35.0,5.0,30.4,97.5,106.0,59.0,154.0,58.0,5.1,1.12,140.0,5.7,14.7,175.0,13.3,0.94,59.0,7.5,89.0,3.66,7.0,7.0,360.0,1.0,3.0,5.0,2.0,,2.0,2.0,2.0,,2.0,1.0,0
138138.0,37.0,1.28,27.4,82.8,108.0,81.0,220.0,41.0,5.9,1.38,137.0,9.3,14.3,301.0,14.5,0.61,230.0,7.9,102.0,10.58,7.5,9.0,300.0,2.0,6.0,4.0,2.0,,2.0,1.0,2.0,1.0,2.0,2.0,0
138140.0,53.0,,24.0,86.6,113.0,66.0,226.0,69.0,5.4,0.94,137.0,6.8,12.9,285.0,13.0,0.7,97.0,3.5,89.0,6.59,9.5,8.5,90.0,2.0,3.0,3.0,2.0,,2.0,2.0,1.0,,2.0,3.0,0
138144.0,71.0,4.29,36.3,131.4,170.0,76.0,147.0,41.0,7.2,1.22,136.0,7.8,16.6,352.0,13.3,0.9,164.0,5.8,114.0,1130.47,7.5,7.0,420.0,1.0,3.0,2.0,1.0,1.0,1.0,1.0,1.0,1.0,1.0,4.0,0
138146.0,71.0,5.0,23.9,,134.0,89.0,223.0,55.0,5.1,0.95,144.0,5.4,15.0,165.0,13.6,0.99,123.0,7.6,77.0,7.89,6.5,6.5,900.0,1.0,7.0,5.0,2.0,,2.0,1.0,2.0,1.0,2.0,2.0,0
138147.0,30.0,3.41,24.6,78.9,97.0,63.0,165.0,55.0,5.3,0.49,140.0,5.6,13.8,286.0,13.1,0.9,75.0,4.7,97.0,9.06,8.5,8.5,180.0,2.0,3.0,5.0,2.0,,2.0,2.0,2.0,,2.0,2.0,0
138148.0,46.0,0.58,20.7,81.2,111.0,70.0,170.0,69.0,8.6,2.9,139.0,4.4,9.9,338.0,14.6,1.2,138.0,7.0,76.0,3614.63,9.5,12.5,120.0,2.0,1.0,1.0,2.0,,1.0,1.0,2.0,1.0,2.0,4.0,0
138150.0,30.0,0.87,21.0,,119.0,67.0,161.0,51.0,5.1,106.78,138.0,18.0,12.7,284.0,12.9,0.68,106.0,2.3,82.0,26.01,7.0,13.5,60.0,2.0,3.0,4.0,1.0,1.0,2.0,2.0,2.0,,2.0,4.0,0
138152.0,34.0,2.26,32.8,107.9,145.0,98.0,233.0,51.0,5.2,0.69,138.0,5.9,14.1,288.0,13.1,0.82,532.0,7.4,88.0,13.32,8.0,7.0,240.0,1.0,2.0,1.0,1.0,2.0,2.0,2.0,2.0,,2.0,3.0,0
138153.0,66.0,5.0,19.0,75.2,123.0,80.0,261.0,84.0,5.7,0.68,139.0,6.1,14.4,279.0,13.1,0.85,97.0,4.3,87.0,6.49,7.0,7.0,120.0,2.0,3.0,5.0,2.0,,2.0,1.0,1.0,1.0,2.0,1.0,0
138154.0,65.0,0.37,22.9,91.4,175.0,88.0,175.0,29.0,5.8,1.06,141.0,6.7,8.7,434.0,19.7,0.72,130.0,3.9,84.0,0.57,6.0,6.5,480.0,2.0,3.0,1.0,1.0,1.0,2.0,1.0,2.0,1.0,2.0,5.0,0
138156.0,47.0,,21.1,81.4,118.0,68.0,233.0,62.0,5.3,1.28,138.0,6.4,12.3,243.0,12.6,0.72,120.0,3.7,85.0,6.36,7.0,7.5,240.0,2.0,2.0,5.0,2.0,,2.0,2.0,1.0,,2.0,3.0,0
138158.0,60.0,2.26,23.8,87.4,140.0,90.0,246.0,115.0,5.6,3.24,141.0,5.3,14.0,283.0,13.6,0.79,68.0,5.1,102.0,17.57,6.5,5.5,180.0,2.0,7.0,3.0,1.0,2.0,2.0,2.0,2.0,,2.0,3.0,0
138159.0,43.0,1.32,30.8,106.0,120.0,82.0,151.0,35.0,5.3,6.19,137.0,6.6,12.6,283.0,12.0,0.89,173.0,4.8,116.0,8.81,8.5,9.5,240.0,2.0,3.0,4.0,2.0,,2.0,2.0,2.0,,2.0,3.0,0
138160.0,52.0,5.0,21.6,73.4,108.0,68.0,194.0,49.0,5.4,3.25,139.0,5.3,11.5,230.0,14.6,0.8,97.0,5.4,89.0,1.62,8.5,7.0,120.0,2.0,6.0,5.0,2.0,,2.0,2.0,2.0,,2.0,2.0,0
138162.0,63.0,5.0,40.6,123.5,134.0,91.0,202.0,62.0,6.6,2.0,142.0,6.1,13.9,216.0,13.4,0.55,112.0,3.7,153.0,12.71,8.0,9.0,240.0,2.0,1.0,3.0,2.0,,1.0,2.0,2.0,,2.0,3.0,0
138166.0,62.0,2.83,45.9,117.4,94.0,58.0,194.0,68.0,5.2,1.2,141.0,6.2,12.9,240.0,16.0,0.86,94.0,6.6,111.0,14.2,9.5,8.0,120.0,2.0,2.0,4.0,2.0,,2.0,2.0,2.0,,2.0,4.0,0
138167.0,57.0,0.68,32.2,101.7,128.0,99.0,181.0,51.0,5.3,3.48,140.0,4.9,13.6,327.0,13.3,1.08,114.0,4.7,87.0,4.76,6.5,6.0,480.0,2.0,3.0,4.0,1.0,1.0,2.0,2.0,2.0,,2.0,2.0,0
138171.0,71.0,2.48,35.9,103.9,150.0,82.0,148.0,48.0,6.0,7.73,139.0,5.6,13.2,207.0,13.9,1.17,172.0,7.0,90.0,14.09,7.0,9.0,540.0,2.0,3.0,4.0,1.0,3.0,2.0,1.0,1.0,1.0,1.0,2.0,1
138175.0,40.0,3.6,28.3,95.3,141.0,94.0,187.0,65.0,5.3,0.78,140.0,6.4,14.8,240.0,12.2,1.18,71.0,7.1,103.0,4.02,9.0,7.0,240.0,1.0,3.0,4.0,1.0,3.0,2.0,2.0,2.0,,2.0,1.0,0
138177.0,80.0,5.0,26.9,105.9,155.0,79.0,187.0,56.0,5.2,1.53,142.0,3.7,13.3,174.0,12.8,0.95,202.0,3.6,86.0,8.14,7.0,7.0,360.0,2.0,3.0,5.0,1.0,3.0,2.0,1.0,1.0,1.0,1.0,2.0,0
138178.0,36.0,5.0,30.2,98.3,115.0,85.0,249.0,73.0,5.1,4.89,137.0,8.7,15.0,268.0,13.4,0.71,176.0,7.4,86.0,9.78,6.5,8.0,360.0,2.0,1.0,5.0,7.0,,2.0,2.0,2.0,,2.0,2.0,0
138181.0,67.0,5.0,28.5,92.5,159.0,79.0,261.0,74.0,5.6,5.08,139.0,5.8,12.7,326.0,13.4,0.81,120.0,5.0,87.0,5.85,7.5,7.5,180.0,2.0,6.0,5.0,2.0,,2.0,2.0,2.0,,2.0,1.0,0
138184.0,76.0,5.0,29.5,108.8,153.0,93.0,188.0,70.0,6.0,1.68,139.0,5.9,14.6,226.0,14.8,0.94,81.0,3.9,96.0,18.19,8.0,8.0,360.0,1.0,3.0,3.0,1.0,3.0,2.0,1.0,1.0,1.0,1.0,3.0,0
138185.0,59.0,5.0,30.5,104.4,122.0,76.0,172.0,54.0,5.1,1.04,141.0,5.7,15.0,181.0,13.2,0.94,114.0,5.7,92.0,0.66,9.0,8.0,540.0,1.0,2.0,5.0,2.0,,2.0,2.0,2.0,,2.0,1.0,0
138191.0,55.0,5.0,24.2,92.7,138.0,87.0,231.0,49.0,4.1,0.25,141.0,4.7,15.2,170.0,12.9,1.06,152.0,5.2,95.0,5.42,7.5,8.5,480.0,1.0,3.0,5.0,1.0,3.0,2.0,2.0,1.0,,2.0,2.0,0
138193.0,80.0,0.05,36.9,105.6,156.0,74.0,162.0,45.0,7.0,11.11,140.0,4.3,9.4,225.0,15.2,1.22,90.0,6.1,115.0,32.53,8.0,8.0,720.0,2.0,2.0,1.0,2.0,,3.0,1.0,1.0,1.0,2.0,4.0,0
138194.0,21.0,,20.7,72.5,117.0,75.0,137.0,54.0,5.1,0.59,141.0,5.1,13.3,314.0,12.5,0.64,55.0,4.0,81.0,5.77,9.0,9.0,360.0,2.0,1.0,5.0,2.0,,2.0,2.0,2.0,,2.0,3.0,0
138195.0,60.0,1.71,30.8,101.9,133.0,88.0,219.0,48.0,5.6,7.69,140.0,7.5,13.3,319.0,14.0,0.96,139.0,4.8,86.0,7.43,8.5,8.5,540.0,2.0,3.0,3.0,2.0,,2.0,2.0,2.0,,2.0,2.0,0
138196.0,61.0,3.09,22.1,86.0,113.0,75.0,145.0,54.0,5.4,0.88,142.0,5.3,15.2,275.0,13.0,1.21,155.0,8.7,89.0,4.51,9.0,10.5,60.0,1.0,7.0,4.0,2.0,,2.0,2.0,2.0,,2.0,2.0,0
138198.0,79.0,3.28,27.0,95.2,129.0,83.0,178.0,56.0,5.6,2.35,140.0,5.8,12.3,301.0,14.4,0.82,72.0,5.6,90.0,11.34,7.5,8.5,180.0,2.0,4.0,5.0,2.0,,2.0,1.0,2.0,1.0,2.0,2.0,0
138204.0,33.0,2.46,28.9,87.1,108.0,73.0,201.0,55.0,5.9,2.46,138.0,5.9,11.3,302.0,14.8,0.83,106.0,4.8,86.0,4.82,7.5,9.5,240.0,2.0,4.0,5.0,2.0,,2.0,2.0,2.0,,2.0,1.0,0
138205.0,58.0,3.06,29.1,90.9,132.0,65.0,207.0,43.0,6.9,1.58,138.0,9.1,16.3,255.0,13.4,0.95,125.0,2.8,244.0,169.63,8.5,7.5,180.0,1.0,1.0,4.0,1.0,3.0,2.0,2.0,2.0,,2.0,2.0,0
138209.0,24.0,5.0,28.5,86.7,111.0,62.0,139.0,55.0,5.2,0.11,139.0,4.1,15.1,255.0,12.6,1.0,42.0,4.2,77.0,7.32,8.0,9.0,180.0,1.0,3.0,4.0,2.0,,2.0,2.0,2.0,,2.0,2.0,0
138211.0,37.0,5.0,27.8,106.2,130.0,91.0,249.0,45.0,5.0,1.38,142.0,7.0,14.7,260.0,12.1,0.94,97.0,5.2,81.0,6.86,6.5,9.0,660.0,1.0,3.0,5.0,2.0,,2.0,1.0,9.0,2.0,2.0,2.0,0
138213.0,67.0,,35.9,125.5,130.0,69.0,142.0,73.0,8.2,18.96,142.0,10.0,15.5,235.0,14.1,1.42,220.0,8.2,171.0,477.77,7.5,7.5,960.0,1.0,3.0,4.0,1.0,3.0,3.0,1.0,2.0,1.0,1.0,4.0,1
138218.0,37.0,5.0,18.4,64.4,111.0,67.0,188.0,76.0,4.8,0.29,140.0,8.2,13.4,198.0,12.6,0.68,57.0,4.3,77.0,11.94,7.5,8.0,420.0,2.0,3.0,5.0,2.0,,2.0,2.0,2.0,,2.0,3.0,0
138219.0,63.0,5.0,27.6,96.1,128.0,66.0,204.0,52.0,6.1,1.17,143.0,4.0,13.4,212.0,13.9,0.68,198.0,4.2,131.0,7.13,8.0,8.0,480.0,2.0,3.0,4.0,1.0,3.0,2.0,1.0,1.0,1.0,1.0,3.0,0
138220.0,61.0,0.79,33.9,112.8,164.0,95.0,191.0,41.0,6.0,1.62,141.0,8.7,14.7,212.0,14.6,0.71,166.0,6.9,,420.67,6.5,12.0,660.0,1.0,2.0,2.0,2.0,,2.0,1.0,1.0,1.0,2.0,2.0,0
138221.0,68.0,1.14,28.6,99.4,121.0,86.0,173.0,46.0,5.4,5.58,139.0,8.3,12.2,277.0,15.8,1.04,181.0,4.5,101.0,22.4,9.0,9.0,420.0,2.0,4.0,4.0,1.0,1.0,2.0,1.0,1.0,1.0,1.0,4.0,1
138228.0,72.0,1.83,48.8,160.1,139.0,75.0,199.0,46.0,5.2,8.82,141.0,8.9,14.8,257.0,16.0,1.06,211.0,7.8,101.0,1532.07,12.0,12.0,600.0,1.0,3.0,3.0,1.0,3.0,3.0,1.0,2.0,1.0,2.0,5.0,0
138232.0,70.0,2.74,23.9,91.0,154.0,93.0,201.0,50.0,5.3,0.9,142.0,5.6,15.0,242.0,14.0,0.97,53.0,4.1,97.0,7.65,8.0,9.5,300.0,1.0,3.0,3.0,1.0,1.0,2.0,2.0,2.0,,2.0,3.0,0
138234.0,30.0,0.92,28.6,91.5,110.0,73.0,188.0,50.0,5.9,0.79,138.0,7.0,14.8,228.0,12.9,1.02,84.0,4.4,84.0,3.37,7.0,7.0,120.0,1.0,4.0,3.0,1.0,3.0,2.0,2.0,1.0,,2.0,1.0,0
138236.0,39.0,1.49,21.9,71.4,109.0,70.0,166.0,63.0,5.4,0.53,137.0,3.1,12.8,148.0,13.7,0.88,58.0,3.2,89.0,36.4,8.0,10.0,240.0,2.0,2.0,3.0,1.0,3.0,2.0,2.0,2.0,,2.0,2.0,0
138240.0,78.0,5.0,37.7,122.5,128.0,91.0,178.0,38.0,6.4,2.67,139.0,7.0,14.6,237.0,13.2,0.87,290.0,7.1,117.0,7.12,8.0,7.5,9999.0,1.0,3.0,3.0,1.0,3.0,2.0,1.0,2.0,1.0,9.0,1.0,1
138244.0,80.0,3.43,32.6,112.6,141.0,73.0,167.0,57.0,6.3,4.93,142.0,10.3,14.3,228.0,13.2,1.33,200.0,5.3,94.0,39.97,7.5,8.5,720.0,1.0,3.0,3.0,1.0,3.0,2.0,1.0,2.0,1.0,9.0,1.0,0
138247.0,32.0,0.87,28.3,101.5,137.0,85.0,142.0,37.0,5.3,3.22,140.0,6.6,16.2,248.0,13.3,1.1,106.0,8.2,115.0,5.79,14.0,13.0,240.0,1.0,3.0,1.0,1.0,1.0,2.0,2.0,2.0,,2.0,3.0,0
138249.0,41.0,2.19,38.3,114.1,102.0,66.0,196.0,53.0,5.3,2.79,138.0,7.8,8.3,379.0,22.1,0.81,134.0,4.2,79.0,3.88,8.0,8.0,360.0,2.0,4.0,5.0,2.0,,2.0,2.0,2.0,,2.0,3.0,0
138250.0,34.0,5.0,32.9,100.0,108.0,79.0,177.0,47.0,5.4,2.86,141.0,7.8,13.7,252.0,12.8,0.75,161.0,4.8,91.0,3.87,8.0,8.0,720.0,2.0,3.0,5.0,2.0,,2.0,2.0,2.0,,2.0,3.0,0
138253.0,33.0,0.89,24.3,83.1,122.0,69.0,220.0,59.0,5.0,0.46,139.0,4.0,15.4,215.0,12.8,0.99,47.0,3.6,82.0,3.9,6.0,9.0,480.0,1.0,3.0,5.0,2.0,,2.0,1.0,1.0,2.0,2.0,2.0,0
138254.0,79.0,5.0,29.2,111.7,154.0,83.0,122.0,47.0,7.0,0.87,142.0,9.1,13.4,246.0,14.3,0.9,214.0,5.0,115.0,25.68,9.0,9.0,360.0,1.0,7.0,5.0,1.0,3.0,1.0,1.0,2.0,1.0,9.0,3.0,0
138255.0,65.0,0.63,34.5,107.2,99.0,62.0,144.0,61.0,6.4,1.37,141.0,4.4,12.3,172.0,15.3,0.58,108.0,4.0,120.0,9.42,7.0,7.0,600.0,2.0,7.0,4.0,1.0,3.0,1.0,2.0,1.0,,1.0,4.0,0
138257.0,72.0,0.74,20.5,84.0,152.0,80.0,154.0,64.0,7.3,0.83,139.0,7.8,12.4,240.0,15.5,0.78,125.0,5.1,109.0,12.64,8.0,8.0,60.0,2.0,4.0,1.0,1.0,1.0,1.0,1.0,1.0,1.0,1.0,4.0,0
138258.0,62.0,2.92,30.6,100.9,104.0,68.0,319.0,84.0,5.7,2.49,144.0,5.9,14.2,292.0,13.9,0.7,133.0,4.4,99.0,6.62,9.0,10.0,180.0,2.0,3.0,5.0,2.0,,2.0,2.0,1.0,,2.0,3.0,0
138261.0,58.0,1.16,21.0,74.2,124.0,73.0,146.0,41.0,5.5,3.8,138.0,6.5,10.8,242.0,14.7,1.03,99.0,4.3,91.0,149.55,9.0,9.0,240.0,2.0,2.0,2.0,1.0,1.0,3.0,2.0,2.0,,2.0,3.0,0
138263.0,31.0,0.43,25.7,94.8,112.0,71.0,204.0,54.0,5.1,2.77,140.0,7.6,10.2,243.0,13.7,0.53,176.0,2.7,82.0,11.69,7.5,9.0,720.0,2.0,2.0,2.0,1.0,3.0,2.0,2.0,2.0,,2.0,2.0,0
138267.0,70.0,2.03,42.0,133.6,113.0,71.0,179.0,40.0,5.9,0.34,138.0,7.3,15.8,277.0,13.6,0.87,138.0,5.4,93.0,1.05,7.5,7.5,240.0,1.0,3.0,3.0,1.0,3.0,3.0,1.0,1.0,1.0,1.0,3.0,0
138268.0,67.0,3.31,27.9,95.7,156.0,75.0,131.0,41.0,7.4,0.77,141.0,6.6,12.6,250.0,13.7,0.79,110.0,4.6,170.0,40.28,9.0,9.0,480.0,1.0,3.0,4.0,1.0,3.0,1.0,1.0,1.0,1.0,1.0,3.0,1
138271.0,20.0,0.46,23.0,74.6,108.0,70.0,167.0,66.0,5.3,0.47,135.0,4.4,12.4,214.0,13.0,0.65,77.0,2.7,74.0,17.32,6.0,8.0,480.0,2.0,4.0,3.0,2.0,,2.0,2.0,2.0,,2.0,3.0,0
138274.0,69.0,0.73,41.6,127.4,176.0,74.0,183.0,42.0,8.9,7.4,137.0,9.1,10.7,320.0,14.3,1.43,298.0,8.1,56.0,205.65,13.0,13.0,720.0,2.0,3.0,3.0,2.0,,1.0,1.0,1.0,1.0,1.0,4.0,1
138280.0,65.0,5.0,52.5,135.3,147.0,99.0,255.0,99.0,5.7,16.74,140.0,10.1,13.8,337.0,13.6,0.89,179.0,9.6,105.0,19.71,8.0,8.0,840.0,2.0,3.0,5.0,1.0,3.0,2.0,1.0,1.0,1.0,2.0,5.0,1
138283.0,80.0,0.05,22.1,80.2,123.0,53.0,152.0,66.0,5.5,1.94,135.0,3.8,9.7,213.0,13.9,1.24,74.0,4.8,109.0,23.41,10.5,10.5,240.0,2.0,6.0,1.0,2.0,,2.0,1.0,2.0,1.0,2.0,4.0,1
138288.0,61.0,3.11,31.7,107.5,112.0,67.0,198.0,46.0,5.5,1.7,137.0,7.1,13.9,171.0,14.3,1.19,175.0,5.3,86.0,3.11,7.0,8.0,180.0,1.0,2.0,3.0,2.0,,2.0,2.0,1.0,,1.0,4.0,1
138290.0,23.0,5.0,21.5,81.5,103.0,68.0,182.0,41.0,5.2,0.83,141.0,4.9,15.4,281.0,13.1,1.0,93.0,6.5,99.0,4.88,9.0,8.5,480.0,1.0,2.0,5.0,2.0,,2.0,2.0,2.0,,2.0,3.0,0
138291.0,58.0,5.0,25.6,100.6,113.0,70.0,189.0,68.0,5.3,1.03,140.0,5.3,15.5,221.0,12.9,1.1,72.0,7.5,77.0,5.81,6.0,8.0,540.0,1.0,2.0,5.0,2.0,,2.0,1.0,1.0,1.0,1.0,2.0,0
138292.0,48.0,5.0,23.5,81.0,108.0,67.0,182.0,66.0,5.0,0.81,140.0,4.3,12.2,204.0,14.7,0.53,59.0,4.8,87.0,4.52,7.0,7.0,720.0,2.0,3.0,5.0,2.0,,2.0,2.0,2.0,,2.0,1.0,0
138296.0,63.0,,31.9,121.4,158.0,86.0,107.0,41.0,6.6,0.59,137.0,7.8,14.1,208.0,14.2,1.17,91.0,5.6,138.0,101.45,7.5,8.0,720.0,1.0,3.0,5.0,2.0,,1.0,1.0,2.0,1.0,1.0,3.0,0
138297.0,40.0,,23.9,84.2,111.0,77.0,199.0,58.0,5.4,1.46,139.0,7.4,13.7,211.0,14.0,1.27,60.0,5.9,87.0,2.89,8.5,6.5,720.0,1.0,7.0,5.0,1.0,3.0,2.0,2.0,2.0,,2.0,2.0,0
138300.0,73.0,1.05,24.8,86.4,98.0,57.0,208.0,70.0,5.5,2.02,142.0,4.6,14.0,185.0,13.5,0.82,140.0,5.7,92.0,7.26,7.5,7.5,120.0,2.0,3.0,4.0,1.0,3.0,2.0,2.0,2.0,,2.0,1.0,0
138301.0,21.0,,27.4,85.4,107.0,77.0,157.0,63.0,4.5,2.19,142.0,5.1,15.0,191.0,12.8,0.8,62.0,4.1,94.0,3.79,9.0,10.0,300.0,2.0,3.0,4.0,2.0,,2.0,2.0,2.0,,2.0,1.0,0
138302.0,39.0,3.3,22.9,84.5,116.0,76.0,207.0,78.0,5.3,0.3,140.0,5.3,11.1,235.0,14.9,0.63,122.0,3.7,82.0,1.62,8.0,8.0,300.0,2.0,3.0,4.0,2.0,,2.0,2.0,2.0,,2.0,2.0,0
138305.0,80.0,1.12,28.6,110.2,175.0,73.0,228.0,57.0,6.1,3.14,132.0,6.9,11.0,268.0,14.9,0.73,184.0,4.5,114.0,280.3,7.0,7.0,120.0,2.0,3.0,2.0,1.0,3.0,2.0,1.0,1.0,1.0,2.0,2.0,0
138308.0,41.0,2.31,33.1,106.3,116.0,80.0,230.0,55.0,6.0,4.96,137.0,7.5,13.0,296.0,13.5,0.66,266.0,4.1,90.0,22.5,9.0,8.5,180.0,2.0,3.0,5.0,2.0,,2.0,2.0,2.0,,2.0,2.0,0
138311.0,31.0,0.89,44.4,,137.0,92.0,187.0,31.0,15.6,4.83,134.0,7.8,15.3,308.0,12.7,0.65,206.0,4.1,359.0,254.54,11.5,9.5,540.0,1.0,2.0,2.0,1.0,3.0,1.0,2.0,2.0,,2.0,3.0,0
138315.0,26.0,5.0,27.9,88.2,144.0,73.0,176.0,46.0,5.0,0.26,138.0,6.3,15.0,228.0,13.2,0.99,57.0,5.4,82.0,3.59,8.0,7.0,720.0,1.0,3.0,5.0,2.0,,2.0,2.0,2.0,,2.0,2.0,0
138316.0,59.0,5.0,34.0,111.7,118.0,77.0,188.0,39.0,5.4,2.25,142.0,7.8,15.0,169.0,15.0,1.2,169.0,5.9,98.0,4.07,9.5,10.0,240.0,1.0,3.0,3.0,2.0,,2.0,2.0,2.0,,2.0,2.0,1
138317.0,57.0,0.7,32.6,114.3,144.0,96.0,263.0,49.0,5.9,2.31,141.0,9.2,13.8,244.0,14.1,0.92,679.0,7.1,103.0,5.18,7.5,9.0,120.0,1.0,3.0,2.0,2.0,,3.0,1.0,1.0,2.0,2.0,4.0,0
138318.0,75.0,,25.2,97.2,145.0,81.0,192.0,60.0,5.8,1.95,140.0,3.8,14.1,203.0,13.6,1.28,63.0,6.0,98.0,2.57,9.0,9.0,360.0,1.0,4.0,3.0,1.0,3.0,2.0,2.0,2.0,,2.0,2.0,0
138319.0,57.0,1.77,25.8,93.0,86.0,53.0,144.0,56.0,9.2,8.51,141.0,4.3,11.2,197.0,13.5,1.93,131.0,7.1,131.0,937.05,13.0,13.0,240.0,1.0,4.0,2.0,2.0,,1.0,1.0,1.0,1.0,1.0,3.0,0
138320.0,68.0,2.16,42.5,145.9,159.0,77.0,156.0,44.0,9.6,5.68,138.0,8.6,13.3,227.0,14.8,1.03,143.0,5.9,271.0,42.6,8.0,9.0,420.0,1.0,3.0,3.0,1.0,3.0,1.0,1.0,1.0,1.0,1.0,4.0,1
138327.0,44.0,2.06,24.9,99.0,88.0,60.0,144.0,26.0,5.1,62.81,135.0,14.9,14.5,425.0,14.7,0.81,163.0,4.9,98.0,19.47,5.0,4.0,300.0,1.0,3.0,4.0,1.0,3.0,2.0,1.0,2.0,2.0,2.0,3.0,0
138328.0,57.0,0.43,26.8,95.4,189.0,110.0,160.0,48.0,10.1,7.61,137.0,5.4,13.8,233.0,12.7,0.7,93.0,4.2,234.0,95.1,7.5,10.0,300.0,1.0,7.0,2.0,1.0,1.0,1.0,1.0,1.0,1.0,1.0,3.0,0
138329.0,56.0,2.34,39.6,113.9,121.0,70.0,148.0,54.0,6.1,2.5,138.0,4.7,12.7,249.0,14.0,0.83,71.0,4.0,88.0,120.06,6.0,6.0,360.0,2.0,4.0,2.0,2.0,,1.0,1.0,1.0,1.0,1.0,2.0,0
138330.0,64.0,4.89,25.1,93.0,120.0,72.0,230.0,57.0,5.3,1.67,137.0,8.1,12.4,315.0,14.4,0.96,181.0,6.2,88.0,5.58,7.5,9.0,780.0,2.0,3.0,4.0,1.0,3.0,2.0,1.0,1.0,1.0,2.0,1.0,0
138331.0,36.0,5.0,25.3,87.6,129.0,73.0,184.0,46.0,4.9,0.66,139.0,7.3,15.6,315.0,13.4,0.97,144.0,4.1,88.0,5.68,7.5,7.5,600.0,1.0,3.0,5.0,2.0,,2.0,2.0,2.0,,2.0,1.0,0
138336.0,80.0,3.43,28.8,102.2,158.0,83.0,236.0,51.0,5.4,0.73,138.0,5.3,14.2,201.0,13.2,0.63,130.0,3.2,92.0,12.38,9.0,8.5,480.0,2.0,3.0,5.0,1.0,3.0,2.0,1.0,1.0,1.0,2.0,2.0,0
138339.0,40.0,3.28,31.8,113.9,114.0,77.0,197.0,47.0,6.5,10.62,139.0,9.3,13.1,344.0,13.9,0.72,119.0,4.0,84.0,4.98,7.5,9.0,480.0,2.0,7.0,5.0,2.0,,3.0,2.0,1.0,,2.0,2.0,0
138341.0,58.0,5.0,32.4,105.8,114.0,76.0,195.0,57.0,5.6,1.6,139.0,6.9,15.2,291.0,14.2,0.82,88.0,5.5,90.0,5.83,7.5,7.5,240.0,2.0,3.0,4.0,2.0,,2.0,2.0,2.0,,2.0,3.0,0
138345.0,69.0,3.06,44.2,143.6,122.0,89.0,170.0,49.0,6.2,3.12,139.0,6.7,14.1,148.0,14.4,1.16,95.0,7.8,99.0,20.63,2.0,2.0,720.0,1.0,3.0,4.0,2.0,,2.0,1.0,1.0,1.0,1.0,3.0,1
138347.0,80.0,1.28,19.4,81.8,159.0,85.0,114.0,45.0,5.7,2.66,139.0,7.2,14.2,275.0,13.7,1.43,70.0,6.2,109.0,995.36,4.0,4.0,1200.0,1.0,6.0,4.0,1.0,3.0,1.0,1.0,1.0,1.0,1.0,4.0,1
138350.0,27.0,5.0,18.5,70.9,103.0,69.0,132.0,63.0,4.8,0.41,138.0,5.5,14.0,239.0,13.3,0.67,58.0,3.5,84.0,0.55,8.0,10.0,600.0,2.0,3.0,5.0,1.0,3.0,2.0,2.0,2.0,,2.0,3.0,0
138352.0,39.0,0.66,35.7,99.9,108.0,76.0,159.0,47.0,5.5,4.59,141.0,15.9,11.6,259.0,13.2,0.75,166.0,4.1,95.0,5.7,3.0,3.0,240.0,2.0,2.0,3.0,1.0,3.0,2.0,2.0,2.0,,2.0,3.0,0
138353.0,80.0,1.81,21.0,85.0,98.0,37.0,125.0,65.0,6.1,1.48,139.0,6.1,12.5,271.0,15.0,0.77,54.0,4.2,116.0,36.53,4.0,5.0,1200.0,2.0,2.0,2.0,2.0,,1.0,1.0,2.0,1.0,2.0,5.0,1
138356.0,49.0,3.82,33.3,114.8,128.0,78.0,191.0,107.0,5.1,2.07,143.0,6.2,15.3,181.0,14.7,0.82,38.0,6.0,86.0,0.81,4.0,4.0,90.0,1.0,7.0,4.0,1.0,1.0,2.0,2.0,2.0,,2.0,3.0,0
138357.0,40.0,1.84,27.4,,118.0,83.0,174.0,70.0,5.5,1.24,139.0,5.6,11.4,289.0,15.0,0.79,84.0,4.1,89.0,6.27,8.0,8.0,600.0,2.0,4.0,4.0,1.0,1.0,2.0,2.0,2.0,,2.0,2.0,0
138358.0,61.0,,30.5,101.5,119.0,74.0,132.0,41.0,8.8,1.62,141.0,8.2,14.0,280.0,14.5,1.07,189.0,8.1,114.0,5.86,7.0,7.0,300.0,2.0,4.0,4.0,2.0,,1.0,1.0,2.0,1.0,2.0,3.0,0
138359.0,20.0,1.89,35.0,108.5,117.0,77.0,174.0,41.0,5.1,3.87,136.0,11.8,13.6,345.0,13.4,0.9,166.0,6.5,94.0,4.39,8.5,11.5,600.0,2.0,3.0,3.0,2.0,,2.0,2.0,2.0,,2.0,2.0,0
138364.0,26.0,5.397605346934028e-79,19.5,68.3,94.0,66.0,180.0,90.0,5.0,0.29,141.0,6.2,14.6,292.0,12.7,0.81,102.0,4.9,94.0,14.1,8.5,9.0,420.0,2.0,3.0,5.0,1.0,2.0,2.0,2.0,2.0,,2.0,2.0,0
138367.0,54.0,5.0,23.1,79.3,111.0,62.0,190.0,65.0,5.5,0.76,139.0,4.9,13.6,204.0,13.6,1.03,83.0,5.2,86.0,0.49,7.5,10.0,360.0,2.0,3.0,5.0,2.0,,2.0,2.0,2.0,,2.0,1.0,0
138368.0,79.0,0.74,23.9,85.2,120.0,64.0,140.0,48.0,5.9,1.4,141.0,5.8,11.9,193.0,13.6,0.75,123.0,3.9,116.0,10.81,10.0,11.0,240.0,2.0,2.0,2.0,1.0,3.0,2.0,1.0,2.0,1.0,1.0,3.0,0
138369.0,73.0,1.38,24.2,87.4,115.0,60.0,175.0,66.0,5.3,2.2,138.0,6.4,14.2,225.0,13.6,0.9,118.0,4.6,87.0,11.46,9.0,9.0,420.0,2.0,3.0,3.0,1.0,3.0,2.0,2.0,2.0,,2.0,1.0,0
138374.0,50.0,3.84,27.1,93.0,160.0,83.0,121.0,57.0,9.9,4.7,137.0,7.7,14.1,243.0,13.1,0.7,56.0,2.4,271.0,12.83,8.5,8.0,540.0,2.0,3.0,5.0,1.0,1.0,1.0,2.0,1.0,,1.0,4.0,0
138375.0,43.0,,32.8,108.2,115.0,74.0,185.0,54.0,8.9,2.16,140.0,3.5,14.7,207.0,13.4,0.9,59.0,4.9,205.0,38.31,4.5,4.0,900.0,1.0,4.0,4.0,2.0,,1.0,2.0,2.0,,2.0,4.0,0
138376.0,59.0,2.64,31.1,112.7,101.0,66.0,162.0,43.0,6.4,7.11,138.0,9.4,15.6,337.0,14.1,0.79,217.0,5.9,98.0,13.49,9.0,9.0,720.0,2.0,3.0,4.0,1.0,3.0,2.0,2.0,2.0,,2.0,4.0,0
138377.0,33.0,5.0,23.5,76.1,136.0,81.0,197.0,73.0,4.9,0.27,138.0,10.0,14.7,255.0,13.4,0.97,55.0,5.2,79.0,4.07,5.0,6.0,600.0,1.0,3.0,5.0,1.0,3.0,2.0,2.0,2.0,,2.0,2.0,0
138378.0,42.0,0.36,35.9,126.3,102.0,74.0,205.0,56.0,5.2,10.02,137.0,7.8,13.6,222.0,14.6,0.69,106.0,5.1,93.0,6.2,5.0,5.0,540.0,2.0,3.0,3.0,1.0,3.0,2.0,2.0,2.0,,2.0,4.0,0
138379.0,27.0,3.55,21.3,77.0,122.0,76.0,232.0,76.0,5.0,0.36,140.0,5.8,15.1,249.0,12.8,1.0,71.0,4.1,81.0,5.24,8.0,9.0,480.0,1.0,3.0,5.0,2.0,,2.0,2.0,2.0,,2.0,2.0,0
138384.0,66.0,0.8,22.7,89.0,121.0,78.0,169.0,58.0,5.5,3.06,138.0,9.0,12.9,329.0,14.4,0.78,126.0,3.8,98.0,0.91,8.5,9.0,420.0,2.0,3.0,2.0,1.0,1.0,2.0,2.0,1.0,,1.0,3.0,0
138386.0,62.0,4.06,31.1,107.4,132.0,85.0,166.0,31.0,5.7,0.86,140.0,8.1,14.8,238.0,14.1,0.74,301.0,6.3,103.0,4.12,7.0,7.0,720.0,1.0,3.0,5.0,2.0,,1.0,2.0,1.0,,2.0,3.0,0
138387.0,51.0,0.8,29.7,107.6,123.0,84.0,147.0,29.0,10.1,3.33,137.0,8.5,14.5,237.0,12.9,0.97,198.0,4.7,175.0,5.85,14.0,14.0,180.0,1.0,2.0,1.0,1.0,3.0,1.0,1.0,1.0,1.0,1.0,5.0,0
138390.0,60.0,5.0,33.0,120.6,140.0,79.0,208.0,43.0,5.9,1.03,140.0,5.8,11.1,292.0,15.4,0.9,199.0,5.3,98.0,7.1,7.0,8.0,240.0,1.0,3.0,5.0,2.0,,2.0,2.0,1.0,,2.0,2.0,0
138392.0,70.0,2.73,25.6,95.8,115.0,67.0,135.0,44.0,6.1,1.5,139.0,5.5,15.2,187.0,13.7,0.88,103.0,5.4,135.0,20.57,8.0,8.0,180.0,1.0,3.0,5.0,1.0,3.0,1.0,1.0,1.0,1.0,1.0,2.0,0
138395.0,39.0,5.0,22.8,93.0,102.0,67.0,215.0,51.0,5.2,2.53,139.0,6.3,12.5,463.0,12.5,0.74,129.0,4.5,84.0,5.42,8.0,8.5,720.0,2.0,3.0,5.0,2.0,,2.0,2.0,2.0,,2.0,1.0,0
138398.0,40.0,5.0,22.4,89.1,121.0,74.0,149.0,49.0,5.4,0.8,138.0,8.8,14.9,305.0,13.0,0.73,45.0,5.3,98.0,1.11,6.5,7.0,240.0,1.0,3.0,5.0,2.0,,2.0,2.0,2.0,,2.0,1.0,0
138399.0,67.0,3.28,31.2,116.0,145.0,68.0,134.0,40.0,5.9,1.75,139.0,4.8,13.6,193.0,14.8,0.75,97.0,5.9,101.0,8.3,8.0,8.0,180.0,1.0,3.0,5.0,2.0,,2.0,2.0,2.0,,9.0,2.0,0
138400.0,29.0,3.49,23.0,81.0,111.0,70.0,140.0,49.0,5.2,2.87,141.0,6.3,12.3,224.0,15.9,0.53,108.0,4.3,78.0,14.48,8.0,9.0,300.0,2.0,2.0,4.0,2.0,,2.0,2.0,2.0,,2.0,1.0,0
138401.0,52.0,2.61,37.4,116.0,118.0,82.0,215.0,68.0,6.0,0.61,138.0,5.6,14.6,240.0,14.3,0.75,63.0,4.3,96.0,7.35,6.5,8.0,600.0,2.0,3.0,4.0,1.0,1.0,1.0,1.0,1.0,1.0,2.0,3.0,0
138402.0,31.0,5.0,26.3,86.2,106.0,73.0,175.0,74.0,4.6,0.29,141.0,4.6,13.6,180.0,13.2,0.67,73.0,4.8,86.0,6.3,8.5,8.5,660.0,2.0,6.0,5.0,2.0,,2.0,2.0,2.0,,2.0,1.0,0
138405.0,72.0,,19.6,76.5,127.0,77.0,218.0,90.0,5.6,2.23,135.0,6.4,13.5,297.0,13.7,0.98,94.0,5.7,91.0,12.19,6.5,6.5,180.0,1.0,3.0,5.0,2.0,,2.0,1.0,1.0,1.0,2.0,3.0,0
138408.0,57.0,,37.2,113.6,100.0,65.0,258.0,74.0,5.0,1.13,144.0,7.6,14.0,292.0,13.2,0.59,114.0,5.9,85.0,4.06,7.0,7.5,600.0,2.0,7.0,4.0,1.0,3.0,2.0,2.0,1.0,,2.0,1.0,0
138409.0,37.0,2.18,27.9,93.3,98.0,62.0,193.0,56.0,5.3,0.41,139.0,4.5,14.0,259.0,13.5,0.7,58.0,3.7,92.0,7.41,5.5,10.0,420.0,2.0,4.0,5.0,2.0,,2.0,2.0,2.0,,2.0,2.0,0
138413.0,60.0,5.0,26.3,100.0,117.0,78.0,128.0,41.0,5.6,1.03,140.0,5.4,14.4,106.0,14.3,0.66,74.0,5.8,95.0,10.03,9.0,9.0,240.0,1.0,3.0,5.0,2.0,,2.0,1.0,1.0,1.0,1.0,2.0,0
138415.0,40.0,2.93,26.4,105.4,123.0,78.0,197.0,42.0,5.2,1.02,143.0,5.4,15.3,171.0,13.3,0.83,192.0,4.9,87.0,1.4,7.5,9.5,240.0,1.0,3.0,5.0,2.0,,2.0,2.0,2.0,,2.0,2.0,0
138418.0,35.0,5.0,28.7,92.2,98.0,73.0,224.0,71.0,4.9,1.39,140.0,6.8,14.0,270.0,12.6,0.63,69.0,3.5,90.0,5.64,6.5,8.0,300.0,2.0,3.0,5.0,2.0,,2.0,2.0,2.0,,2.0,2.0,0
138421.0,44.0,1.48,33.1,109.2,115.0,77.0,274.0,35.0,5.0,3.22,142.0,4.6,14.3,282.0,12.9,1.19,115.0,4.9,112.0,3.23,7.5,8.0,300.0,1.0,4.0,5.0,2.0,,2.0,2.0,2.0,,2.0,3.0,0
138422.0,78.0,5.0,43.9,142.2,112.0,74.0,163.0,44.0,6.4,0.36,141.0,4.8,14.6,210.0,13.1,0.94,249.0,7.8,145.0,24.54,7.0,7.0,180.0,1.0,3.0,5.0,2.0,,2.0,1.0,1.0,1.0,1.0,4.0,1
138423.0,80.0,2.28,24.3,92.9,127.0,65.0,148.0,52.0,7.9,1.43,138.0,10.3,12.0,194.0,13.2,1.41,80.0,5.5,193.0,12.97,10.0,8.5,360.0,1.0,1.0,2.0,1.0,3.0,1.0,1.0,1.0,1.0,1.0,3.0,0
138424.0,65.0,4.05,24.5,89.8,144.0,69.0,132.0,50.0,5.9,2.92,139.0,4.5,15.1,175.0,14.0,1.0,39.0,5.6,96.0,51.15,5.0,7.0,840.0,1.0,4.0,5.0,1.0,3.0,2.0,2.0,2.0,,1.0,4.0,0
138425.0,66.0,3.04,33.8,110.5,108.0,75.0,199.0,44.0,5.3,2.94,145.0,7.4,14.1,232.0,12.8,0.65,120.0,5.9,99.0,18.85,9.0,9.0,180.0,2.0,3.0,5.0,2.0,,2.0,2.0,2.0,,2.0,3.0,0
138426.0,37.0,3.27,28.4,107.6,140.0,81.0,193.0,44.0,5.3,7.09,140.0,8.0,14.5,304.0,12.9,1.04,133.0,5.3,94.0,5.23,8.0,8.5,600.0,1.0,3.0,5.0,2.0,,2.0,2.0,2.0,,2.0,2.0,0
138428.0,36.0,0.63,34.6,93.7,136.0,87.0,198.0,69.0,5.2,0.53,141.0,7.1,13.9,184.0,13.8,0.82,92.0,4.1,80.0,6.75,8.0,7.0,960.0,2.0,4.0,5.0,1.0,3.0,2.0,1.0,2.0,2.0,2.0,4.0,0
138439.0,69.0,0.88,25.8,95.4,133.0,68.0,188.0,56.0,5.3,1.3,140.0,5.1,14.6,207.0,14.6,1.23,54.0,6.8,99.0,3.26,4.0,8.5,300.0,1.0,3.0,4.0,2.0,,2.0,2.0,2.0,,2.0,4.0,0
138443.0,45.0,1.13,38.6,133.5,137.0,95.0,189.0,43.0,6.6,3.5,140.0,7.1,12.2,359.0,19.4,0.68,126.0,5.0,134.0,37.74,7.0,8.0,360.0,2.0,7.0,5.0,1.0,3.0,1.0,1.0,1.0,1.0,1.0,4.0,0
138444.0,64.0,1.03,26.2,107.1,140.0,91.0,121.0,42.0,5.8,1.58,139.0,4.9,13.0,162.0,13.0,0.97,85.0,6.0,112.0,7.72,6.0,5.0,540.0,1.0,2.0,4.0,2.0,,2.0,2.0,2.0,,2.0,4.0,0
138447.0,59.0,2.39,42.4,123.9,154.0,94.0,241.0,67.0,5.6,4.71,142.0,9.8,14.9,281.0,14.2,0.74,79.0,4.7,94.0,18.08,7.0,7.0,360.0,2.0,3.0,4.0,1.0,3.0,2.0,1.0,2.0,1.0,2.0,4.0,0
138449.0,48.0,3.0,36.2,108.4,107.0,73.0,198.0,68.0,5.6,13.12,139.0,7.1,12.3,264.0,14.3,0.7,48.0,4.7,96.0,4.5,7.0,11.0,180.0,2.0,4.0,5.0,2.0,,2.0,2.0,1.0,,2.0,3.0,0
138450.0,64.0,,36.9,104.9,142.0,85.0,192.0,57.0,5.9,3.19,142.0,5.0,14.6,218.0,13.4,0.56,70.0,5.1,112.0,12.31,6.0,6.0,360.0,2.0,6.0,3.0,2.0,,2.0,2.0,2.0,,2.0,3.0,0
138451.0,32.0,5.0,36.9,117.7,137.0,85.0,197.0,33.0,4.8,0.63,141.0,5.6,15.8,174.0,13.0,0.94,124.0,4.6,91.0,3.65,8.5,8.0,600.0,1.0,3.0,5.0,2.0,,2.0,2.0,2.0,,2.0,2.0,0
138454.0,75.0,1.31,37.1,117.1,171.0,106.0,254.0,48.0,5.5,1.48,140.0,5.7,12.0,158.0,15.2,2.51,142.0,3.4,99.0,5.96,7.0,7.0,60.0,2.0,4.0,2.0,2.0,,1.0,1.0,1.0,1.0,1.0,3.0,1
138456.0,53.0,,,,105.0,66.0,134.0,39.0,5.0,1.69,143.0,4.8,11.9,253.0,15.3,0.84,88.0,5.7,84.0,7.56,9.0,9.0,960.0,2.0,3.0,3.0,1.0,1.0,2.0,1.0,2.0,1.0,2.0,3.0,0
138458.0,38.0,1.09,16.4,,112.0,74.0,137.0,54.0,5.6,0.45,140.0,7.0,13.1,365.0,13.3,0.58,47.0,3.1,88.0,9.52,3.5,8.0,480.0,2.0,3.0,4.0,1.0,1.0,2.0,1.0,2.0,2.0,2.0,3.0,0
138463.0,58.0,0.82,34.8,113.5,89.0,66.0,170.0,43.0,8.1,3.75,143.0,7.6,13.6,304.0,15.3,0.85,337.0,6.5,141.0,12.41,9.5,9.0,600.0,1.0,3.0,4.0,2.0,,1.0,1.0,1.0,1.0,1.0,5.0,0
138465.0,76.0,,29.0,107.0,135.0,83.0,197.0,63.0,5.4,2.95,139.0,4.6,13.2,190.0,15.2,1.2,103.0,6.6,92.0,13.66,8.0,8.0,240.0,1.0,3.0,5.0,2.0,,2.0,1.0,1.0,1.0,1.0,2.0,0
138466.0,22.0,2.69,32.2,102.0,126.0,78.0,157.0,41.0,4.7,0.82,139.0,7.3,15.8,159.0,13.2,0.75,133.0,6.5,88.0,22.23,9.0,7.0,180.0,1.0,1.0,3.0,2.0,,2.0,2.0,2.0,,2.0,2.0,0
138467.0,59.0,1.71,30.2,105.5,127.0,77.0,208.0,56.0,5.2,0.7,137.0,8.8,16.0,277.0,13.4,1.03,80.0,6.2,93.0,5.79,7.5,6.5,300.0,1.0,3.0,2.0,1.0,1.0,2.0,1.0,1.0,2.0,2.0,4.0,0
138468.0,41.0,5.0,22.3,80.2,106.0,73.0,199.0,43.0,4.7,1.23,141.0,5.1,11.8,224.0,13.3,0.94,188.0,5.5,94.0,4.81,7.0,7.5,360.0,1.0,6.0,5.0,2.0,,2.0,2.0,2.0,,2.0,2.0,0
138469.0,65.0,5.0,28.5,92.1,109.0,67.0,228.0,74.0,5.5,1.73,141.0,5.6,15.2,235.0,12.8,0.81,107.0,5.4,114.0,5.88,7.0,7.0,660.0,2.0,3.0,5.0,2.0,,2.0,2.0,2.0,,2.0,1.0,0
138474.0,62.0,2.92,24.1,96.3,154.0,90.0,234.0,72.0,5.0,0.81,139.0,4.5,13.4,257.0,12.9,0.96,113.0,7.4,97.0,6.65,8.0,10.0,300.0,1.0,3.0,4.0,2.0,,2.0,2.0,2.0,,2.0,1.0,0
138476.0,22.0,2.48,34.6,98.4,105.0,69.0,171.0,50.0,5.1,3.05,138.0,8.4,13.7,366.0,12.9,0.59,126.0,4.5,83.0,9.22,9.0,10.0,300.0,2.0,1.0,4.0,2.0,,2.0,2.0,2.0,,2.0,2.0,0
138478.0,67.0,,30.4,108.0,134.0,84.0,191.0,60.0,6.3,2.12,139.0,6.8,14.5,237.0,14.4,1.07,200.0,5.7,101.0,3.43,7.0,10.0,60.0,1.0,3.0,5.0,2.0,,2.0,2.0,2.0,,2.0,1.0,0
138480.0,80.0,5.0,33.7,123.6,148.0,86.0,167.0,40.0,5.6,1.47,140.0,5.5,14.7,180.0,13.4,0.86,134.0,5.1,105.0,38.47,9.0,9.0,300.0,1.0,2.0,5.0,2.0,,2.0,2.0,2.0,,2.0,3.0,0
138481.0,76.0,3.58,22.2,,113.0,67.0,210.0,78.0,5.2,0.59,139.0,6.9,12.7,282.0,14.4,0.97,72.0,3.5,86.0,5.63,5.5,5.5,240.0,2.0,3.0,5.0,1.0,3.0,2.0,2.0,2.0,,2.0,1.0,0
138483.0,41.0,5.0,28.0,94.0,112.0,73.0,220.0,50.0,5.1,39.06,141.0,6.6,12.3,299.0,13.0,0.71,135.0,3.8,86.0,16.4,6.5,6.5,540.0,2.0,3.0,5.0,2.0,,2.0,2.0,2.0,,2.0,2.0,0
138485.0,53.0,5.0,32.4,111.4,106.0,79.0,206.0,60.0,5.0,4.85,144.0,5.3,13.3,199.0,13.5,0.87,102.0,5.1,83.0,0.66,6.0,7.5,480.0,2.0,3.0,5.0,2.0,,2.0,2.0,1.0,,2.0,2.0,0
138486.0,77.0,,28.9,98.0,122.0,57.0,222.0,68.0,4.8,0.64,139.0,3.8,11.7,185.0,12.6,1.04,67.0,4.7,88.0,24.97,,,120.0,1.0,4.0,2.0,1.0,3.0,2.0,2.0,2.0,,2.0,1.0,0
138489.0,41.0,3.82,35.1,123.7,114.0,91.0,220.0,40.0,5.8,4.12,138.0,9.8,15.1,392.0,14.1,0.91,233.0,7.3,98.0,22.82,8.0,8.0,600.0,1.0,3.0,4.0,2.0,,2.0,1.0,2.0,1.0,2.0,4.0,0
138490.0,46.0,4.41,20.8,74.3,109.0,63.0,206.0,78.0,5.1,0.11,140.0,8.1,10.4,321.0,16.4,0.78,150.0,3.0,89.0,9.0,8.0,8.0,240.0,2.0,3.0,5.0,2.0,,2.0,2.0,2.0,,2.0,1.0,0
138497.0,22.0,1.42,20.4,,108.0,63.0,132.0,48.0,5.3,0.55,140.0,9.1,15.1,244.0,13.8,0.75,60.0,5.1,76.0,9.09,7.0,11.0,720.0,1.0,4.0,3.0,2.0,,2.0,2.0,2.0,,2.0,3.0,0
138498.0,26.0,5.0,23.0,81.5,110.0,69.0,142.0,78.0,5.2,2.1,139.0,4.2,12.3,205.0,12.7,0.74,66.0,3.9,99.0,27.78,8.5,9.0,780.0,2.0,3.0,5.0,2.0,,2.0,2.0,2.0,,2.0,3.0,0
138501.0,28.0,2.82,25.0,86.4,115.0,61.0,89.0,42.0,3.2,0.23,140.0,8.2,9.6,232.0,20.3,0.58,80.0,5.4,103.0,6.1,8.0,10.0,150.0,2.0,3.0,3.0,1.0,2.0,2.0,2.0,2.0,,2.0,3.0,0
138502.0,58.0,5.0,18.7,71.7,147.0,76.0,298.0,66.0,5.5,0.21,141.0,8.6,14.9,281.0,13.2,0.86,123.0,4.5,85.0,4.77,7.5,9.0,600.0,2.0,3.0,4.0,1.0,1.0,2.0,2.0,1.0,,2.0,3.0,0
138513.0,71.0,5.0,23.4,80.6,109.0,71.0,171.0,64.0,5.6,1.19,141.0,6.0,12.4,256.0,13.4,0.75,90.0,3.5,92.0,22.4,9.0,10.0,300.0,2.0,3.0,5.0,2.0,,2.0,2.0,2.0,,2.0,1.0,0
138515.0,68.0,4.56,32.3,108.4,159.0,56.0,161.0,54.0,6.7,4.31,136.0,5.9,15.6,212.0,12.6,0.9,72.0,7.3,96.0,11.9,7.0,6.0,180.0,1.0,4.0,2.0,2.0,,2.0,1.0,2.0,1.0,2.0,2.0,1
138517.0,30.0,0.79,22.3,87.4,127.0,94.0,181.0,48.0,4.8,0.9,139.0,4.5,15.8,214.0,13.7,0.98,104.0,6.7,96.0,7.48,5.0,4.5,600.0,1.0,3.0,5.0,1.0,3.0,2.0,2.0,2.0,,2.0,4.0,0
138520.0,54.0,5.0,24.1,84.7,106.0,67.0,191.0,81.0,5.2,0.65,140.0,6.5,12.9,266.0,13.3,0.7,104.0,2.5,92.0,10.68,7.0,6.5,840.0,2.0,3.0,4.0,2.0,,2.0,2.0,2.0,,2.0,1.0,0
138521.0,78.0,1.69,31.0,95.3,134.0,81.0,174.0,76.0,5.5,0.77,137.0,5.2,13.4,256.0,13.7,0.59,120.0,2.9,88.0,9.31,8.0,10.0,240.0,2.0,3.0,4.0,1.0,3.0,2.0,2.0,1.0,,1.0,2.0,0
138523.0,69.0,2.66,25.5,94.1,100.0,65.0,162.0,43.0,6.8,0.41,141.0,7.7,15.5,246.0,14.4,1.01,134.0,2.7,119.0,57.84,5.0,5.0,480.0,1.0,3.0,4.0,1.0,3.0,1.0,1.0,1.0,1.0,1.0,5.0,1
138527.0,29.0,3.58,22.7,77.5,114.0,57.0,203.0,70.0,5.2,0.45,142.0,4.4,12.9,204.0,12.7,0.73,40.0,3.2,82.0,25.0,9.0,8.5,360.0,2.0,3.0,5.0,2.0,,2.0,2.0,2.0,,2.0,1.0,0
138532.0,62.0,0.14,28.5,97.0,109.0,77.0,210.0,84.0,5.6,0.96,136.0,6.4,13.4,239.0,14.1,0.7,81.0,3.4,92.0,6.12,9.0,8.0,240.0,2.0,2.0,5.0,1.0,3.0,2.0,2.0,2.0,,2.0,2.0,0
138533.0,67.0,5.0,43.9,121.3,106.0,85.0,180.0,61.0,5.6,4.5,141.0,4.8,14.5,285.0,15.0,1.1,56.0,5.5,79.0,0.7,7.0,8.0,540.0,2.0,3.0,3.0,2.0,,2.0,1.0,1.0,1.0,2.0,4.0,0
138535.0,33.0,5.0,31.2,107.0,93.0,63.0,214.0,59.0,5.0,7.88,137.0,7.5,13.8,231.0,13.3,0.9,138.0,4.8,91.0,5.61,7.0,8.5,600.0,2.0,3.0,5.0,2.0,,2.0,2.0,2.0,,2.0,2.0,0
138536.0,38.0,5.0,35.7,122.5,115.0,79.0,212.0,57.0,4.7,0.97,140.0,8.7,16.1,225.0,12.5,0.81,133.0,8.3,88.0,5.74,7.0,7.0,420.0,1.0,3.0,5.0,1.0,3.0,2.0,2.0,2.0,,2.0,3.0,0
138539.0,61.0,4.94,33.6,123.0,92.0,55.0,138.0,35.0,6.6,1.83,134.0,7.7,15.9,251.0,13.8,1.17,172.0,6.5,79.0,7.3,6.0,6.0,600.0,1.0,3.0,5.0,1.0,3.0,1.0,1.0,1.0,1.0,1.0,2.0,0
138540.0,80.0,1.14,24.7,94.0,157.0,63.0,147.0,52.0,7.5,3.74,139.0,7.1,14.0,120.0,13.8,0.89,132.0,3.3,162.0,77.72,,,720.0,1.0,2.0,1.0,1.0,3.0,1.0,1.0,1.0,2.0,1.0,3.0,1
138541.0,54.0,0.85,30.3,119.0,185.0,79.0,159.0,53.0,7.5,5.91,128.0,7.0,14.8,373.0,12.8,0.51,156.0,2.9,185.0,40.6,11.0,11.0,840.0,2.0,3.0,3.0,1.0,3.0,1.0,1.0,1.0,1.0,1.0,4.0,1
138542.0,77.0,5.0,26.6,91.4,130.0,84.0,230.0,69.0,5.4,0.57,139.0,4.2,13.4,209.0,13.6,0.86,70.0,3.7,109.0,9.49,7.5,7.5,240.0,2.0,3.0,5.0,1.0,3.0,2.0,1.0,1.0,1.0,1.0,2.0,0
138543.0,65.0,1.13,26.4,88.9,107.0,77.0,210.0,48.0,5.5,1.9,143.0,5.1,15.0,252.0,13.4,0.77,140.0,2.3,104.0,6.46,7.5,7.5,120.0,2.0,7.0,5.0,1.0,3.0,2.0,1.0,2.0,2.0,2.0,2.0,0
138550.0,39.0,3.74,24.6,84.1,112.0,75.0,176.0,68.0,5.1,0.55,139.0,5.8,13.2,237.0,12.2,0.91,47.0,4.9,85.0,5.9,7.5,10.0,600.0,2.0,3.0,4.0,1.0,1.0,2.0,2.0,2.0,,2.0,3.0,0
138551.0,47.0,,27.5,96.0,121.0,72.0,174.0,44.0,8.1,7.56,137.0,7.7,15.1,242.0,13.0,0.57,232.0,6.6,156.0,11.53,10.0,12.0,120.0,2.0,2.0,4.0,2.0,,1.0,1.0,1.0,1.0,1.0,4.0,0
138555.0,33.0,0.86,22.5,82.1,112.0,74.0,152.0,61.0,5.3,0.33,140.0,5.6,13.1,300.0,14.1,0.95,55.0,3.9,78.0,7.34,4.0,10.0,120.0,2.0,3.0,4.0,1.0,3.0,2.0,2.0,2.0,,2.0,3.0,0
138556.0,48.0,3.0,29.4,99.2,115.0,72.0,190.0,39.0,5.7,5.07,136.0,6.6,16.2,228.0,12.9,0.83,188.0,6.3,98.0,11.35,9.0,10.0,180.0,1.0,6.0,4.0,1.0,1.0,2.0,2.0,2.0,,2.0,3.0,0
138563.0,76.0,5.0,42.0,133.5,88.0,58.0,165.0,42.0,6.3,5.32,144.0,6.5,12.7,362.0,15.5,1.17,114.0,6.7,126.0,12.03,5.0,5.0,600.0,1.0,3.0,5.0,1.0,3.0,2.0,2.0,2.0,,2.0,4.0,1
138565.0,48.0,5.0,24.0,77.7,122.0,90.0,236.0,85.0,4.9,0.71,141.0,7.7,13.9,328.0,12.1,0.73,121.0,3.7,92.0,7.13,8.5,8.0,480.0,2.0,6.0,5.0,1.0,3.0,2.0,2.0,2.0,,2.0,2.0,0
138567.0,33.0,0.88,21.7,86.8,131.0,87.0,125.0,40.0,5.8,2.02,143.0,3.3,12.1,182.0,14.3,0.9,73.0,4.9,95.0,7.62,6.0,8.5,180.0,1.0,3.0,3.0,1.0,3.0,2.0,2.0,2.0,,2.0,3.0,0
138571.0,60.0,5.0,30.6,110.5,137.0,73.0,228.0,57.0,5.6,1.05,143.0,6.9,14.5,276.0,13.2,0.89,84.0,4.7,105.0,0.6,9.0,9.0,300.0,2.0,3.0,5.0,2.0,,2.0,2.0,2.0,,2.0,3.0,0
138573.0,60.0,,28.8,106.0,136.0,74.0,230.0,60.0,5.3,1.12,137.0,6.0,14.0,314.0,13.5,1.02,95.0,5.3,88.0,7.67,7.5,8.0,420.0,1.0,3.0,5.0,2.0,,2.0,1.0,1.0,2.0,2.0,1.0,0
138576.0,20.0,2.19,26.8,88.0,94.0,62.0,165.0,63.0,5.2,5.42,139.0,10.0,13.1,378.0,13.1,0.56,123.0,3.8,86.0,10.17,7.0,7.0,60.0,2.0,2.0,4.0,2.0,,3.0,2.0,1.0,,2.0,3.0,0
138578.0,64.0,2.16,38.5,121.1,149.0,69.0,177.0,45.0,5.7,2.02,141.0,8.2,13.5,229.0,14.1,1.02,249.0,5.5,94.0,6.8,7.5,10.0,180.0,1.0,1.0,3.0,2.0,,2.0,1.0,2.0,1.0,2.0,4.0,0
138584.0,67.0,1.3,21.4,89.6,114.0,64.0,161.0,48.0,5.7,1.04,143.0,5.8,15.0,207.0,14.2,0.8,65.0,5.0,96.0,4.41,8.0,8.0,300.0,1.0,3.0,5.0,2.0,,2.0,2.0,1.0,,2.0,2.0,0
138588.0,72.0,5.0,25.9,98.0,121.0,68.0,126.0,49.0,5.2,1.02,143.0,4.6,15.1,164.0,13.6,1.05,79.0,5.2,92.0,18.62,9.0,9.0,300.0,1.0,7.0,5.0,1.0,3.0,2.0,2.0,2.0,,1.0,3.0,0
138596.0,35.0,3.33,38.1,125.7,130.0,94.0,154.0,52.0,5.1,7.98,138.0,8.3,12.8,340.0,13.2,0.65,156.0,4.0,85.0,5.58,6.0,8.0,720.0,2.0,3.0,5.0,2.0,,2.0,2.0,2.0,,2.0,2.0,0
138599.0,71.0,5.0,25.9,98.4,129.0,59.0,107.0,39.0,5.2,0.49,139.0,3.8,13.6,112.0,13.7,0.99,154.0,6.9,153.0,60.5,7.5,8.0,600.0,1.0,3.0,5.0,2.0,,1.0,1.0,1.0,1.0,1.0,2.0,0
138600.0,34.0,0.97,35.3,117.4,96.0,72.0,148.0,57.0,5.4,9.98,138.0,10.4,14.3,341.0,13.2,0.65,61.0,5.6,82.0,7.24,9.0,10.0,9999.0,2.0,7.0,4.0,1.0,3.0,2.0,2.0,2.0,,2.0,4.0,0
138601.0,67.0,5.0,24.2,85.6,137.0,81.0,198.0,62.0,5.7,2.32,142.0,7.1,14.4,212.0,13.1,1.08,61.0,6.1,98.0,3.85,7.5,9.0,240.0,1.0,3.0,4.0,1.0,3.0,2.0,2.0,2.0,,2.0,2.0,0
138602.0,37.0,2.08,39.6,108.0,112.0,78.0,178.0,47.0,5.0,7.34,141.0,7.3,9.2,438.0,16.5,0.75,193.0,3.7,97.0,7.08,9.0,10.0,300.0,2.0,4.0,4.0,1.0,3.0,2.0,2.0,2.0,,2.0,3.0,0
138604.0,79.0,0.89,41.9,119.9,126.0,68.0,104.0,46.0,8.1,1.94,137.0,5.7,12.1,171.0,15.1,0.76,78.0,2.8,98.0,136.78,8.0,8.0,960.0,2.0,3.0,4.0,1.0,3.0,1.0,2.0,2.0,,2.0,5.0,1
138606.0,49.0,5.0,30.8,104.8,116.0,72.0,208.0,44.0,5.9,1.61,142.0,6.0,13.9,258.0,12.8,0.9,76.0,5.5,112.0,7.16,6.5,6.5,360.0,1.0,3.0,5.0,2.0,,2.0,2.0,1.0,,2.0,1.0,0
138609.0,60.0,5.0,30.8,102.6,117.0,90.0,259.0,65.0,5.6,5.32,141.0,7.4,13.9,282.0,14.3,0.62,81.0,3.6,97.0,13.18,8.0,8.5,600.0,2.0,3.0,3.0,1.0,3.0,2.0,2.0,2.0,,2.0,3.0,0
138611.0,36.0,1.97,33.7,104.5,111.0,76.0,255.0,40.0,6.0,8.82,140.0,7.6,16.2,327.0,13.4,0.85,203.0,4.6,115.0,12.05,8.5,7.0,300.0,1.0,2.0,4.0,1.0,1.0,2.0,1.0,1.0,2.0,2.0,4.0,0
138613.0,58.0,0.86,33.9,117.7,117.0,85.0,265.0,44.0,5.6,5.66,139.0,5.0,13.5,280.0,17.9,0.68,159.0,4.7,99.0,4.38,8.5,8.5,480.0,2.0,3.0,4.0,1.0,3.0,2.0,2.0,2.0,,2.0,2.0,0
138618.0,57.0,1.04,23.4,80.9,117.0,65.0,214.0,42.0,5.9,0.82,144.0,5.4,14.3,218.0,12.8,0.9,166.0,5.1,68.0,7.67,8.0,6.0,120.0,1.0,6.0,5.0,2.0,,2.0,2.0,1.0,,2.0,1.0,0
138619.0,53.0,5.0,35.6,125.3,122.0,81.0,259.0,31.0,13.9,4.92,136.0,6.2,14.9,199.0,14.6,1.12,1078.0,5.4,359.0,5.33,8.0,8.0,600.0,1.0,3.0,3.0,2.0,,1.0,2.0,2.0,,2.0,2.0,0
138627.0,21.0,0.79,27.4,93.0,85.0,56.0,165.0,50.0,5.2,0.87,141.0,9.9,13.7,283.0,13.2,0.69,89.0,5.1,118.0,10.33,9.5,9.0,60.0,2.0,3.0,3.0,2.0,,2.0,2.0,2.0,,2.0,1.0,0
138631.0,66.0,5.0,24.2,93.8,131.0,81.0,156.0,58.0,5.1,0.56,143.0,11.1,15.2,220.0,13.0,1.06,123.0,5.4,98.0,6.37,8.0,8.0,240.0,1.0,3.0,5.0,2.0,,2.0,2.0,2.0,,1.0,2.0,1
138637.0,38.0,,27.1,78.0,116.0,75.0,219.0,56.0,5.3,0.47,141.0,8.5,13.1,371.0,14.6,0.83,43.0,3.6,84.0,6.73,7.0,8.5,420.0,2.0,2.0,5.0,2.0,,2.0,2.0,2.0,,2.0,2.0,0
138639.0,51.0,5.0,36.6,111.6,127.0,99.0,200.0,40.0,5.6,4.31,141.0,12.0,17.7,245.0,13.1,0.97,113.0,6.6,105.0,10.93,5.5,5.5,420.0,1.0,3.0,4.0,1.0,3.0,2.0,1.0,2.0,1.0,2.0,2.0,0
138641.0,44.0,5.0,26.1,101.5,136.0,93.0,180.0,34.0,5.2,0.97,140.0,6.7,16.1,266.0,13.1,1.05,358.0,6.3,95.0,4.76,8.0,9.0,600.0,1.0,7.0,5.0,2.0,,2.0,2.0,2.0,,2.0,3.0,0
138647.0,66.0,3.57,33.3,111.3,117.0,77.0,218.0,112.0,5.4,1.2,140.0,5.7,13.3,235.0,13.6,0.87,75.0,5.0,85.0,6.1,8.0,8.0,300.0,2.0,3.0,5.0,2.0,,2.0,2.0,2.0,,2.0,3.0,0
138651.0,58.0,5.0,25.6,97.3,111.0,68.0,227.0,38.0,5.7,0.92,142.0,6.9,15.6,210.0,12.5,1.17,211.0,5.9,84.0,0.84,7.0,8.0,480.0,1.0,7.0,5.0,2.0,,2.0,2.0,2.0,,2.0,3.0,0
138656.0,45.0,5.0,39.4,127.8,120.0,81.0,261.0,45.0,6.3,1.5,138.0,7.9,16.3,269.0,12.7,0.93,274.0,6.6,107.0,1.91,7.0,8.0,600.0,1.0,2.0,4.0,1.0,3.0,2.0,1.0,1.0,1.0,2.0,3.0,0
138658.0,67.0,1.95,27.1,96.2,111.0,68.0,249.0,37.0,4.9,3.12,138.0,6.9,14.1,246.0,12.5,0.86,222.0,4.7,80.0,29.81,8.5,8.5,300.0,2.0,3.0,4.0,1.0,3.0,2.0,2.0,1.0,,2.0,2.0,0
138659.0,80.0,3.38,30.6,109.4,101.0,59.0,129.0,49.0,6.4,1.9,136.0,5.2,13.7,171.0,12.8,1.34,147.0,5.9,103.0,6.89,7.0,7.0,540.0,1.0,2.0,1.0,1.0,3.0,2.0,1.0,1.0,1.0,1.0,4.0,0
138660.0,44.0,5.0,34.5,110.8,120.0,81.0,188.0,65.0,5.3,3.43,140.0,8.5,13.3,172.0,12.7,0.89,77.0,4.1,92.0,8.77,6.5,8.5,600.0,2.0,3.0,5.0,2.0,,2.0,2.0,2.0,,2.0,2.0,0
138664.0,70.0,4.56,35.3,117.0,130.0,63.0,242.0,49.0,5.1,3.17,136.0,5.0,14.2,210.0,12.4,0.57,185.0,3.3,94.0,21.79,5.5,5.5,540.0,2.0,3.0,5.0,2.0,,3.0,2.0,2.0,,2.0,2.0,0
138666.0,44.0,5.0,34.5,117.8,123.0,79.0,263.0,24.0,9.4,4.97,136.0,4.4,16.7,163.0,13.2,0.85,1646.0,3.5,352.0,26.31,5.5,8.0,600.0,1.0,3.0,4.0,1.0,3.0,1.0,2.0,1.0,,1.0,3.0,0
138668.0,49.0,2.61,22.8,85.7,178.0,94.0,99.0,38.0,4.8,31.2,139.0,4.3,10.8,114.0,17.4,11.42,112.0,6.0,95.0,,14.0,11.0,120.0,1.0,2.0,1.0,2.0,,2.0,1.0,1.0,1.0,1.0,3.0,1
138671.0,48.0,5.0,27.9,94.5,119.0,86.0,235.0,54.0,5.7,7.86,137.0,6.9,15.8,188.0,14.8,1.27,210.0,9.3,90.0,11.54,6.5,9.0,720.0,1.0,4.0,3.0,1.0,3.0,2.0,2.0,2.0,,2.0,2.0,0
138672.0,80.0,0.81,27.2,,104.0,70.0,121.0,53.0,7.4,4.28,139.0,7.2,12.0,203.0,13.9,1.05,83.0,5.8,153.0,,,6.0,1020.0,1.0,7.0,4.0,1.0,1.0,1.0,2.0,1.0,,1.0,2.0,1
138673.0,80.0,1.16,24.3,90.0,143.0,64.0,183.0,84.0,5.7,1.17,135.0,4.5,12.2,238.0,13.8,0.74,60.0,4.6,88.0,19.5,9.0,9.0,300.0,2.0,3.0,2.0,2.0,,2.0,2.0,1.0,,1.0,3.0,0
138674.0,72.0,1.55,27.7,81.8,120.0,73.0,270.0,84.0,5.8,1.19,140.0,6.8,12.7,344.0,15.3,0.82,103.0,2.8,92.0,5.25,8.5,8.5,300.0,2.0,2.0,4.0,2.0,,2.0,2.0,1.0,,1.0,3.0,0
138675.0,76.0,,26.4,105.9,150.0,72.0,131.0,71.0,7.7,0.36,139.0,4.6,15.6,209.0,14.5,1.53,64.0,3.6,162.0,53.08,7.0,6.0,480.0,1.0,3.0,3.0,2.0,,1.0,1.0,2.0,1.0,2.0,3.0,1
138678.0,41.0,3.08,39.8,128.8,130.0,99.0,167.0,45.0,5.9,5.86,136.0,5.3,15.0,397.0,17.6,0.82,161.0,7.1,85.0,15.12,6.5,7.0,30.0,2.0,4.0,4.0,1.0,2.0,2.0,1.0,2.0,1.0,2.0,3.0,0
138679.0,26.0,3.15,17.5,70.6,106.0,62.0,146.0,60.0,5.4,1.47,139.0,3.1,14.6,201.0,13.3,0.89,37.0,4.9,82.0,4.91,6.0,11.0,240.0,1.0,3.0,4.0,2.0,,2.0,2.0,2.0,,2.0,2.0,0
138680.0,68.0,1.51,26.0,99.5,105.0,60.0,131.0,60.0,5.5,2.27,143.0,7.1,13.5,143.0,13.2,0.8,61.0,6.2,105.0,7.82,7.0,9.5,360.0,2.0,7.0,3.0,1.0,3.0,2.0,1.0,2.0,1.0,2.0,2.0,0
138681.0,70.0,1.4,26.5,101.3,171.0,101.0,182.0,33.0,5.8,1.48,141.0,5.0,15.1,183.0,14.5,1.03,176.0,4.6,94.0,4.87,6.5,8.0,240.0,1.0,3.0,4.0,1.0,3.0,2.0,1.0,2.0,1.0,2.0,1.0,0
138683.0,39.0,5.0,26.5,99.4,82.0,57.0,162.0,41.0,5.4,1.12,140.0,4.6,11.8,230.0,15.7,0.87,313.0,6.6,86.0,7.95,6.5,11.0,480.0,2.0,6.0,5.0,1.0,3.0,2.0,2.0,1.0,,2.0,3.0,0
138689.0,47.0,5.0,35.1,117.8,107.0,74.0,262.0,45.0,5.6,3.93,140.0,8.1,15.1,227.0,13.5,1.11,317.0,6.2,99.0,4.68,8.5,9.0,600.0,1.0,3.0,5.0,2.0,,2.0,2.0,2.0,,2.0,3.0,0
138690.0,61.0,1.1,27.7,97.3,126.0,86.0,189.0,61.0,5.7,1.0,144.0,6.1,13.4,396.0,14.7,0.87,61.0,4.2,91.0,4.43,6.0,7.5,240.0,2.0,3.0,3.0,2.0,,2.0,2.0,2.0,,2.0,2.0,0
138694.0,64.0,5.0,26.8,90.0,133.0,81.0,143.0,66.0,5.2,0.25,145.0,5.7,14.2,237.0,14.6,0.7,105.0,5.7,96.0,10.12,8.0,8.5,600.0,2.0,3.0,5.0,1.0,3.0,2.0,2.0,2.0,,2.0,3.0,0
138695.0,39.0,0.58,39.7,127.4,148.0,99.0,140.0,31.0,6.4,2.38,135.0,6.9,18.1,140.0,13.8,0.65,162.0,5.1,102.0,26.02,8.0,7.0,900.0,1.0,3.0,1.0,1.0,1.0,1.0,1.0,1.0,1.0,1.0,4.0,0
138697.0,41.0,1.49,25.7,91.6,112.0,62.0,285.0,41.0,6.0,15.06,143.0,10.1,15.5,250.0,13.4,1.12,270.0,6.6,107.0,4.87,7.0,9.0,60.0,1.0,1.0,2.0,1.0,1.0,2.0,2.0,2.0,,2.0,4.0,0
138698.0,66.0,1.44,35.5,112.5,94.0,67.0,275.0,55.0,6.2,9.14,139.0,9.7,13.6,336.0,12.9,0.76,193.0,8.0,82.0,13.86,6.5,8.5,480.0,2.0,2.0,4.0,2.0,,1.0,1.0,1.0,1.0,2.0,4.0,0
138701.0,75.0,2.73,28.8,,129.0,79.0,183.0,51.0,6.8,2.79,141.0,9.3,16.2,225.0,13.2,1.04,146.0,4.5,141.0,63.24,11.0,11.0,480.0,1.0,3.0,5.0,2.0,,2.0,1.0,1.0,1.0,1.0,3.0,1
138703.0,53.0,3.47,24.4,,111.0,77.0,213.0,63.0,5.5,1.77,139.0,4.9,13.9,311.0,13.2,0.54,65.0,3.7,97.0,8.11,7.5,7.5,120.0,2.0,1.0,4.0,2.0,,2.0,2.0,2.0,,2.0,1.0,0
138708.0,50.0,5.0,44.2,126.7,119.0,85.0,197.0,60.0,6.1,19.1,140.0,9.5,12.2,343.0,14.7,0.83,100.0,6.2,106.0,7.31,7.5,7.0,720.0,2.0,4.0,4.0,2.0,,2.0,1.0,1.0,1.0,1.0,2.0,0
138711.0,25.0,1.95,28.0,97.4,118.0,77.0,166.0,40.0,5.4,0.59,140.0,10.2,14.3,235.0,12.9,0.81,94.0,6.1,103.0,5.92,9.0,9.0,240.0,1.0,3.0,3.0,1.0,1.0,2.0,2.0,2.0,,2.0,2.0,0
138712.0,69.0,,23.6,91.3,137.0,75.0,163.0,48.0,5.4,0.58,142.0,5.9,14.7,180.0,14.0,1.21,120.0,6.0,86.0,4.95,7.5,7.5,240.0,1.0,3.0,5.0,2.0,,2.0,2.0,2.0,,2.0,1.0,0
138713.0,58.0,0.7,25.5,88.6,139.0,85.0,162.0,54.0,6.0,3.64,138.0,8.5,14.9,195.0,14.0,0.92,86.0,4.0,88.0,13.75,,,90.0,1.0,2.0,1.0,1.0,2.0,1.0,2.0,2.0,,2.0,3.0,1
138714.0,80.0,2.38,26.0,96.6,168.0,79.0,250.0,69.0,5.5,0.63,139.0,6.4,14.3,294.0,13.2,0.82,63.0,4.0,94.0,9.88,7.0,7.5,180.0,2.0,3.0,5.0,2.0,,2.0,2.0,2.0,,2.0,1.0,0
138716.0,63.0,5.0,26.4,96.4,147.0,70.0,178.0,62.0,5.2,0.26,144.0,3.5,13.1,225.0,13.9,0.89,82.0,3.4,94.0,0.84,8.0,8.0,360.0,2.0,3.0,5.0,2.0,,2.0,1.0,1.0,1.0,1.0,2.0,0
138717.0,72.0,4.02,37.1,118.0,120.0,71.0,198.0,75.0,5.7,1.64,134.0,4.6,11.4,239.0,13.7,1.32,79.0,5.4,90.0,6.81,9.5,9.5,360.0,2.0,3.0,5.0,1.0,3.0,2.0,1.0,2.0,1.0,2.0,2.0,1
138718.0,51.0,0.74,29.8,109.7,127.0,76.0,202.0,54.0,5.0,1.68,136.0,7.2,13.7,225.0,12.6,0.99,130.0,5.0,98.0,3.42,5.0,6.0,180.0,1.0,4.0,2.0,2.0,,2.0,1.0,1.0,1.0,1.0,3.0,0
138719.0,32.0,5.397605346934028e-79,29.1,94.5,129.0,84.0,268.0,48.0,5.4,0.9,140.0,4.2,14.9,226.0,13.2,1.12,197.0,8.2,95.0,3.38,8.5,8.5,360.0,1.0,3.0,5.0,1.0,3.0,2.0,2.0,2.0,,2.0,1.0,0
138720.0,65.0,5.0,21.6,82.7,150.0,80.0,303.0,75.0,5.6,5.9,144.0,7.7,13.8,248.0,12.5,0.57,203.0,3.7,104.0,22.87,7.5,8.5,120.0,2.0,2.0,3.0,1.0,3.0,2.0,2.0,2.0,,2.0,1.0,0
138722.0,63.0,4.46,29.9,103.4,132.0,79.0,145.0,55.0,5.2,1.68,141.0,6.1,16.3,187.0,13.1,0.8,90.0,5.3,99.0,0.75,6.5,5.5,120.0,1.0,3.0,4.0,1.0,3.0,2.0,2.0,2.0,,2.0,2.0,0
138724.0,80.0,0.68,39.1,121.1,166.0,84.0,123.0,44.0,5.7,0.44,139.0,7.3,13.9,176.0,15.0,1.11,71.0,4.4,102.0,15.92,7.0,4.0,180.0,1.0,7.0,4.0,2.0,,2.0,1.0,2.0,1.0,1.0,3.0,0
138725.0,28.0,5.0,23.8,87.7,114.0,69.0,215.0,83.0,5.0,0.84,135.0,7.4,13.1,245.0,13.6,0.42,122.0,2.4,82.0,22.3,8.5,9.5,600.0,2.0,3.0,5.0,2.0,,2.0,2.0,2.0,,2.0,1.0,0
138727.0,73.0,5.0,23.9,86.5,130.0,74.0,173.0,60.0,5.8,0.56,142.0,4.5,14.0,188.0,13.2,0.88,73.0,4.9,94.0,8.54,7.0,6.0,360.0,2.0,6.0,4.0,2.0,,2.0,2.0,1.0,,1.0,3.0,1
138728.0,45.0,1.47,38.4,,113.0,79.0,200.0,48.0,5.5,7.64,138.0,10.1,15.5,340.0,14.1,0.78,97.0,6.1,105.0,6.99,10.5,9.0,1380.0,2.0,3.0,4.0,1.0,1.0,2.0,2.0,2.0,,2.0,4.0,1
138730.0,24.0,3.62,18.1,71.5,107.0,75.0,179.0,65.0,5.0,0.63,138.0,4.5,12.7,281.0,14.8,0.59,80.0,3.4,85.0,8.37,6.5,10.0,600.0,2.0,2.0,5.0,2.0,,2.0,2.0,2.0,,2.0,4.0,0
138731.0,43.0,4.42,34.9,107.4,104.0,76.0,181.0,54.0,6.1,8.48,137.0,8.5,12.8,318.0,13.3,0.63,107.0,4.6,92.0,5.81,8.5,8.5,600.0,2.0,1.0,5.0,2.0,,2.0,2.0,2.0,,2.0,2.0,0
138732.0,68.0,,25.8,106.2,128.0,72.0,125.0,57.0,5.7,0.43,143.0,4.1,13.6,165.0,15.7,0.83,67.0,6.7,93.0,37.77,7.5,9.0,240.0,1.0,3.0,4.0,1.0,3.0,2.0,1.0,1.0,1.0,1.0,2.0,1
138734.0,80.0,0.19,24.4,92.4,138.0,66.0,189.0,89.0,6.6,0.87,138.0,5.0,11.5,256.0,15.2,0.99,74.0,8.6,107.0,10.76,6.5,3.5,360.0,2.0,4.0,2.0,2.0,,1.0,1.0,1.0,1.0,1.0,4.0,0
138736.0,61.0,1.83,19.5,81.6,123.0,74.0,189.0,65.0,5.1,1.2,139.0,7.8,13.3,332.0,14.7,0.64,179.0,4.1,87.0,8.0,,2.0,360.0,2.0,3.0,4.0,1.0,3.0,2.0,2.0,2.0,,2.0,1.0,0
138738.0,73.0,5.0,21.4,86.4,117.0,60.0,160.0,60.0,5.0,0.71,138.0,4.8,15.5,167.0,13.2,1.23,69.0,5.3,91.0,5.4,8.0,8.0,240.0,1.0,3.0,5.0,2.0,,2.0,2.0,2.0,,1.0,2.0,0
138739.0,68.0,5.0,26.0,106.9,116.0,67.0,244.0,77.0,5.9,0.65,137.0,5.4,12.4,303.0,13.0,0.75,136.0,4.6,94.0,7.07,8.0,8.0,240.0,2.0,3.0,5.0,1.0,3.0,2.0,2.0,1.0,,1.0,1.0,0
138740.0,30.0,4.64,28.0,93.9,97.0,63.0,207.0,53.0,4.4,17.85,138.0,12.2,10.6,292.0,13.9,0.45,236.0,3.2,70.0,7.69,9.0,8.5,600.0,2.0,3.0,5.0,2.0,,2.0,2.0,2.0,,2.0,2.0,0
138743.0,43.0,,32.9,110.2,122.0,75.0,172.0,35.0,6.1,4.3,139.0,6.4,10.5,252.0,18.2,0.89,183.0,6.1,101.0,3.36,8.0,8.0,240.0,1.0,2.0,3.0,1.0,3.0,2.0,2.0,2.0,,2.0,1.0,0
138744.0,27.0,5.0,19.7,68.3,92.0,61.0,172.0,66.0,4.9,0.32,140.0,6.9,13.4,259.0,12.5,0.74,54.0,4.9,89.0,3.73,8.0,9.0,600.0,2.0,6.0,5.0,2.0,,2.0,2.0,2.0,,2.0,2.0,0
138745.0,35.0,,25.1,88.8,107.0,70.0,136.0,54.0,5.5,0.34,140.0,5.4,13.3,305.0,13.7,0.72,74.0,4.0,104.0,4.6,8.5,9.0,360.0,2.0,3.0,4.0,2.0,,2.0,2.0,2.0,,2.0,1.0,0
138748.0,80.0,2.11,27.5,97.5,182.0,94.0,252.0,60.0,6.2,1.66,144.0,4.2,13.8,122.0,14.3,1.37,165.0,6.0,128.0,15.99,9.0,7.0,180.0,1.0,4.0,1.0,1.0,3.0,2.0,1.0,2.0,1.0,2.0,3.0,1
138749.0,40.0,5.0,21.7,76.4,104.0,66.0,142.0,50.0,5.0,0.91,141.0,5.4,15.8,211.0,13.1,1.08,53.0,4.5,96.0,4.45,9.0,8.5,360.0,1.0,3.0,5.0,1.0,3.0,2.0,2.0,2.0,,2.0,2.0,0
138750.0,33.0,,48.9,122.1,102.0,75.0,172.0,48.0,5.3,6.12,137.0,4.9,12.0,345.0,13.2,0.84,49.0,5.2,76.0,3.28,7.0,,360.0,2.0,4.0,4.0,1.0,3.0,2.0,2.0,2.0,,2.0,2.0,0
138751.0,62.0,1.31,29.4,101.9,102.0,71.0,224.0,62.0,5.9,0.95,138.0,10.1,13.6,787.0,13.6,0.82,107.0,4.7,94.0,8.47,7.0,7.0,960.0,2.0,3.0,3.0,1.0,2.0,2.0,2.0,1.0,,2.0,4.0,0
138752.0,40.0,,23.8,85.0,104.0,57.0,149.0,53.0,5.6,0.73,141.0,7.3,13.2,291.0,11.7,1.25,116.0,6.6,94.0,30.49,7.0,7.0,480.0,1.0,3.0,5.0,1.0,3.0,2.0,2.0,2.0,,2.0,3.0,0
138755.0,80.0,1.29,31.6,109.5,164.0,70.0,147.0,45.0,7.7,0.8,135.0,8.1,12.1,129.0,15.9,2.07,144.0,5.1,128.0,58.24,9.0,9.0,300.0,2.0,3.0,2.0,2.0,,1.0,1.0,1.0,1.0,1.0,3.0,1
138756.0,79.0,4.31,28.1,96.2,154.0,73.0,191.0,59.0,5.3,1.16,141.0,7.6,15.1,174.0,15.3,0.81,154.0,3.5,115.0,31.58,7.5,7.0,360.0,2.0,3.0,5.0,2.0,,2.0,1.0,1.0,2.0,1.0,2.0,0
138757.0,40.0,4.37,27.1,83.1,100.0,57.0,126.0,54.0,4.7,0.47,138.0,5.8,13.0,240.0,12.8,0.47,39.0,3.6,75.0,5.73,9.0,10.0,480.0,2.0,3.0,9.0,2.0,,2.0,2.0,2.0,,2.0,1.0,0
138761.0,36.0,5.0,24.5,83.1,104.0,67.0,174.0,66.0,5.0,0.55,140.0,4.9,13.6,248.0,12.6,0.8,53.0,3.5,93.0,8.64,6.0,7.0,240.0,2.0,3.0,5.0,1.0,1.0,2.0,2.0,2.0,,2.0,3.0,0
138763.0,21.0,2.15,27.1,89.0,111.0,67.0,248.0,45.0,5.5,1.21,140.0,6.0,15.5,218.0,13.5,1.07,107.0,5.9,93.0,4.03,8.0,10.0,600.0,1.0,6.0,4.0,2.0,,2.0,2.0,2.0,,2.0,2.0,0
138765.0,55.0,1.4,25.2,105.1,117.0,82.0,398.0,71.0,5.0,3.13,135.0,6.0,13.1,193.0,14.5,0.91,552.0,5.8,90.0,7.35,9.0,9.0,600.0,2.0,3.0,4.0,1.0,1.0,2.0,2.0,1.0,,2.0,4.0,0
138768.0,69.0,3.43,30.4,124.8,120.0,68.0,161.0,57.0,6.5,0.81,139.0,5.5,15.8,289.0,13.2,0.8,87.0,4.9,155.0,38.09,7.0,7.0,30.0,1.0,3.0,5.0,2.0,,1.0,1.0,2.0,1.0,1.0,2.0,0
138770.0,80.0,5.0,25.1,105.0,128.0,73.0,159.0,51.0,5.7,0.79,141.0,9.7,15.6,245.0,14.1,1.05,93.0,5.3,95.0,7.26,8.0,8.0,120.0,1.0,3.0,4.0,2.0,,3.0,2.0,2.0,,1.0,2.0,0
138774.0,67.0,0.66,33.2,116.8,148.0,93.0,149.0,49.0,5.4,0.84,138.0,5.9,16.9,189.0,13.4,0.85,89.0,4.6,91.0,10.0,5.0,5.0,240.0,1.0,2.0,3.0,2.0,,2.0,1.0,2.0,1.0,2.0,5.0,1
138775.0,55.0,3.28,30.4,96.5,157.0,94.0,200.0,50.0,4.9,5.39,137.0,7.8,12.9,169.0,12.7,0.6,123.0,3.7,91.0,14.1,8.0,11.0,120.0,2.0,2.0,4.0,2.0,,2.0,2.0,2.0,,2.0,1.0,0
138778.0,44.0,4.06,18.5,72.3,116.0,72.0,182.0,37.0,5.8,1.49,137.0,8.9,13.5,301.0,12.5,1.15,118.0,5.0,95.0,2.68,8.5,7.0,90.0,1.0,3.0,4.0,1.0,2.0,2.0,2.0,2.0,,2.0,2.0,0
138783.0,56.0,2.48,39.0,136.5,111.0,77.0,259.0,40.0,6.0,1.16,136.0,8.1,13.0,197.0,17.1,0.79,148.0,4.2,90.0,10.97,2.0,2.0,1260.0,2.0,7.0,4.0,1.0,1.0,3.0,1.0,1.0,2.0,2.0,5.0,0
138785.0,64.0,0.97,35.4,124.3,105.0,73.0,182.0,54.0,5.9,1.38,141.0,5.7,12.8,258.0,15.8,1.04,106.0,5.5,94.0,5.01,10.0,11.0,300.0,2.0,3.0,4.0,1.0,3.0,1.0,2.0,1.0,,2.0,4.0,1
138786.0,74.0,4.42,27.4,95.8,125.0,69.0,179.0,37.0,6.6,4.3,141.0,8.5,15.0,164.0,13.2,1.04,325.0,4.6,108.0,8.47,5.5,5.5,60.0,1.0,7.0,4.0,1.0,1.0,1.0,2.0,1.0,,1.0,2.0,0
138791.0,39.0,1.46,39.2,128.4,115.0,78.0,155.0,46.0,5.3,78.6,140.0,10.8,14.9,459.0,14.7,0.67,98.0,4.2,91.0,5.73,7.0,7.5,240.0,2.0,3.0,4.0,2.0,,2.0,1.0,2.0,2.0,2.0,3.0,0
138793.0,49.0,1.71,30.8,106.1,120.0,77.0,206.0,37.0,6.3,2.11,140.0,6.5,13.2,218.0,13.0,0.56,353.0,3.9,89.0,7.57,9.0,12.0,60.0,2.0,1.0,1.0,2.0,,2.0,2.0,2.0,,2.0,4.0,0
138794.0,52.0,3.11,31.2,107.5,115.0,89.0,247.0,93.0,5.4,0.36,139.0,6.5,13.9,308.0,14.2,0.88,136.0,5.4,84.0,14.48,6.0,6.0,180.0,2.0,3.0,4.0,2.0,,2.0,2.0,1.0,,2.0,3.0,0
138800.0,61.0,4.27,31.1,108.4,129.0,75.0,234.0,60.0,11.2,2.36,139.0,6.3,16.1,166.0,13.8,0.88,155.0,4.8,181.0,8.93,7.0,5.0,540.0,1.0,3.0,4.0,1.0,3.0,1.0,2.0,1.0,,1.0,3.0,0
138801.0,44.0,,32.1,110.6,133.0,80.0,186.0,47.0,7.2,1.99,137.0,4.8,13.5,256.0,12.9,1.07,63.0,6.3,111.0,8.14,8.0,8.0,360.0,1.0,4.0,3.0,2.0,,1.0,2.0,1.0,,2.0,3.0,0
138802.0,46.0,1.44,49.0,134.8,117.0,83.0,249.0,37.0,5.9,2.94,135.0,8.2,14.0,198.0,14.1,0.89,192.0,4.6,108.0,4.28,10.5,11.0,180.0,2.0,3.0,1.0,1.0,1.0,2.0,2.0,1.0,,2.0,4.0,1
138803.0,61.0,5.0,32.2,109.4,146.0,93.0,314.0,60.0,5.2,2.76,137.0,10.0,11.5,317.0,12.6,0.99,308.0,4.8,107.0,10.61,8.0,9.0,660.0,2.0,3.0,4.0,1.0,3.0,2.0,2.0,1.0,,2.0,3.0,0
138804.0,69.0,1.36,20.3,83.1,177.0,93.0,143.0,71.0,6.0,7.01,138.0,6.0,11.7,362.0,18.9,0.98,46.0,5.7,105.0,11.64,3.5,3.0,120.0,1.0,3.0,2.0,1.0,1.0,2.0,1.0,2.0,2.0,2.0,3.0,1
138805.0,77.0,0.68,25.1,90.9,114.0,66.0,141.0,34.0,5.1,59.19,139.0,4.6,9.9,182.0,14.9,2.37,72.0,6.9,92.0,301.37,8.0,7.0,420.0,1.0,3.0,3.0,2.0,,2.0,2.0,2.0,,2.0,4.0,1
138806.0,47.0,3.47,25.0,75.8,152.0,92.0,226.0,66.0,5.4,1.79,141.0,7.8,12.2,345.0,13.6,0.65,113.0,3.5,93.0,14.68,10.0,10.0,120.0,2.0,6.0,5.0,2.0,,2.0,2.0,2.0,,2.0,1.0,0
138808.0,41.0,2.78,41.0,122.6,92.0,60.0,216.0,59.0,6.0,2.38,137.0,7.5,9.7,401.0,18.6,0.83,135.0,4.7,84.0,6.53,9.0,10.0,120.0,2.0,4.0,5.0,2.0,,2.0,1.0,1.0,1.0,2.0,4.0,0
138809.0,51.0,5.0,40.1,119.5,120.0,77.0,167.0,47.0,5.2,5.62,143.0,5.0,13.4,213.0,14.5,0.6,103.0,6.4,102.0,7.82,6.0,7.0,600.0,2.0,3.0,5.0,2.0,,2.0,1.0,2.0,1.0,2.0,2.0,0
138810.0,58.0,1.46,43.1,125.9,97.0,72.0,160.0,36.0,8.2,3.29,142.0,5.9,13.0,210.0,16.0,0.86,311.0,5.6,185.0,,8.5,8.5,120.0,2.0,4.0,3.0,1.0,1.0,1.0,1.0,1.0,1.0,1.0,4.0,0
138811.0,21.0,5.0,29.2,100.2,109.0,62.0,173.0,53.0,5.7,1.3,142.0,5.4,14.0,247.0,12.9,0.86,61.0,4.0,99.0,6.89,10.0,10.0,360.0,1.0,3.0,3.0,2.0,,2.0,2.0,2.0,,2.0,1.0,0
138812.0,64.0,5.0,29.7,99.5,130.0,83.0,230.0,69.0,5.3,3.87,139.0,5.8,13.1,191.0,13.3,0.94,99.0,5.4,112.0,5.67,7.0,7.0,360.0,2.0,4.0,4.0,1.0,3.0,2.0,1.0,2.0,2.0,2.0,2.0,0
138814.0,68.0,,27.1,96.2,107.0,72.0,220.0,37.0,5.7,1.28,142.0,7.0,13.1,281.0,13.1,0.77,225.0,5.6,96.0,13.17,7.0,8.0,420.0,1.0,2.0,1.0,1.0,3.0,2.0,2.0,2.0,,2.0,1.0,0
138815.0,76.0,4.97,27.6,101.1,134.0,78.0,195.0,102.0,5.4,0.59,145.0,8.0,14.0,240.0,14.0,0.73,78.0,4.4,82.0,8.51,9.5,9.5,300.0,2.0,3.0,3.0,1.0,3.0,3.0,1.0,1.0,2.0,1.0,3.0,0
138816.0,55.0,0.24,29.2,102.5,118.0,77.0,247.0,35.0,5.8,7.53,144.0,5.6,13.9,300.0,13.4,0.75,148.0,6.2,106.0,5.1,10.0,10.0,60.0,2.0,2.0,1.0,2.0,,2.0,1.0,2.0,2.0,2.0,3.0,0
138819.0,80.0,2.03,34.6,117.6,115.0,82.0,173.0,41.0,7.1,2.4,142.0,5.2,13.3,253.0,13.2,0.8,230.0,4.9,126.0,11.87,9.0,9.0,360.0,2.0,3.0,3.0,2.0,,1.0,2.0,1.0,,1.0,4.0,0
138824.0,72.0,0.82,24.3,91.5,137.0,69.0,127.0,35.0,8.4,3.82,136.0,6.1,15.6,191.0,16.8,1.27,212.0,4.7,135.0,146.4,8.0,10.0,120.0,1.0,1.0,2.0,1.0,3.0,1.0,1.0,2.0,1.0,2.0,4.0,0
138825.0,65.0,3.28,38.5,106.9,167.0,92.0,180.0,60.0,5.8,17.91,139.0,9.7,13.7,326.0,13.8,0.75,183.0,6.9,93.0,8.16,8.0,8.0,240.0,2.0,3.0,4.0,2.0,,2.0,1.0,2.0,1.0,2.0,2.0,0
138828.0,27.0,2.28,40.8,125.6,113.0,80.0,192.0,54.0,5.3,5.97,137.0,17.7,12.2,470.0,15.2,0.57,65.0,4.2,111.0,11.45,9.5,10.5,360.0,2.0,3.0,4.0,9.0,,2.0,2.0,1.0,,2.0,2.0,0
138830.0,72.0,2.39,20.7,74.9,111.0,62.0,284.0,92.0,5.7,0.52,137.0,5.3,10.8,267.0,14.4,0.98,102.0,3.7,105.0,6.06,8.0,8.0,480.0,2.0,3.0,5.0,2.0,,2.0,2.0,2.0,,2.0,3.0,0
138832.0,48.0,,26.8,90.3,125.0,85.0,262.0,42.0,4.6,2.91,141.0,6.5,16.9,254.0,13.5,0.96,223.0,6.5,87.0,4.41,8.0,8.0,480.0,1.0,6.0,5.0,2.0,,2.0,2.0,1.0,,2.0,2.0,0
138833.0,21.0,5.0,34.9,112.6,126.0,88.0,265.0,35.0,5.3,4.48,143.0,9.7,14.2,229.0,13.4,0.97,520.0,6.2,119.0,3.56,7.0,8.0,540.0,1.0,6.0,4.0,2.0,,2.0,2.0,2.0,,2.0,3.0,0
138837.0,59.0,,26.0,90.3,114.0,70.0,156.0,52.0,5.8,1.29,140.0,8.6,12.0,301.0,13.9,0.73,77.0,3.8,94.0,37.17,6.0,9.5,360.0,2.0,4.0,4.0,2.0,,2.0,1.0,1.0,1.0,1.0,2.0,0
138841.0,35.0,4.78,52.6,,111.0,92.0,214.0,47.0,5.2,5.73,139.0,8.1,14.1,343.0,13.7,0.83,119.0,5.7,85.0,4.9,8.0,8.0,900.0,2.0,3.0,5.0,2.0,,2.0,2.0,2.0,,2.0,4.0,0
138845.0,34.0,2.01,31.9,112.5,122.0,84.0,206.0,43.0,4.7,1.47,140.0,8.0,15.4,249.0,13.5,0.72,84.0,5.1,94.0,3.56,,,600.0,1.0,3.0,3.0,2.0,,2.0,1.0,2.0,2.0,2.0,4.0,0
138846.0,36.0,3.36,22.7,85.5,104.0,70.0,202.0,56.0,5.4,0.18,141.0,5.2,14.1,227.0,13.6,0.66,79.0,3.2,89.0,15.25,7.5,8.5,540.0,2.0,3.0,4.0,2.0,,2.0,2.0,2.0,,2.0,2.0,0
138847.0,80.0,1.53,22.9,84.5,127.0,82.0,135.0,29.0,6.1,1.62,137.0,6.0,13.5,189.0,14.2,0.8,171.0,5.6,94.0,24.88,10.0,10.0,240.0,2.0,2.0,2.0,2.0,,2.0,1.0,1.0,1.0,1.0,3.0,1
138852.0,36.0,1.95,36.4,118.1,133.0,87.0,178.0,31.0,5.4,4.28,140.0,8.7,14.0,220.0,15.1,0.76,183.0,6.1,90.0,7.67,7.0,7.0,360.0,1.0,4.0,4.0,2.0,,2.0,1.0,1.0,1.0,2.0,2.0,0
138853.0,80.0,2.61,32.4,107.2,153.0,77.0,263.0,83.0,6.5,1.18,140.0,6.6,13.0,177.0,15.4,1.07,223.0,6.7,103.0,4.65,14.0,12.0,720.0,2.0,4.0,1.0,2.0,,2.0,1.0,9.0,1.0,2.0,2.0,0
138854.0,38.0,,25.1,89.5,103.0,71.0,207.0,39.0,5.8,1.53,135.0,4.7,12.6,324.0,14.3,1.17,106.0,4.5,94.0,6.43,8.0,7.0,240.0,1.0,2.0,4.0,2.0,,2.0,2.0,2.0,,2.0,1.0,0
138855.0,52.0,5.0,26.2,88.0,130.0,79.0,128.0,78.0,5.5,6.09,139.0,4.0,12.4,271.0,13.1,0.78,44.0,3.6,87.0,5.06,6.0,7.0,300.0,2.0,4.0,5.0,2.0,,2.0,1.0,1.0,1.0,1.0,3.0,1
138856.0,75.0,,21.2,80.1,162.0,72.0,222.0,104.0,5.4,0.36,140.0,7.0,14.5,201.0,14.4,1.02,38.0,4.7,94.0,40.95,9.0,9.0,120.0,1.0,4.0,4.0,1.0,1.0,2.0,1.0,2.0,1.0,2.0,3.0,0
138858.0,39.0,5.0,24.0,88.8,123.0,72.0,244.0,74.0,5.4,2.84,138.0,5.2,16.2,201.0,13.3,1.34,95.0,7.0,94.0,1.24,8.0,8.0,780.0,1.0,2.0,5.0,2.0,,2.0,2.0,2.0,,2.0,2.0,0
138859.0,28.0,0.74,31.7,84.0,113.0,73.0,166.0,44.0,5.6,19.45,140.0,6.9,11.5,388.0,18.0,0.72,88.0,3.6,88.0,0.81,7.5,8.0,240.0,2.0,4.0,4.0,2.0,,2.0,2.0,2.0,,2.0,3.0,0
138868.0,26.0,5.0,48.7,145.6,115.0,74.0,176.0,33.0,5.1,4.21,138.0,7.3,15.6,342.0,12.5,0.95,110.0,8.4,102.0,5.19,9.0,6.0,240.0,1.0,3.0,4.0,2.0,,2.0,1.0,1.0,1.0,2.0,1.0,0
138871.0,45.0,2.94,35.7,115.5,137.0,93.0,274.0,43.0,5.7,6.08,138.0,7.2,15.6,214.0,13.7,0.88,246.0,5.4,97.0,4.81,8.0,8.0,180.0,1.0,3.0,3.0,1.0,3.0,2.0,2.0,2.0,,2.0,2.0,1
138872.0,60.0,5.0,27.7,99.8,120.0,78.0,216.0,64.0,5.7,1.6,141.0,5.3,15.3,203.0,13.3,0.97,74.0,5.8,92.0,4.96,9.0,8.0,360.0,1.0,3.0,5.0,2.0,,2.0,2.0,1.0,,2.0,2.0,0
138873.0,40.0,0.59,28.0,100.9,117.0,80.0,405.0,59.0,5.1,4.33,139.0,7.1,15.0,377.0,14.0,1.15,163.0,4.6,70.0,8.54,6.0,11.0,480.0,2.0,2.0,3.0,1.0,1.0,2.0,2.0,2.0,,2.0,5.0,0
138875.0,30.0,5.0,29.8,100.0,122.0,77.0,152.0,35.0,5.0,3.99,138.0,6.0,15.9,262.0,12.8,0.97,88.0,6.9,83.0,8.14,8.5,6.5,600.0,1.0,3.0,5.0,1.0,3.0,2.0,2.0,2.0,,2.0,2.0,0
138877.0,61.0,,30.7,114.7,118.0,70.0,172.0,53.0,7.1,8.41,141.0,8.3,13.5,382.0,14.4,0.71,73.0,6.3,114.0,6.53,5.5,7.0,360.0,1.0,3.0,3.0,1.0,1.0,2.0,2.0,2.0,,2.0,3.0,0
138878.0,23.0,2.19,21.8,73.5,105.0,66.0,171.0,71.0,4.9,0.55,138.0,11.4,13.4,346.0,12.7,0.69,71.0,5.4,90.0,107.27,8.5,11.0,720.0,2.0,3.0,4.0,1.0,3.0,2.0,2.0,2.0,,2.0,3.0,0
138879.0,46.0,,45.4,122.9,97.0,59.0,165.0,54.0,5.6,2.16,136.0,3.9,12.1,274.0,14.6,0.97,69.0,4.8,109.0,5.2,6.0,5.5,300.0,2.0,4.0,2.0,1.0,3.0,2.0,1.0,2.0,1.0,2.0,4.0,0
138880.0,61.0,5.0,21.9,84.0,106.0,75.0,191.0,68.0,5.6,1.11,137.0,3.9,12.9,288.0,13.3,0.64,91.0,5.7,97.0,15.95,7.5,8.0,720.0,2.0,6.0,4.0,2.0,,2.0,2.0,2.0,,2.0,2.0,0
138882.0,28.0,5.0,25.5,88.7,116.0,62.0,164.0,60.0,5.3,2.08,139.0,8.4,13.6,299.0,12.3,0.67,92.0,4.5,106.0,0.75,8.0,8.0,540.0,2.0,7.0,5.0,2.0,,2.0,2.0,2.0,,2.0,1.0,0
138883.0,40.0,4.97,36.4,125.4,107.0,69.0,187.0,56.0,5.5,32.45,140.0,7.9,11.5,437.0,15.6,0.68,151.0,4.7,104.0,22.0,8.0,7.0,840.0,2.0,3.0,5.0,2.0,,2.0,2.0,1.0,,1.0,3.0,0
138884.0,64.0,,40.1,,142.0,89.0,165.0,48.0,6.0,4.15,139.0,6.0,13.3,471.0,14.2,0.9,226.0,5.5,109.0,37.59,8.0,7.0,900.0,1.0,4.0,4.0,2.0,,2.0,1.0,2.0,1.0,2.0,3.0,0
138888.0,66.0,1.64,25.6,103.4,130.0,78.0,182.0,38.0,5.4,47.02,142.0,5.8,11.6,430.0,16.6,0.8,122.0,6.0,100.0,5.68,4.0,4.0,120.0,2.0,7.0,2.0,1.0,2.0,2.0,1.0,2.0,2.0,2.0,3.0,0
138889.0,75.0,5.0,24.6,94.2,142.0,76.0,165.0,54.0,5.5,0.18,141.0,5.6,13.6,163.0,13.9,1.54,74.0,4.1,93.0,13.19,8.0,8.0,360.0,1.0,3.0,5.0,2.0,,2.0,2.0,1.0,,1.0,2.0,0
138890.0,64.0,0.05,22.8,86.0,136.0,82.0,202.0,66.0,5.3,0.79,141.0,5.7,13.0,184.0,13.8,1.07,94.0,4.6,86.0,8.83,8.0,8.0,120.0,1.0,6.0,3.0,1.0,3.0,2.0,2.0,2.0,,2.0,2.0,0
138893.0,39.0,5.0,27.3,100.8,120.0,73.0,203.0,45.0,4.7,0.74,139.0,4.4,14.9,207.0,13.4,1.0,141.0,6.4,98.0,4.1,8.0,7.5,600.0,1.0,3.0,5.0,2.0,,2.0,2.0,2.0,,2.0,1.0,0
138894.0,80.0,5.0,27.0,98.5,139.0,72.0,142.0,49.0,5.1,0.75,142.0,5.3,13.7,172.0,14.0,0.92,54.0,6.1,94.0,33.47,6.0,6.0,420.0,1.0,3.0,5.0,2.0,,2.0,2.0,1.0,,1.0,2.0,0
138896.0,67.0,2.54,22.8,90.6,111.0,59.0,165.0,36.0,5.0,0.94,137.0,4.7,11.7,228.0,15.7,0.64,92.0,7.7,81.0,20.13,7.0,7.0,720.0,2.0,3.0,3.0,1.0,3.0,2.0,1.0,1.0,2.0,2.0,3.0,0
138897.0,28.0,5.0,41.2,113.7,113.0,71.0,182.0,53.0,5.5,48.87,139.0,9.7,11.6,355.0,13.7,0.61,128.0,4.4,90.0,5.87,8.0,11.0,600.0,2.0,1.0,5.0,2.0,,2.0,2.0,2.0,,2.0,3.0,0
138902.0,67.0,,27.3,108.6,123.0,74.0,204.0,51.0,5.9,1.79,142.0,4.8,15.9,205.0,13.9,1.08,89.0,6.0,108.0,4.19,8.0,8.0,300.0,1.0,3.0,4.0,2.0,,2.0,2.0,1.0,,2.0,1.0,0
138907.0,30.0,5.0,21.4,80.6,130.0,62.0,146.0,77.0,5.2,0.18,138.0,6.3,15.5,192.0,13.2,0.98,56.0,6.2,79.0,3.77,8.0,6.0,240.0,1.0,3.0,4.0,1.0,3.0,2.0,2.0,2.0,,2.0,1.0,0
138910.0,76.0,3.8,24.8,87.2,154.0,85.0,321.0,90.0,5.5,1.64,141.0,6.4,13.5,185.0,13.1,0.86,111.0,4.9,88.0,22.04,8.0,8.0,300.0,2.0,3.0,5.0,1.0,3.0,2.0,2.0,1.0,,2.0,2.0,0
138913.0,31.0,,30.8,97.5,108.0,69.0,211.0,45.0,5.6,0.22,141.0,9.2,12.9,460.0,13.7,0.82,151.0,5.0,82.0,15.35,10.0,11.0,300.0,2.0,4.0,1.0,1.0,1.0,2.0,1.0,1.0,1.0,2.0,3.0,0
138915.0,45.0,,27.0,92.2,137.0,83.0,229.0,51.0,5.4,1.0,139.0,4.0,14.8,315.0,14.3,0.75,95.0,6.0,86.0,9.47,8.0,9.0,120.0,1.0,6.0,4.0,2.0,,3.0,1.0,2.0,1.0,2.0,2.0,0
138916.0,28.0,4.43,25.6,88.8,110.0,67.0,199.0,65.0,5.0,1.12,140.0,6.9,13.3,264.0,12.0,0.7,47.0,3.5,77.0,18.08,8.0,8.5,240.0,2.0,3.0,5.0,2.0,,2.0,2.0,2.0,,2.0,3.0,0
138918.0,80.0,3.29,36.1,112.4,125.0,86.0,273.0,89.0,5.5,0.37,142.0,8.3,14.7,272.0,15.9,0.66,85.0,4.9,96.0,10.44,10.0,10.0,360.0,2.0,3.0,4.0,1.0,2.0,2.0,1.0,1.0,1.0,2.0,3.0,0
138921.0,68.0,5.0,26.8,88.5,126.0,71.0,164.0,48.0,5.6,2.92,138.0,5.4,14.1,294.0,13.8,0.68,90.0,2.9,103.0,10.98,8.0,7.5,300.0,2.0,3.0,5.0,2.0,,2.0,1.0,2.0,2.0,2.0,2.0,0
138926.0,64.0,4.34,29.6,96.0,128.0,75.0,133.0,53.0,6.0,1.34,141.0,5.5,11.7,332.0,14.1,0.97,95.0,6.0,92.0,17.67,8.0,9.0,480.0,2.0,4.0,4.0,2.0,,1.0,1.0,1.0,1.0,1.0,3.0,1
138928.0,72.0,,22.4,87.5,97.0,53.0,232.0,94.0,5.3,0.57,142.0,5.1,14.8,253.0,12.4,0.95,49.0,3.8,82.0,11.99,8.5,8.5,240.0,2.0,3.0,3.0,2.0,,2.0,2.0,1.0,,2.0,2.0,0
138929.0,80.0,,21.5,81.2,158.0,87.0,215.0,80.0,5.5,0.49,141.0,6.1,14.6,190.0,13.8,0.83,75.0,4.5,97.0,44.94,7.0,7.0,240.0,2.0,3.0,4.0,2.0,,2.0,1.0,2.0,2.0,2.0,2.0,0
138930.0,28.0,4.27,37.7,122.3,118.0,95.0,233.0,41.0,4.9,7.77,135.0,11.8,13.3,331.0,13.3,0.8,274.0,4.8,94.0,4.64,8.0,8.0,300.0,2.0,3.0,5.0,2.0,,2.0,2.0,1.0,,2.0,3.0,0
138937.0,80.0,1.53,23.4,88.8,118.0,59.0,177.0,76.0,6.0,0.3,136.0,8.2,12.8,220.0,20.9,0.77,134.0,4.4,102.0,32.3,10.0,10.0,240.0,1.0,2.0,2.0,1.0,3.0,2.0,1.0,1.0,1.0,1.0,3.0,0
138939.0,73.0,1.03,32.4,118.9,115.0,64.0,126.0,48.0,5.9,5.45,138.0,6.6,13.2,199.0,13.5,0.81,55.0,5.8,108.0,13.4,8.0,8.0,300.0,1.0,3.0,4.0,2.0,,1.0,1.0,1.0,1.0,2.0,3.0,0
138940.0,22.0,,27.4,84.0,113.0,56.0,155.0,44.0,5.9,4.12,141.0,5.5,13.3,244.0,13.5,,79.0,,83.0,5.19,5.0,5.0,180.0,1.0,4.0,3.0,2.0,,2.0,2.0,2.0,,2.0,4.0,0
138941.0,71.0,4.64,26.3,94.7,136.0,87.0,151.0,60.0,6.1,2.14,142.0,6.5,13.8,217.0,13.5,0.9,71.0,4.9,102.0,7.09,9.0,9.0,360.0,2.0,3.0,4.0,1.0,3.0,2.0,1.0,1.0,1.0,1.0,1.0,0
138942.0,38.0,0.06,29.3,88.5,100.0,63.0,142.0,54.0,5.4,9.6,140.0,6.1,11.4,227.0,14.1,0.98,122.0,4.5,89.0,3.72,6.0,10.0,120.0,2.0,3.0,2.0,2.0,,2.0,2.0,2.0,,2.0,2.0,0
138943.0,62.0,0.98,30.2,111.7,140.0,68.0,224.0,47.0,5.6,1.56,138.0,7.8,15.4,262.0,14.0,1.27,239.0,6.0,121.0,6.42,7.0,8.0,540.0,1.0,3.0,4.0,1.0,3.0,2.0,1.0,2.0,1.0,2.0,3.0,1
138945.0,62.0,5.0,22.6,81.9,145.0,94.0,244.0,71.0,5.1,1.45,137.0,7.0,14.8,265.0,12.9,0.87,207.0,4.0,86.0,12.03,5.0,5.0,480.0,2.0,3.0,5.0,2.0,,2.0,2.0,2.0,,2.0,2.0,0
138946.0,70.0,4.01,24.0,96.4,141.0,80.0,180.0,74.0,5.3,0.66,142.0,6.8,15.4,240.0,13.1,0.99,73.0,5.8,94.0,6.16,8.5,8.5,120.0,1.0,3.0,5.0,2.0,,2.0,2.0,2.0,,2.0,1.0,0
138947.0,38.0,5.0,36.3,105.0,132.0,79.0,185.0,48.0,5.2,2.94,141.0,7.5,14.0,150.0,12.9,0.62,104.0,5.2,86.0,8.45,8.0,8.0,360.0,2.0,6.0,5.0,2.0,,2.0,2.0,2.0,,2.0,2.0,0
138949.0,51.0,5.0,45.2,138.1,141.0,99.0,205.0,44.0,5.6,17.79,142.0,6.0,13.8,258.0,13.9,0.85,202.0,5.1,87.0,7.67,6.5,7.5,120.0,2.0,3.0,3.0,2.0,,2.0,2.0,2.0,,2.0,2.0,0
138953.0,67.0,4.06,24.9,88.1,150.0,94.0,219.0,107.0,5.3,1.96,138.0,4.8,14.4,318.0,14.1,0.74,79.0,5.4,89.0,15.17,9.0,9.0,360.0,2.0,3.0,5.0,2.0,,2.0,1.0,2.0,1.0,2.0,2.0,0
138955.0,57.0,1.66,31.4,118.9,154.0,89.0,157.0,52.0,5.6,0.35,142.0,5.1,13.8,108.0,13.2,1.12,216.0,3.3,100.0,23.12,8.0,7.0,300.0,2.0,3.0,2.0,1.0,3.0,1.0,1.0,1.0,1.0,1.0,4.0,0
138956.0,39.0,0.65,24.5,82.0,141.0,94.0,206.0,72.0,4.4,1.64,139.0,5.8,13.6,211.0,12.5,0.78,82.0,3.7,80.0,0.39,7.0,9.0,60.0,2.0,7.0,2.0,2.0,,2.0,2.0,2.0,,2.0,4.0,0
138959.0,37.0,3.84,23.7,100.2,103.0,57.0,264.0,72.0,5.1,3.53,137.0,11.3,12.5,237.0,12.7,0.54,168.0,3.6,77.0,24.36,9.0,8.0,40.0,2.0,3.0,5.0,1.0,3.0,2.0,2.0,2.0,,2.0,2.0,0
138960.0,76.0,2.46,24.0,100.5,163.0,79.0,176.0,82.0,5.3,0.66,141.0,3.8,13.1,200.0,14.0,0.8,51.0,3.6,94.0,8.86,9.0,9.0,240.0,1.0,3.0,4.0,1.0,3.0,2.0,2.0,2.0,,2.0,1.0,0
138962.0,80.0,0.82,23.4,87.9,126.0,68.0,129.0,41.0,7.7,0.55,137.0,6.6,13.5,209.0,13.6,0.73,115.0,5.4,158.0,56.07,10.0,10.0,300.0,2.0,6.0,1.0,2.0,,1.0,1.0,1.0,1.0,1.0,2.0,0
138963.0,59.0,5.0,20.6,82.8,119.0,65.0,236.0,80.0,5.5,0.79,135.0,7.9,12.6,301.0,13.8,0.75,146.0,2.8,98.0,8.22,8.0,9.5,360.0,2.0,3.0,5.0,2.0,,2.0,2.0,2.0,,2.0,2.0,0
138964.0,22.0,3.02,17.5,69.2,104.0,79.0,132.0,48.0,4.5,0.68,140.0,6.3,11.7,188.0,13.3,0.63,80.0,3.4,88.0,6.35,6.0,6.0,420.0,2.0,3.0,4.0,2.0,,2.0,2.0,2.0,,2.0,3.0,0
138965.0,54.0,5.0,35.9,88.8,102.0,66.0,236.0,66.0,5.6,5.12,143.0,5.4,14.1,291.0,14.1,0.79,130.0,4.1,92.0,6.32,7.5,7.5,180.0,2.0,2.0,5.0,2.0,,2.0,2.0,1.0,,2.0,2.0,0
138967.0,68.0,3.43,26.1,100.3,133.0,89.0,205.0,66.0,5.8,1.84,139.0,6.4,14.0,207.0,13.9,0.89,206.0,4.5,95.0,5.4,8.0,8.0,360.0,2.0,3.0,5.0,2.0,,2.0,2.0,2.0,,2.0,1.0,0
138968.0,79.0,0.68,42.1,108.7,111.0,64.0,96.0,31.0,6.3,3.38,143.0,4.1,12.8,159.0,15.7,0.78,189.0,3.3,126.0,12.98,4.5,4.5,360.0,2.0,3.0,2.0,2.0,,1.0,2.0,1.0,,1.0,3.0,1
138969.0,29.0,5.0,24.7,81.9,120.0,72.0,230.0,59.0,5.2,0.69,139.0,6.7,15.7,311.0,13.0,1.15,73.0,5.4,89.0,4.32,8.0,7.0,600.0,1.0,6.0,5.0,2.0,,2.0,2.0,2.0,,2.0,2.0,0
138971.0,37.0,5.0,28.9,99.2,107.0,82.0,203.0,73.0,5.5,5.3,139.0,5.5,14.1,238.0,14.0,0.68,66.0,4.8,105.0,7.32,3.0,7.0,540.0,2.0,7.0,5.0,2.0,,2.0,1.0,2.0,1.0,2.0,2.0,0
138972.0,77.0,4.92,30.5,105.3,115.0,78.0,189.0,86.0,6.2,11.99,140.0,8.2,14.8,391.0,16.4,0.79,84.0,4.6,120.0,64.71,6.5,6.5,300.0,2.0,3.0,4.0,1.0,3.0,2.0,2.0,1.0,,1.0,2.0,1
138973.0,29.0,1.47,45.0,131.0,115.0,73.0,154.0,47.0,5.0,1.63,137.0,7.0,14.1,248.0,12.1,0.68,131.0,5.0,96.0,11.94,8.5,7.0,720.0,2.0,3.0,4.0,2.0,,2.0,2.0,2.0,,2.0,3.0,0
138978.0,75.0,3.88,26.4,94.5,105.0,74.0,153.0,55.0,5.8,3.78,143.0,7.2,14.9,286.0,14.9,1.06,108.0,4.4,93.0,18.14,7.0,7.0,360.0,2.0,3.0,5.0,2.0,,2.0,2.0,2.0,,1.0,2.0,0
138983.0,25.0,3.04,24.2,76.2,108.0,67.0,200.0,73.0,5.2,0.81,138.0,5.2,13.0,279.0,13.8,0.72,61.0,3.5,91.0,4.78,7.0,8.0,540.0,2.0,2.0,5.0,2.0,,2.0,2.0,2.0,,2.0,3.0,0
138984.0,69.0,5.0,29.0,109.5,133.0,77.0,178.0,28.0,8.8,1.56,137.0,6.1,13.6,292.0,14.4,2.33,377.0,7.5,169.0,33.68,6.0,11.0,300.0,1.0,4.0,3.0,1.0,3.0,1.0,1.0,1.0,1.0,1.0,5.0,1
138985.0,77.0,1.18,25.0,83.1,107.0,61.0,226.0,84.0,6.0,0.74,139.0,5.1,10.8,371.0,14.5,1.39,80.0,6.8,95.0,17.43,9.0,9.0,240.0,2.0,4.0,4.0,1.0,2.0,2.0,1.0,2.0,1.0,2.0,3.0,0
138989.0,79.0,2.58,34.0,120.2,119.0,61.0,191.0,33.0,7.5,3.58,139.0,9.4,14.8,222.0,14.6,0.82,346.0,4.7,70.0,12.31,8.5,8.5,180.0,1.0,3.0,4.0,1.0,3.0,1.0,1.0,2.0,1.0,2.0,3.0,0
138990.0,59.0,5.397605346934028e-79,21.9,81.6,128.0,70.0,174.0,53.0,12.2,1.42,138.0,5.1,13.0,126.0,12.6,0.62,198.0,3.9,355.0,29.36,8.0,14.0,150.0,2.0,2.0,1.0,2.0,,1.0,1.0,2.0,1.0,2.0,3.0,0
138998.0,71.0,3.99,32.3,109.0,171.0,92.0,184.0,47.0,6.2,6.19,140.0,4.9,13.7,261.0,15.2,1.03,152.0,6.1,106.0,22.72,4.5,6.0,300.0,1.0,4.0,3.0,2.0,,2.0,1.0,2.0,1.0,2.0,2.0,0
138999.0,72.0,5.0,41.3,132.7,161.0,82.0,156.0,42.0,6.0,1.29,141.0,4.8,14.9,239.0,13.7,0.83,112.0,5.0,113.0,5.57,8.5,8.5,360.0,1.0,3.0,5.0,2.0,,2.0,2.0,1.0,,1.0,3.0,0
139001.0,64.0,0.52,18.3,67.0,113.0,58.0,238.0,53.0,5.6,1.18,139.0,13.6,13.6,560.0,13.2,0.54,133.0,2.3,88.0,21.51,8.0,9.0,480.0,2.0,2.0,3.0,1.0,1.0,2.0,2.0,2.0,,2.0,3.0,0
139004.0,59.0,1.78,15.2,73.7,128.0,88.0,178.0,75.0,5.5,0.5,141.0,5.8,10.8,204.0,14.7,0.73,102.0,7.5,78.0,17.22,2.0,14.0,360.0,2.0,4.0,4.0,1.0,1.0,2.0,1.0,1.0,1.0,1.0,5.0,1
139009.0,80.0,5.0,22.0,98.3,163.0,84.0,138.0,62.0,5.8,1.09,139.0,7.0,13.5,170.0,13.8,1.58,79.0,6.5,103.0,16.15,7.0,7.0,240.0,1.0,3.0,5.0,1.0,3.0,2.0,1.0,1.0,1.0,1.0,1.0,1
139010.0,53.0,5.0,30.7,112.0,129.0,83.0,199.0,53.0,5.6,4.71,139.0,9.4,15.7,271.0,13.3,1.16,168.0,7.2,97.0,7.93,8.0,8.5,120.0,1.0,3.0,5.0,1.0,3.0,2.0,1.0,2.0,1.0,2.0,1.0,0
139013.0,22.0,5.0,31.9,100.5,108.0,67.0,192.0,47.0,5.3,4.79,139.0,8.8,14.5,278.0,12.5,0.73,56.0,5.3,89.0,3.34,8.0,8.0,360.0,2.0,3.0,3.0,1.0,1.0,2.0,2.0,2.0,,2.0,2.0,0
139016.0,51.0,2.71,31.7,98.5,127.0,75.0,173.0,41.0,5.6,1.32,155.0,7.0,11.9,276.0,13.7,0.57,65.0,3.4,92.0,15.23,7.5,7.5,480.0,2.0,1.0,4.0,2.0,,2.0,2.0,2.0,,2.0,3.0,0
139019.0,47.0,5.0,26.3,94.2,108.0,74.0,150.0,48.0,5.3,1.64,138.0,11.2,13.9,337.0,14.9,0.63,128.0,3.8,82.0,14.6,5.0,8.0,360.0,2.0,3.0,5.0,1.0,1.0,2.0,1.0,2.0,2.0,2.0,4.0,0
139024.0,40.0,2.74,19.3,85.2,92.0,60.0,241.0,60.0,5.1,0.69,138.0,8.8,12.3,333.0,12.6,0.8,109.0,3.1,87.0,18.74,7.0,9.0,600.0,2.0,3.0,5.0,2.0,,2.0,2.0,2.0,,2.0,2.0,0
139026.0,67.0,2.87,41.2,136.0,136.0,78.0,188.0,58.0,6.4,10.0,138.0,6.7,12.8,262.0,13.7,0.51,138.0,2.5,93.0,6.63,6.0,6.0,300.0,2.0,7.0,4.0,1.0,3.0,2.0,2.0,2.0,,2.0,3.0,1
139029.0,67.0,3.26,25.2,91.0,106.0,62.0,139.0,55.0,5.8,0.25,138.0,7.0,15.2,306.0,13.8,1.12,79.0,5.6,95.0,16.39,,,240.0,1.0,2.0,2.0,1.0,3.0,2.0,1.0,2.0,1.0,1.0,3.0,1
139033.0,78.0,4.88,33.6,111.7,122.0,67.0,163.0,52.0,5.9,2.32,140.0,4.4,13.4,233.0,14.7,1.14,99.0,5.5,91.0,7.14,5.0,5.5,300.0,2.0,4.0,5.0,2.0,,3.0,1.0,1.0,1.0,1.0,3.0,0
139036.0,72.0,,26.8,92.7,133.0,99.0,248.0,53.0,5.4,1.27,140.0,8.5,12.4,348.0,13.2,0.77,225.0,4.7,84.0,7.36,8.0,8.0,240.0,2.0,3.0,3.0,1.0,3.0,2.0,2.0,1.0,,2.0,1.0,0
139037.0,76.0,2.03,20.6,79.5,141.0,54.0,208.0,58.0,5.7,1.94,138.0,6.1,11.2,208.0,13.6,1.25,78.0,5.6,93.0,10.32,8.5,8.5,120.0,2.0,3.0,4.0,2.0,,2.0,1.0,2.0,1.0,2.0,3.0,0
139038.0,37.0,1.8,34.0,110.5,125.0,78.0,184.0,45.0,6.3,1.94,138.0,5.9,13.8,253.0,13.5,0.73,161.0,5.6,115.0,11.22,8.0,9.0,360.0,1.0,2.0,3.0,2.0,,3.0,2.0,1.0,,2.0,4.0,0
139042.0,34.0,1.25,19.3,72.1,134.0,85.0,178.0,62.0,5.0,0.11,138.0,4.7,13.1,251.0,13.4,0.98,85.0,3.9,90.0,10.07,7.0,7.0,120.0,2.0,3.0,4.0,1.0,1.0,2.0,2.0,2.0,,2.0,1.0,0
139044.0,66.0,2.53,30.0,108.6,170.0,91.0,260.0,48.0,5.7,6.49,139.0,9.9,15.0,299.0,14.3,0.61,122.0,4.2,94.0,15.71,8.0,9.0,240.0,2.0,3.0,3.0,1.0,1.0,2.0,2.0,1.0,,2.0,2.0,0
139046.0,73.0,2.74,20.5,80.4,137.0,68.0,190.0,54.0,5.6,0.48,138.0,5.1,13.3,216.0,12.9,0.67,151.0,3.1,86.0,1.24,7.5,7.5,600.0,2.0,3.0,5.0,1.0,3.0,2.0,2.0,1.0,,1.0,3.0,0
139047.0,35.0,2.29,24.0,79.5,129.0,80.0,193.0,48.0,5.1,3.17,131.0,8.7,13.8,258.0,13.0,0.74,87.0,4.4,78.0,1.24,7.0,7.0,360.0,2.0,1.0,3.0,1.0,3.0,2.0,2.0,2.0,,2.0,2.0,0
139048.0,65.0,1.64,27.6,99.8,150.0,92.0,209.0,105.0,5.7,17.76,134.0,5.3,15.9,241.0,14.6,0.88,80.0,6.7,111.0,6.91,7.5,7.0,240.0,1.0,4.0,5.0,1.0,3.0,2.0,2.0,2.0,,2.0,2.0,0
139050.0,73.0,4.66,36.4,125.9,155.0,97.0,190.0,44.0,5.3,3.46,145.0,7.9,14.2,199.0,13.4,1.34,190.0,5.7,98.0,25.98,6.5,7.0,120.0,1.0,3.0,4.0,1.0,3.0,2.0,1.0,1.0,1.0,2.0,3.0,0
139061.0,57.0,0.79,28.0,86.4,105.0,67.0,287.0,80.0,5.6,0.67,142.0,6.4,14.5,193.0,12.9,0.91,68.0,4.3,96.0,4.82,9.0,9.0,60.0,2.0,7.0,4.0,2.0,,2.0,2.0,2.0,,2.0,2.0,0
139062.0,41.0,4.93,42.7,106.7,141.0,92.0,151.0,78.0,5.3,14.44,139.0,7.3,11.3,364.0,16.1,0.72,103.0,7.0,98.0,4.82,6.5,10.0,480.0,2.0,1.0,4.0,2.0,,2.0,2.0,2.0,,2.0,3.0,0
139066.0,63.0,,25.8,99.5,115.0,70.0,279.0,66.0,5.8,3.42,139.0,8.2,15.9,258.0,13.8,0.86,217.0,3.9,83.0,11.47,10.0,6.0,240.0,1.0,3.0,1.0,1.0,1.0,2.0,1.0,1.0,1.0,1.0,4.0,1
139067.0,80.0,,21.4,76.5,114.0,65.0,132.0,52.0,5.7,0.59,143.0,5.9,12.3,250.0,14.9,0.58,59.0,4.0,91.0,11.98,8.5,8.5,420.0,2.0,3.0,4.0,1.0,3.0,2.0,2.0,1.0,,1.0,2.0,1
139072.0,72.0,5.0,25.1,102.1,114.0,72.0,132.0,33.0,5.4,3.22,141.0,4.4,14.3,220.0,15.4,0.94,101.0,5.7,95.0,8.51,8.0,8.0,240.0,1.0,3.0,5.0,2.0,,2.0,1.0,1.0,1.0,1.0,2.0,0
139074.0,34.0,2.05,40.9,111.6,131.0,90.0,177.0,43.0,5.3,5.64,137.0,8.5,13.8,272.0,12.6,0.77,111.0,3.2,87.0,10.2,7.0,9.0,300.0,2.0,2.0,5.0,2.0,,2.0,1.0,2.0,2.0,2.0,3.0,0
139077.0,53.0,1.52,23.8,93.4,133.0,87.0,150.0,46.0,7.4,1.28,140.0,8.3,14.6,168.0,12.5,0.62,110.0,2.7,119.0,12.32,10.0,10.0,720.0,1.0,3.0,3.0,2.0,,1.0,2.0,2.0,,2.0,3.0,0
139078.0,25.0,,24.1,80.4,106.0,56.0,162.0,42.0,5.3,1.73,139.0,8.9,13.6,259.0,13.5,0.57,56.0,3.2,93.0,14.85,8.0,9.0,300.0,2.0,3.0,2.0,1.0,1.0,2.0,2.0,2.0,,2.0,3.0,0
139079.0,43.0,1.06,29.3,90.5,118.0,75.0,150.0,64.0,5.4,1.5,138.0,6.7,13.7,287.0,13.9,0.78,53.0,4.1,87.0,7.41,9.0,10.0,180.0,2.0,4.0,2.0,1.0,1.0,2.0,2.0,2.0,,2.0,3.0,0
139081.0,39.0,0.16,41.5,123.1,98.0,67.0,165.0,33.0,6.5,18.94,139.0,12.3,14.5,339.0,13.9,0.81,279.0,6.4,141.0,4.33,4.5,3.5,300.0,2.0,3.0,2.0,1.0,1.0,2.0,2.0,1.0,,1.0,1.0,0
139085.0,62.0,5.0,26.4,102.3,114.0,64.0,91.0,45.0,7.3,0.64,139.0,5.0,15.7,155.0,13.2,0.81,92.0,4.0,117.0,4.14,7.5,8.5,540.0,1.0,3.0,4.0,2.0,,1.0,2.0,1.0,,1.0,3.0,0
139088.0,67.0,,36.2,116.1,105.0,65.0,208.0,40.0,5.6,7.49,138.0,9.1,15.3,252.0,13.7,0.67,188.0,5.5,88.0,14.23,8.0,9.0,240.0,2.0,1.0,1.0,2.0,,2.0,1.0,1.0,1.0,2.0,4.0,0
139089.0,52.0,5.0,30.3,111.7,118.0,80.0,134.0,35.0,5.8,1.72,137.0,9.4,15.4,172.0,13.8,0.94,151.0,5.0,162.0,5.79,5.0,7.0,240.0,1.0,3.0,4.0,2.0,,1.0,1.0,1.0,1.0,1.0,3.0,0
139090.0,57.0,5.0,30.1,104.9,141.0,79.0,297.0,32.0,5.4,9.71,143.0,7.5,14.8,206.0,12.9,0.75,377.0,5.6,115.0,23.11,8.0,9.0,180.0,1.0,3.0,4.0,1.0,3.0,2.0,1.0,1.0,1.0,1.0,3.0,0
139093.0,61.0,3.62,39.5,116.1,135.0,74.0,236.0,55.0,6.7,10.75,140.0,7.4,12.5,284.0,15.0,0.74,178.0,7.1,104.0,11.87,9.0,9.0,180.0,2.0,4.0,4.0,2.0,,2.0,2.0,1.0,,2.0,2.0,0
139094.0,51.0,1.05,24.4,91.3,129.0,77.0,303.0,46.0,5.6,5.39,142.0,6.6,14.4,201.0,13.1,1.12,215.0,5.9,109.0,4.67,8.5,8.5,180.0,1.0,1.0,1.0,2.0,,3.0,2.0,1.0,,2.0,3.0,0
139096.0,45.0,5.0,25.9,93.0,132.0,64.0,212.0,63.0,5.2,0.92,139.0,6.4,12.5,217.0,13.5,0.79,98.0,4.6,95.0,8.19,7.5,7.5,360.0,2.0,7.0,5.0,2.0,,2.0,2.0,2.0,,2.0,2.0,0
139097.0,57.0,2.4,24.8,91.9,114.0,70.0,218.0,47.0,5.4,0.64,137.0,6.7,13.2,296.0,13.1,0.94,188.0,4.5,90.0,5.33,7.0,9.0,180.0,1.0,2.0,3.0,2.0,,2.0,2.0,2.0,,2.0,3.0,0
139100.0,28.0,0.91,42.5,117.0,92.0,66.0,171.0,35.0,5.3,1.83,141.0,6.5,14.1,419.0,12.8,0.63,380.0,3.2,96.0,13.18,9.0,7.0,240.0,2.0,2.0,4.0,1.0,1.0,2.0,2.0,2.0,,2.0,4.0,0
139102.0,72.0,4.1,40.0,128.7,116.0,63.0,119.0,30.0,7.0,0.99,140.0,4.9,9.4,163.0,15.2,1.38,88.0,9.5,88.0,30.41,8.0,8.0,300.0,1.0,4.0,5.0,2.0,,1.0,1.0,1.0,1.0,1.0,4.0,1
139104.0,61.0,3.77,33.5,115.5,122.0,83.0,141.0,47.0,6.6,2.52,138.0,8.1,13.9,245.0,14.5,0.86,159.0,6.5,122.0,7.82,6.0,6.0,600.0,2.0,3.0,5.0,2.0,,2.0,2.0,1.0,,1.0,3.0,0
139111.0,23.0,0.27,21.6,79.4,115.0,64.0,162.0,43.0,5.2,2.32,139.0,6.6,17.5,204.0,13.9,1.11,68.0,4.6,85.0,2.57,8.0,8.5,300.0,1.0,3.0,3.0,1.0,1.0,2.0,2.0,2.0,,2.0,2.0,0
139117.0,72.0,2.17,32.8,118.9,113.0,62.0,135.0,50.0,8.9,5.97,141.0,4.2,14.6,61.0,15.5,0.85,90.0,4.2,197.0,79.97,4.5,4.5,300.0,1.0,3.0,5.0,1.0,3.0,1.0,1.0,1.0,1.0,1.0,4.0,1
139118.0,65.0,4.34,22.7,94.3,130.0,78.0,203.0,39.0,6.2,0.57,140.0,8.1,13.0,270.0,15.6,1.1,192.0,4.7,101.0,7.25,7.0,8.0,360.0,1.0,6.0,5.0,1.0,3.0,2.0,1.0,2.0,1.0,2.0,1.0,0
139119.0,28.0,2.06,27.5,91.9,135.0,72.0,150.0,55.0,5.4,0.41,141.0,5.1,15.4,171.0,13.2,0.77,37.0,4.2,94.0,4.84,7.5,8.0,240.0,1.0,3.0,4.0,1.0,3.0,2.0,2.0,2.0,,2.0,2.0,0
139121.0,24.0,2.7,25.8,94.9,111.0,73.0,116.0,54.0,5.0,1.09,142.0,5.6,14.9,212.0,13.3,0.83,38.0,4.6,93.0,3.9,6.0,12.0,120.0,1.0,2.0,4.0,1.0,2.0,2.0,2.0,2.0,,2.0,3.0,0
139123.0,41.0,5.0,27.9,101.4,102.0,62.0,185.0,41.0,5.8,1.3,141.0,4.7,13.4,224.0,12.9,1.03,222.0,5.7,111.0,6.24,5.0,7.0,600.0,1.0,6.0,5.0,1.0,3.0,3.0,2.0,2.0,,2.0,2.0,0
139124.0,39.0,5.0,24.0,90.6,122.0,64.0,140.0,56.0,5.5,1.08,140.0,4.5,13.3,207.0,14.0,0.85,38.0,4.8,78.0,45.66,8.0,8.0,360.0,1.0,3.0,5.0,2.0,,2.0,2.0,2.0,,2.0,1.0,0
139125.0,43.0,2.5,28.3,95.9,124.0,76.0,284.0,43.0,4.9,1.18,139.0,6.9,14.3,180.0,13.8,0.88,474.0,6.9,91.0,9.17,8.5,8.0,360.0,1.0,3.0,5.0,2.0,,2.0,2.0,1.0,,2.0,3.0,0
139128.0,43.0,1.39,30.8,107.6,125.0,85.0,191.0,34.0,10.9,3.72,138.0,7.5,17.0,261.0,13.1,0.55,149.0,3.6,282.0,27.82,7.0,8.0,120.0,1.0,1.0,2.0,2.0,,2.0,2.0,2.0,,2.0,4.0,0
139129.0,68.0,5.0,29.6,101.7,125.0,68.0,257.0,107.0,5.3,1.28,140.0,3.6,13.3,179.0,12.8,0.86,103.0,4.2,95.0,12.17,8.0,8.0,480.0,2.0,3.0,5.0,2.0,,2.0,2.0,1.0,,2.0,2.0,0
139130.0,73.0,5.0,30.8,110.6,130.0,82.0,149.0,55.0,5.6,0.85,141.0,6.2,16.0,198.0,13.3,1.14,150.0,5.1,101.0,3.65,5.0,5.0,540.0,1.0,3.0,5.0,1.0,3.0,2.0,1.0,1.0,1.0,1.0,3.0,0
139133.0,65.0,,32.0,114.0,122.0,83.0,165.0,47.0,5.7,4.7,140.0,6.1,13.5,269.0,15.2,1.04,83.0,4.9,95.0,3.9,7.0,8.0,240.0,2.0,3.0,5.0,2.0,,2.0,2.0,2.0,,2.0,1.0,0
139136.0,33.0,3.68,33.1,105.3,125.0,75.0,216.0,35.0,5.6,5.89,141.0,13.8,14.6,277.0,13.6,,266.0,,,3.88,6.0,8.0,840.0,1.0,6.0,5.0,2.0,,2.0,2.0,1.0,,2.0,3.0,0
139139.0,49.0,3.6,30.5,132.5,111.0,63.0,195.0,54.0,5.1,1.15,143.0,7.2,14.3,262.0,13.2,1.1,160.0,6.5,97.0,3.72,8.5,9.0,300.0,1.0,3.0,5.0,1.0,3.0,2.0,2.0,2.0,,2.0,2.0,0
139140.0,68.0,0.86,37.8,118.1,135.0,86.0,138.0,44.0,5.4,3.31,138.0,7.5,13.8,294.0,13.2,,205.0,,91.0,15.05,9.0,10.0,240.0,2.0,3.0,3.0,1.0,3.0,2.0,2.0,1.0,,1.0,4.0,1
139141.0,75.0,4.37,30.7,116.0,106.0,72.0,169.0,41.0,5.9,2.95,142.0,8.8,14.9,257.0,13.7,1.09,87.0,4.3,98.0,5.34,7.5,7.5,300.0,1.0,3.0,3.0,1.0,3.0,3.0,2.0,2.0,,2.0,3.0,0
139144.0,60.0,0.79,28.2,102.0,151.0,77.0,315.0,39.0,14.3,2.94,133.0,13.7,17.2,265.0,12.5,0.87,434.0,4.3,312.0,547.1,8.0,8.0,240.0,1.0,3.0,2.0,1.0,1.0,1.0,1.0,1.0,1.0,2.0,4.0,1
139145.0,42.0,3.04,19.8,76.8,96.0,61.0,187.0,79.0,5.1,0.18,139.0,4.6,12.3,211.0,15.5,0.56,54.0,2.7,94.0,8.87,7.0,8.0,180.0,2.0,6.0,2.0,2.0,,2.0,2.0,2.0,,2.0,3.0,0
139148.0,42.0,3.33,36.1,107.8,155.0,109.0,184.0,49.0,5.8,16.8,139.0,12.0,14.3,270.0,12.2,0.68,145.0,6.9,102.0,9.21,8.0,7.0,120.0,2.0,3.0,5.0,1.0,3.0,2.0,2.0,2.0,,2.0,3.0,0
139149.0,65.0,2.29,39.6,115.5,99.0,68.0,167.0,66.0,7.1,8.13,139.0,6.9,14.3,331.0,14.0,0.59,114.0,5.5,145.0,13.0,8.5,9.0,360.0,2.0,3.0,4.0,2.0,,1.0,1.0,2.0,1.0,2.0,3.0,0
139150.0,75.0,5.0,24.0,96.0,142.0,80.0,164.0,54.0,5.4,0.58,139.0,6.8,16.2,276.0,13.4,0.86,125.0,4.4,91.0,8.77,7.0,7.0,420.0,1.0,3.0,5.0,1.0,3.0,2.0,1.0,2.0,1.0,2.0,2.0,0
139153.0,24.0,1.84,51.2,144.7,88.0,73.0,193.0,44.0,5.2,7.92,139.0,4.9,13.3,269.0,13.6,0.76,104.0,8.0,122.0,4.65,8.0,9.0,240.0,2.0,3.0,5.0,2.0,,3.0,2.0,2.0,,2.0,4.0,0
139156.0,33.0,5.0,22.7,79.5,121.0,77.0,162.0,64.0,5.3,0.42,142.0,4.4,11.7,198.0,12.6,0.57,121.0,2.7,,5.85,10.0,9.0,300.0,2.0,2.0,5.0,2.0,,2.0,2.0,2.0,,2.0,2.0,0
139157.0,22.0,2.3,22.5,78.4,112.0,75.0,163.0,43.0,5.2,4.0,138.0,7.8,14.0,315.0,13.3,0.64,110.0,3.6,94.0,11.23,9.0,10.0,120.0,2.0,3.0,5.0,2.0,,2.0,2.0,2.0,,2.0,2.0,0
139158.0,47.0,,25.0,92.6,123.0,76.0,196.0,60.0,5.6,0.24,141.0,3.9,14.6,262.0,12.8,1.04,90.0,4.2,103.0,1.4,5.0,7.0,240.0,1.0,3.0,5.0,2.0,,2.0,2.0,2.0,,2.0,3.0,0
139159.0,70.0,5.0,42.1,113.9,145.0,59.0,268.0,50.0,6.0,11.03,142.0,7.7,13.5,271.0,13.9,0.93,162.0,6.0,95.0,5.37,8.5,9.0,540.0,2.0,3.0,5.0,2.0,,2.0,2.0,2.0,,2.0,2.0,0
139160.0,80.0,1.71,32.5,117.7,108.0,64.0,231.0,67.0,5.5,40.78,141.0,4.7,13.8,193.0,13.6,1.11,100.0,6.7,92.0,5.08,8.5,8.5,480.0,1.0,2.0,3.0,1.0,3.0,2.0,2.0,1.0,,2.0,3.0,0
139161.0,64.0,2.39,28.7,98.1,151.0,88.0,227.0,65.0,6.4,2.79,,9.5,13.8,398.0,14.2,,,,,1.17,7.5,8.0,600.0,2.0,3.0,3.0,1.0,2.0,2.0,2.0,1.0,,1.0,3.0,0
139162.0,80.0,4.61,24.4,90.0,156.0,93.0,170.0,55.0,5.9,1.5,138.0,7.7,13.2,194.0,13.8,1.08,90.0,4.9,94.0,7.22,8.0,8.0,180.0,1.0,3.0,5.0,2.0,,2.0,1.0,2.0,2.0,2.0,2.0,0
139164.0,65.0,3.44,28.4,97.7,108.0,69.0,168.0,35.0,7.9,1.52,135.0,6.6,14.1,262.0,13.9,1.27,247.0,6.0,170.0,38.7,7.0,7.0,180.0,2.0,3.0,5.0,2.0,,1.0,1.0,1.0,1.0,1.0,3.0,1
139171.0,60.0,2.06,36.3,132.3,122.0,74.0,310.0,49.0,6.0,6.05,133.0,9.1,14.2,404.0,16.6,0.9,331.0,6.9,88.0,12.11,9.0,9.0,540.0,1.0,3.0,4.0,1.0,3.0,2.0,1.0,1.0,1.0,1.0,4.0,1
139172.0,49.0,1.32,32.3,95.8,106.0,73.0,169.0,42.0,7.0,2.31,143.0,7.4,13.7,242.0,15.1,1.04,114.0,5.4,109.0,7.66,5.5,5.5,480.0,2.0,4.0,4.0,1.0,2.0,2.0,2.0,2.0,,2.0,3.0,0
139174.0,27.0,2.06,29.2,97.9,132.0,86.0,194.0,61.0,4.9,0.57,139.0,7.2,15.3,404.0,13.5,0.85,73.0,6.2,93.0,8.77,7.5,8.0,180.0,1.0,7.0,2.0,1.0,3.0,2.0,2.0,2.0,,2.0,3.0,0
139180.0,68.0,,21.2,86.4,139.0,73.0,221.0,69.0,5.3,0.46,144.0,6.3,14.6,246.0,13.4,0.81,115.0,5.4,99.0,5.95,7.0,7.0,120.0,1.0,2.0,2.0,1.0,1.0,2.0,2.0,2.0,,2.0,1.0,0
139181.0,27.0,2.39,24.3,79.6,106.0,65.0,160.0,64.0,5.1,0.41,138.0,6.2,14.5,190.0,12.6,1.03,44.0,5.4,74.0,8.05,7.5,7.0,60.0,1.0,3.0,5.0,2.0,,2.0,2.0,2.0,,2.0,2.0,0
139182.0,51.0,2.61,29.3,105.5,102.0,69.0,207.0,54.0,5.1,2.65,141.0,7.9,12.8,246.0,13.1,0.71,59.0,4.9,94.0,15.73,7.5,7.0,420.0,2.0,3.0,4.0,1.0,3.0,2.0,2.0,1.0,,2.0,2.0,0
139184.0,68.0,,33.4,112.1,129.0,97.0,192.0,51.0,5.8,3.41,139.0,4.8,13.9,236.0,14.3,0.86,130.0,6.0,104.0,9.04,,,120.0,2.0,3.0,3.0,2.0,,2.0,2.0,2.0,,2.0,2.0,0
139186.0,66.0,1.16,33.6,117.1,152.0,97.0,122.0,47.0,8.6,17.7,133.0,5.3,14.5,232.0,15.3,1.16,93.0,4.1,202.0,8.96,6.5,8.0,300.0,1.0,4.0,3.0,1.0,1.0,1.0,2.0,2.0,,2.0,3.0,0
139188.0,57.0,5.0,26.7,100.3,129.0,76.0,176.0,46.0,5.6,0.22,140.0,4.8,15.1,190.0,13.1,1.05,202.0,5.3,93.0,4.48,7.0,8.0,240.0,1.0,2.0,5.0,1.0,3.0,2.0,1.0,2.0,1.0,2.0,1.0,0
139193.0,72.0,0.77,49.3,,133.0,56.0,120.0,51.0,9.3,9.18,142.0,8.2,13.1,167.0,13.7,0.87,85.0,4.7,149.0,173.68,11.0,11.0,540.0,2.0,1.0,5.0,1.0,3.0,1.0,1.0,2.0,1.0,2.0,5.0,1
139194.0,41.0,5.397605346934028e-79,23.3,87.8,111.0,67.0,182.0,65.0,5.6,2.37,139.0,9.5,14.0,178.0,14.0,0.93,90.0,4.9,96.0,5.18,5.0,5.0,420.0,1.0,4.0,4.0,1.0,1.0,2.0,2.0,2.0,,2.0,4.0,0
139195.0,63.0,3.75,27.5,105.4,122.0,84.0,176.0,57.0,5.2,3.2,139.0,4.8,13.7,211.0,13.9,1.03,64.0,4.8,110.0,24.82,9.0,10.0,480.0,1.0,3.0,5.0,2.0,,2.0,1.0,2.0,1.0,2.0,2.0,0
139197.0,74.0,5.0,27.3,111.3,138.0,81.0,177.0,69.0,5.4,1.17,138.0,6.3,15.3,215.0,13.1,0.89,68.0,7.5,100.0,29.81,7.0,7.0,180.0,1.0,3.0,5.0,1.0,3.0,2.0,2.0,1.0,,1.0,2.0,0
139198.0,62.0,1.26,40.3,130.6,107.0,70.0,184.0,63.0,6.8,12.09,137.0,8.1,11.1,396.0,16.3,1.25,134.0,7.4,108.0,,7.0,7.0,5.397605346934028e-79,2.0,4.0,3.0,1.0,3.0,1.0,1.0,1.0,1.0,1.0,5.0,0
139200.0,76.0,1.65,22.7,89.8,113.0,60.0,181.0,60.0,6.4,10.21,140.0,9.9,14.4,302.0,17.6,1.12,83.0,5.7,163.0,8.89,7.0,7.0,600.0,1.0,3.0,5.0,1.0,3.0,1.0,2.0,1.0,,1.0,3.0,0
139201.0,48.0,,51.8,135.0,111.0,74.0,157.0,40.0,8.5,32.56,139.0,12.4,12.8,486.0,14.6,0.92,160.0,5.9,143.0,161.21,7.0,7.0,240.0,2.0,1.0,4.0,2.0,,1.0,1.0,1.0,2.0,1.0,3.0,0
139208.0,57.0,2.82,25.9,90.6,128.0,79.0,217.0,66.0,5.4,0.83,136.0,4.7,14.0,255.0,13.6,0.98,102.0,5.7,113.0,7.34,8.5,9.0,300.0,1.0,3.0,5.0,1.0,3.0,2.0,1.0,1.0,2.0,1.0,2.0,0
139209.0,41.0,2.74,28.8,98.0,101.0,72.0,213.0,48.0,5.1,2.11,139.0,9.9,14.3,270.0,12.9,0.72,96.0,2.8,91.0,9.52,8.5,9.5,600.0,2.0,3.0,5.0,2.0,,2.0,2.0,2.0,,2.0,3.0,0
139211.0,33.0,4.56,19.5,74.0,105.0,65.0,143.0,56.0,4.8,0.35,141.0,3.4,14.7,201.0,12.6,0.85,61.0,4.6,90.0,11.15,6.5,9.0,600.0,1.0,6.0,5.0,2.0,,2.0,2.0,2.0,,2.0,2.0,0
139212.0,67.0,2.55,25.8,93.6,118.0,71.0,154.0,35.0,6.1,1.06,140.0,7.7,13.4,338.0,13.1,0.62,178.0,3.2,103.0,23.64,7.5,8.0,240.0,2.0,3.0,4.0,1.0,1.0,2.0,2.0,1.0,,1.0,2.0,1
139213.0,40.0,3.9,33.7,105.0,134.0,90.0,227.0,35.0,6.2,13.19,139.0,4.5,12.8,191.0,13.7,0.86,464.0,4.5,112.0,2.41,5.5,6.0,30.0,2.0,3.0,5.0,1.0,1.0,2.0,2.0,1.0,,2.0,2.0,0
139221.0,68.0,1.46,25.4,83.9,157.0,95.0,213.0,59.0,5.3,8.41,140.0,4.1,15.0,211.0,14.2,0.91,148.0,5.1,94.0,12.97,8.0,7.0,480.0,2.0,3.0,5.0,2.0,,2.0,2.0,2.0,,2.0,2.0,0
139223.0,54.0,5.0,50.6,151.1,153.0,85.0,192.0,46.0,5.6,9.5,140.0,9.6,14.9,290.0,13.6,0.91,114.0,6.3,98.0,20.0,7.5,8.0,600.0,1.0,3.0,4.0,2.0,,2.0,1.0,2.0,1.0,2.0,3.0,0
139224.0,42.0,1.57,24.7,87.2,136.0,77.0,186.0,67.0,4.7,0.83,141.0,7.7,13.7,306.0,12.8,0.77,84.0,3.2,93.0,4.29,8.0,8.0,600.0,2.0,3.0,5.0,2.0,,2.0,1.0,2.0,1.0,2.0,2.0,0
139225.0,64.0,5.0,24.2,90.0,130.0,75.0,279.0,53.0,5.4,1.18,139.0,5.6,16.8,194.0,13.2,1.07,195.0,7.2,90.0,5.54,8.0,9.0,420.0,1.0,3.0,4.0,2.0,,2.0,2.0,1.0,,2.0,1.0,0
139227.0,43.0,0.77,38.1,112.0,108.0,69.0,188.0,46.0,5.5,6.93,137.0,7.3,12.1,206.0,14.2,1.16,169.0,4.8,89.0,5.61,6.0,5.0,60.0,2.0,3.0,3.0,2.0,,2.0,2.0,2.0,,2.0,5.0,0
139228.0,69.0,3.73,25.5,97.8,143.0,80.0,210.0,66.0,6.1,4.1,138.0,9.4,15.6,281.0,13.5,0.94,89.0,5.0,102.0,9.32,6.0,6.0,360.0,1.0,3.0,3.0,1.0,1.0,2.0,2.0,1.0,,2.0,2.0,0
139229.0,48.0,5.0,20.3,68.0,116.0,81.0,242.0,111.0,5.1,0.2,140.0,2.4,14.5,199.0,13.0,1.02,64.0,3.2,88.0,10.63,8.0,10.0,180.0,2.0,2.0,5.0,1.0,3.0,2.0,2.0,2.0,,2.0,1.0,0
139232.0,40.0,0.04,23.7,91.8,128.0,80.0,223.0,63.0,5.9,0.59,137.0,6.3,14.5,321.0,12.5,0.66,376.0,7.6,100.0,0.91,8.0,9.0,120.0,1.0,1.0,1.0,2.0,,2.0,2.0,2.0,,2.0,4.0,0
139234.0,72.0,3.36,38.4,124.9,168.0,67.0,185.0,63.0,5.1,9.18,140.0,,,,,0.89,167.0,5.2,101.0,8.52,8.5,8.5,360.0,2.0,3.0,5.0,1.0,3.0,2.0,1.0,2.0,1.0,2.0,3.0,0
139235.0,27.0,5.0,33.2,117.1,106.0,80.0,182.0,42.0,5.3,1.8,140.0,11.4,14.5,315.0,12.3,0.7,162.0,4.9,101.0,7.58,8.5,8.5,720.0,2.0,3.0,5.0,2.0,,2.0,2.0,2.0,,2.0,2.0,0
139237.0,51.0,2.94,31.6,101.7,103.0,69.0,223.0,71.0,4.7,2.07,139.0,3.5,12.6,322.0,14.0,0.73,73.0,2.8,89.0,7.53,9.0,6.5,540.0,2.0,4.0,4.0,2.0,,2.0,1.0,1.0,1.0,2.0,3.0,0
139244.0,61.0,4.12,25.1,97.3,111.0,82.0,250.0,46.0,5.5,2.2,142.0,5.7,14.0,281.0,14.3,0.75,132.0,3.9,101.0,12.15,5.0,8.0,240.0,2.0,4.0,5.0,2.0,,2.0,2.0,2.0,,2.0,2.0,0
139246.0,73.0,3.68,35.8,,100.0,59.0,176.0,67.0,5.4,1.58,139.0,7.2,14.7,199.0,13.5,0.94,110.0,5.4,118.0,22.83,6.0,6.0,360.0,1.0,3.0,5.0,1.0,3.0,2.0,1.0,1.0,1.0,1.0,3.0,1
139249.0,74.0,5.0,22.4,89.3,149.0,79.0,135.0,49.0,5.6,0.41,143.0,7.0,12.8,298.0,12.2,0.95,67.0,4.1,103.0,4.7,8.0,8.0,180.0,1.0,3.0,5.0,1.0,3.0,2.0,1.0,2.0,1.0,2.0,1.0,0
139252.0,61.0,5.0,22.1,76.0,98.0,67.0,247.0,83.0,5.5,0.21,141.0,3.3,13.0,197.0,13.4,0.83,48.0,4.7,91.0,13.41,8.0,8.0,480.0,2.0,1.0,5.0,2.0,,2.0,2.0,1.0,,2.0,2.0,0
139253.0,49.0,1.62,19.9,78.8,104.0,65.0,244.0,68.0,5.4,0.2,142.0,6.4,13.5,254.0,14.2,0.71,87.0,4.1,94.0,21.46,7.5,10.0,600.0,2.0,7.0,4.0,2.0,,2.0,2.0,2.0,,2.0,1.0,0
139256.0,25.0,3.69,37.3,114.5,115.0,85.0,174.0,46.0,6.0,11.28,138.0,8.0,13.0,279.0,14.9,0.91,149.0,6.2,88.0,10.34,8.5,10.0,360.0,2.0,2.0,4.0,2.0,,2.0,2.0,2.0,,2.0,2.0,0
139258.0,53.0,0.69,,,124.0,74.0,242.0,36.0,5.5,8.27,139.0,7.8,12.6,340.0,15.8,0.53,181.0,3.5,87.0,9.16,4.0,4.0,180.0,2.0,7.0,1.0,1.0,1.0,2.0,2.0,2.0,,2.0,2.0,0
139259.0,73.0,3.08,32.0,105.0,112.0,82.0,172.0,75.0,4.9,0.85,140.0,5.2,13.1,287.0,13.2,0.81,88.0,7.0,113.0,7.4,7.0,7.0,300.0,2.0,3.0,4.0,1.0,3.0,2.0,2.0,2.0,,2.0,3.0,1
139260.0,49.0,1.46,24.2,90.8,121.0,80.0,244.0,48.0,5.5,0.58,142.0,5.2,15.4,313.0,13.4,0.73,437.0,6.8,93.0,4.0,7.0,11.0,120.0,1.0,1.0,2.0,1.0,1.0,2.0,2.0,2.0,,2.0,2.0,0
139261.0,76.0,1.51,25.9,102.5,107.0,58.0,178.0,44.0,4.5,1.19,142.0,5.4,12.2,226.0,13.1,1.26,97.0,5.6,90.0,6.48,4.0,4.0,240.0,1.0,7.0,5.0,2.0,,2.0,1.0,1.0,1.0,1.0,4.0,0
139265.0,44.0,2.08,42.1,114.4,117.0,76.0,163.0,42.0,7.5,8.59,140.0,6.8,12.2,343.0,14.1,0.44,208.0,3.6,128.0,12.41,8.5,10.5,480.0,2.0,1.0,4.0,1.0,3.0,2.0,1.0,1.0,1.0,2.0,4.0,0
139266.0,60.0,5.0,26.5,84.9,106.0,60.0,213.0,66.0,5.4,1.92,141.0,5.8,14.1,228.0,13.5,0.78,88.0,4.2,86.0,8.88,6.5,7.5,480.0,2.0,3.0,5.0,2.0,,2.0,2.0,1.0,,2.0,2.0,0
139268.0,68.0,3.35,28.9,109.5,118.0,71.0,192.0,53.0,5.3,6.94,141.0,6.2,15.6,326.0,13.0,1.04,125.0,7.5,113.0,16.64,7.0,7.0,120.0,1.0,3.0,4.0,1.0,3.0,2.0,2.0,2.0,,2.0,2.0,0
139269.0,61.0,3.46,27.1,92.6,126.0,89.0,203.0,82.0,5.5,0.35,144.0,4.5,13.7,156.0,14.5,0.74,113.0,5.2,78.0,0.81,8.0,8.0,360.0,2.0,3.0,3.0,2.0,,2.0,2.0,2.0,,2.0,3.0,0
139270.0,50.0,3.92,20.0,81.1,107.0,77.0,256.0,112.0,5.5,0.82,142.0,6.4,14.2,269.0,14.5,0.63,94.0,4.1,93.0,7.45,4.0,5.0,60.0,2.0,6.0,3.0,2.0,,2.0,2.0,1.0,,2.0,5.0,0
139274.0,57.0,3.02,21.8,76.8,136.0,83.0,271.0,51.0,5.7,5.85,140.0,6.0,13.1,255.0,13.6,0.83,112.0,3.4,95.0,14.96,7.0,8.0,360.0,2.0,3.0,3.0,2.0,,2.0,2.0,1.0,,1.0,2.0,0
139285.0,79.0,5.0,28.9,111.3,116.0,62.0,208.0,41.0,5.4,5.74,141.0,5.8,14.2,295.0,13.1,1.21,175.0,6.4,109.0,8.88,7.0,7.0,300.0,1.0,3.0,5.0,2.0,,2.0,2.0,2.0,,2.0,3.0,0
139287.0,29.0,2.3,21.8,77.6,114.0,75.0,173.0,60.0,5.0,0.53,139.0,5.8,14.2,260.0,12.9,0.85,45.0,3.4,84.0,5.36,7.5,8.0,240.0,2.0,3.0,4.0,2.0,,2.0,1.0,2.0,2.0,2.0,2.0,0
139288.0,44.0,2.13,44.6,124.0,134.0,87.0,195.0,37.0,7.3,18.36,141.0,7.6,13.1,184.0,14.3,0.6,197.0,5.8,133.0,18.61,7.0,9.0,360.0,2.0,3.0,5.0,2.0,,1.0,1.0,2.0,1.0,2.0,4.0,0
139290.0,55.0,4.42,37.4,120.7,145.0,102.0,150.0,42.0,7.3,1.36,141.0,7.8,13.4,227.0,16.0,0.74,136.0,4.9,,121.91,4.5,6.5,240.0,2.0,2.0,5.0,2.0,,1.0,1.0,1.0,1.0,1.0,3.0,0
139292.0,29.0,,29.9,106.3,118.0,74.0,209.0,39.0,5.2,5.65,143.0,8.2,15.4,262.0,12.8,1.21,306.0,7.2,82.0,8.49,8.0,9.0,240.0,1.0,3.0,4.0,2.0,,2.0,2.0,2.0,,2.0,2.0,0
139294.0,49.0,3.08,47.0,149.0,125.0,86.0,116.0,40.0,6.3,35.14,141.0,7.0,13.9,168.0,15.4,0.86,68.0,7.2,98.0,3.82,6.5,6.5,540.0,1.0,3.0,3.0,2.0,,1.0,1.0,1.0,1.0,1.0,1.0,0
139297.0,79.0,3.28,27.6,95.7,151.0,71.0,276.0,54.0,7.5,1.09,120.0,6.6,12.6,354.0,12.9,0.53,465.0,2.1,60.0,39.93,9.0,9.0,420.0,2.0,2.0,3.0,1.0,3.0,1.0,1.0,1.0,1.0,2.0,2.0,0
139300.0,62.0,4.44,23.6,83.6,152.0,82.0,159.0,57.0,5.2,0.91,139.0,4.3,13.7,222.0,13.8,0.69,115.0,4.2,88.0,8.78,8.0,8.0,240.0,2.0,3.0,3.0,2.0,,2.0,2.0,1.0,,2.0,2.0,0
139301.0,80.0,5.0,22.3,92.4,131.0,59.0,203.0,91.0,5.5,1.21,138.0,6.4,14.5,304.0,13.2,0.56,60.0,4.8,106.0,12.36,8.0,8.0,180.0,2.0,3.0,5.0,1.0,3.0,2.0,2.0,1.0,,2.0,2.0,0
139302.0,55.0,1.01,33.7,106.9,108.0,75.0,154.0,43.0,8.2,5.51,139.0,8.4,12.7,139.0,14.8,0.76,159.0,7.4,177.0,4.48,6.0,8.0,120.0,2.0,4.0,4.0,2.0,,1.0,1.0,1.0,1.0,1.0,5.0,0
139303.0,35.0,,29.3,94.5,111.0,75.0,211.0,39.0,5.9,7.38,138.0,7.5,12.1,335.0,14.4,0.61,208.0,5.5,107.0,6.45,10.5,10.5,300.0,2.0,1.0,3.0,2.0,,2.0,2.0,2.0,,2.0,1.0,0
139304.0,68.0,5.0,27.8,101.6,129.0,77.0,222.0,63.0,5.5,1.77,140.0,4.6,15.3,191.0,13.8,0.95,73.0,7.7,100.0,10.19,10.5,10.5,300.0,1.0,4.0,3.0,1.0,3.0,2.0,1.0,2.0,1.0,2.0,3.0,0
139305.0,59.0,0.66,29.6,100.7,145.0,91.0,138.0,47.0,7.2,2.03,133.0,10.3,14.6,178.0,15.2,0.78,118.0,6.0,115.0,10.88,,,240.0,1.0,1.0,1.0,2.0,,1.0,1.0,2.0,1.0,1.0,4.0,0
139308.0,43.0,1.37,25.5,73.7,123.0,80.0,173.0,65.0,5.1,0.41,139.0,4.4,11.8,200.0,13.1,0.85,107.0,2.9,95.0,6.2,6.0,6.0,240.0,2.0,4.0,4.0,1.0,3.0,2.0,1.0,1.0,2.0,2.0,3.0,0
139309.0,70.0,0.96,29.4,110.1,128.0,84.0,192.0,73.0,5.5,2.07,144.0,7.5,11.6,277.0,13.0,0.82,112.0,4.0,88.0,14.62,9.0,10.0,300.0,2.0,3.0,2.0,1.0,3.0,2.0,1.0,1.0,1.0,1.0,3.0,0
139310.0,72.0,1.64,30.4,107.8,121.0,77.0,280.0,46.0,8.9,3.42,141.0,7.6,14.1,275.0,13.5,0.72,815.0,3.0,224.0,20.45,10.0,10.0,600.0,2.0,3.0,5.0,1.0,3.0,1.0,2.0,1.0,,1.0,4.0,0
139312.0,62.0,2.33,28.8,99.6,114.0,69.0,197.0,67.0,5.8,0.63,139.0,5.6,13.8,322.0,13.8,0.68,141.0,6.7,106.0,4.8,5.5,5.5,180.0,2.0,3.0,4.0,1.0,3.0,2.0,1.0,1.0,1.0,1.0,3.0,0
139314.0,53.0,1.25,28.9,91.3,128.0,69.0,143.0,55.0,5.9,0.73,140.0,5.4,12.3,202.0,13.5,0.97,117.0,5.1,103.0,14.6,6.0,6.0,180.0,2.0,1.0,2.0,2.0,,2.0,2.0,2.0,,1.0,4.0,0
139315.0,73.0,5.0,24.9,93.2,135.0,66.0,231.0,60.0,5.2,0.92,142.0,5.6,15.4,169.0,13.6,0.74,74.0,4.4,98.0,5.49,7.0,7.0,480.0,1.0,3.0,5.0,2.0,,2.0,2.0,2.0,,2.0,2.0,0
139317.0,24.0,5.0,23.3,80.9,135.0,78.0,240.0,54.0,4.6,0.52,140.0,8.9,16.3,273.0,12.4,0.97,175.0,5.3,81.0,6.71,8.0,8.5,600.0,1.0,3.0,5.0,2.0,,2.0,2.0,2.0,,2.0,1.0,0
139321.0,27.0,3.77,24.3,79.6,103.0,63.0,171.0,70.0,4.6,0.61,138.0,4.5,13.5,202.0,12.9,0.8,72.0,5.1,86.0,6.23,8.0,8.0,720.0,2.0,3.0,5.0,2.0,,2.0,2.0,2.0,,2.0,1.0,0
139322.0,46.0,5.0,40.4,123.7,133.0,84.0,193.0,48.0,5.0,3.81,138.0,6.9,12.6,265.0,13.4,0.69,80.0,5.1,107.0,4.62,8.5,9.5,600.0,2.0,3.0,5.0,2.0,,2.0,1.0,2.0,2.0,2.0,4.0,0
139323.0,22.0,0.14,29.7,85.7,102.0,64.0,191.0,49.0,4.9,2.34,137.0,6.3,12.3,268.0,13.5,0.67,86.0,6.0,80.0,5.38,8.0,9.0,480.0,2.0,6.0,3.0,2.0,,2.0,2.0,2.0,,2.0,2.0,0
139326.0,24.0,1.77,31.6,105.4,126.0,80.0,155.0,46.0,5.4,2.02,143.0,9.5,15.2,268.0,13.1,0.87,136.0,6.5,84.0,4.8,8.0,,960.0,1.0,1.0,4.0,1.0,1.0,2.0,2.0,2.0,,2.0,1.0,0
139329.0,64.0,1.91,35.1,112.5,121.0,64.0,178.0,44.0,6.2,8.04,141.0,7.1,14.1,225.0,13.9,0.77,258.0,5.1,135.0,7.26,8.0,7.0,90.0,1.0,1.0,2.0,2.0,,2.0,1.0,1.0,1.0,1.0,3.0,0
139331.0,32.0,5.0,21.5,80.3,112.0,61.0,181.0,60.0,4.8,0.79,143.0,5.1,14.7,176.0,13.5,1.23,54.0,5.0,94.0,3.27,8.5,8.0,780.0,1.0,3.0,5.0,2.0,,2.0,2.0,2.0,,2.0,2.0,0
139332.0,30.0,,20.0,71.8,103.0,54.0,123.0,54.0,5.8,0.7,140.0,6.1,13.2,174.0,15.1,0.97,52.0,4.5,77.0,4.28,7.0,9.0,240.0,1.0,4.0,3.0,2.0,,2.0,2.0,2.0,,2.0,3.0,0
139333.0,47.0,0.52,35.1,118.5,102.0,76.0,216.0,48.0,10.1,6.45,141.0,10.2,13.6,257.0,13.6,0.84,269.0,5.6,222.0,,10.0,10.0,180.0,1.0,4.0,3.0,2.0,,1.0,1.0,1.0,1.0,1.0,3.0,0
139336.0,80.0,,29.6,115.2,127.0,57.0,121.0,53.0,5.3,0.28,139.0,8.7,13.9,188.0,13.1,1.1,92.0,5.8,81.0,5.18,9.0,9.0,240.0,1.0,3.0,3.0,1.0,3.0,2.0,2.0,1.0,,2.0,4.0,1
139337.0,65.0,5.0,27.6,106.5,120.0,82.0,222.0,106.0,5.8,0.93,132.0,7.1,15.3,431.0,14.7,0.62,69.0,3.4,94.0,286.9,9.0,10.0,180.0,1.0,3.0,3.0,1.0,1.0,2.0,1.0,1.0,1.0,1.0,2.0,0
139338.0,27.0,0.28,25.2,90.8,107.0,68.0,160.0,36.0,5.1,0.46,139.0,7.3,15.4,219.0,12.3,1.04,109.0,5.0,96.0,3.46,9.0,9.0,300.0,1.0,6.0,1.0,2.0,,2.0,2.0,2.0,,2.0,3.0,0
139342.0,75.0,4.48,33.0,128.6,112.0,78.0,107.0,43.0,8.0,1.29,,8.1,17.1,241.0,13.8,,,,,21.41,8.0,8.0,600.0,1.0,3.0,5.0,2.0,,1.0,1.0,2.0,1.0,1.0,3.0,0
139343.0,59.0,,21.6,82.5,108.0,77.0,181.0,76.0,5.5,58.81,139.0,10.1,11.6,474.0,15.4,0.7,73.0,4.7,101.0,12.26,7.5,8.5,540.0,2.0,3.0,5.0,1.0,3.0,2.0,2.0,2.0,,2.0,4.0,0
139346.0,75.0,,23.6,88.4,157.0,89.0,153.0,40.0,5.2,3.32,139.0,7.9,15.3,152.0,13.1,0.97,95.0,5.1,96.0,10.86,6.0,6.0,240.0,1.0,2.0,1.0,2.0,,2.0,1.0,2.0,1.0,2.0,3.0,0
139351.0,49.0,4.17,30.9,101.3,113.0,76.0,234.0,47.0,5.8,13.23,139.0,9.8,15.7,445.0,13.0,0.69,156.0,4.2,115.0,5.33,8.0,7.0,360.0,2.0,3.0,2.0,1.0,1.0,2.0,2.0,1.0,,2.0,2.0,0
139352.0,21.0,1.69,22.5,81.8,105.0,61.0,134.0,41.0,4.5,0.44,139.0,6.2,16.3,178.0,13.4,0.93,47.0,6.2,92.0,3.95,6.5,9.0,120.0,1.0,3.0,3.0,2.0,,2.0,2.0,2.0,,2.0,2.0,0
139353.0,47.0,1.8,44.2,138.6,130.0,92.0,149.0,51.0,9.9,6.57,136.0,7.7,13.8,311.0,15.5,0.86,77.0,4.8,139.0,10.88,6.5,9.0,120.0,1.0,1.0,3.0,2.0,,1.0,1.0,1.0,1.0,2.0,3.0,0
139356.0,46.0,4.32,26.9,89.0,108.0,73.0,214.0,64.0,5.3,0.41,142.0,5.5,12.4,249.0,12.8,0.46,60.0,2.6,95.0,6.58,8.5,9.5,540.0,2.0,3.0,5.0,2.0,,2.0,2.0,2.0,,2.0,3.0,0
139360.0,57.0,,40.9,118.2,145.0,83.0,131.0,45.0,7.1,2.42,141.0,9.2,12.7,306.0,15.8,0.69,115.0,4.2,82.0,89.51,7.5,7.5,360.0,2.0,4.0,5.0,2.0,,1.0,1.0,2.0,1.0,2.0,3.0,0
139361.0,80.0,1.09,33.1,112.7,133.0,80.0,167.0,40.0,8.0,1.12,136.0,7.8,14.9,193.0,14.0,0.77,147.0,3.0,176.0,,10.0,10.0,360.0,2.0,3.0,3.0,2.0,,1.0,1.0,1.0,1.0,1.0,2.0,0
139362.0,70.0,2.24,25.7,99.8,126.0,72.0,168.0,48.0,5.6,0.22,138.0,6.3,13.7,247.0,12.7,0.72,144.0,4.6,101.0,5.07,5.5,5.5,420.0,1.0,2.0,2.0,1.0,2.0,2.0,1.0,1.0,1.0,1.0,4.0,1
139366.0,46.0,2.83,28.8,99.6,116.0,85.0,284.0,43.0,5.6,1.95,140.0,6.3,15.8,268.0,13.1,1.05,279.0,6.7,116.0,4.88,8.5,8.5,120.0,1.0,3.0,5.0,1.0,1.0,2.0,2.0,2.0,,2.0,2.0,0
139368.0,63.0,,25.6,91.1,116.0,75.0,131.0,60.0,5.6,1.14,141.0,6.3,13.6,263.0,13.0,0.99,79.0,5.4,101.0,3.29,9.5,10.5,540.0,2.0,3.0,4.0,1.0,3.0,1.0,2.0,2.0,,2.0,3.0,0
139370.0,64.0,1.8,17.3,70.5,125.0,65.0,198.0,73.0,5.8,1.68,137.0,6.9,14.9,215.0,13.2,0.82,78.0,3.6,97.0,32.52,8.0,8.0,600.0,2.0,3.0,3.0,1.0,2.0,2.0,2.0,2.0,,2.0,2.0,0
139373.0,65.0,1.05,31.9,117.0,115.0,64.0,121.0,41.0,6.0,13.08,138.0,7.5,13.4,196.0,15.0,1.14,87.0,3.5,115.0,58.29,8.0,8.0,600.0,1.0,3.0,2.0,1.0,1.0,2.0,1.0,1.0,1.0,1.0,4.0,1
139374.0,46.0,0.76,40.9,134.5,126.0,83.0,202.0,41.0,5.1,2.11,140.0,9.2,13.8,261.0,14.3,0.97,140.0,5.6,88.0,3.12,8.5,7.0,540.0,1.0,4.0,4.0,1.0,1.0,2.0,1.0,1.0,1.0,1.0,3.0,1
139376.0,41.0,1.91,25.9,91.4,101.0,60.0,98.0,35.0,5.3,2.66,138.0,8.4,11.5,232.0,14.4,0.73,32.0,3.1,87.0,7.33,7.0,8.0,720.0,2.0,7.0,4.0,1.0,3.0,2.0,2.0,2.0,,2.0,3.0,0
139381.0,55.0,,34.4,111.8,111.0,74.0,207.0,60.0,5.6,2.95,139.0,7.0,12.9,211.0,12.7,0.72,121.0,2.9,95.0,11.04,7.0,7.0,240.0,2.0,1.0,5.0,2.0,,2.0,2.0,2.0,,2.0,2.0,0
139383.0,61.0,,22.3,87.0,169.0,93.0,173.0,65.0,5.6,1.3,137.0,4.2,16.2,223.0,15.0,1.04,117.0,4.9,87.0,5.67,3.0,4.0,120.0,1.0,4.0,2.0,1.0,1.0,2.0,2.0,2.0,,2.0,3.0,0
139388.0,42.0,2.94,23.0,85.2,95.0,65.0,165.0,64.0,5.0,1.01,136.0,8.3,14.3,393.0,12.1,0.76,57.0,3.0,94.0,7.73,7.0,8.0,300.0,2.0,3.0,5.0,1.0,3.0,2.0,2.0,2.0,,2.0,1.0,0
139389.0,63.0,5.0,33.9,104.6,136.0,73.0,159.0,37.0,6.4,3.3,137.0,9.0,12.5,360.0,13.3,0.72,193.0,4.6,104.0,5.89,8.0,8.0,480.0,2.0,3.0,5.0,2.0,,1.0,2.0,1.0,,1.0,2.0,0
139392.0,69.0,5.0,39.6,121.5,111.0,75.0,168.0,53.0,5.9,3.57,140.0,8.0,14.3,258.0,13.8,1.02,122.0,7.1,90.0,8.01,7.5,12.0,420.0,2.0,3.0,5.0,1.0,3.0,2.0,2.0,1.0,,1.0,3.0,0
139398.0,62.0,0.61,33.4,101.1,152.0,83.0,185.0,49.0,6.4,4.95,141.0,7.0,13.0,289.0,14.0,0.46,117.0,3.6,106.0,33.05,8.0,7.5,120.0,2.0,1.0,1.0,2.0,,3.0,2.0,1.0,,2.0,4.0,0
139401.0,68.0,5.0,30.1,97.9,118.0,61.0,213.0,60.0,5.2,1.82,137.0,9.3,13.9,356.0,13.3,0.61,136.0,4.9,97.0,10.81,8.0,11.0,600.0,2.0,1.0,4.0,2.0,,2.0,1.0,2.0,1.0,2.0,2.0,0
139402.0,65.0,1.31,29.7,111.9,121.0,89.0,140.0,42.0,6.1,1.02,138.0,6.8,14.6,199.0,14.8,1.03,250.0,4.5,69.0,7.61,7.0,7.0,180.0,1.0,3.0,1.0,1.0,3.0,1.0,2.0,1.0,,1.0,3.0,0
139404.0,66.0,4.64,22.6,77.1,131.0,89.0,238.0,121.0,5.4,0.85,137.0,8.3,13.7,288.0,14.5,0.75,116.0,5.7,91.0,0.91,8.5,8.5,180.0,2.0,3.0,5.0,1.0,3.0,2.0,2.0,9.0,,2.0,1.0,0
139407.0,68.0,,36.3,111.9,146.0,82.0,188.0,65.0,6.2,2.04,140.0,7.4,12.6,273.0,13.6,0.71,154.0,7.6,120.0,0.84,8.5,8.0,420.0,2.0,3.0,5.0,1.0,3.0,3.0,1.0,1.0,1.0,1.0,3.0,0
139413.0,74.0,4.42,32.9,123.2,119.0,52.0,123.0,59.0,6.5,3.37,144.0,6.6,12.0,159.0,16.0,1.41,62.0,8.6,132.0,23.34,9.0,8.0,900.0,1.0,3.0,5.0,2.0,,1.0,1.0,1.0,1.0,1.0,5.0,1
139416.0,60.0,4.22,25.5,97.5,105.0,70.0,190.0,71.0,5.1,9.27,137.0,8.4,14.8,259.0,13.4,0.93,60.0,4.8,88.0,5.63,7.0,10.0,120.0,1.0,3.0,5.0,2.0,,2.0,2.0,2.0,,2.0,1.0,0
139417.0,63.0,3.17,30.8,104.3,130.0,76.0,162.0,32.0,5.7,1.34,139.0,8.5,16.5,236.0,13.2,1.14,241.0,6.4,127.0,6.92,9.0,10.0,360.0,1.0,3.0,3.0,2.0,,2.0,2.0,2.0,,2.0,3.0,0
139418.0,39.0,3.82,27.1,94.3,142.0,84.0,225.0,59.0,5.5,0.54,142.0,7.4,13.7,251.0,12.8,1.03,247.0,4.0,94.0,3.93,8.5,8.5,360.0,1.0,4.0,5.0,1.0,3.0,2.0,2.0,2.0,,2.0,3.0,0
139420.0,28.0,,24.0,85.7,123.0,65.0,268.0,58.0,5.6,0.79,138.0,5.3,15.6,204.0,12.4,0.96,136.0,4.6,99.0,7.66,8.0,8.0,300.0,1.0,3.0,3.0,1.0,1.0,2.0,2.0,2.0,,2.0,4.0,0
139423.0,62.0,3.43,27.4,107.4,131.0,105.0,151.0,66.0,5.5,0.51,140.0,4.5,15.8,155.0,13.5,0.86,107.0,6.5,88.0,0.5,8.0,8.0,360.0,1.0,3.0,2.0,1.0,3.0,2.0,2.0,2.0,,2.0,1.0,0
139424.0,32.0,1.15,36.2,108.9,112.0,65.0,169.0,56.0,5.2,0.89,138.0,8.6,12.8,232.0,13.0,0.58,85.0,2.9,92.0,7.04,8.0,9.0,180.0,2.0,1.0,2.0,2.0,,2.0,2.0,2.0,,2.0,3.0,0
139425.0,52.0,3.49,51.3,148.2,160.0,111.0,242.0,58.0,5.6,2.79,140.0,9.2,15.4,265.0,14.9,0.88,135.0,6.8,131.0,7.26,5.5,4.5,420.0,1.0,2.0,5.0,2.0,,2.0,1.0,2.0,1.0,2.0,3.0,0
139426.0,71.0,3.28,37.1,107.6,152.0,76.0,153.0,46.0,6.4,4.23,144.0,6.9,12.2,221.0,15.9,0.61,103.0,5.2,100.0,4.99,7.5,6.0,360.0,2.0,4.0,4.0,2.0,,1.0,1.0,1.0,1.0,1.0,2.0,0
139435.0,49.0,1.99,30.0,109.2,119.0,77.0,182.0,38.0,5.8,2.95,138.0,10.3,14.4,274.0,14.1,0.68,112.0,4.3,107.0,10.91,7.0,7.0,420.0,2.0,3.0,3.0,1.0,1.0,3.0,2.0,2.0,,2.0,3.0,0
139437.0,41.0,5.0,34.8,116.9,110.0,72.0,110.0,40.0,5.1,3.56,140.0,6.0,16.3,183.0,13.1,0.75,94.0,6.9,113.0,20.07,9.0,8.0,300.0,1.0,3.0,4.0,1.0,3.0,2.0,1.0,1.0,2.0,1.0,3.0,1
139438.0,56.0,3.23,25.9,99.8,125.0,84.0,203.0,49.0,5.3,5.23,143.0,5.2,15.2,244.0,13.0,0.94,74.0,4.9,91.0,4.51,6.5,7.0,180.0,1.0,3.0,3.0,1.0,3.0,2.0,2.0,2.0,,2.0,2.0,0
139441.0,62.0,1.47,25.5,,126.0,76.0,168.0,51.0,5.8,0.52,140.0,5.8,14.2,190.0,12.7,0.99,89.0,5.1,92.0,33.7,7.0,9.0,240.0,1.0,3.0,3.0,2.0,,2.0,2.0,1.0,,1.0,2.0,0
139443.0,70.0,,25.6,95.2,150.0,86.0,271.0,56.0,5.7,1.08,136.0,8.1,14.6,293.0,14.5,0.91,156.0,5.6,85.0,78.14,6.0,5.5,180.0,1.0,3.0,5.0,1.0,3.0,2.0,2.0,2.0,,2.0,1.0,0
139446.0,80.0,5.0,20.9,80.5,130.0,75.0,138.0,72.0,5.4,3.23,140.0,7.0,13.1,163.0,14.2,1.22,69.0,4.5,83.0,8.71,8.0,8.0,600.0,2.0,3.0,5.0,1.0,3.0,2.0,2.0,2.0,,1.0,3.0,1
139447.0,58.0,5.0,22.2,84.0,121.0,78.0,194.0,90.0,5.5,0.44,142.0,4.1,13.4,248.0,14.4,0.61,56.0,4.1,90.0,106.87,9.0,9.0,480.0,2.0,3.0,5.0,2.0,,2.0,2.0,2.0,,2.0,1.0,0
139448.0,63.0,2.87,32.5,94.0,166.0,93.0,195.0,67.0,7.8,1.89,143.0,6.3,12.0,232.0,13.5,0.93,64.0,4.7,166.0,67.52,8.0,10.0,120.0,2.0,4.0,5.0,2.0,,2.0,1.0,2.0,1.0,2.0,5.0,0
139450.0,33.0,4.53,25.2,87.4,98.0,65.0,178.0,54.0,5.8,12.05,138.0,9.5,14.4,330.0,13.0,0.78,158.0,6.2,104.0,4.41,9.0,10.0,540.0,2.0,7.0,5.0,1.0,3.0,2.0,2.0,2.0,,2.0,2.0,0
139458.0,20.0,,26.0,89.5,113.0,64.0,108.0,54.0,4.8,0.82,141.0,7.4,15.4,214.0,12.8,1.16,51.0,3.8,77.0,3.77,8.0,9.5,300.0,1.0,3.0,3.0,2.0,,2.0,2.0,2.0,,2.0,1.0,0
139459.0,71.0,3.13,34.0,121.8,137.0,82.0,215.0,54.0,6.3,3.08,139.0,8.6,17.1,299.0,13.3,1.35,100.0,6.5,104.0,3.45,8.5,8.5,720.0,1.0,3.0,3.0,2.0,,2.0,1.0,1.0,1.0,1.0,3.0,0
139461.0,62.0,5.0,32.7,112.0,116.0,80.0,111.0,25.0,5.8,1.91,144.0,9.1,15.1,208.0,14.9,1.25,231.0,4.8,90.0,4.09,7.0,7.0,480.0,1.0,3.0,3.0,2.0,,2.0,1.0,2.0,1.0,2.0,2.0,0
139462.0,80.0,4.82,32.5,114.8,117.0,61.0,143.0,33.0,5.7,5.79,142.0,6.9,16.1,175.0,13.6,1.34,176.0,7.2,123.0,10.52,9.0,9.0,180.0,1.0,3.0,3.0,1.0,3.0,2.0,2.0,1.0,,1.0,3.0,1
139464.0,37.0,,23.3,80.2,113.0,59.0,163.0,69.0,5.4,0.99,142.0,6.8,13.7,241.0,13.9,0.74,87.0,4.3,93.0,32.65,9.0,9.5,240.0,2.0,1.0,5.0,2.0,,2.0,2.0,2.0,,2.0,1.0,0
139465.0,34.0,0.4,48.7,132.0,109.0,81.0,214.0,48.0,5.2,9.22,138.0,11.8,13.2,270.0,14.1,0.64,253.0,5.4,82.0,11.57,6.0,6.0,240.0,2.0,1.0,4.0,2.0,,2.0,1.0,2.0,2.0,2.0,4.0,0
139466.0,78.0,0.96,24.5,94.7,134.0,72.0,224.0,113.0,5.0,1.3,136.0,4.3,13.3,174.0,15.8,1.3,77.0,5.0,111.0,13.29,6.0,6.0,60.0,1.0,3.0,4.0,2.0,,2.0,2.0,2.0,,2.0,5.0,0
139467.0,33.0,3.64,35.4,123.8,101.0,76.0,186.0,64.0,5.0,1.42,139.0,11.9,14.2,338.0,12.8,0.58,109.0,3.3,86.0,24.71,6.5,5.0,240.0,2.0,3.0,4.0,2.0,,2.0,2.0,2.0,,2.0,2.0,0
139470.0,66.0,1.72,23.6,90.3,157.0,97.0,233.0,48.0,5.8,2.07,141.0,6.0,14.8,246.0,13.1,0.72,247.0,5.5,115.0,3.7,6.5,10.0,60.0,1.0,2.0,1.0,1.0,3.0,2.0,2.0,1.0,,1.0,4.0,0
139473.0,61.0,5.0,24.6,83.3,123.0,75.0,206.0,53.0,5.8,2.73,139.0,6.8,14.4,283.0,13.4,0.63,123.0,4.4,86.0,8.15,7.5,7.5,360.0,2.0,3.0,3.0,1.0,3.0,2.0,2.0,1.0,,2.0,3.0,0
139479.0,50.0,4.78,26.4,106.0,133.0,88.0,216.0,38.0,5.7,1.26,141.0,4.3,14.5,218.0,13.4,1.25,375.0,6.3,127.0,4.29,7.0,9.5,660.0,1.0,3.0,5.0,1.0,3.0,2.0,2.0,1.0,,1.0,2.0,0
139483.0,33.0,2.56,43.1,133.4,110.0,80.0,197.0,35.0,5.3,5.08,136.0,7.5,16.1,343.0,13.9,1.07,153.0,5.7,108.0,6.1,7.0,7.0,540.0,1.0,7.0,4.0,1.0,3.0,2.0,2.0,2.0,,2.0,2.0,0
139485.0,51.0,1.32,19.5,80.5,164.0,87.0,209.0,42.0,5.7,8.57,138.0,5.0,13.1,197.0,16.3,1.02,123.0,5.2,94.0,5.78,9.5,9.0,360.0,1.0,3.0,4.0,1.0,1.0,2.0,1.0,1.0,1.0,2.0,2.0,0
139488.0,25.0,2.66,31.4,102.3,128.0,77.0,166.0,39.0,5.4,0.66,139.0,5.9,14.8,329.0,13.4,0.78,154.0,6.3,104.0,4.74,5.0,6.0,540.0,1.0,3.0,4.0,2.0,,2.0,2.0,2.0,,2.0,4.0,0
139489.0,55.0,4.53,23.4,79.9,115.0,70.0,208.0,54.0,5.2,1.0,140.0,6.7,14.5,223.0,12.4,0.81,46.0,5.9,95.0,4.85,6.0,6.0,240.0,1.0,6.0,5.0,1.0,3.0,2.0,2.0,2.0,,2.0,2.0,0
139491.0,40.0,5.0,21.8,90.7,116.0,70.0,146.0,40.0,5.1,14.77,140.0,9.8,14.7,238.0,12.7,0.95,160.0,6.2,92.0,3.15,9.0,11.0,540.0,1.0,6.0,5.0,2.0,,2.0,2.0,2.0,,2.0,3.0,0
139493.0,75.0,2.13,22.9,87.1,118.0,63.0,193.0,86.0,5.8,3.79,140.0,10.3,13.0,349.0,14.2,1.62,89.0,7.6,115.0,11.1,8.0,8.0,420.0,2.0,3.0,5.0,2.0,,2.0,1.0,1.0,1.0,1.0,3.0,0
139494.0,64.0,3.49,22.5,90.3,147.0,89.0,273.0,70.0,5.2,4.72,131.0,4.8,14.2,273.0,13.7,0.81,94.0,4.9,99.0,7.48,8.0,8.0,480.0,2.0,3.0,4.0,1.0,3.0,2.0,2.0,1.0,,2.0,2.0,0
139495.0,50.0,,19.5,84.1,125.0,76.0,320.0,41.0,5.5,0.5,141.0,4.7,12.4,336.0,13.6,0.54,262.0,5.4,95.0,11.33,9.0,9.0,120.0,2.0,6.0,1.0,2.0,,2.0,2.0,2.0,,2.0,2.0,0
139497.0,73.0,3.09,28.1,94.6,102.0,66.0,185.0,58.0,5.8,9.15,138.0,7.1,15.8,206.0,13.2,1.03,110.0,5.2,114.0,10.57,7.5,7.5,360.0,2.0,3.0,5.0,1.0,3.0,2.0,2.0,2.0,,1.0,3.0,0
139498.0,62.0,0.74,39.2,125.3,126.0,74.0,290.0,62.0,10.1,1.67,137.0,9.4,13.5,316.0,13.4,0.51,194.0,3.9,234.0,444.96,2.0,2.0,600.0,2.0,2.0,2.0,2.0,,1.0,1.0,1.0,1.0,1.0,5.0,0
139500.0,73.0,3.88,22.1,83.1,115.0,73.0,151.0,56.0,6.9,5.33,137.0,9.0,12.3,365.0,14.9,1.46,103.0,7.6,95.0,5.25,10.0,10.0,300.0,2.0,4.0,4.0,1.0,1.0,2.0,1.0,1.0,1.0,1.0,3.0,1
139502.0,31.0,4.12,31.3,102.4,122.0,84.0,204.0,58.0,4.5,1.8,137.0,10.1,13.8,345.0,13.8,0.91,130.0,5.7,83.0,5.25,7.5,9.0,300.0,2.0,3.0,5.0,1.0,3.0,2.0,2.0,2.0,,2.0,2.0,0
139504.0,63.0,0.05,19.9,83.1,124.0,76.0,252.0,64.0,5.6,1.41,135.0,8.6,13.3,389.0,13.5,0.72,95.0,3.0,77.0,7.69,6.5,6.5,120.0,2.0,3.0,3.0,2.0,,2.0,2.0,2.0,,2.0,2.0,0
139508.0,68.0,3.9,32.3,100.5,136.0,81.0,181.0,44.0,6.0,2.56,138.0,8.3,11.2,238.0,14.8,0.98,134.0,5.8,117.0,10.59,7.0,8.0,240.0,2.0,2.0,1.0,1.0,3.0,2.0,1.0,2.0,1.0,2.0,2.0,0
139509.0,20.0,2.88,27.6,95.5,117.0,71.0,139.0,48.0,5.0,1.29,140.0,5.9,16.4,264.0,12.7,1.13,49.0,8.4,91.0,6.0,8.0,10.0,360.0,1.0,3.0,4.0,2.0,,2.0,2.0,2.0,,2.0,1.0,0
139510.0,33.0,5.0,52.6,155.8,138.0,93.0,183.0,52.0,5.4,29.85,138.0,7.8,13.6,290.0,13.8,0.55,197.0,5.7,88.0,22.29,9.0,9.0,600.0,2.0,3.0,5.0,2.0,,2.0,2.0,2.0,,2.0,3.0,0
139514.0,80.0,5.0,19.1,79.2,144.0,74.0,219.0,41.0,6.2,31.11,139.0,7.3,11.2,432.0,14.6,0.77,119.0,4.7,92.0,3.16,8.5,8.5,240.0,2.0,3.0,5.0,1.0,3.0,2.0,2.0,1.0,,1.0,2.0,1
139515.0,62.0,4.59,20.4,87.4,153.0,97.0,264.0,131.0,5.5,1.66,142.0,8.1,15.9,247.0,13.5,0.65,98.0,7.8,99.0,17.81,9.0,9.0,480.0,1.0,3.0,5.0,1.0,1.0,2.0,2.0,1.0,,2.0,3.0,0
139520.0,64.0,2.13,34.1,117.6,115.0,80.0,119.0,34.0,5.5,104.08,141.0,7.9,16.1,383.0,16.1,1.17,184.0,9.2,98.0,9.0,6.0,6.0,600.0,1.0,3.0,1.0,2.0,,2.0,1.0,2.0,1.0,2.0,3.0,0
139521.0,80.0,,30.5,,131.0,80.0,98.0,43.0,6.4,0.5,141.0,5.9,14.2,146.0,14.4,1.0,49.0,6.9,87.0,3.42,5.0,6.0,240.0,1.0,4.0,1.0,1.0,3.0,1.0,1.0,2.0,1.0,2.0,2.0,0
139522.0,72.0,2.09,26.4,90.3,144.0,78.0,200.0,78.0,5.6,1.28,144.0,6.1,13.4,177.0,14.0,0.9,111.0,4.5,84.0,20.53,4.0,4.0,720.0,2.0,2.0,1.0,1.0,3.0,2.0,1.0,2.0,1.0,2.0,3.0,1
139523.0,61.0,1.16,27.2,100.4,142.0,83.0,147.0,32.0,5.6,6.0,138.0,4.4,15.2,109.0,13.2,0.88,191.0,6.2,75.0,0.68,9.0,10.0,600.0,2.0,3.0,2.0,1.0,1.0,2.0,1.0,1.0,1.0,2.0,4.0,0
139525.0,47.0,2.61,27.0,98.6,135.0,71.0,177.0,72.0,4.9,0.44,136.0,7.7,10.1,212.0,19.0,0.66,60.0,3.6,110.0,6.07,,,9999.0,1.0,3.0,4.0,1.0,3.0,2.0,1.0,1.0,1.0,2.0,4.0,0
139527.0,68.0,,28.8,92.7,108.0,74.0,260.0,79.0,6.0,0.87,138.0,5.8,12.7,222.0,13.4,0.95,107.0,5.8,101.0,7.24,,,9999.0,2.0,3.0,2.0,2.0,,2.0,2.0,1.0,,2.0,2.0,0
139529.0,36.0,2.41,27.2,99.7,118.0,71.0,219.0,48.0,5.8,7.78,137.0,11.3,14.4,329.0,15.2,0.58,129.0,3.8,89.0,6.81,9.0,10.0,180.0,1.0,3.0,3.0,1.0,1.0,2.0,2.0,1.0,,2.0,3.0,0
139530.0,42.0,0.02,28.6,90.1,109.0,74.0,116.0,45.0,5.1,5.13,139.0,4.5,10.1,230.0,14.4,0.38,60.0,4.2,86.0,90.32,9.0,8.0,60.0,2.0,4.0,3.0,2.0,,2.0,1.0,2.0,1.0,2.0,4.0,1
139532.0,61.0,5.0,23.9,92.8,123.0,70.0,150.0,41.0,5.6,5.28,137.0,5.4,13.6,221.0,13.3,0.9,117.0,3.8,96.0,7.83,7.5,9.0,720.0,1.0,3.0,5.0,2.0,,2.0,2.0,1.0,,1.0,2.0,0
139533.0,40.0,,61.4,151.2,110.0,71.0,141.0,49.0,5.7,27.78,137.0,10.2,11.7,327.0,14.7,0.82,107.0,5.5,90.0,15.09,7.5,7.5,480.0,2.0,7.0,3.0,2.0,,2.0,2.0,1.0,,2.0,3.0,0
139537.0,39.0,5.0,27.2,84.4,104.0,65.0,202.0,73.0,5.5,0.53,140.0,6.2,13.4,280.0,12.7,0.69,67.0,4.1,80.0,5.44,8.0,7.0,720.0,2.0,6.0,5.0,2.0,,2.0,2.0,2.0,,2.0,2.0,0
139539.0,67.0,4.17,28.3,100.0,175.0,81.0,280.0,54.0,5.6,3.55,140.0,3.7,14.4,285.0,14.6,0.9,197.0,3.2,106.0,7.79,10.0,10.0,300.0,2.0,3.0,2.0,2.0,,2.0,2.0,2.0,,2.0,3.0,0
139543.0,41.0,3.46,27.7,101.5,129.0,76.0,153.0,37.0,5.4,3.05,140.0,7.7,14.6,236.0,12.9,0.97,100.0,5.7,91.0,5.86,8.0,8.5,180.0,1.0,3.0,4.0,1.0,1.0,2.0,2.0,2.0,,2.0,2.0,0
139548.0,77.0,1.82,25.0,97.0,125.0,59.0,135.0,70.0,6.1,0.18,137.0,5.2,12.6,209.0,13.9,0.62,96.0,3.3,114.0,12.1,8.0,8.0,480.0,2.0,3.0,3.0,2.0,,1.0,2.0,1.0,,1.0,2.0,0
139551.0,73.0,5.0,33.9,121.8,112.0,69.0,188.0,53.0,5.4,1.58,135.0,4.7,15.4,159.0,12.5,1.17,65.0,6.5,98.0,39.65,8.0,8.5,240.0,1.0,3.0,5.0,2.0,,2.0,2.0,2.0,,2.0,2.0,0
139553.0,46.0,1.52,20.8,84.0,122.0,85.0,200.0,103.0,5.2,1.49,138.0,10.1,15.0,175.0,13.2,0.95,62.0,7.2,82.0,11.14,9.0,8.5,180.0,2.0,3.0,4.0,2.0,,2.0,1.0,2.0,2.0,2.0,2.0,0
139559.0,40.0,1.85,49.8,142.0,101.0,69.0,216.0,40.0,5.6,12.59,141.0,11.2,15.3,225.0,14.4,0.83,174.0,6.1,86.0,22.48,4.5,5.5,240.0,2.0,7.0,3.0,1.0,1.0,2.0,2.0,2.0,,2.0,3.0,0
139561.0,28.0,3.09,27.0,87.2,126.0,66.0,186.0,42.0,5.0,5.95,138.0,5.4,13.2,229.0,12.8,0.99,68.0,5.9,94.0,6.27,8.0,8.0,600.0,1.0,7.0,5.0,2.0,,2.0,2.0,2.0,,2.0,3.0,0
139562.0,62.0,3.04,39.4,135.7,143.0,96.0,174.0,29.0,7.2,2.55,138.0,6.0,15.2,141.0,14.1,0.95,455.0,3.9,201.0,114.57,6.5,7.0,360.0,1.0,3.0,4.0,2.0,,2.0,2.0,1.0,,1.0,3.0,0
139565.0,80.0,,28.4,92.2,119.0,80.0,254.0,57.0,5.4,2.15,139.0,7.9,15.3,255.0,14.0,1.05,303.0,4.6,103.0,12.68,9.0,9.0,240.0,2.0,3.0,3.0,2.0,,2.0,2.0,2.0,,2.0,2.0,0
139568.0,30.0,3.6,22.2,83.0,111.0,72.0,192.0,49.0,5.0,0.54,139.0,4.7,15.0,334.0,12.1,0.95,106.0,4.3,98.0,5.02,7.0,9.5,360.0,1.0,3.0,3.0,1.0,3.0,2.0,2.0,2.0,,2.0,3.0,0
139569.0,39.0,2.54,63.0,156.0,92.0,63.0,205.0,41.0,5.6,18.14,138.0,8.5,13.7,324.0,14.6,0.69,140.0,8.3,116.0,8.61,9.0,9.0,240.0,2.0,3.0,5.0,2.0,,2.0,2.0,2.0,,2.0,4.0,0
139570.0,27.0,,41.9,119.2,100.0,68.0,144.0,42.0,5.6,5.05,140.0,7.8,13.1,259.0,13.6,0.47,126.0,5.3,110.0,4.83,9.0,10.0,180.0,2.0,1.0,1.0,2.0,,2.0,2.0,2.0,,2.0,4.0,0
139571.0,31.0,2.31,38.9,123.1,88.0,56.0,153.0,40.0,5.2,7.55,137.0,7.8,10.9,409.0,16.5,0.63,167.0,5.7,81.0,27.97,7.5,10.0,240.0,2.0,3.0,4.0,2.0,,2.0,2.0,2.0,,2.0,4.0,0
139574.0,46.0,0.1,19.9,86.9,110.0,75.0,163.0,42.0,5.3,0.87,137.0,8.7,18.1,189.0,14.0,1.01,238.0,5.0,70.0,7.75,7.0,8.0,15.0,1.0,3.0,3.0,1.0,1.0,2.0,1.0,1.0,1.0,1.0,5.0,1
139579.0,73.0,5.0,23.4,85.2,113.0,63.0,139.0,66.0,5.3,0.62,142.0,8.6,15.7,163.0,13.0,0.86,51.0,5.6,112.0,8.1,6.5,8.0,720.0,1.0,3.0,3.0,1.0,3.0,2.0,2.0,1.0,,1.0,3.0,0
139584.0,68.0,3.24,26.9,105.2,148.0,58.0,126.0,31.0,6.1,7.04,142.0,15.7,12.5,423.0,13.4,1.11,300.0,5.0,103.0,118.78,6.5,6.5,90.0,1.0,2.0,4.0,1.0,1.0,2.0,1.0,2.0,1.0,1.0,3.0,0
139585.0,40.0,4.99,29.9,93.3,108.0,67.0,196.0,71.0,4.9,1.06,137.0,7.4,13.6,253.0,12.5,0.78,119.0,5.1,87.0,0.6,8.0,7.0,240.0,2.0,3.0,4.0,1.0,3.0,2.0,2.0,2.0,,2.0,2.0,0
139588.0,76.0,3.64,28.9,112.5,152.0,78.0,130.0,48.0,9.7,5.09,138.0,9.4,12.9,368.0,14.6,1.09,78.0,4.5,218.0,85.95,9.0,10.0,180.0,1.0,3.0,3.0,1.0,1.0,1.0,1.0,1.0,1.0,1.0,3.0,1
139589.0,67.0,0.87,37.0,117.2,148.0,80.0,174.0,43.0,6.1,12.66,139.0,5.7,12.9,226.0,13.8,1.04,161.0,7.2,105.0,10.61,14.0,14.0,600.0,2.0,3.0,1.0,2.0,,2.0,2.0,1.0,,1.0,3.0,1
139593.0,66.0,5.0,24.4,82.8,103.0,66.0,258.0,75.0,4.8,2.16,137.0,4.6,13.0,265.0,13.0,0.77,121.0,3.0,91.0,4.88,7.5,7.5,300.0,2.0,3.0,5.0,1.0,3.0,2.0,2.0,2.0,,2.0,2.0,0
139595.0,64.0,5.0,24.5,94.4,130.0,83.0,152.0,51.0,5.4,0.92,137.0,8.1,14.4,301.0,12.8,1.03,184.0,5.3,90.0,3.81,7.5,7.5,240.0,1.0,3.0,5.0,2.0,,2.0,1.0,2.0,1.0,2.0,1.0,0
139596.0,75.0,2.49,28.5,104.7,136.0,65.0,183.0,82.0,5.4,4.26,139.0,7.2,14.3,185.0,13.9,0.59,94.0,4.5,94.0,6.67,10.5,10.5,300.0,2.0,3.0,4.0,1.0,3.0,2.0,1.0,2.0,1.0,1.0,2.0,0
139597.0,66.0,1.44,25.4,88.7,125.0,79.0,169.0,49.0,5.8,0.58,143.0,5.6,13.6,273.0,13.5,0.82,181.0,4.2,102.0,0.72,9.5,8.5,180.0,2.0,3.0,4.0,2.0,,2.0,1.0,1.0,2.0,2.0,2.0,1
139601.0,22.0,5.397605346934028e-79,19.8,74.4,112.0,62.0,177.0,42.0,4.7,0.65,140.0,8.3,16.0,228.0,13.2,1.02,94.0,6.5,90.0,4.35,8.0,8.0,720.0,1.0,3.0,5.0,2.0,,2.0,2.0,2.0,,2.0,2.0,0
139602.0,60.0,0.1,29.8,110.7,121.0,69.0,224.0,42.0,8.9,2.82,140.0,8.6,12.4,322.0,14.0,0.67,342.0,4.4,262.0,9.45,9.0,9.0,480.0,2.0,3.0,2.0,1.0,1.0,1.0,2.0,1.0,,1.0,4.0,0
139603.0,64.0,5.0,27.6,100.6,123.0,80.0,242.0,41.0,5.1,1.81,139.0,6.7,16.4,257.0,14.0,0.77,107.0,5.7,102.0,5.94,7.5,9.0,360.0,1.0,1.0,3.0,2.0,,2.0,2.0,1.0,,2.0,3.0,0
139604.0,47.0,0.94,41.2,123.1,114.0,79.0,198.0,45.0,5.7,4.15,136.0,10.0,13.4,312.0,14.6,0.79,138.0,3.6,94.0,5.0,8.0,9.0,600.0,2.0,3.0,4.0,1.0,3.0,2.0,2.0,2.0,,2.0,3.0,0
139605.0,76.0,1.17,24.5,89.0,141.0,76.0,152.0,51.0,5.6,0.63,139.0,7.1,13.0,285.0,13.3,0.73,73.0,4.8,86.0,12.6,9.0,9.0,120.0,2.0,3.0,4.0,1.0,3.0,2.0,1.0,1.0,2.0,1.0,2.0,0
139607.0,63.0,4.06,37.9,119.5,126.0,73.0,160.0,48.0,6.0,5.21,140.0,7.7,14.1,322.0,14.1,0.83,249.0,6.7,136.0,6.85,7.5,7.5,840.0,2.0,3.0,5.0,2.0,,3.0,2.0,1.0,,1.0,3.0,0
139608.0,53.0,3.42,24.9,92.6,141.0,97.0,305.0,42.0,5.8,0.71,140.0,6.0,12.4,385.0,14.6,0.54,208.0,4.1,87.0,11.87,6.5,6.0,300.0,2.0,6.0,5.0,2.0,,2.0,2.0,1.0,,1.0,4.0,0
139609.0,38.0,0.57,27.6,83.2,119.0,71.0,182.0,69.0,5.8,0.9,138.0,7.7,9.8,472.0,18.8,0.65,102.0,3.3,85.0,14.33,11.0,8.0,60.0,2.0,1.0,1.0,2.0,,2.0,2.0,2.0,,2.0,1.0,0
139610.0,60.0,1.01,29.0,106.1,132.0,73.0,222.0,48.0,5.2,3.67,136.0,6.4,15.8,173.0,12.7,1.27,135.0,5.9,96.0,29.1,8.0,7.5,180.0,1.0,3.0,5.0,2.0,,2.0,2.0,2.0,,2.0,2.0,0
139613.0,62.0,,29.9,103.5,114.0,73.0,235.0,48.0,5.6,0.71,135.0,5.8,13.9,264.0,13.9,0.68,166.0,5.0,104.0,1.0,8.5,9.0,120.0,2.0,3.0,5.0,1.0,3.0,2.0,2.0,1.0,,2.0,3.0,0
139614.0,52.0,,31.5,107.6,129.0,88.0,166.0,36.0,12.0,3.17,138.0,6.1,15.8,206.0,12.8,0.53,548.0,4.7,313.0,25.8,8.0,9.0,540.0,1.0,2.0,3.0,1.0,3.0,1.0,1.0,2.0,1.0,2.0,4.0,0
139616.0,67.0,2.74,31.4,113.5,120.0,75.0,222.0,50.0,5.3,4.11,141.0,4.6,15.1,193.0,14.3,0.83,111.0,5.0,116.0,5.89,4.0,5.0,120.0,1.0,3.0,4.0,2.0,,2.0,2.0,1.0,,2.0,3.0,0
139619.0,26.0,3.22,21.1,,103.0,75.0,154.0,54.0,5.3,0.46,139.0,6.0,13.2,289.0,12.7,0.67,54.0,7.0,90.0,7.31,7.0,8.0,600.0,2.0,6.0,5.0,2.0,,2.0,2.0,2.0,,2.0,4.0,0
139621.0,38.0,3.09,19.6,74.8,112.0,74.0,187.0,67.0,5.3,0.24,137.0,4.7,13.9,358.0,14.6,0.6,87.0,2.8,87.0,6.17,9.0,9.0,300.0,2.0,3.0,4.0,1.0,1.0,2.0,2.0,2.0,,2.0,4.0,0
139623.0,51.0,0.96,35.8,113.9,127.0,87.0,218.0,84.0,5.0,2.8,141.0,7.5,12.9,259.0,14.8,1.55,54.0,4.7,86.0,168.17,9.0,9.0,300.0,2.0,4.0,4.0,1.0,1.0,2.0,2.0,2.0,,2.0,4.0,1
139626.0,68.0,2.04,29.7,113.0,141.0,83.0,248.0,40.0,5.4,4.79,138.0,14.0,16.2,186.0,12.8,0.78,255.0,5.0,78.0,25.17,10.0,10.0,720.0,1.0,7.0,2.0,1.0,1.0,2.0,2.0,1.0,,2.0,3.0,0
139628.0,44.0,2.0,34.0,120.1,115.0,73.0,193.0,68.0,10.0,1.41,141.0,4.6,15.6,169.0,13.9,1.07,213.0,5.4,200.0,24.72,7.5,7.0,180.0,1.0,4.0,4.0,2.0,,1.0,1.0,1.0,1.0,1.0,4.0,0
139630.0,69.0,,30.6,112.5,121.0,74.0,219.0,72.0,5.4,2.35,139.0,8.1,14.8,219.0,13.3,0.83,83.0,5.2,83.0,14.71,8.0,8.0,180.0,1.0,3.0,4.0,2.0,,2.0,2.0,2.0,,2.0,2.0,0
139636.0,38.0,,41.9,107.7,119.0,71.0,207.0,54.0,5.7,6.43,142.0,8.8,13.1,335.0,13.6,0.75,79.0,6.3,89.0,6.72,9.5,9.5,240.0,2.0,1.0,5.0,2.0,,2.0,2.0,2.0,,2.0,3.0,0
139638.0,71.0,5.0,19.7,75.2,100.0,67.0,197.0,69.0,5.3,0.64,138.0,7.5,12.3,281.0,13.6,0.82,89.0,4.4,88.0,19.19,7.0,7.0,300.0,2.0,3.0,5.0,2.0,,2.0,2.0,1.0,,2.0,2.0,0
139640.0,58.0,5.0,32.6,122.8,115.0,84.0,163.0,49.0,5.4,0.53,140.0,8.3,16.7,263.0,13.2,1.11,118.0,5.8,92.0,4.68,8.0,8.0,840.0,1.0,3.0,5.0,1.0,3.0,2.0,1.0,1.0,2.0,1.0,4.0,0
139650.0,37.0,1.55,26.2,88.7,107.0,74.0,142.0,49.0,5.4,0.51,140.0,5.6,13.4,243.0,12.7,0.85,48.0,4.3,82.0,3.37,8.0,9.0,300.0,2.0,3.0,5.0,2.0,,2.0,2.0,2.0,,2.0,2.0,0
139657.0,35.0,0.35,42.0,133.1,118.0,85.0,179.0,51.0,5.6,2.31,140.0,6.9,13.0,329.0,13.5,0.62,95.0,6.6,89.0,9.33,8.5,9.0,300.0,2.0,4.0,3.0,1.0,1.0,2.0,2.0,2.0,,2.0,4.0,0
139658.0,39.0,1.12,56.1,135.8,141.0,96.0,194.0,61.0,5.3,6.6,140.0,8.3,14.0,252.0,13.3,0.78,84.0,5.8,90.0,10.17,7.0,11.0,300.0,2.0,3.0,4.0,1.0,3.0,2.0,1.0,2.0,2.0,2.0,3.0,0
139660.0,36.0,1.8,26.1,88.7,95.0,62.0,152.0,46.0,5.3,4.6,140.0,,,,,0.77,86.0,3.4,98.0,98.18,6.0,9.0,600.0,2.0,3.0,2.0,1.0,2.0,2.0,2.0,2.0,,2.0,5.0,0
139663.0,71.0,5.0,28.5,100.1,135.0,74.0,181.0,38.0,5.4,1.15,143.0,8.5,14.7,185.0,13.8,0.89,132.0,6.3,84.0,5.92,6.0,6.0,240.0,1.0,3.0,5.0,2.0,,2.0,2.0,1.0,,1.0,1.0,0
139665.0,62.0,1.01,25.1,87.8,136.0,81.0,205.0,60.0,5.4,0.48,139.0,6.6,15.8,226.0,13.1,0.93,74.0,5.6,88.0,7.93,9.5,9.5,120.0,1.0,6.0,3.0,1.0,3.0,2.0,1.0,2.0,1.0,2.0,3.0,0
139667.0,37.0,4.93,22.4,75.9,111.0,72.0,189.0,60.0,5.3,0.75,138.0,5.0,12.8,298.0,12.2,0.9,66.0,5.2,81.0,22.35,7.5,9.0,240.0,2.0,3.0,5.0,2.0,,2.0,2.0,2.0,,2.0,1.0,0
139674.0,68.0,5.0,29.5,102.8,112.0,67.0,187.0,68.0,6.0,0.55,142.0,6.1,13.0,349.0,14.1,1.05,88.0,3.7,96.0,9.36,8.0,8.0,480.0,2.0,3.0,4.0,2.0,,2.0,1.0,1.0,1.0,1.0,2.0,0
139676.0,71.0,1.91,30.3,104.0,134.0,65.0,148.0,49.0,5.3,0.9,141.0,8.3,15.1,261.0,13.0,0.64,155.0,6.2,91.0,1.05,10.0,11.5,300.0,2.0,3.0,4.0,1.0,3.0,2.0,1.0,1.0,1.0,1.0,4.0,1
139677.0,52.0,5.0,23.0,84.3,104.0,70.0,215.0,64.0,5.9,0.52,142.0,6.9,13.3,187.0,12.8,0.53,98.0,4.6,105.0,7.94,5.0,7.0,180.0,2.0,6.0,5.0,2.0,,3.0,1.0,1.0,1.0,2.0,2.0,0
139678.0,73.0,2.16,31.6,123.3,104.0,62.0,253.0,50.0,5.9,2.96,142.0,8.6,14.6,222.0,14.8,1.02,162.0,6.1,103.0,5.8,5.0,5.0,120.0,1.0,2.0,4.0,1.0,3.0,2.0,2.0,1.0,,1.0,3.0,0
139679.0,75.0,5.0,21.2,72.9,131.0,72.0,196.0,56.0,5.5,3.52,142.0,9.2,12.7,256.0,14.4,0.84,138.0,4.2,91.0,23.49,8.5,8.5,240.0,2.0,3.0,3.0,2.0,,2.0,2.0,2.0,,2.0,1.0,0
139682.0,35.0,0.67,26.5,83.0,106.0,67.0,136.0,42.0,5.5,0.15,138.0,3.3,8.1,193.0,19.0,0.6,94.0,3.0,81.0,5.74,8.0,11.0,480.0,2.0,4.0,3.0,2.0,,2.0,2.0,2.0,,2.0,3.0,0
139685.0,73.0,3.47,38.0,125.7,127.0,79.0,184.0,60.0,5.7,2.79,139.0,6.6,13.3,180.0,14.0,0.85,120.0,5.8,109.0,10.88,8.0,8.0,240.0,1.0,3.0,5.0,1.0,3.0,3.0,1.0,1.0,2.0,2.0,1.0,0
139686.0,32.0,2.52,23.5,90.0,104.0,67.0,132.0,42.0,5.5,2.13,141.0,4.5,14.7,208.0,13.1,0.91,46.0,5.9,94.0,2.92,6.5,9.0,180.0,1.0,2.0,3.0,1.0,3.0,2.0,2.0,2.0,,2.0,2.0,0
139687.0,65.0,,23.2,90.2,125.0,71.0,169.0,48.0,6.0,0.98,138.0,8.7,12.6,255.0,12.8,0.87,95.0,4.4,81.0,22.89,8.5,9.5,180.0,2.0,3.0,4.0,1.0,3.0,2.0,1.0,1.0,1.0,1.0,2.0,0
139689.0,70.0,5.397605346934028e-79,29.2,107.9,152.0,80.0,122.0,52.0,5.4,1.0,139.0,6.6,14.0,274.0,13.3,1.03,91.0,5.3,101.0,7.91,7.0,6.0,5.397605346934028e-79,1.0,3.0,5.0,2.0,,2.0,2.0,2.0,,2.0,4.0,0
139690.0,80.0,,29.1,,123.0,56.0,144.0,35.0,6.2,4.68,139.0,5.5,13.7,189.0,14.7,0.79,302.0,4.9,193.0,104.7,9.5,9.5,720.0,1.0,3.0,1.0,1.0,3.0,1.0,2.0,1.0,,1.0,4.0,0
139692.0,57.0,5.0,29.0,99.5,131.0,72.0,197.0,58.0,6.6,0.71,139.0,4.8,13.1,168.0,14.1,1.0,63.0,4.1,101.0,8.7,7.5,9.5,360.0,2.0,4.0,5.0,1.0,3.0,2.0,2.0,2.0,,2.0,1.0,0
139693.0,22.0,1.8,28.8,87.1,101.0,61.0,152.0,45.0,5.3,2.86,140.0,4.6,11.1,249.0,15.7,0.56,54.0,5.2,88.0,15.7,8.5,8.5,600.0,2.0,1.0,3.0,2.0,,2.0,2.0,2.0,,2.0,3.0,0
139695.0,68.0,2.13,35.3,117.8,115.0,60.0,155.0,54.0,8.2,53.37,140.0,13.0,11.8,348.0,17.3,1.09,118.0,7.4,138.0,17.11,7.0,9.0,90.0,2.0,3.0,4.0,1.0,3.0,1.0,2.0,1.0,,1.0,3.0,1
139698.0,29.0,0.24,27.4,92.1,92.0,52.0,181.0,60.0,5.1,5.73,141.0,7.9,12.7,284.0,12.6,0.61,88.0,4.8,90.0,8.66,5.0,9.0,60.0,2.0,2.0,3.0,2.0,,2.0,2.0,2.0,,2.0,3.0,0
139699.0,45.0,0.74,39.8,125.0,123.0,86.0,142.0,41.0,5.0,4.24,141.0,6.0,13.6,239.0,13.6,1.02,118.0,7.4,97.0,5.09,8.0,11.0,60.0,1.0,3.0,2.0,2.0,,2.0,2.0,2.0,,2.0,2.0,0
139700.0,57.0,5.0,34.8,115.0,137.0,82.0,191.0,64.0,5.6,4.97,140.0,7.3,13.6,220.0,13.8,0.92,112.0,6.6,95.0,6.89,6.0,9.5,180.0,2.0,2.0,3.0,1.0,3.0,2.0,1.0,2.0,1.0,2.0,2.0,0
139702.0,40.0,1.31,22.3,95.0,122.0,63.0,170.0,42.0,5.2,0.57,141.0,4.7,14.1,320.0,13.2,0.64,75.0,5.8,80.0,4.05,4.0,4.0,240.0,1.0,3.0,4.0,2.0,,2.0,1.0,2.0,2.0,2.0,4.0,0
139705.0,42.0,1.39,27.6,99.4,161.0,98.0,213.0,51.0,5.2,1.5,140.0,8.4,15.4,338.0,12.9,0.96,198.0,6.0,84.0,5.34,7.5,8.5,300.0,1.0,3.0,3.0,1.0,3.0,2.0,1.0,1.0,1.0,1.0,3.0,0
139706.0,68.0,1.16,32.5,104.7,115.0,74.0,210.0,118.0,5.7,8.86,132.0,7.8,16.0,345.0,14.9,0.98,101.0,3.9,106.0,7.47,8.0,8.0,480.0,2.0,3.0,5.0,1.0,3.0,2.0,1.0,2.0,1.0,2.0,2.0,0
139707.0,28.0,5.0,23.8,79.2,116.0,72.0,236.0,80.0,5.4,3.06,137.0,5.9,12.9,316.0,13.8,0.79,66.0,5.1,93.0,133.43,6.5,9.5,300.0,2.0,3.0,5.0,2.0,,2.0,2.0,2.0,,2.0,1.0,0
139717.0,27.0,2.74,17.8,69.6,113.0,76.0,179.0,44.0,5.4,3.98,136.0,8.0,16.2,306.0,14.1,0.69,102.0,6.3,78.0,18.61,4.0,6.5,480.0,1.0,3.0,3.0,1.0,1.0,2.0,2.0,2.0,,2.0,3.0,0
139719.0,40.0,0.77,24.9,87.0,135.0,84.0,211.0,60.0,4.6,1.3,139.0,8.8,13.8,213.0,13.2,0.97,104.0,4.9,88.0,25.39,8.0,8.0,120.0,2.0,2.0,3.0,2.0,,2.0,2.0,2.0,,2.0,4.0,0
139723.0,39.0,2.96,32.8,92.6,99.0,64.0,209.0,49.0,5.5,1.32,138.0,4.1,14.4,160.0,13.9,1.41,178.0,6.1,83.0,4.63,9.0,8.0,240.0,1.0,4.0,3.0,2.0,,2.0,2.0,2.0,,2.0,1.0,0
139725.0,61.0,3.77,19.1,76.8,104.0,60.0,203.0,84.0,5.3,0.34,137.0,4.5,13.9,181.0,12.9,0.9,234.0,4.5,98.0,5.01,7.5,7.5,300.0,2.0,7.0,5.0,2.0,,2.0,2.0,2.0,,2.0,3.0,0
139727.0,60.0,,38.8,117.0,113.0,91.0,255.0,48.0,6.2,10.95,138.0,6.7,13.2,276.0,14.1,0.63,185.0,3.4,93.0,8.16,9.0,9.0,540.0,2.0,3.0,4.0,1.0,3.0,3.0,1.0,1.0,1.0,1.0,3.0,0
139728.0,31.0,1.44,32.1,108.1,120.0,86.0,189.0,42.0,5.4,4.1,138.0,7.8,14.2,350.0,13.2,0.78,80.0,5.2,88.0,14.32,6.5,10.0,540.0,2.0,2.0,2.0,1.0,3.0,2.0,2.0,2.0,,2.0,1.0,0
139730.0,67.0,3.11,37.0,109.4,115.0,59.0,161.0,36.0,6.5,7.12,137.0,7.6,15.2,185.0,14.2,1.01,280.0,6.8,123.0,12.79,10.0,10.0,300.0,1.0,3.0,3.0,1.0,3.0,2.0,1.0,1.0,1.0,1.0,2.0,1
139733.0,73.0,5.0,27.0,101.3,118.0,60.0,175.0,56.0,5.8,0.88,139.0,7.0,15.2,198.0,13.5,0.89,100.0,5.2,92.0,9.92,8.0,8.0,420.0,1.0,2.0,5.0,1.0,3.0,2.0,2.0,1.0,,1.0,2.0,0
139735.0,28.0,4.32,22.7,75.5,120.0,80.0,122.0,55.0,5.0,0.68,142.0,5.5,13.8,272.0,12.6,1.13,55.0,5.7,81.0,4.95,4.5,8.5,60.0,1.0,3.0,4.0,1.0,3.0,2.0,2.0,2.0,,2.0,3.0,0
139737.0,64.0,2.62,31.6,103.3,138.0,84.0,254.0,54.0,5.9,8.44,138.0,8.9,16.5,260.0,13.8,0.95,120.0,5.7,109.0,12.05,10.0,9.5,60.0,1.0,2.0,5.0,1.0,1.0,2.0,2.0,2.0,,2.0,3.0,0
139738.0,31.0,3.53,30.3,103.2,126.0,82.0,97.0,30.0,6.4,3.36,140.0,8.6,13.8,165.0,13.2,0.99,100.0,7.1,116.0,3.26,8.0,7.5,180.0,1.0,4.0,3.0,1.0,1.0,1.0,2.0,2.0,,2.0,3.0,0
139740.0,71.0,,29.5,109.9,109.0,63.0,153.0,47.0,5.4,0.96,140.0,10.4,16.5,251.0,13.1,0.99,82.0,7.6,97.0,8.65,8.5,8.0,240.0,1.0,3.0,5.0,2.0,,2.0,2.0,1.0,,1.0,1.0,0
139743.0,49.0,,26.9,95.0,112.0,64.0,170.0,49.0,5.6,3.02,141.0,7.7,14.2,165.0,13.4,0.89,69.0,5.3,100.0,8.07,6.0,8.0,180.0,1.0,3.0,4.0,1.0,3.0,2.0,2.0,2.0,,2.0,1.0,0
139745.0,50.0,1.62,30.4,101.9,149.0,98.0,271.0,54.0,5.3,9.1,139.0,10.7,13.8,315.0,13.6,0.79,209.0,5.5,90.0,29.0,7.5,9.0,600.0,2.0,3.0,3.0,1.0,3.0,2.0,1.0,1.0,2.0,2.0,2.0,0
139747.0,56.0,5.0,29.2,102.3,133.0,86.0,230.0,40.0,5.7,3.02,137.0,9.8,15.5,295.0,13.1,0.88,183.0,6.0,86.0,5.3,8.0,8.0,120.0,1.0,3.0,4.0,2.0,,2.0,1.0,2.0,2.0,2.0,5.0,0
139751.0,76.0,0.5,25.8,78.7,145.0,82.0,199.0,46.0,6.0,0.5,140.0,6.7,13.9,154.0,13.8,0.79,140.0,3.7,96.0,20.67,8.5,7.5,240.0,2.0,7.0,4.0,2.0,,2.0,1.0,1.0,1.0,1.0,4.0,1
139752.0,60.0,5.0,38.1,112.8,131.0,74.0,152.0,55.0,5.9,4.13,142.0,7.4,13.0,257.0,13.5,0.73,134.0,5.2,94.0,9.15,8.5,8.0,300.0,2.0,3.0,5.0,2.0,,2.0,2.0,1.0,,1.0,3.0,0
139753.0,25.0,1.95,22.2,80.0,129.0,79.0,166.0,41.0,5.0,0.76,142.0,7.3,15.8,249.0,12.8,0.88,205.0,5.6,94.0,4.09,7.0,8.5,120.0,1.0,3.0,5.0,2.0,,2.0,2.0,2.0,,2.0,1.0,0
139754.0,53.0,3.76,45.8,142.3,129.0,88.0,158.0,35.0,5.2,4.26,138.0,9.6,13.5,146.0,14.6,1.05,208.0,5.1,83.0,3.03,9.0,9.0,360.0,1.0,3.0,4.0,1.0,3.0,2.0,1.0,2.0,1.0,2.0,4.0,0
139758.0,56.0,0.75,20.1,80.4,94.0,68.0,194.0,66.0,5.6,0.71,138.0,5.1,11.8,176.0,14.7,1.17,68.0,3.9,90.0,5.87,10.0,10.0,300.0,2.0,7.0,2.0,2.0,,2.0,2.0,2.0,,2.0,3.0,0
139764.0,62.0,3.38,36.4,112.6,104.0,72.0,243.0,60.0,6.0,6.17,139.0,8.2,14.3,324.0,14.0,0.75,154.0,5.9,82.0,4.26,9.0,10.0,300.0,2.0,2.0,2.0,1.0,3.0,2.0,1.0,1.0,1.0,1.0,4.0,0
139770.0,46.0,1.32,30.2,94.0,155.0,102.0,205.0,46.0,5.0,9.03,136.0,5.8,11.9,357.0,13.8,0.61,181.0,4.6,89.0,11.69,13.0,13.0,600.0,2.0,7.0,4.0,2.0,,2.0,1.0,2.0,1.0,2.0,4.0,0
139774.0,61.0,5.0,32.7,108.4,124.0,74.0,252.0,56.0,5.6,4.74,145.0,7.2,12.7,222.0,13.4,0.64,159.0,4.3,92.0,19.7,8.0,8.0,360.0,2.0,3.0,5.0,2.0,,2.0,2.0,2.0,,2.0,2.0,0
139775.0,32.0,3.03,29.6,97.1,107.0,66.0,169.0,58.0,5.0,0.3,139.0,8.1,14.3,274.0,12.6,0.65,88.0,5.2,94.0,7.08,6.5,8.0,300.0,2.0,3.0,5.0,2.0,,2.0,2.0,2.0,,2.0,2.0,0
139776.0,51.0,5.0,26.1,80.3,101.0,74.0,212.0,89.0,5.6,0.73,142.0,5.1,13.9,277.0,13.2,0.88,67.0,3.8,88.0,10.69,8.0,8.5,540.0,2.0,3.0,5.0,2.0,,2.0,2.0,2.0,,2.0,2.0,0
139777.0,40.0,5.0,25.9,98.8,128.0,82.0,233.0,68.0,5.1,0.46,139.0,5.4,15.1,235.0,13.5,0.87,123.0,5.6,104.0,5.55,7.0,7.5,300.0,1.0,3.0,5.0,2.0,,2.0,2.0,1.0,,2.0,2.0,0
139780.0,72.0,3.55,30.2,109.0,113.0,64.0,132.0,40.0,5.3,2.57,145.0,7.1,16.3,232.0,13.4,0.9,119.0,7.5,110.0,7.8,8.5,8.5,480.0,1.0,3.0,4.0,1.0,2.0,2.0,1.0,1.0,1.0,1.0,3.0,1
139781.0,74.0,4.06,36.6,121.8,111.0,76.0,150.0,59.0,5.8,3.31,140.0,8.9,13.8,204.0,14.3,1.27,148.0,5.6,110.0,117.4,8.0,9.0,480.0,2.0,3.0,4.0,2.0,,1.0,1.0,1.0,1.0,1.0,3.0,0
139782.0,37.0,5.0,25.0,93.7,117.0,78.0,174.0,47.0,5.0,0.69,140.0,6.9,16.0,225.0,13.0,0.99,94.0,6.1,96.0,0.68,8.0,8.0,600.0,1.0,3.0,4.0,2.0,,2.0,2.0,2.0,,2.0,2.0,0
139786.0,22.0,2.21,20.8,75.7,110.0,66.0,139.0,55.0,5.3,1.25,138.0,6.9,12.9,370.0,13.0,0.61,126.0,4.8,85.0,4.15,8.5,8.5,540.0,2.0,3.0,5.0,2.0,,2.0,1.0,2.0,2.0,2.0,3.0,0
139787.0,76.0,4.05,37.0,137.1,119.0,69.0,126.0,39.0,6.8,1.35,141.0,8.4,15.0,262.0,13.5,1.03,161.0,6.5,152.0,6.58,7.5,7.5,600.0,1.0,2.0,5.0,1.0,3.0,1.0,1.0,1.0,1.0,1.0,3.0,0
139789.0,34.0,1.74,25.1,87.1,118.0,72.0,106.0,40.0,5.1,5.93,139.0,7.0,14.2,214.0,12.8,0.68,53.0,3.0,95.0,11.98,9.0,11.0,60.0,1.0,3.0,3.0,1.0,1.0,2.0,2.0,2.0,,2.0,3.0,0
139790.0,80.0,3.69,32.1,,166.0,96.0,231.0,64.0,6.7,5.74,141.0,5.6,13.2,185.0,15.2,1.02,93.0,6.5,141.0,1189.83,7.5,7.5,360.0,1.0,4.0,3.0,1.0,3.0,1.0,1.0,1.0,1.0,1.0,2.0,1
139793.0,79.0,2.49,31.8,122.7,129.0,65.0,171.0,61.0,5.2,5.68,141.0,6.6,12.5,221.0,14.3,1.53,148.0,6.6,106.0,5.95,9.5,9.5,360.0,1.0,3.0,4.0,1.0,3.0,2.0,1.0,1.0,1.0,1.0,3.0,1
139796.0,43.0,5.0,28.5,95.8,94.0,73.0,180.0,42.0,5.2,3.71,138.0,5.6,14.3,196.0,13.2,1.03,94.0,6.0,86.0,4.35,7.5,9.5,480.0,2.0,3.0,5.0,1.0,3.0,2.0,2.0,2.0,,2.0,3.0,0
139798.0,69.0,2.44,37.7,119.5,130.0,84.0,186.0,66.0,6.3,1.54,140.0,7.9,15.0,219.0,14.6,0.95,135.0,4.4,133.0,23.68,7.0,7.0,600.0,2.0,3.0,4.0,2.0,,3.0,2.0,1.0,,1.0,2.0,0
139799.0,61.0,1.14,31.6,109.0,128.0,71.0,156.0,37.0,6.6,12.67,137.0,12.1,12.8,370.0,14.3,0.6,193.0,5.4,102.0,7.52,4.0,4.0,120.0,2.0,3.0,2.0,1.0,1.0,3.0,1.0,1.0,1.0,1.0,4.0,1
139801.0,70.0,1.85,25.2,95.6,110.0,84.0,213.0,42.0,6.3,17.17,139.0,5.4,12.8,276.0,14.7,0.73,87.0,5.2,151.0,,12.0,12.0,180.0,1.0,2.0,5.0,1.0,3.0,1.0,1.0,1.0,1.0,1.0,4.0,1
139802.0,20.0,,35.4,106.8,122.0,87.0,147.0,37.0,5.1,3.19,142.0,9.5,15.5,289.0,13.4,0.92,124.0,7.7,101.0,3.36,6.0,7.0,360.0,1.0,7.0,4.0,1.0,3.0,2.0,2.0,2.0,,2.0,2.0,0
139804.0,38.0,3.91,47.8,128.6,135.0,90.0,185.0,36.0,5.6,9.87,138.0,11.1,12.3,266.0,17.7,0.94,170.0,8.7,90.0,19.36,6.0,8.0,360.0,2.0,4.0,3.0,1.0,2.0,3.0,2.0,1.0,,2.0,5.0,0
139808.0,70.0,1.24,34.5,119.3,106.0,64.0,130.0,46.0,5.2,0.85,142.0,7.2,12.8,238.0,20.1,0.96,99.0,5.2,63.0,15.04,9.0,9.0,120.0,1.0,2.0,2.0,1.0,3.0,1.0,1.0,1.0,1.0,1.0,4.0,0
139809.0,46.0,0.87,34.7,94.3,133.0,95.0,210.0,68.0,6.0,11.13,140.0,6.4,10.7,389.0,16.7,0.84,87.0,6.1,73.0,7.91,4.0,6.0,300.0,2.0,4.0,3.0,2.0,,1.0,1.0,2.0,2.0,2.0,4.0,0
139814.0,47.0,2.88,27.6,88.2,137.0,98.0,169.0,55.0,4.7,5.49,141.0,5.2,11.8,161.0,14.0,0.63,111.0,5.0,88.0,71.47,9.5,7.0,180.0,2.0,6.0,5.0,2.0,,2.0,2.0,2.0,,2.0,1.0,0
139815.0,51.0,2.1,29.5,107.7,114.0,82.0,204.0,51.0,6.3,1.27,140.0,6.6,14.2,217.0,12.7,0.78,103.0,5.0,121.0,35.33,5.0,9.0,360.0,2.0,3.0,4.0,1.0,3.0,1.0,1.0,2.0,1.0,2.0,1.0,0
139816.0,29.0,5.0,40.9,119.5,125.0,96.0,185.0,48.0,5.3,7.32,139.0,9.9,14.9,339.0,12.7,0.95,131.0,4.8,103.0,10.38,6.5,9.5,480.0,2.0,3.0,4.0,2.0,,2.0,2.0,2.0,,2.0,2.0,0
139817.0,66.0,,37.1,110.5,106.0,64.0,182.0,44.0,5.5,4.6,137.0,7.5,11.0,344.0,15.1,0.66,453.0,5.5,82.0,1.62,9.0,9.0,480.0,2.0,3.0,5.0,2.0,,2.0,1.0,1.0,1.0,1.0,2.0,0
139819.0,62.0,5.0,23.3,89.2,100.0,57.0,182.0,58.0,5.8,0.53,142.0,18.4,15.5,435.0,12.7,0.76,160.0,3.7,84.0,16.18,8.5,8.5,240.0,2.0,3.0,4.0,1.0,3.0,2.0,2.0,1.0,,1.0,3.0,1
139820.0,45.0,5.0,33.3,109.7,118.0,80.0,177.0,40.0,5.7,2.53,139.0,7.2,15.6,261.0,14.0,1.02,320.0,7.3,105.0,5.75,6.5,9.0,600.0,1.0,2.0,2.0,2.0,,2.0,2.0,2.0,,2.0,3.0,0
139825.0,29.0,,25.1,96.4,112.0,75.0,185.0,34.0,5.5,2.09,142.0,8.8,14.9,231.0,13.0,0.84,208.0,6.5,97.0,4.57,7.5,8.0,180.0,1.0,3.0,4.0,1.0,1.0,2.0,2.0,2.0,,2.0,2.0,0
139827.0,80.0,5.0,30.3,102.5,114.0,54.0,140.0,46.0,6.3,0.68,142.0,5.7,14.5,166.0,13.4,1.05,125.0,4.3,120.0,139.37,8.0,9.0,60.0,1.0,3.0,5.0,1.0,3.0,2.0,1.0,1.0,1.0,1.0,2.0,1
139828.0,43.0,,48.1,,138.0,94.0,179.0,47.0,7.2,3.47,140.0,5.8,13.8,210.0,14.1,0.71,185.0,8.0,160.0,3.9,4.0,4.0,420.0,2.0,4.0,4.0,1.0,2.0,1.0,1.0,2.0,1.0,2.0,3.0,0
139829.0,68.0,1.1,40.1,119.2,111.0,73.0,207.0,56.0,5.5,5.93,143.0,7.4,13.9,333.0,12.9,0.58,89.0,5.0,102.0,11.87,8.0,8.0,300.0,2.0,3.0,5.0,1.0,3.0,2.0,2.0,2.0,,2.0,3.0,0
139830.0,73.0,2.65,31.1,99.8,114.0,80.0,201.0,60.0,5.5,1.07,144.0,7.1,13.3,253.0,13.0,0.87,100.0,4.0,87.0,6.17,8.0,8.0,180.0,2.0,3.0,4.0,2.0,,2.0,1.0,1.0,1.0,1.0,3.0,1
139833.0,51.0,1.95,30.9,105.4,120.0,72.0,207.0,41.0,6.2,7.11,140.0,6.2,13.5,264.0,13.9,0.99,210.0,6.2,128.0,7.52,7.0,8.0,180.0,1.0,1.0,3.0,1.0,3.0,2.0,2.0,2.0,,2.0,1.0,0
139840.0,56.0,5.0,34.1,111.6,137.0,86.0,252.0,42.0,4.7,0.72,139.0,5.7,17.1,169.0,12.6,1.06,177.0,6.3,97.0,6.68,8.5,8.0,600.0,1.0,3.0,5.0,1.0,3.0,2.0,1.0,1.0,2.0,2.0,2.0,0
139844.0,57.0,2.78,23.9,83.4,131.0,82.0,199.0,49.0,5.5,3.54,141.0,5.2,13.8,286.0,13.6,0.68,58.0,5.5,97.0,7.31,7.5,8.0,120.0,1.0,2.0,4.0,2.0,,2.0,1.0,1.0,2.0,2.0,3.0,0
139845.0,80.0,,23.9,88.6,155.0,66.0,117.0,43.0,5.9,1.79,140.0,7.2,14.7,202.0,13.7,0.7,123.0,4.2,100.0,20.29,8.0,8.0,120.0,2.0,3.0,4.0,2.0,,1.0,1.0,2.0,2.0,2.0,4.0,0
139847.0,63.0,4.32,19.6,74.6,113.0,66.0,243.0,48.0,5.7,0.2,141.0,4.4,12.7,199.0,12.5,0.56,112.0,2.9,103.0,18.28,6.5,6.5,720.0,2.0,6.0,3.0,2.0,,2.0,1.0,1.0,2.0,1.0,4.0,0
139849.0,41.0,2.83,28.1,92.7,116.0,70.0,149.0,68.0,5.0,8.45,143.0,4.8,13.6,213.0,13.7,0.84,56.0,3.2,93.0,0.53,7.0,7.0,480.0,2.0,3.0,5.0,2.0,,2.0,2.0,2.0,,2.0,1.0,0
139851.0,60.0,3.69,26.5,97.8,118.0,73.0,146.0,53.0,5.1,0.87,140.0,4.3,15.6,210.0,13.5,1.11,60.0,4.1,91.0,4.61,7.5,8.0,480.0,1.0,3.0,5.0,2.0,,2.0,2.0,1.0,,1.0,2.0,0
139854.0,56.0,0.99,34.3,108.1,179.0,83.0,242.0,87.0,5.6,4.72,141.0,7.1,11.6,243.0,15.8,0.66,122.0,5.0,102.0,7.35,8.0,9.0,120.0,2.0,4.0,4.0,2.0,,2.0,1.0,2.0,1.0,2.0,1.0,0
139856.0,35.0,0.03,32.0,100.5,120.0,76.0,177.0,47.0,6.0,6.19,138.0,6.1,14.1,240.0,14.0,1.12,78.0,6.1,89.0,4.29,5.0,8.0,9999.0,1.0,4.0,4.0,1.0,1.0,2.0,2.0,2.0,,2.0,3.0,0
139857.0,64.0,0.36,19.6,74.3,153.0,92.0,194.0,51.0,5.5,0.28,140.0,5.5,16.0,254.0,12.6,0.84,118.0,3.7,109.0,4.11,7.0,7.5,120.0,1.0,6.0,4.0,2.0,,2.0,2.0,2.0,,2.0,1.0,0
139859.0,25.0,,30.1,85.0,99.0,68.0,191.0,62.0,5.1,0.55,135.0,6.7,13.2,253.0,12.5,0.7,142.0,3.8,90.0,5.35,7.5,10.0,300.0,2.0,1.0,3.0,2.0,,2.0,2.0,2.0,,2.0,2.0,0
139865.0,21.0,2.59,32.0,118.6,98.0,64.0,189.0,36.0,4.8,0.99,143.0,5.0,16.3,242.0,12.7,0.72,99.0,5.6,97.0,7.64,9.0,8.5,780.0,1.0,3.0,4.0,2.0,,2.0,2.0,9.0,,2.0,4.0,0
139867.0,69.0,1.17,39.1,128.2,132.0,70.0,157.0,46.0,5.6,10.05,134.0,10.1,14.6,342.0,13.2,1.32,173.0,8.7,81.0,26.92,9.5,9.5,840.0,2.0,3.0,3.0,1.0,3.0,2.0,1.0,1.0,1.0,1.0,3.0,0
139868.0,21.0,1.71,23.0,79.6,105.0,56.0,165.0,65.0,5.2,0.34,140.0,8.0,14.0,252.0,12.9,0.73,80.0,3.2,87.0,1.05,6.0,9.0,480.0,2.0,1.0,3.0,2.0,,2.0,2.0,2.0,,2.0,3.0,0
139869.0,80.0,0.84,38.3,127.5,128.0,70.0,135.0,30.0,8.2,4.06,141.0,8.2,13.2,251.0,14.3,0.75,324.0,8.9,209.0,10.44,8.0,8.0,420.0,2.0,3.0,4.0,2.0,,1.0,1.0,1.0,1.0,1.0,3.0,1
139870.0,42.0,3.87,31.7,111.2,108.0,69.0,185.0,49.0,5.9,12.71,139.0,7.4,13.1,272.0,13.0,1.09,200.0,6.4,97.0,5.32,8.0,9.0,180.0,2.0,3.0,5.0,2.0,,2.0,2.0,1.0,,2.0,3.0,0
139871.0,35.0,0.3,27.2,79.1,104.0,78.0,195.0,54.0,5.8,0.33,137.0,4.3,12.5,382.0,13.1,0.73,73.0,3.0,96.0,7.36,13.0,14.0,240.0,2.0,4.0,2.0,2.0,,2.0,2.0,2.0,,2.0,1.0,0
139874.0,42.0,2.78,53.0,154.7,99.0,65.0,186.0,68.0,5.6,4.76,140.0,7.6,12.2,285.0,14.9,0.79,84.0,5.8,87.0,6.55,7.0,11.0,120.0,2.0,3.0,4.0,1.0,1.0,2.0,2.0,2.0,,2.0,3.0,0
139879.0,63.0,,25.4,101.3,153.0,92.0,207.0,57.0,5.4,0.82,143.0,5.8,15.4,163.0,13.8,0.8,117.0,7.0,95.0,4.31,6.5,9.0,240.0,1.0,3.0,4.0,1.0,3.0,2.0,2.0,2.0,,2.0,2.0,0
139886.0,76.0,5.0,31.8,98.8,170.0,84.0,227.0,48.0,5.5,2.28,140.0,7.0,12.0,187.0,12.5,1.22,204.0,6.4,84.0,,,9.0,840.0,2.0,3.0,1.0,2.0,,2.0,1.0,1.0,1.0,1.0,2.0,0
139888.0,70.0,5.0,23.7,84.0,101.0,53.0,308.0,56.0,5.6,2.52,139.0,6.4,12.7,263.0,12.8,0.78,318.0,4.4,84.0,8.32,8.0,8.0,300.0,2.0,3.0,5.0,1.0,3.0,2.0,2.0,1.0,,2.0,2.0,1
139889.0,30.0,5.0,28.5,90.5,108.0,69.0,164.0,41.0,5.3,1.36,140.0,6.0,13.4,234.0,13.1,0.74,87.0,4.8,92.0,10.0,8.0,7.0,360.0,2.0,1.0,5.0,2.0,,2.0,2.0,2.0,,2.0,1.0,0
139890.0,38.0,1.75,42.1,124.0,107.0,80.0,151.0,48.0,4.5,4.18,143.0,7.6,13.4,266.0,14.1,0.7,91.0,4.4,96.0,18.36,8.0,10.0,600.0,2.0,7.0,3.0,1.0,1.0,2.0,2.0,2.0,,2.0,4.0,0
139895.0,73.0,0.17,30.3,110.8,110.0,77.0,195.0,34.0,5.2,14.98,139.0,5.4,13.1,75.0,26.8,1.15,272.0,8.2,116.0,6.58,9.0,9.0,300.0,1.0,2.0,5.0,1.0,3.0,1.0,1.0,1.0,1.0,2.0,4.0,1
139898.0,48.0,,23.5,80.4,119.0,70.0,259.0,55.0,5.5,0.56,139.0,5.8,11.4,440.0,17.2,0.71,131.0,4.6,91.0,6.54,7.5,10.0,480.0,2.0,6.0,4.0,2.0,,2.0,2.0,2.0,,2.0,2.0,0
139900.0,76.0,2.54,23.4,92.5,127.0,69.0,179.0,54.0,6.0,5.44,138.0,7.2,14.0,299.0,14.6,1.44,94.0,5.3,87.0,7.81,8.0,8.0,240.0,1.0,3.0,4.0,1.0,2.0,2.0,1.0,2.0,1.0,2.0,3.0,0
139901.0,56.0,0.45,27.7,106.8,162.0,86.0,290.0,58.0,6.0,4.7,140.0,8.4,13.4,345.0,13.3,0.71,233.0,4.7,92.0,10.6,8.5,9.5,60.0,2.0,2.0,4.0,2.0,,2.0,1.0,1.0,1.0,1.0,3.0,0
139903.0,60.0,4.34,24.9,91.5,124.0,66.0,163.0,55.0,8.8,0.97,138.0,6.1,12.1,241.0,13.7,0.64,180.0,3.4,241.0,18.7,8.0,10.0,120.0,2.0,6.0,4.0,2.0,,1.0,2.0,1.0,,1.0,1.0,0
139907.0,53.0,2.58,22.6,81.0,125.0,79.0,217.0,66.0,5.5,4.5,140.0,6.2,14.9,257.0,13.4,0.66,75.0,5.4,96.0,8.91,4.5,4.0,70.0,1.0,1.0,1.0,1.0,1.0,2.0,2.0,2.0,,2.0,2.0,0
139910.0,67.0,5.0,23.6,95.1,130.0,68.0,118.0,34.0,7.1,1.06,139.0,8.1,13.8,222.0,13.4,1.16,157.0,4.7,128.0,76.23,6.0,6.0,300.0,1.0,6.0,3.0,1.0,3.0,1.0,1.0,1.0,1.0,1.0,3.0,1
139912.0,62.0,5.0,22.7,85.3,129.0,89.0,136.0,42.0,6.0,8.31,136.0,7.5,14.9,233.0,12.8,0.92,205.0,5.3,92.0,8.8,8.0,10.5,240.0,1.0,3.0,4.0,2.0,,2.0,1.0,1.0,1.0,1.0,2.0,0
139917.0,71.0,0.84,28.2,94.0,126.0,93.0,210.0,66.0,5.6,0.81,141.0,10.8,15.6,170.0,12.9,0.89,84.0,6.1,88.0,6.94,10.0,10.0,180.0,2.0,3.0,5.0,2.0,,2.0,2.0,1.0,,1.0,2.0,0
139918.0,55.0,5.0,31.9,114.6,120.0,74.0,203.0,44.0,5.9,0.47,138.0,8.9,14.7,385.0,14.0,1.03,147.0,5.3,85.0,5.1,8.0,8.0,600.0,1.0,3.0,5.0,2.0,,2.0,2.0,1.0,,1.0,2.0,0
139919.0,68.0,5.0,29.1,116.5,124.0,77.0,140.0,40.0,6.8,0.36,139.0,6.2,14.4,267.0,12.8,0.8,175.0,4.7,169.0,11.13,9.0,9.0,240.0,1.0,3.0,5.0,2.0,,1.0,2.0,1.0,,1.0,2.0,0
139920.0,65.0,5.0,36.5,125.1,99.0,71.0,227.0,71.0,5.5,5.63,137.0,5.3,13.6,189.0,13.0,0.7,86.0,6.0,98.0,6.34,9.0,9.0,180.0,2.0,7.0,5.0,2.0,,2.0,1.0,1.0,1.0,2.0,3.0,0
139921.0,37.0,5.0,24.9,84.3,105.0,69.0,188.0,59.0,5.3,4.65,136.0,5.7,13.6,315.0,13.3,0.64,128.0,4.9,90.0,3.64,7.5,7.5,180.0,2.0,6.0,5.0,2.0,,2.0,2.0,2.0,,2.0,3.0,0
139922.0,30.0,,18.6,72.3,104.0,67.0,211.0,76.0,5.0,0.33,138.0,5.6,13.6,316.0,13.6,0.82,64.0,3.9,100.0,11.64,7.5,9.0,300.0,2.0,3.0,5.0,2.0,,2.0,2.0,2.0,,2.0,3.0,0
139926.0,71.0,2.28,26.8,93.6,162.0,72.0,200.0,61.0,5.1,0.86,136.0,7.0,14.2,251.0,13.5,0.87,74.0,3.3,97.0,8.38,10.0,10.0,180.0,2.0,3.0,4.0,2.0,,2.0,2.0,1.0,,2.0,2.0,0
139931.0,39.0,1.32,30.8,93.2,114.0,80.0,172.0,49.0,5.6,0.86,136.0,9.5,11.9,346.0,14.0,0.52,120.0,4.3,96.0,293.62,8.0,9.5,120.0,2.0,6.0,3.0,2.0,,2.0,1.0,2.0,1.0,2.0,3.0,0
139933.0,70.0,1.18,35.1,,107.0,73.0,256.0,53.0,12.5,8.56,136.0,9.3,15.1,266.0,13.9,0.78,218.0,5.5,383.0,68.98,14.0,14.0,420.0,2.0,3.0,2.0,2.0,,1.0,2.0,1.0,,9.0,5.0,1
139934.0,46.0,,38.9,121.9,129.0,79.0,179.0,53.0,6.0,3.12,141.0,6.8,12.4,263.0,16.1,1.01,151.0,5.6,97.0,3.42,9.5,7.5,360.0,2.0,4.0,4.0,2.0,,2.0,2.0,2.0,,2.0,1.0,0
139935.0,69.0,3.55,44.9,124.3,110.0,71.0,183.0,67.0,5.7,2.53,139.0,4.6,12.4,221.0,14.7,1.03,101.0,5.4,91.0,5.25,5.5,5.5,300.0,2.0,3.0,4.0,1.0,3.0,2.0,1.0,1.0,1.0,1.0,2.0,0
139936.0,72.0,5.0,23.3,82.3,122.0,80.0,175.0,64.0,5.7,1.97,140.0,6.1,14.0,251.0,12.5,0.93,91.0,5.1,101.0,8.51,8.0,8.0,30.0,2.0,3.0,5.0,2.0,,2.0,1.0,1.0,1.0,1.0,2.0,0
139937.0,39.0,1.61,27.6,90.1,105.0,58.0,172.0,54.0,4.9,0.39,138.0,6.3,14.0,243.0,12.2,0.71,97.0,3.5,90.0,8.97,6.0,8.0,300.0,2.0,3.0,3.0,2.0,,2.0,2.0,2.0,,2.0,1.0,0
139939.0,34.0,4.42,23.9,85.4,122.0,65.0,194.0,44.0,5.2,2.47,138.0,5.5,17.0,198.0,12.2,0.93,178.0,7.4,100.0,7.26,7.5,8.5,180.0,1.0,3.0,4.0,1.0,1.0,2.0,2.0,2.0,,2.0,3.0,0
139941.0,43.0,3.08,20.1,75.3,82.0,53.0,139.0,48.0,5.3,0.6,136.0,6.9,12.8,221.0,12.1,0.77,80.0,3.4,82.0,1.05,7.5,7.0,600.0,2.0,3.0,4.0,2.0,,2.0,2.0,2.0,,2.0,2.0,0
139942.0,30.0,0.02,27.5,98.7,117.0,77.0,132.0,36.0,5.7,1.57,139.0,7.4,14.5,248.0,13.0,0.69,101.0,4.9,84.0,23.7,7.5,11.0,240.0,2.0,1.0,4.0,2.0,,2.0,2.0,2.0,,2.0,4.0,0
139944.0,54.0,3.73,29.5,98.1,114.0,80.0,189.0,45.0,5.4,2.45,137.0,10.5,13.6,355.0,13.0,0.96,184.0,4.5,94.0,12.81,7.0,8.0,600.0,2.0,3.0,5.0,1.0,1.0,2.0,1.0,1.0,1.0,1.0,1.0,0
139946.0,68.0,1.84,47.9,146.0,125.0,75.0,134.0,40.0,6.5,14.22,134.0,8.1,15.2,352.0,13.8,0.84,96.0,6.1,110.0,0.42,7.0,9.0,480.0,1.0,3.0,4.0,1.0,3.0,3.0,1.0,2.0,1.0,2.0,4.0,0
139949.0,76.0,,38.1,113.1,144.0,89.0,226.0,62.0,6.2,4.97,140.0,4.6,13.3,275.0,13.5,0.92,77.0,2.0,113.0,12.99,8.0,8.0,360.0,2.0,4.0,1.0,2.0,,2.0,1.0,1.0,1.0,2.0,4.0,0
139950.0,76.0,2.06,25.6,93.7,133.0,55.0,176.0,54.0,5.5,1.09,141.0,10.9,11.7,538.0,13.9,1.02,170.0,4.3,96.0,16.85,8.5,8.5,720.0,2.0,3.0,5.0,1.0,3.0,2.0,2.0,1.0,,1.0,3.0,0
139951.0,69.0,3.28,25.0,95.7,143.0,85.0,232.0,56.0,5.6,0.29,142.0,4.0,14.2,143.0,16.7,0.76,160.0,3.8,81.0,8.39,8.0,8.0,480.0,1.0,3.0,5.0,2.0,,2.0,1.0,2.0,1.0,2.0,2.0,0
139959.0,70.0,4.42,35.3,113.0,134.0,82.0,96.0,45.0,8.5,1.19,143.0,6.2,15.1,175.0,14.4,1.39,113.0,6.9,176.0,10.41,8.0,8.0,240.0,1.0,4.0,4.0,1.0,3.0,1.0,2.0,1.0,,1.0,2.0,0
139964.0,80.0,1.75,33.1,103.6,140.0,57.0,228.0,96.0,6.0,1.7,140.0,7.4,13.3,191.0,13.5,0.79,99.0,5.4,106.0,12.47,9.0,9.0,180.0,2.0,3.0,1.0,2.0,,2.0,1.0,2.0,1.0,1.0,4.0,1
139965.0,69.0,5.0,22.2,87.5,125.0,73.0,212.0,56.0,6.3,0.97,135.0,6.7,13.2,157.0,13.0,1.31,60.0,6.4,106.0,6.61,7.0,7.0,480.0,1.0,6.0,5.0,2.0,,2.0,1.0,1.0,1.0,2.0,1.0,0
139967.0,21.0,1.86,31.0,108.2,123.0,100.0,203.0,36.0,5.0,1.62,140.0,6.9,17.0,242.0,12.9,0.78,99.0,6.8,102.0,15.08,7.5,10.0,240.0,1.0,3.0,4.0,2.0,,2.0,2.0,2.0,,2.0,1.0,0
139968.0,31.0,0.55,19.5,80.7,106.0,78.0,154.0,63.0,5.1,0.81,139.0,8.0,13.3,296.0,13.0,0.88,36.0,4.0,74.0,25.0,,9.0,300.0,2.0,3.0,2.0,1.0,1.0,3.0,1.0,1.0,2.0,2.0,4.0,0
139972.0,67.0,5.0,36.2,117.8,123.0,81.0,256.0,44.0,5.5,5.99,140.0,5.7,12.8,233.0,13.6,0.7,166.0,6.2,104.0,7.12,7.0,7.0,900.0,2.0,3.0,5.0,1.0,3.0,2.0,2.0,1.0,,2.0,2.0,0
139977.0,69.0,2.74,30.6,110.8,134.0,70.0,168.0,41.0,9.1,5.9,142.0,9.1,13.3,292.0,12.7,2.27,166.0,9.1,94.0,92.81,7.5,6.0,180.0,1.0,7.0,2.0,2.0,,1.0,1.0,1.0,1.0,1.0,4.0,1
139978.0,61.0,5.0,28.2,93.8,126.0,80.0,138.0,38.0,6.0,9.91,139.0,3.9,14.1,253.0,13.8,1.35,75.0,6.2,91.0,7.36,4.0,5.0,420.0,1.0,4.0,4.0,1.0,3.0,2.0,1.0,1.0,1.0,1.0,1.0,0
139981.0,45.0,4.12,61.5,156.7,118.0,83.0,184.0,38.0,5.6,5.71,141.0,7.1,14.1,237.0,13.9,0.67,293.0,6.6,101.0,36.13,8.0,10.0,180.0,1.0,3.0,2.0,1.0,3.0,1.0,1.0,2.0,1.0,2.0,2.0,1
139982.0,43.0,4.03,43.7,133.3,127.0,89.0,136.0,43.0,4.9,14.39,137.0,9.2,12.7,311.0,14.1,0.61,210.0,6.2,94.0,5.31,6.0,8.0,300.0,2.0,3.0,4.0,2.0,,2.0,2.0,2.0,,2.0,3.0,0
139983.0,60.0,4.66,35.8,108.8,121.0,80.0,202.0,48.0,5.5,8.17,139.0,7.2,14.0,437.0,14.3,0.76,139.0,5.3,104.0,16.58,7.5,7.5,900.0,2.0,3.0,4.0,2.0,,2.0,2.0,2.0,,2.0,3.0,0
139984.0,62.0,2.92,26.8,99.1,122.0,72.0,207.0,54.0,5.6,0.69,140.0,6.0,12.3,322.0,14.1,0.99,119.0,6.0,86.0,5.24,8.0,9.5,120.0,1.0,3.0,5.0,1.0,3.0,2.0,2.0,1.0,,1.0,2.0,0
139987.0,29.0,5.0,28.6,99.3,115.0,70.0,188.0,51.0,5.3,1.41,140.0,5.2,15.5,218.0,13.3,0.92,51.0,5.8,102.0,3.13,5.0,9.0,120.0,1.0,3.0,5.0,2.0,,2.0,2.0,2.0,,2.0,2.0,0
139995.0,69.0,0.89,31.4,112.9,122.0,82.0,154.0,54.0,6.0,3.04,140.0,6.4,14.1,154.0,14.2,1.13,145.0,5.0,101.0,5.59,8.0,8.0,240.0,1.0,7.0,5.0,7.0,,2.0,1.0,2.0,1.0,2.0,1.0,0
139997.0,27.0,4.04,30.5,101.2,111.0,67.0,153.0,40.0,5.4,6.51,139.0,8.4,14.2,240.0,14.0,0.79,83.0,5.2,97.0,4.01,8.5,8.5,840.0,1.0,2.0,5.0,2.0,,2.0,2.0,2.0,,2.0,1.0,0
139998.0,66.0,4.18,22.9,88.1,125.0,74.0,254.0,35.0,6.0,3.56,139.0,12.3,14.5,460.0,12.7,0.89,354.0,6.4,94.0,10.36,8.0,8.0,300.0,2.0,3.0,3.0,2.0,,2.0,2.0,2.0,,2.0,3.0,0
140000.0,24.0,2.29,21.2,87.4,110.0,62.0,326.0,73.0,5.1,2.63,138.0,14.5,12.1,231.0,13.1,0.46,171.0,4.6,84.0,9.43,7.5,9.0,120.0,2.0,3.0,4.0,1.0,1.0,2.0,2.0,2.0,,2.0,2.0,0
140001.0,41.0,3.6,24.4,88.2,121.0,69.0,238.0,56.0,5.2,1.32,139.0,7.2,15.0,205.0,12.9,1.03,57.0,4.5,83.0,3.66,7.0,7.0,240.0,1.0,3.0,3.0,1.0,3.0,2.0,2.0,2.0,,2.0,1.0,0
140004.0,58.0,0.06,34.7,130.8,153.0,89.0,179.0,61.0,6.5,1.29,139.0,6.9,13.1,286.0,13.5,0.82,95.0,6.6,160.0,7.42,11.5,11.5,480.0,1.0,3.0,3.0,2.0,,1.0,1.0,2.0,1.0,9.0,5.0,0
140006.0,31.0,5.0,24.9,93.2,127.0,87.0,167.0,45.0,4.9,2.34,140.0,5.1,16.0,246.0,12.6,1.02,87.0,5.3,88.0,4.26,8.0,8.0,540.0,1.0,3.0,5.0,2.0,,2.0,2.0,2.0,,2.0,1.0,0
140011.0,55.0,5.0,33.7,110.8,138.0,86.0,204.0,84.0,4.6,0.91,139.0,4.4,14.8,215.0,15.6,0.98,86.0,5.4,87.0,443.32,8.5,8.5,720.0,1.0,1.0,4.0,2.0,,2.0,1.0,2.0,1.0,2.0,3.0,0
140014.0,39.0,1.67,30.2,105.2,111.0,70.0,161.0,54.0,5.4,1.58,140.0,4.7,13.6,210.0,13.5,1.01,58.0,4.6,87.0,2.1,7.0,7.0,240.0,1.0,3.0,5.0,2.0,,2.0,2.0,2.0,,2.0,1.0,0
140016.0,22.0,5.0,24.5,86.5,113.0,70.0,210.0,52.0,5.4,1.61,141.0,6.1,16.4,284.0,13.3,1.04,111.0,6.5,94.0,3.42,9.5,9.0,240.0,1.0,3.0,5.0,2.0,,2.0,2.0,2.0,,2.0,1.0,0
140019.0,33.0,5.0,20.8,70.4,108.0,65.0,162.0,78.0,5.4,1.86,139.0,8.9,11.5,236.0,13.1,0.61,55.0,2.3,86.0,7.45,8.0,9.0,60.0,2.0,1.0,4.0,2.0,,2.0,2.0,2.0,,2.0,2.0,0
140020.0,53.0,5.0,23.2,82.6,129.0,77.0,198.0,88.0,5.5,2.93,140.0,6.5,14.1,286.0,14.0,0.72,48.0,5.6,86.0,0.66,7.5,7.5,600.0,2.0,7.0,5.0,2.0,,2.0,2.0,2.0,,2.0,1.0,0
140022.0,62.0,2.84,26.5,92.0,104.0,71.0,211.0,62.0,4.5,0.99,138.0,5.4,12.6,226.0,13.4,0.88,125.0,4.6,91.0,1.0,7.5,10.0,660.0,2.0,3.0,4.0,2.0,,2.0,2.0,2.0,,2.0,2.0,0
140023.0,52.0,5.0,34.7,113.3,89.0,61.0,161.0,78.0,5.6,1.94,141.0,7.7,12.3,264.0,14.6,0.78,96.0,5.6,93.0,7.58,7.0,7.0,240.0,2.0,3.0,4.0,2.0,,2.0,2.0,2.0,,2.0,3.0,0
140025.0,21.0,1.09,35.9,107.1,121.0,77.0,157.0,57.0,5.6,0.68,137.0,6.0,15.3,219.0,12.6,1.11,103.0,7.8,95.0,4.04,10.0,9.0,480.0,1.0,2.0,3.0,2.0,,2.0,2.0,2.0,,2.0,2.0,0
140028.0,69.0,2.24,33.1,109.1,149.0,82.0,242.0,57.0,5.5,0.77,141.0,9.9,13.9,288.0,14.2,0.9,376.0,5.9,100.0,7.61,6.5,6.5,480.0,2.0,3.0,4.0,1.0,3.0,2.0,1.0,1.0,1.0,2.0,2.0,0
140032.0,33.0,2.42,26.9,99.6,114.0,66.0,210.0,36.0,5.6,0.98,137.0,5.4,14.9,220.0,13.3,1.1,95.0,5.0,86.0,3.17,7.0,7.0,480.0,1.0,7.0,4.0,2.0,,2.0,2.0,1.0,,2.0,3.0,0
140034.0,51.0,5.0,38.6,126.3,97.0,79.0,160.0,41.0,5.4,9.52,136.0,9.0,15.7,327.0,12.4,0.96,105.0,7.8,102.0,1.91,8.5,9.5,480.0,1.0,3.0,5.0,1.0,3.0,2.0,2.0,2.0,,2.0,3.0,0
140037.0,50.0,5.0,21.7,91.0,112.0,69.0,149.0,39.0,6.4,5.74,137.0,7.0,12.7,287.0,13.0,0.54,192.0,6.8,129.0,8.88,8.0,7.0,480.0,1.0,6.0,5.0,2.0,,2.0,2.0,1.0,,2.0,3.0,0
140039.0,72.0,1.4,47.6,119.3,144.0,88.0,114.0,41.0,7.0,6.42,141.0,5.8,11.2,224.0,15.5,1.48,113.0,5.9,124.0,172.18,10.0,9.0,420.0,2.0,4.0,4.0,2.0,,1.0,1.0,1.0,1.0,1.0,4.0,0
140040.0,67.0,5.0,25.6,97.0,131.0,68.0,182.0,70.0,5.4,0.27,141.0,5.5,14.7,260.0,13.2,1.03,89.0,6.8,101.0,6.71,7.0,7.0,480.0,1.0,3.0,5.0,1.0,3.0,2.0,2.0,1.0,,1.0,2.0,0
140041.0,72.0,,30.6,106.4,116.0,72.0,131.0,71.0,5.5,0.47,140.0,6.7,16.0,155.0,13.1,1.26,94.0,6.8,103.0,6.7,8.0,8.0,420.0,1.0,3.0,4.0,1.0,3.0,2.0,1.0,1.0,1.0,1.0,2.0,1
140042.0,51.0,5.0,23.0,83.2,103.0,72.0,218.0,71.0,5.1,12.9,139.0,9.4,12.5,278.0,12.9,0.67,83.0,4.9,75.0,8.03,7.5,7.5,480.0,2.0,3.0,5.0,1.0,3.0,2.0,2.0,2.0,,2.0,1.0,0
140043.0,33.0,0.63,29.6,105.9,112.0,75.0,175.0,37.0,5.4,0.32,139.0,6.2,15.8,365.0,14.0,0.92,152.0,6.1,88.0,2.93,6.0,6.0,300.0,1.0,4.0,4.0,1.0,1.0,2.0,2.0,2.0,,2.0,1.0,0
140044.0,71.0,,38.0,108.2,141.0,88.0,142.0,40.0,6.7,1.43,141.0,7.9,12.0,262.0,15.8,0.65,164.0,4.6,128.0,29.77,9.5,9.5,60.0,2.0,1.0,1.0,2.0,,1.0,1.0,1.0,1.0,1.0,3.0,1
140045.0,27.0,5.0,26.6,84.7,105.0,66.0,216.0,58.0,5.1,0.89,139.0,6.7,13.4,343.0,12.9,0.67,130.0,3.6,96.0,6.89,8.0,9.0,480.0,2.0,2.0,5.0,2.0,,2.0,2.0,1.0,,2.0,2.0,0
140049.0,69.0,3.97,34.3,120.6,147.0,88.0,128.0,60.0,5.8,4.43,138.0,6.8,12.9,295.0,14.4,0.48,80.0,3.3,106.0,7.41,7.0,7.0,360.0,2.0,3.0,5.0,1.0,3.0,1.0,1.0,1.0,2.0,1.0,3.0,1
140053.0,69.0,,29.4,113.6,92.0,60.0,162.0,54.0,6.9,1.49,135.0,8.9,15.6,253.0,13.6,1.16,108.0,4.0,138.0,35.16,9.0,9.0,360.0,1.0,3.0,4.0,1.0,3.0,1.0,1.0,1.0,1.0,1.0,4.0,1
140057.0,27.0,3.09,,69.9,109.0,77.0,173.0,75.0,5.2,0.16,140.0,11.5,13.7,263.0,13.3,0.84,46.0,3.8,80.0,6.25,6.0,7.0,180.0,2.0,3.0,5.0,2.0,,2.0,2.0,2.0,,2.0,2.0,0
140058.0,56.0,5.0,28.0,103.7,137.0,87.0,162.0,49.0,5.6,1.35,140.0,8.0,14.2,220.0,13.1,0.89,177.0,7.1,85.0,6.2,7.5,8.0,360.0,1.0,3.0,5.0,1.0,3.0,2.0,2.0,1.0,,1.0,2.0,0
140059.0,31.0,2.28,34.0,103.9,106.0,71.0,183.0,56.0,5.1,10.84,135.0,9.1,12.1,374.0,13.4,0.76,97.0,4.8,82.0,10.8,9.5,9.5,240.0,2.0,3.0,4.0,2.0,,2.0,1.0,2.0,2.0,2.0,3.0,0
140064.0,67.0,5.0,41.7,120.1,121.0,63.0,182.0,53.0,5.8,5.87,139.0,8.5,13.2,203.0,14.1,1.13,124.0,8.3,109.0,6.02,5.5,5.5,720.0,2.0,2.0,5.0,2.0,,2.0,2.0,1.0,,2.0,2.0,0
140067.0,55.0,0.23,52.6,,87.0,61.0,121.0,48.0,7.7,8.35,137.0,14.3,12.8,419.0,17.7,0.93,153.0,5.1,219.0,18.49,11.0,11.5,480.0,2.0,3.0,4.0,1.0,3.0,1.0,1.0,1.0,1.0,1.0,4.0,1
140068.0,63.0,5.0,29.2,104.6,152.0,86.0,245.0,75.0,6.0,5.59,139.0,7.6,13.5,283.0,13.9,0.65,91.0,3.9,139.0,0.95,7.0,7.0,300.0,2.0,3.0,3.0,2.0,,2.0,1.0,1.0,1.0,2.0,2.0,0
140069.0,37.0,0.19,27.6,98.0,116.0,90.0,234.0,71.0,5.7,6.19,139.0,4.9,12.3,175.0,15.0,0.57,116.0,3.0,92.0,8.02,6.0,9.0,120.0,2.0,2.0,2.0,1.0,3.0,2.0,2.0,2.0,,2.0,3.0,0
140070.0,64.0,5.0,26.4,97.5,135.0,69.0,208.0,78.0,5.2,0.48,139.0,4.6,14.7,346.0,12.0,0.61,85.0,5.0,103.0,11.91,9.0,12.5,240.0,1.0,3.0,3.0,2.0,,2.0,1.0,1.0,1.0,1.0,3.0,0
140071.0,33.0,2.31,29.4,102.5,106.0,61.0,185.0,40.0,6.0,4.57,138.0,6.2,12.8,318.0,12.5,0.53,168.0,4.1,110.0,9.63,8.5,11.0,120.0,2.0,1.0,4.0,2.0,,2.0,2.0,2.0,,2.0,4.0,0
140072.0,42.0,1.56,22.3,76.3,116.0,71.0,196.0,76.0,5.7,0.53,139.0,6.9,13.8,196.0,13.3,0.6,120.0,3.0,90.0,22.59,7.0,7.0,120.0,2.0,7.0,3.0,2.0,,2.0,2.0,2.0,,2.0,3.0,0
140073.0,63.0,0.66,38.5,143.3,130.0,95.0,147.0,45.0,9.9,4.13,138.0,7.5,14.9,252.0,13.4,0.71,125.0,3.9,169.0,9.59,12.0,10.0,300.0,1.0,3.0,3.0,1.0,3.0,3.0,1.0,1.0,1.0,1.0,5.0,1
140074.0,79.0,1.92,33.3,114.2,117.0,67.0,174.0,49.0,6.0,0.78,141.0,5.0,13.2,229.0,13.2,1.13,136.0,5.8,116.0,6.37,7.0,7.0,480.0,1.0,6.0,5.0,2.0,,2.0,2.0,1.0,,1.0,3.0,0
140075.0,38.0,1.98,31.3,113.7,130.0,89.0,220.0,66.0,5.7,2.7,139.0,8.5,15.5,289.0,13.3,0.85,96.0,5.8,100.0,12.57,8.0,8.0,300.0,1.0,3.0,4.0,2.0,,2.0,2.0,1.0,,1.0,3.0,1
140078.0,48.0,5.0,25.5,87.7,108.0,69.0,184.0,83.0,5.0,12.44,140.0,4.0,12.7,242.0,12.8,0.84,124.0,3.5,89.0,0.91,7.5,9.0,360.0,2.0,3.0,5.0,2.0,,2.0,2.0,2.0,,2.0,2.0,0
140081.0,30.0,5.0,24.6,84.0,106.0,60.0,198.0,72.0,4.8,1.65,136.0,6.9,12.2,209.0,13.3,0.74,72.0,3.6,80.0,7.17,8.0,7.0,180.0,2.0,3.0,5.0,1.0,3.0,2.0,2.0,2.0,,2.0,3.0,0
140088.0,76.0,4.12,21.9,85.0,132.0,67.0,236.0,60.0,5.6,0.73,139.0,7.1,12.9,400.0,14.3,0.81,76.0,4.2,92.0,9.68,7.5,7.5,180.0,2.0,3.0,5.0,2.0,,2.0,2.0,1.0,,2.0,2.0,0
140090.0,37.0,5.0,25.8,82.8,102.0,65.0,157.0,74.0,5.0,0.4,139.0,7.8,12.3,291.0,12.7,0.94,76.0,4.1,94.0,12.83,7.5,7.5,480.0,2.0,1.0,5.0,2.0,,2.0,2.0,2.0,,2.0,2.0,0
140094.0,29.0,5.0,21.7,74.4,106.0,73.0,202.0,68.0,5.1,0.27,140.0,5.6,13.4,225.0,12.6,0.69,70.0,3.3,89.0,0.66,7.0,8.0,600.0,2.0,3.0,5.0,2.0,,2.0,2.0,2.0,,2.0,3.0,0
140096.0,80.0,2.4,23.4,86.4,146.0,77.0,182.0,49.0,6.0,6.51,138.0,3.9,12.0,229.0,14.0,0.63,139.0,3.5,98.0,27.67,7.0,7.0,120.0,2.0,3.0,4.0,1.0,3.0,2.0,2.0,2.0,,2.0,1.0,0
140101.0,24.0,5.0,23.6,83.2,142.0,89.0,142.0,49.0,4.6,1.65,142.0,7.8,16.6,244.0,13.0,1.14,69.0,5.5,92.0,4.75,8.0,8.5,600.0,1.0,1.0,5.0,2.0,,2.0,2.0,1.0,,2.0,2.0,0
140104.0,47.0,2.68,26.2,85.0,110.0,72.0,203.0,53.0,5.5,0.98,138.0,6.3,10.9,363.0,16.6,0.76,99.0,4.9,86.0,5.99,7.5,10.0,480.0,2.0,2.0,2.0,2.0,,2.0,1.0,1.0,1.0,2.0,3.0,0
140105.0,78.0,1.07,36.3,104.4,142.0,62.0,135.0,69.0,5.8,0.22,140.0,5.1,11.6,251.0,15.4,1.0,69.0,5.1,114.0,20.96,8.5,8.5,480.0,2.0,3.0,3.0,1.0,3.0,3.0,1.0,2.0,1.0,1.0,4.0,1
140110.0,55.0,3.96,35.9,117.6,159.0,84.0,349.0,37.0,8.6,10.0,141.0,5.5,15.0,315.0,14.8,,,,260.0,8.58,9.0,9.0,480.0,2.0,3.0,5.0,1.0,1.0,1.0,2.0,1.0,,1.0,4.0,0
140111.0,25.0,5.0,24.8,93.0,101.0,60.0,131.0,52.0,4.9,0.85,139.0,4.7,13.4,235.0,13.5,0.65,88.0,4.4,82.0,4.84,7.5,10.0,240.0,2.0,3.0,5.0,2.0,,2.0,2.0,2.0,,2.0,1.0,0
140112.0,22.0,1.4,23.3,80.0,110.0,64.0,150.0,66.0,5.2,1.71,137.0,5.7,12.0,246.0,14.4,0.72,55.0,2.5,90.0,6.68,9.0,6.0,240.0,2.0,2.0,4.0,2.0,,2.0,2.0,2.0,,2.0,2.0,0
140115.0,42.0,5.0,37.0,124.8,117.0,68.0,240.0,36.0,5.4,1.3,141.0,7.5,16.2,215.0,13.1,0.97,308.0,5.1,95.0,3.14,6.5,8.0,360.0,1.0,3.0,5.0,1.0,1.0,2.0,2.0,1.0,,2.0,3.0,0
140117.0,26.0,1.94,40.9,110.3,113.0,86.0,140.0,56.0,5.1,10.88,138.0,7.7,13.5,183.0,13.2,0.83,61.0,3.1,85.0,10.79,7.5,8.0,90.0,2.0,3.0,5.0,2.0,,2.0,2.0,2.0,,2.0,3.0,0
140118.0,59.0,3.3,30.8,104.3,117.0,69.0,146.0,33.0,5.9,6.57,139.0,7.4,16.6,215.0,13.2,1.43,158.0,6.4,121.0,8.0,7.5,8.5,240.0,1.0,3.0,4.0,1.0,3.0,2.0,2.0,1.0,,1.0,2.0,0
140119.0,34.0,2.16,32.7,103.2,109.0,76.0,212.0,43.0,5.0,3.82,140.0,6.8,13.8,249.0,14.4,0.76,106.0,4.8,86.0,10.34,7.5,6.5,480.0,2.0,3.0,5.0,2.0,,2.0,2.0,2.0,,2.0,2.0,0
140121.0,24.0,2.73,21.0,74.0,87.0,59.0,174.0,59.0,5.0,3.51,141.0,4.3,13.7,196.0,13.0,0.52,95.0,4.3,86.0,6.27,5.0,8.0,600.0,2.0,2.0,5.0,2.0,,2.0,2.0,2.0,,2.0,2.0,0
140122.0,37.0,4.25,50.3,138.4,108.0,79.0,174.0,58.0,5.2,77.79,137.0,9.4,12.5,259.0,14.2,0.69,113.0,2.9,91.0,8.84,7.0,8.0,120.0,2.0,3.0,5.0,2.0,,2.0,2.0,2.0,,2.0,3.0,0
140127.0,65.0,1.97,26.0,96.0,117.0,85.0,179.0,52.0,5.6,2.09,142.0,6.1,13.9,272.0,13.0,0.71,128.0,5.3,102.0,13.16,6.5,7.0,180.0,2.0,3.0,5.0,1.0,3.0,2.0,2.0,1.0,,1.0,2.0,0
140130.0,64.0,5.0,22.5,91.1,102.0,62.0,182.0,74.0,5.5,1.15,136.0,6.8,13.8,202.0,12.7,0.87,75.0,2.7,101.0,5.96,8.5,8.5,600.0,2.0,3.0,5.0,1.0,3.0,2.0,2.0,1.0,,2.0,2.0,1
140131.0,74.0,1.72,,,192.0,117.0,290.0,97.0,6.9,0.31,160.0,9.1,13.2,223.0,15.7,0.8,123.0,5.8,130.0,159.54,11.0,11.5,60.0,2.0,4.0,4.0,2.0,,1.0,1.0,1.0,1.0,1.0,3.0,0
140132.0,29.0,1.49,19.8,76.2,120.0,62.0,130.0,53.0,5.3,4.36,141.0,9.4,14.5,296.0,13.1,1.01,56.0,4.4,91.0,5.48,6.5,10.0,360.0,1.0,3.0,3.0,1.0,1.0,2.0,2.0,2.0,,2.0,3.0,0
140133.0,40.0,,25.1,84.9,96.0,63.0,186.0,62.0,4.6,0.41,142.0,7.7,11.5,341.0,18.0,0.76,52.0,3.3,83.0,5.09,8.5,8.5,600.0,2.0,4.0,5.0,1.0,3.0,2.0,2.0,2.0,,2.0,3.0,0
140134.0,63.0,4.56,27.3,98.1,117.0,67.0,167.0,48.0,5.9,0.37,139.0,7.0,14.2,309.0,13.0,0.87,170.0,5.1,112.0,9.41,7.5,8.0,300.0,1.0,3.0,5.0,2.0,,2.0,1.0,1.0,1.0,1.0,3.0,0
140135.0,80.0,4.8,40.8,119.3,106.0,55.0,185.0,76.0,5.8,5.21,144.0,11.4,14.3,246.0,14.8,0.96,82.0,7.3,103.0,102.89,7.5,7.5,720.0,2.0,3.0,5.0,2.0,,2.0,1.0,2.0,1.0,1.0,4.0,1
140137.0,50.0,2.39,32.4,99.7,162.0,69.0,183.0,60.0,6.3,1.27,137.0,8.6,11.9,336.0,16.1,0.46,135.0,3.0,101.0,89.67,7.0,11.0,120.0,2.0,1.0,1.0,2.0,,2.0,2.0,2.0,,2.0,2.0,0
140139.0,64.0,2.1,26.1,103.2,137.0,86.0,192.0,73.0,6.6,1.82,139.0,7.7,13.8,253.0,13.8,0.73,136.0,4.7,108.0,13.39,7.5,8.0,480.0,2.0,3.0,4.0,2.0,,2.0,2.0,1.0,,1.0,2.0,0
140143.0,59.0,,22.1,85.4,132.0,68.0,209.0,40.0,10.9,5.96,133.0,8.6,13.0,284.0,13.5,0.86,156.0,4.5,549.0,92.32,12.0,12.0,180.0,1.0,6.0,3.0,1.0,1.0,1.0,2.0,1.0,,1.0,2.0,0
140144.0,68.0,5.0,31.0,102.4,119.0,73.0,164.0,62.0,6.7,3.7,140.0,9.2,15.7,421.0,13.9,0.74,126.0,4.9,148.0,7.53,7.5,9.0,720.0,2.0,1.0,5.0,2.0,,1.0,2.0,1.0,,1.0,5.0,0
140148.0,53.0,5.0,23.7,86.3,103.0,70.0,257.0,68.0,5.8,0.58,142.0,5.9,12.9,353.0,13.0,0.68,118.0,3.3,93.0,8.42,7.0,8.0,240.0,2.0,3.0,5.0,2.0,,2.0,2.0,2.0,,2.0,2.0,0
140149.0,65.0,5.0,31.0,106.7,125.0,74.0,214.0,34.0,5.7,0.81,139.0,6.6,15.9,219.0,14.5,0.94,790.0,5.7,109.0,19.91,9.0,8.5,480.0,1.0,3.0,5.0,2.0,,2.0,2.0,2.0,,2.0,2.0,0
140152.0,62.0,,25.5,94.2,119.0,63.0,101.0,60.0,5.6,5.01,139.0,8.0,14.4,277.0,12.7,0.74,82.0,5.2,118.0,43.99,,4.0,300.0,1.0,2.0,4.0,1.0,1.0,2.0,1.0,2.0,1.0,2.0,2.0,1
140153.0,38.0,5.0,36.3,102.0,109.0,75.0,241.0,58.0,5.4,17.76,135.0,5.3,12.6,280.0,13.9,0.92,68.0,3.8,85.0,2.9,6.5,6.0,480.0,2.0,4.0,5.0,2.0,,2.0,2.0,1.0,,2.0,3.0,0
140155.0,21.0,,22.1,81.6,104.0,72.0,206.0,42.0,5.0,2.18,140.0,7.3,14.1,301.0,14.3,0.71,171.0,3.3,81.0,3.75,8.0,10.0,480.0,2.0,7.0,4.0,2.0,,2.0,2.0,2.0,,2.0,3.0,0
140158.0,63.0,3.97,30.3,110.1,136.0,91.0,209.0,39.0,7.3,0.64,137.0,8.9,15.1,290.0,13.9,0.77,440.0,3.8,223.0,12.91,8.0,8.0,600.0,1.0,3.0,3.0,1.0,3.0,1.0,1.0,1.0,1.0,1.0,4.0,0
140161.0,73.0,3.04,30.9,114.8,163.0,112.0,211.0,39.0,5.3,1.86,,6.3,17.2,180.0,13.2,,,,,4.75,5.0,5.0,480.0,1.0,7.0,4.0,1.0,3.0,2.0,1.0,2.0,2.0,2.0,2.0,0
140163.0,80.0,5.0,24.0,84.2,124.0,55.0,224.0,75.0,5.4,3.03,140.0,6.1,12.5,260.0,14.6,0.98,73.0,5.4,95.0,6.86,8.0,8.0,120.0,2.0,3.0,5.0,2.0,,2.0,2.0,1.0,,1.0,1.0,0
140165.0,71.0,1.72,24.7,97.8,120.0,81.0,116.0,41.0,4.7,2.25,137.0,6.7,13.3,205.0,14.7,1.1,71.0,6.8,92.0,6.45,7.0,7.0,180.0,1.0,4.0,3.0,1.0,3.0,2.0,2.0,2.0,,2.0,1.0,0
140166.0,22.0,2.39,35.1,108.0,129.0,82.0,207.0,37.0,5.7,2.18,139.0,7.2,15.1,221.0,13.5,1.14,85.0,6.9,84.0,2.39,8.0,8.0,600.0,1.0,4.0,4.0,2.0,,2.0,2.0,2.0,,2.0,2.0,0
140169.0,32.0,,24.6,92.4,129.0,82.0,125.0,47.0,4.7,3.31,139.0,3.4,14.2,239.0,12.4,0.99,67.0,5.4,94.0,6.05,8.5,8.5,600.0,1.0,3.0,5.0,1.0,3.0,2.0,2.0,2.0,,2.0,2.0,0
140172.0,79.0,5.0,26.7,99.6,148.0,75.0,138.0,60.0,6.0,1.23,144.0,6.1,12.4,346.0,14.4,1.16,114.0,5.0,100.0,3.98,10.0,10.0,600.0,2.0,3.0,5.0,2.0,,2.0,1.0,2.0,1.0,1.0,1.0,1
140173.0,35.0,1.05,40.5,114.8,127.0,84.0,176.0,48.0,5.2,6.9,139.0,7.8,14.0,287.0,12.9,0.68,64.0,7.7,97.0,26.46,5.0,8.0,90.0,2.0,3.0,5.0,1.0,3.0,2.0,2.0,2.0,,2.0,2.0,0
140174.0,61.0,0.79,37.9,,134.0,71.0,137.0,48.0,13.0,4.38,136.0,6.7,12.8,275.0,13.9,0.95,94.0,5.6,233.0,7.33,10.0,10.0,300.0,2.0,4.0,3.0,2.0,,3.0,1.0,2.0,1.0,2.0,2.0,1
140176.0,31.0,4.04,17.1,,103.0,75.0,158.0,43.0,5.5,2.22,140.0,8.5,13.9,224.0,14.0,0.98,89.0,5.1,80.0,4.11,5.0,4.0,720.0,1.0,3.0,4.0,1.0,1.0,2.0,2.0,2.0,,2.0,4.0,0
140178.0,68.0,0.26,31.5,100.6,134.0,84.0,234.0,54.0,5.6,3.01,141.0,7.4,13.5,379.0,14.0,0.86,286.0,6.0,93.0,20.71,10.0,10.0,480.0,2.0,7.0,4.0,1.0,1.0,2.0,1.0,1.0,2.0,2.0,4.0,0
140179.0,67.0,1.32,27.9,99.0,136.0,71.0,189.0,32.0,4.8,0.53,133.0,6.8,16.3,205.0,12.7,1.02,358.0,5.5,89.0,0.57,8.0,8.0,300.0,1.0,3.0,4.0,1.0,3.0,2.0,2.0,1.0,,2.0,3.0,0
140180.0,34.0,1.21,29.3,101.6,104.0,78.0,210.0,45.0,5.1,6.98,139.0,11.9,13.1,286.0,13.4,0.84,348.0,3.4,93.0,0.32,7.5,10.0,120.0,2.0,3.0,4.0,1.0,3.0,2.0,2.0,2.0,,2.0,3.0,0
140181.0,53.0,1.66,32.7,119.2,133.0,81.0,144.0,57.0,6.5,7.59,142.0,6.6,14.6,183.0,14.8,0.95,143.0,5.6,144.0,36.87,14.0,12.0,720.0,1.0,3.0,5.0,1.0,1.0,2.0,2.0,1.0,,1.0,3.0,1
140184.0,36.0,5.0,24.8,82.1,130.0,62.0,141.0,54.0,5.3,0.83,141.0,11.3,14.7,209.0,13.2,1.1,55.0,6.4,93.0,44.06,6.5,8.0,480.0,1.0,3.0,5.0,2.0,,2.0,2.0,2.0,,2.0,1.0,0
140185.0,47.0,5.0,,75.7,109.0,70.0,219.0,67.0,5.3,0.76,136.0,3.0,13.8,267.0,13.1,1.15,59.0,4.7,86.0,4.75,8.0,8.0,120.0,2.0,4.0,5.0,2.0,,2.0,1.0,1.0,1.0,1.0,2.0,0
140187.0,40.0,5.0,31.0,93.9,85.0,59.0,198.0,51.0,5.7,8.29,139.0,7.6,12.1,313.0,12.5,0.66,78.0,3.6,97.0,1.17,7.5,9.0,300.0,2.0,6.0,5.0,2.0,,2.0,2.0,2.0,,2.0,3.0,0
140189.0,80.0,1.23,23.4,91.5,103.0,49.0,205.0,99.0,5.1,0.53,140.0,5.5,12.9,191.0,14.1,1.04,66.0,3.2,87.0,26.95,8.0,7.0,180.0,2.0,3.0,4.0,1.0,3.0,2.0,1.0,1.0,1.0,1.0,4.0,1
140192.0,77.0,1.2,57.2,,146.0,75.0,161.0,90.0,9.3,1.35,133.0,6.3,6.8,295.0,18.9,1.08,168.0,4.0,275.0,50.6,5.0,4.0,720.0,2.0,3.0,4.0,2.0,,1.0,1.0,1.0,1.0,1.0,5.0,0
140193.0,64.0,3.13,38.2,110.3,107.0,67.0,224.0,66.0,5.2,3.12,141.0,5.5,12.5,226.0,13.6,0.71,66.0,3.9,91.0,8.27,8.0,8.0,960.0,2.0,3.0,4.0,2.0,,2.0,2.0,2.0,,2.0,2.0,0
140194.0,55.0,2.46,28.1,98.2,108.0,61.0,191.0,46.0,5.5,6.28,140.0,6.4,13.9,235.0,12.8,0.59,297.0,4.8,88.0,13.0,10.0,11.5,240.0,2.0,1.0,2.0,2.0,,2.0,2.0,1.0,,1.0,3.0,0
140197.0,67.0,4.93,26.5,101.5,128.0,73.0,200.0,66.0,5.8,1.14,167.0,7.3,14.4,254.0,12.8,1.18,187.0,7.2,126.0,7.85,7.0,7.0,240.0,1.0,3.0,5.0,2.0,,2.0,2.0,1.0,,1.0,2.0,0
140199.0,55.0,5.0,43.0,137.4,141.0,94.0,165.0,40.0,6.6,1.04,139.0,8.1,15.0,234.0,13.8,0.95,149.0,7.7,177.0,13.36,7.5,7.5,540.0,1.0,3.0,4.0,2.0,,2.0,2.0,2.0,,1.0,2.0,0
140200.0,66.0,2.21,18.6,78.0,111.0,64.0,189.0,51.0,5.6,0.24,141.0,4.2,13.4,173.0,13.8,0.95,53.0,5.0,88.0,7.14,4.5,2.0,240.0,1.0,4.0,4.0,2.0,,2.0,2.0,1.0,,2.0,2.0,0
140201.0,48.0,1.8,36.3,,91.0,65.0,223.0,58.0,7.7,6.44,137.0,7.9,13.7,254.0,12.4,0.62,196.0,3.3,219.0,8.69,7.0,8.0,540.0,2.0,7.0,4.0,1.0,3.0,1.0,2.0,1.0,,1.0,3.0,0
140208.0,65.0,0.87,40.8,130.5,141.0,88.0,238.0,44.0,9.6,7.7,137.0,5.6,12.5,278.0,15.9,0.97,270.0,5.1,203.0,31.57,4.0,4.0,240.0,2.0,7.0,3.0,2.0,,1.0,1.0,1.0,1.0,1.0,4.0,1
140212.0,68.0,5.0,32.5,124.8,116.0,69.0,162.0,45.0,6.9,0.95,136.0,7.9,14.3,318.0,13.5,0.82,186.0,4.6,130.0,9.72,9.0,9.0,420.0,1.0,3.0,4.0,2.0,,1.0,1.0,1.0,1.0,1.0,2.0,1
140214.0,72.0,1.23,30.5,118.8,105.0,63.0,151.0,37.0,5.6,6.03,139.0,8.8,12.8,216.0,14.7,1.15,154.0,8.7,103.0,23.01,8.0,8.0,240.0,1.0,3.0,5.0,1.0,3.0,3.0,1.0,1.0,1.0,1.0,3.0,0
140215.0,29.0,2.36,23.0,,103.0,69.0,125.0,53.0,4.8,3.56,139.0,6.5,13.7,194.0,12.6,0.78,58.0,3.6,76.0,5.28,6.5,8.5,180.0,2.0,6.0,1.0,2.0,,2.0,2.0,2.0,,2.0,3.0,0
140216.0,80.0,,26.3,99.3,153.0,69.0,134.0,61.0,6.2,1.41,137.0,8.4,13.2,140.0,14.2,0.91,74.0,5.1,100.0,9.95,9.0,9.0,9999.0,1.0,2.0,3.0,1.0,3.0,1.0,1.0,2.0,1.0,1.0,3.0,1
140217.0,68.0,,26.0,101.0,119.0,73.0,169.0,57.0,5.8,5.45,142.0,6.2,13.5,467.0,14.9,0.85,128.0,8.0,105.0,9.09,10.0,12.0,180.0,2.0,4.0,1.0,1.0,2.0,2.0,1.0,1.0,1.0,1.0,4.0,1
140218.0,52.0,1.8,25.9,84.3,123.0,84.0,204.0,57.0,5.4,0.99,140.0,7.2,13.5,201.0,13.6,0.57,260.0,4.3,87.0,12.55,5.0,9.0,180.0,2.0,2.0,4.0,2.0,,2.0,2.0,2.0,,2.0,3.0,0
140219.0,53.0,5.0,67.8,177.2,105.0,83.0,146.0,50.0,5.7,6.33,141.0,5.9,14.6,199.0,14.2,0.81,87.0,4.0,102.0,7.2,8.0,9.0,480.0,2.0,3.0,5.0,2.0,,2.0,1.0,2.0,1.0,2.0,4.0,0
140221.0,63.0,5.0,43.3,111.4,124.0,81.0,195.0,54.0,5.9,8.35,139.0,6.6,12.8,262.0,14.3,0.79,66.0,7.0,82.0,5.52,7.5,8.5,240.0,2.0,3.0,4.0,2.0,,2.0,2.0,2.0,,2.0,2.0,0
140224.0,64.0,2.4,27.7,107.8,135.0,72.0,209.0,58.0,5.4,3.12,141.0,8.7,15.1,284.0,13.8,0.76,125.0,5.8,105.0,10.59,8.5,8.5,360.0,2.0,3.0,3.0,2.0,,2.0,1.0,2.0,1.0,2.0,2.0,0
140226.0,46.0,3.09,27.2,104.2,101.0,66.0,214.0,60.0,5.2,0.84,142.0,5.3,13.7,294.0,14.1,0.64,90.0,4.6,95.0,6.81,7.0,7.0,480.0,2.0,3.0,4.0,1.0,1.0,2.0,2.0,2.0,,2.0,3.0,0
140228.0,63.0,5.0,19.7,74.9,123.0,75.0,160.0,50.0,5.9,0.44,142.0,5.0,13.7,216.0,12.9,0.75,132.0,4.2,94.0,21.67,9.0,9.5,180.0,2.0,6.0,5.0,2.0,,3.0,1.0,1.0,1.0,1.0,3.0,0
140230.0,69.0,1.01,30.2,107.6,130.0,86.0,165.0,80.0,5.4,5.97,144.0,7.8,13.9,225.0,17.0,1.62,150.0,10.1,101.0,23.48,7.0,7.0,480.0,1.0,4.0,4.0,1.0,3.0,2.0,1.0,2.0,1.0,2.0,4.0,0
140232.0,57.0,3.69,29.1,100.8,121.0,85.0,184.0,52.0,6.0,1.69,140.0,8.0,12.2,380.0,15.8,0.62,210.0,7.1,94.0,18.38,8.0,8.0,240.0,2.0,2.0,4.0,1.0,3.0,3.0,1.0,2.0,2.0,2.0,3.0,0
140237.0,31.0,1.01,26.8,99.7,110.0,77.0,209.0,46.0,5.2,3.84,142.0,6.0,12.8,289.0,13.0,0.72,76.0,3.3,92.0,10.97,7.5,8.0,600.0,2.0,3.0,4.0,2.0,,2.0,1.0,2.0,2.0,2.0,2.0,0
140239.0,24.0,1.77,26.7,90.0,115.0,72.0,124.0,43.0,5.0,2.5,140.0,6.4,15.0,334.0,12.5,0.69,51.0,3.7,102.0,0.95,8.5,9.5,240.0,2.0,3.0,4.0,2.0,,2.0,2.0,2.0,,2.0,2.0,0
140243.0,27.0,0.3,27.8,97.4,109.0,64.0,147.0,49.0,5.9,1.21,140.0,4.8,12.4,185.0,15.2,0.68,66.0,3.9,93.0,5.35,10.0,10.0,480.0,2.0,4.0,4.0,2.0,,2.0,2.0,2.0,,2.0,1.0,0
140245.0,68.0,5.0,21.3,92.8,113.0,75.0,154.0,55.0,6.2,0.65,136.0,5.6,14.9,193.0,13.7,1.0,55.0,6.0,114.0,20.12,8.0,8.5,300.0,1.0,3.0,5.0,1.0,3.0,2.0,1.0,1.0,1.0,1.0,2.0,0
140246.0,70.0,5.0,26.3,89.2,130.0,62.0,217.0,64.0,5.8,2.1,140.0,8.6,13.4,278.0,14.0,0.86,84.0,6.5,93.0,0.72,8.0,8.0,240.0,2.0,7.0,4.0,2.0,,2.0,1.0,2.0,2.0,2.0,1.0,0
140249.0,35.0,2.56,20.4,79.5,120.0,75.0,277.0,67.0,5.5,0.59,137.0,9.4,13.2,295.0,13.5,0.7,219.0,3.0,81.0,11.03,9.0,8.5,120.0,2.0,3.0,5.0,2.0,,2.0,2.0,2.0,,2.0,1.0,0
140252.0,53.0,2.78,34.2,111.4,131.0,81.0,214.0,66.0,5.8,5.23,139.0,5.3,12.4,277.0,14.3,0.55,95.0,3.2,94.0,15.61,7.5,9.0,180.0,2.0,2.0,3.0,2.0,,2.0,2.0,1.0,,2.0,3.0,0
140254.0,67.0,3.33,34.8,116.2,141.0,105.0,174.0,41.0,5.1,0.6,143.0,4.4,14.3,147.0,13.3,1.16,58.0,6.9,94.0,5.14,6.5,8.0,600.0,1.0,4.0,5.0,2.0,,2.0,2.0,1.0,,1.0,1.0,0
140262.0,23.0,0.04,26.5,77.4,105.0,70.0,134.0,38.0,5.6,15.43,140.0,7.1,11.5,461.0,12.6,0.55,53.0,3.8,85.0,9.13,8.0,8.0,420.0,2.0,3.0,5.0,2.0,,2.0,2.0,2.0,,2.0,1.0,0
140265.0,41.0,5.0,26.5,96.6,106.0,74.0,231.0,61.0,5.3,4.81,138.0,8.8,14.5,349.0,13.4,0.95,108.0,4.5,87.0,8.23,4.0,9.0,780.0,2.0,3.0,3.0,2.0,,2.0,2.0,2.0,,2.0,2.0,0
140269.0,67.0,5.0,32.1,103.2,113.0,90.0,182.0,55.0,5.2,2.22,139.0,5.4,13.2,227.0,12.9,0.88,145.0,6.4,97.0,20.34,8.0,9.0,600.0,2.0,3.0,3.0,2.0,,2.0,2.0,1.0,,1.0,3.0,1
140272.0,66.0,0.96,27.3,106.2,109.0,67.0,136.0,46.0,5.7,80.6,138.0,4.9,13.9,286.0,13.5,0.84,64.0,3.1,98.0,19.67,6.0,6.0,240.0,1.0,3.0,3.0,1.0,3.0,2.0,2.0,2.0,,2.0,4.0,0
140276.0,63.0,3.43,28.3,106.9,118.0,90.0,220.0,79.0,5.2,2.8,135.0,6.8,15.9,186.0,12.4,0.82,59.0,6.1,106.0,5.73,9.5,9.5,360.0,1.0,3.0,5.0,2.0,,2.0,2.0,2.0,,2.0,1.0,0
140280.0,33.0,1.41,19.2,71.6,112.0,55.0,219.0,60.0,5.6,1.57,141.0,4.2,14.0,228.0,13.2,1.04,89.0,4.5,92.0,2.44,6.0,8.5,,1.0,4.0,4.0,1.0,1.0,2.0,2.0,2.0,,2.0,1.0,0
140281.0,69.0,2.62,31.0,101.7,108.0,62.0,200.0,54.0,5.5,1.16,143.0,5.8,13.7,196.0,12.6,0.7,136.0,3.7,83.0,9.34,8.0,8.0,240.0,2.0,2.0,1.0,2.0,,2.0,2.0,1.0,,2.0,2.0,0
140282.0,73.0,2.71,31.4,109.8,116.0,68.0,200.0,47.0,6.7,1.93,140.0,6.9,14.2,269.0,14.2,0.87,172.0,6.0,126.0,5.73,9.5,9.5,720.0,1.0,3.0,5.0,2.0,,2.0,2.0,2.0,,2.0,3.0,0
140283.0,28.0,1.85,23.0,76.2,120.0,71.0,177.0,58.0,5.2,0.24,140.0,9.8,10.0,417.0,17.0,0.68,117.0,3.2,83.0,7.9,6.0,9.0,180.0,2.0,7.0,3.0,1.0,1.0,2.0,1.0,2.0,2.0,2.0,4.0,0
140285.0,43.0,5.0,25.6,,106.0,75.0,181.0,40.0,4.3,0.66,138.0,8.7,14.9,359.0,12.4,0.68,66.0,2.9,90.0,7.9,9.0,10.0,240.0,2.0,3.0,5.0,1.0,3.0,2.0,2.0,1.0,,2.0,2.0,0
140288.0,34.0,1.85,39.6,116.1,113.0,74.0,167.0,47.0,5.4,13.84,140.0,8.6,13.8,201.0,15.8,0.71,203.0,5.7,85.0,5.22,8.5,8.0,240.0,2.0,3.0,4.0,1.0,3.0,2.0,2.0,2.0,,2.0,3.0,0
140291.0,36.0,2.1,23.4,85.4,120.0,70.0,187.0,40.0,5.7,0.32,141.0,5.6,14.4,163.0,12.9,0.78,72.0,5.1,87.0,4.73,7.0,8.0,180.0,1.0,2.0,1.0,1.0,3.0,2.0,2.0,2.0,,2.0,4.0,0
140293.0,63.0,3.04,28.9,98.7,128.0,74.0,246.0,96.0,5.9,1.37,136.0,7.2,12.9,325.0,13.2,0.76,168.0,4.3,95.0,2.63,9.0,9.0,180.0,2.0,1.0,3.0,1.0,3.0,3.0,1.0,1.0,1.0,1.0,3.0,0
140298.0,35.0,3.47,35.7,112.0,135.0,92.0,204.0,44.0,5.3,2.73,140.0,8.2,16.3,217.0,13.2,0.86,136.0,6.8,90.0,6.97,7.5,8.5,720.0,1.0,7.0,3.0,1.0,1.0,2.0,2.0,2.0,,2.0,3.0,0
140299.0,25.0,3.57,44.8,133.0,94.0,71.0,186.0,54.0,5.4,6.02,138.0,10.0,14.8,286.0,13.5,0.71,89.0,5.7,95.0,5.7,11.0,10.0,300.0,2.0,3.0,4.0,2.0,,2.0,2.0,2.0,,2.0,2.0,0
140302.0,69.0,0.56,29.7,103.8,128.0,69.0,147.0,65.0,8.4,0.87,135.0,6.6,11.5,218.0,13.0,1.12,86.0,3.8,209.0,25.1,8.5,10.0,180.0,2.0,3.0,2.0,1.0,1.0,1.0,1.0,2.0,1.0,1.0,4.0,1
140303.0,69.0,2.43,34.5,110.7,142.0,78.0,165.0,61.0,5.5,0.82,140.0,4.8,13.2,241.0,14.1,0.84,74.0,6.4,95.0,1.0,8.0,9.0,180.0,2.0,3.0,3.0,2.0,,2.0,1.0,1.0,1.0,1.0,2.0,0
140304.0,33.0,4.54,39.8,115.4,98.0,69.0,184.0,37.0,5.3,3.83,139.0,11.0,14.4,343.0,13.2,0.73,116.0,4.6,94.0,9.94,8.0,7.5,240.0,2.0,3.0,5.0,2.0,,2.0,2.0,2.0,,2.0,2.0,0
140311.0,25.0,1.47,41.5,121.7,89.0,60.0,125.0,41.0,4.8,5.03,138.0,7.9,12.4,260.0,15.3,0.58,73.0,3.2,85.0,8.03,6.5,9.0,480.0,2.0,2.0,5.0,2.0,,2.0,2.0,2.0,,2.0,2.0,0
140313.0,31.0,,29.9,97.5,113.0,86.0,207.0,58.0,5.0,0.31,136.0,5.6,14.8,211.0,13.1,0.64,471.0,6.8,112.0,1.05,5.0,5.5,300.0,2.0,3.0,5.0,2.0,,2.0,2.0,2.0,,2.0,2.0,0
140314.0,64.0,5.0,49.8,155.5,93.0,59.0,150.0,40.0,10.0,13.71,136.0,15.1,13.8,269.0,14.3,1.43,118.0,6.9,171.0,69.42,7.0,8.0,720.0,1.0,3.0,5.0,2.0,,1.0,1.0,1.0,1.0,1.0,4.0,1
140315.0,33.0,5.0,26.8,92.8,115.0,71.0,192.0,80.0,5.0,0.31,138.0,4.9,14.7,281.0,12.8,0.9,47.0,6.0,88.0,4.14,5.5,10.0,360.0,1.0,3.0,5.0,2.0,,2.0,2.0,2.0,,2.0,1.0,0
140316.0,44.0,2.77,35.1,109.7,104.0,72.0,158.0,68.0,5.6,3.24,138.0,5.1,12.6,249.0,15.1,0.61,89.0,2.8,95.0,7.92,6.0,7.0,540.0,2.0,3.0,4.0,1.0,3.0,2.0,2.0,2.0,,2.0,3.0,0
140319.0,65.0,,34.4,121.3,129.0,73.0,165.0,35.0,5.6,2.47,141.0,10.9,16.0,245.0,12.5,0.96,138.0,5.3,103.0,3.91,8.0,8.0,480.0,1.0,3.0,5.0,2.0,,2.0,1.0,1.0,1.0,1.0,4.0,0
140320.0,67.0,5.0,25.4,90.0,107.0,62.0,198.0,66.0,5.3,0.25,140.0,5.8,14.9,234.0,13.0,1.36,54.0,4.6,89.0,4.87,9.0,9.0,180.0,1.0,3.0,5.0,1.0,3.0,2.0,2.0,1.0,,2.0,4.0,0
140321.0,76.0,2.23,35.8,118.4,109.0,70.0,153.0,39.0,6.1,3.1,141.0,8.1,14.3,232.0,13.5,1.23,255.0,5.9,89.0,18.33,7.5,7.5,600.0,1.0,3.0,5.0,2.0,,1.0,1.0,2.0,1.0,1.0,2.0,0
140322.0,29.0,3.68,48.6,123.2,114.0,81.0,174.0,61.0,5.3,46.18,138.0,10.8,12.7,299.0,14.5,0.85,93.0,7.1,84.0,3.23,9.0,11.0,600.0,2.0,4.0,5.0,2.0,,2.0,2.0,2.0,,2.0,3.0,0
140327.0,63.0,5.0,24.3,88.7,121.0,75.0,268.0,66.0,5.3,0.91,138.0,5.7,14.6,198.0,13.0,0.73,236.0,2.8,95.0,6.53,8.0,8.0,240.0,2.0,3.0,5.0,2.0,,2.0,2.0,1.0,,2.0,1.0,0
140328.0,75.0,3.28,32.3,122.0,84.0,52.0,142.0,35.0,8.9,0.77,138.0,8.0,14.8,213.0,15.8,1.33,271.0,5.7,170.0,5.64,8.0,8.0,360.0,1.0,3.0,5.0,2.0,,1.0,1.0,1.0,1.0,1.0,3.0,0
140330.0,80.0,5.0,24.6,92.9,138.0,68.0,152.0,68.0,5.8,1.13,140.0,6.2,13.6,195.0,12.9,0.92,62.0,5.0,81.0,17.41,8.5,9.0,240.0,1.0,1.0,4.0,2.0,,2.0,2.0,1.0,,1.0,3.0,1
140332.0,64.0,2.46,32.6,117.0,138.0,74.0,215.0,54.0,6.8,1.25,138.0,3.4,14.6,136.0,15.1,1.04,50.0,6.9,134.0,4.86,6.0,5.5,360.0,1.0,4.0,3.0,2.0,,1.0,1.0,1.0,1.0,1.0,3.0,1
140333.0,42.0,5.0,25.3,94.3,150.0,95.0,198.0,55.0,5.2,2.98,142.0,8.6,15.1,275.0,12.7,1.17,105.0,6.8,88.0,3.83,7.5,7.0,720.0,1.0,3.0,5.0,2.0,,2.0,2.0,2.0,,2.0,2.0,0
140341.0,64.0,,39.7,122.4,147.0,81.0,294.0,58.0,5.7,6.53,136.0,6.6,14.6,244.0,13.9,0.82,137.0,6.4,102.0,9.95,9.0,9.0,600.0,2.0,3.0,5.0,2.0,,2.0,1.0,1.0,1.0,2.0,3.0,0
140346.0,34.0,,30.3,97.5,98.0,66.0,144.0,46.0,5.2,2.47,138.0,3.8,11.6,212.0,14.4,0.67,75.0,4.2,97.0,4.86,7.5,12.0,40.0,2.0,2.0,2.0,2.0,,2.0,2.0,2.0,,2.0,3.0,0
140347.0,34.0,2.33,29.0,97.3,104.0,73.0,179.0,32.0,5.3,2.49,136.0,11.0,14.5,234.0,14.6,0.66,178.0,5.1,97.0,4.72,10.0,6.0,480.0,2.0,3.0,3.0,2.0,,2.0,2.0,2.0,,2.0,2.0,0
140350.0,50.0,5.0,27.8,107.7,129.0,82.0,131.0,48.0,5.7,1.21,139.0,7.3,15.8,242.0,13.4,1.26,140.0,6.5,90.0,6.84,7.5,9.0,420.0,1.0,3.0,3.0,2.0,,2.0,1.0,2.0,1.0,1.0,2.0,1
140352.0,20.0,4.44,22.8,80.3,108.0,63.0,221.0,62.0,5.2,7.89,138.0,8.2,13.7,221.0,13.2,0.68,92.0,4.7,75.0,0.48,11.0,11.0,480.0,2.0,3.0,3.0,2.0,,2.0,2.0,2.0,,2.0,2.0,0
140353.0,67.0,5.0,24.6,93.5,119.0,75.0,158.0,61.0,5.6,1.93,140.0,7.4,14.4,197.0,13.1,1.06,70.0,5.3,84.0,6.54,7.0,7.5,720.0,1.0,3.0,5.0,1.0,3.0,2.0,2.0,1.0,,1.0,2.0,1
140354.0,49.0,2.54,32.3,102.2,129.0,87.0,159.0,41.0,5.5,6.06,140.0,3.8,16.2,207.0,12.9,1.07,99.0,6.7,96.0,3.22,7.5,7.5,600.0,1.0,3.0,5.0,2.0,,2.0,2.0,2.0,,2.0,2.0,0
140355.0,79.0,4.72,31.3,119.5,129.0,62.0,199.0,60.0,6.0,0.55,139.0,5.8,12.5,236.0,14.5,1.01,106.0,7.9,101.0,5.12,9.0,9.0,480.0,1.0,3.0,5.0,1.0,3.0,3.0,1.0,1.0,1.0,1.0,2.0,0
140357.0,76.0,2.87,33.7,130.5,118.0,71.0,235.0,46.0,4.8,5.54,140.0,5.2,14.0,248.0,13.0,1.08,133.0,6.2,95.0,9.73,9.5,10.0,480.0,1.0,3.0,4.0,2.0,,2.0,2.0,1.0,,2.0,4.0,0
140360.0,22.0,0.99,41.1,107.6,127.0,68.0,197.0,81.0,4.5,1.56,137.0,8.0,14.0,264.0,15.0,0.85,95.0,6.1,81.0,26.27,7.0,9.0,300.0,1.0,4.0,4.0,2.0,,2.0,2.0,2.0,,2.0,2.0,0
140362.0,54.0,0.08,28.2,105.0,115.0,80.0,240.0,42.0,5.0,1.15,140.0,7.1,15.2,291.0,12.9,,144.0,,93.0,0.46,6.0,7.0,240.0,1.0,3.0,4.0,1.0,3.0,2.0,2.0,1.0,,2.0,3.0,0
140364.0,24.0,5.0,22.5,83.5,117.0,67.0,225.0,62.0,4.5,0.19,141.0,5.6,16.2,248.0,12.4,1.01,84.0,6.5,89.0,3.74,8.0,8.0,660.0,1.0,3.0,5.0,1.0,3.0,2.0,2.0,2.0,,2.0,2.0,0
140369.0,76.0,3.82,34.7,,126.0,60.0,192.0,68.0,5.0,2.97,145.0,5.3,14.1,197.0,14.1,1.21,90.0,4.7,84.0,5.9,7.5,7.5,600.0,2.0,3.0,3.0,2.0,,2.0,1.0,1.0,1.0,1.0,3.0,0
140371.0,31.0,5.0,25.0,83.2,119.0,74.0,214.0,72.0,4.8,3.54,139.0,5.1,14.4,254.0,13.4,0.71,82.0,3.7,80.0,4.8,9.0,10.5,720.0,2.0,3.0,5.0,2.0,,2.0,2.0,2.0,,2.0,2.0,0
140379.0,39.0,0.87,27.8,88.3,110.0,73.0,222.0,50.0,5.8,4.61,140.0,7.5,13.0,420.0,14.6,0.7,128.0,4.0,90.0,0.91,10.0,10.0,120.0,2.0,1.0,2.0,2.0,,2.0,2.0,2.0,,2.0,3.0,0
140380.0,68.0,0.97,36.3,128.5,133.0,71.0,133.0,45.0,6.7,1.83,138.0,7.6,16.1,246.0,14.1,0.77,128.0,5.5,134.0,38.79,8.0,7.0,720.0,1.0,2.0,2.0,1.0,1.0,1.0,1.0,1.0,1.0,1.0,5.0,0
140381.0,62.0,1.53,32.1,104.2,118.0,64.0,157.0,35.0,6.1,1.9,143.0,6.2,13.4,259.0,14.0,1.18,288.0,6.2,112.0,9.09,9.0,9.0,240.0,2.0,3.0,3.0,2.0,,2.0,2.0,2.0,,2.0,1.0,0
140382.0,57.0,2.21,27.9,93.7,136.0,77.0,244.0,66.0,5.8,0.91,138.0,6.3,11.4,316.0,16.6,0.75,95.0,3.4,88.0,16.31,7.0,9.0,180.0,2.0,7.0,4.0,2.0,,2.0,2.0,1.0,,2.0,2.0,0
140384.0,62.0,2.25,37.9,109.8,110.0,77.0,223.0,66.0,6.2,5.8,140.0,6.4,10.4,193.0,15.5,0.86,75.0,3.8,80.0,15.12,8.0,7.0,900.0,2.0,7.0,5.0,2.0,,2.0,2.0,2.0,,2.0,3.0,0
140385.0,77.0,1.8,34.9,115.4,124.0,79.0,163.0,47.0,6.2,2.18,140.0,5.6,14.5,242.0,15.1,1.06,105.0,7.4,112.0,4.02,5.0,5.0,600.0,2.0,3.0,4.0,2.0,,2.0,1.0,2.0,1.0,2.0,3.0,0
140386.0,38.0,2.77,28.6,101.7,105.0,76.0,158.0,35.0,5.4,0.97,140.0,7.5,15.2,262.0,12.4,0.86,107.0,5.8,106.0,5.13,6.0,5.5,720.0,1.0,3.0,4.0,2.0,,2.0,2.0,2.0,,2.0,2.0,0
140387.0,57.0,5.0,40.2,112.4,112.0,69.0,219.0,69.0,5.8,13.57,140.0,7.0,14.1,259.0,14.0,0.73,131.0,5.2,101.0,15.69,7.0,9.0,300.0,2.0,3.0,5.0,2.0,,2.0,1.0,2.0,1.0,2.0,3.0,0
140390.0,59.0,5.0,32.9,101.9,107.0,67.0,201.0,52.0,5.8,2.2,142.0,6.7,13.2,209.0,14.4,0.75,404.0,5.4,108.0,8.26,7.0,9.0,360.0,2.0,3.0,5.0,2.0,,2.0,2.0,2.0,,2.0,2.0,0
140392.0,49.0,5.0,32.6,96.0,113.0,79.0,252.0,54.0,5.2,9.27,135.0,6.5,13.2,270.0,13.5,0.72,136.0,4.0,85.0,6.35,8.0,8.5,180.0,2.0,3.0,5.0,2.0,,2.0,2.0,2.0,,2.0,2.0,0
140398.0,44.0,,17.4,79.5,123.0,72.0,234.0,66.0,5.2,0.76,143.0,4.4,14.3,238.0,13.4,0.7,88.0,2.7,91.0,7.98,7.5,9.0,360.0,2.0,3.0,5.0,2.0,,2.0,2.0,1.0,,2.0,1.0,0
140399.0,79.0,3.28,30.9,107.1,120.0,69.0,272.0,37.0,5.8,1.24,139.0,8.8,13.8,176.0,13.7,1.2,207.0,5.7,107.0,14.12,9.0,9.0,240.0,1.0,2.0,2.0,2.0,,2.0,2.0,1.0,,1.0,3.0,0
140400.0,37.0,1.17,25.3,91.6,107.0,59.0,193.0,61.0,5.3,0.22,138.0,5.4,13.1,278.0,14.1,0.73,62.0,3.0,97.0,8.66,7.0,8.0,180.0,2.0,3.0,4.0,2.0,,2.0,2.0,2.0,,2.0,1.0,0
140404.0,70.0,0.91,20.1,80.3,119.0,55.0,86.0,25.0,3.6,1.32,137.0,5.5,8.5,401.0,19.4,0.38,172.0,3.2,89.0,17.32,9.0,9.0,300.0,2.0,3.0,4.0,2.0,,2.0,1.0,2.0,2.0,2.0,3.0,0
140405.0,53.0,,30.6,102.0,113.0,68.0,186.0,45.0,5.6,1.3,141.0,6.7,14.2,250.0,13.5,0.98,177.0,5.3,96.0,4.82,7.5,8.0,120.0,1.0,2.0,2.0,1.0,3.0,2.0,1.0,1.0,1.0,1.0,2.0,1
140406.0,64.0,0.71,32.6,109.0,143.0,93.0,200.0,39.0,6.1,8.2,139.0,8.9,14.6,337.0,15.8,0.83,259.0,7.9,97.0,21.36,7.0,7.0,360.0,2.0,3.0,4.0,1.0,1.0,2.0,1.0,1.0,1.0,2.0,4.0,1
140409.0,30.0,5.0,24.6,91.0,100.0,59.0,190.0,63.0,5.1,0.24,140.0,7.2,14.0,233.0,12.9,1.07,87.0,4.0,86.0,9.58,8.0,8.5,600.0,1.0,3.0,5.0,2.0,,2.0,2.0,2.0,,2.0,2.0,0
140412.0,55.0,4.94,31.4,106.6,131.0,80.0,236.0,57.0,5.2,1.26,141.0,6.3,13.4,265.0,13.4,0.84,117.0,4.8,89.0,5.53,7.5,8.5,720.0,2.0,3.0,5.0,1.0,3.0,2.0,2.0,1.0,,2.0,1.0,0
140417.0,56.0,2.79,22.0,,106.0,68.0,208.0,88.0,5.1,0.31,139.0,6.0,14.4,287.0,12.1,0.67,67.0,3.8,90.0,1.5,8.5,8.5,300.0,2.0,3.0,3.0,2.0,,2.0,2.0,2.0,,2.0,2.0,0
140421.0,80.0,3.33,27.3,105.3,110.0,71.0,157.0,43.0,6.3,0.61,140.0,6.8,14.1,219.0,13.7,1.3,148.0,5.9,106.0,30.51,8.0,9.0,480.0,1.0,3.0,3.0,1.0,3.0,2.0,2.0,1.0,,1.0,3.0,1
140422.0,24.0,2.4,22.0,69.2,109.0,68.0,144.0,66.0,5.2,0.6,140.0,6.3,13.7,233.0,12.7,0.77,63.0,4.4,78.0,4.36,7.0,12.0,300.0,2.0,3.0,4.0,2.0,,2.0,2.0,2.0,,2.0,3.0,0
140423.0,51.0,5.0,31.1,102.4,125.0,84.0,203.0,66.0,5.1,8.24,139.0,5.9,12.2,346.0,12.6,0.67,106.0,2.7,102.0,5.12,7.5,7.5,180.0,2.0,3.0,4.0,2.0,,3.0,1.0,1.0,1.0,2.0,3.0,0
140424.0,61.0,5.0,24.4,89.0,111.0,66.0,156.0,46.0,5.3,2.56,137.0,6.0,15.4,258.0,14.4,0.86,67.0,4.8,86.0,5.98,8.0,8.0,180.0,1.0,3.0,5.0,2.0,,2.0,2.0,1.0,,1.0,2.0,0
140425.0,66.0,,25.0,88.4,149.0,69.0,118.0,52.0,6.5,13.87,139.0,9.2,12.0,477.0,14.1,0.58,94.0,5.2,126.0,124.17,7.0,7.0,600.0,2.0,6.0,1.0,2.0,,3.0,1.0,1.0,1.0,1.0,3.0,0
140426.0,41.0,0.35,34.6,117.5,132.0,82.0,268.0,40.0,5.5,2.66,140.0,5.7,15.8,391.0,14.0,0.76,256.0,8.3,84.0,4.59,9.0,8.0,420.0,1.0,7.0,3.0,1.0,1.0,2.0,1.0,2.0,2.0,2.0,1.0,0
140428.0,28.0,5.0,32.0,100.3,112.0,74.0,194.0,32.0,4.5,1.03,137.0,9.3,14.5,242.0,12.4,0.55,431.0,4.7,86.0,10.66,7.5,9.0,240.0,2.0,3.0,5.0,2.0,,2.0,2.0,1.0,,2.0,2.0,0
140430.0,48.0,5.0,24.2,86.8,128.0,75.0,210.0,68.0,5.0,4.29,138.0,7.3,12.9,309.0,13.6,0.66,150.0,5.2,81.0,6.17,7.0,10.0,480.0,2.0,2.0,4.0,1.0,3.0,2.0,2.0,1.0,,2.0,4.0,0
140433.0,68.0,1.51,23.7,85.2,133.0,76.0,186.0,68.0,5.3,0.98,138.0,8.3,14.3,261.0,13.4,,,,104.0,12.78,8.0,9.0,180.0,2.0,3.0,4.0,1.0,3.0,2.0,2.0,1.0,,2.0,3.0,1
140435.0,42.0,4.34,28.3,91.9,102.0,70.0,206.0,48.0,5.6,11.98,139.0,9.2,13.5,265.0,14.1,0.48,90.0,4.1,99.0,38.03,8.0,9.0,240.0,2.0,2.0,3.0,2.0,,2.0,2.0,2.0,,2.0,1.0,0
140436.0,26.0,2.94,26.9,92.4,122.0,78.0,178.0,51.0,5.3,5.01,140.0,6.9,16.2,280.0,13.2,1.03,89.0,8.5,97.0,3.4,7.0,7.0,720.0,1.0,3.0,5.0,1.0,3.0,2.0,2.0,2.0,,2.0,1.0,0
140437.0,80.0,3.8,22.8,94.5,113.0,58.0,195.0,64.0,5.6,0.94,139.0,7.6,14.8,169.0,13.5,1.14,83.0,4.9,88.0,5.62,9.0,9.0,300.0,1.0,3.0,4.0,1.0,3.0,2.0,2.0,2.0,,2.0,2.0,0
140443.0,47.0,2.48,30.4,102.4,130.0,92.0,269.0,46.0,6.0,2.83,136.0,6.3,14.2,268.0,13.0,0.7,204.0,5.2,99.0,5.32,7.0,9.0,240.0,2.0,3.0,4.0,1.0,1.0,2.0,1.0,1.0,2.0,2.0,3.0,0
140444.0,47.0,3.6,35.6,113.9,123.0,84.0,228.0,37.0,5.6,0.7,131.0,5.3,14.4,311.0,12.9,0.85,138.0,5.3,89.0,5.2,7.0,7.0,180.0,1.0,1.0,3.0,2.0,,2.0,1.0,2.0,2.0,2.0,4.0,0
140445.0,47.0,3.13,23.5,83.6,129.0,81.0,197.0,61.0,10.4,0.87,137.0,4.8,11.8,172.0,14.5,0.67,118.0,3.3,459.0,7.03,7.0,8.0,600.0,2.0,4.0,4.0,2.0,,1.0,1.0,2.0,1.0,2.0,3.0,0
140446.0,47.0,1.09,26.8,87.0,129.0,86.0,167.0,58.0,6.1,1.96,140.0,5.0,14.0,295.0,14.5,0.61,65.0,3.8,79.0,6.83,8.5,8.5,180.0,2.0,2.0,4.0,2.0,,2.0,2.0,2.0,,2.0,3.0,0
140449.0,35.0,1.95,35.4,107.1,107.0,71.0,192.0,37.0,5.8,0.98,143.0,7.8,13.4,289.0,13.5,0.79,125.0,6.0,109.0,7.94,5.0,5.0,780.0,2.0,3.0,4.0,2.0,,2.0,2.0,2.0,,2.0,2.0,0
140451.0,73.0,1.2,29.7,101.3,135.0,74.0,119.0,32.0,5.0,0.54,140.0,7.9,11.1,166.0,12.7,1.15,242.0,7.6,85.0,7.7,7.0,7.0,360.0,2.0,3.0,3.0,1.0,1.0,2.0,1.0,2.0,1.0,2.0,4.0,0
140455.0,31.0,1.51,26.2,95.6,97.0,65.0,151.0,44.0,6.0,1.33,142.0,7.7,14.5,279.0,14.8,0.96,203.0,7.3,102.0,0.51,,,240.0,1.0,1.0,2.0,1.0,1.0,2.0,2.0,2.0,,2.0,4.0,0
140456.0,80.0,,34.9,126.9,118.0,58.0,151.0,46.0,6.1,0.52,140.0,8.4,15.4,230.0,12.8,1.38,130.0,6.8,135.0,12.36,6.5,6.5,120.0,1.0,7.0,3.0,2.0,,3.0,1.0,2.0,2.0,2.0,2.0,1
140459.0,60.0,0.93,23.1,92.6,107.0,68.0,166.0,78.0,5.8,1.29,140.0,7.0,13.9,282.0,13.8,0.73,95.0,4.5,105.0,0.49,10.0,10.0,240.0,2.0,3.0,2.0,1.0,1.0,2.0,2.0,1.0,,1.0,5.0,0
140460.0,71.0,2.18,36.4,121.8,141.0,79.0,219.0,52.0,6.1,4.27,141.0,8.9,13.9,279.0,14.0,0.64,212.0,5.5,96.0,10.19,5.5,6.0,180.0,2.0,2.0,4.0,2.0,,2.0,1.0,2.0,1.0,2.0,2.0,0
140466.0,61.0,0.88,18.0,75.1,121.0,73.0,182.0,88.0,5.4,0.88,138.0,5.9,13.1,185.0,13.7,0.64,164.0,3.8,86.0,15.4,9.0,9.0,480.0,2.0,3.0,3.0,1.0,1.0,2.0,2.0,2.0,,2.0,4.0,1
140467.0,57.0,3.22,23.4,80.4,146.0,104.0,238.0,48.0,5.5,1.09,137.0,6.9,14.8,288.0,12.9,0.87,186.0,5.4,92.0,6.46,8.0,9.0,540.0,1.0,6.0,5.0,2.0,,2.0,1.0,2.0,2.0,2.0,1.0,0
140470.0,45.0,1.83,24.9,93.4,113.0,70.0,170.0,43.0,5.2,0.61,141.0,7.0,15.8,227.0,13.3,0.99,143.0,4.5,91.0,6.27,8.0,7.5,480.0,1.0,3.0,5.0,1.0,3.0,2.0,2.0,2.0,,2.0,2.0,0
140471.0,57.0,5.0,23.2,84.4,106.0,58.0,145.0,54.0,5.2,0.76,144.0,6.5,14.9,229.0,13.6,0.6,84.0,3.4,86.0,14.27,7.5,8.0,480.0,2.0,1.0,5.0,2.0,,2.0,2.0,1.0,,1.0,2.0,0
140472.0,76.0,5.0,28.7,108.3,148.0,73.0,220.0,53.0,6.1,1.19,135.0,7.1,16.8,265.0,14.0,1.11,154.0,4.5,119.0,9.94,8.0,8.0,240.0,1.0,3.0,5.0,2.0,,2.0,1.0,2.0,1.0,2.0,1.0,0
140473.0,53.0,4.86,35.6,93.0,141.0,85.0,169.0,81.0,5.6,32.89,142.0,5.5,11.0,314.0,15.6,0.66,48.0,3.8,84.0,16.11,8.0,8.0,600.0,2.0,4.0,4.0,2.0,,2.0,2.0,2.0,,2.0,2.0,0
140474.0,64.0,4.21,25.7,99.6,134.0,89.0,234.0,69.0,6.0,2.51,142.0,4.2,13.5,167.0,15.0,0.88,60.0,5.7,97.0,3.81,6.5,6.0,360.0,1.0,4.0,4.0,1.0,3.0,2.0,1.0,1.0,1.0,1.0,3.0,0
140475.0,69.0,2.76,29.0,96.6,134.0,68.0,132.0,53.0,5.8,0.24,131.0,6.1,14.4,244.0,14.4,1.01,54.0,4.0,98.0,15.13,9.5,9.5,180.0,1.0,3.0,3.0,1.0,3.0,2.0,1.0,2.0,1.0,1.0,3.0,1
140476.0,76.0,,25.5,96.5,122.0,69.0,187.0,50.0,5.3,1.79,142.0,8.1,14.6,319.0,15.7,1.91,74.0,5.3,93.0,8.08,9.0,9.0,720.0,1.0,3.0,4.0,1.0,3.0,2.0,1.0,2.0,1.0,2.0,3.0,0
140477.0,61.0,1.47,19.2,81.2,129.0,84.0,198.0,64.0,4.6,1.49,138.0,6.7,14.5,251.0,15.3,0.75,126.0,4.4,82.0,25.12,7.0,7.0,360.0,1.0,3.0,3.0,1.0,1.0,2.0,1.0,2.0,1.0,2.0,3.0,0
140478.0,43.0,1.3,35.4,99.6,134.0,100.0,179.0,72.0,5.2,3.84,137.0,7.0,11.7,280.0,14.6,0.94,100.0,5.1,89.0,10.65,9.0,8.0,480.0,2.0,2.0,5.0,1.0,3.0,2.0,1.0,1.0,1.0,2.0,2.0,0
140479.0,58.0,0.66,45.1,137.7,134.0,84.0,135.0,35.0,6.7,19.77,142.0,9.2,12.6,301.0,14.2,0.62,117.0,5.0,127.0,5.42,10.5,11.5,600.0,2.0,3.0,3.0,1.0,3.0,1.0,2.0,1.0,,2.0,4.0,0
140482.0,55.0,5.0,26.7,77.7,97.0,59.0,186.0,57.0,5.4,4.63,140.0,6.1,13.0,198.0,14.4,0.83,129.0,4.7,79.0,4.75,6.5,8.5,180.0,2.0,3.0,5.0,2.0,,2.0,2.0,2.0,,2.0,2.0,0
140483.0,80.0,2.58,30.0,110.9,126.0,69.0,194.0,37.0,7.8,1.77,133.0,4.3,12.8,84.0,14.8,1.08,182.0,5.6,161.0,5.89,9.0,9.5,240.0,1.0,3.0,1.0,1.0,3.0,1.0,2.0,2.0,,2.0,3.0,0
140485.0,78.0,3.31,26.6,105.5,135.0,74.0,202.0,75.0,5.5,1.97,140.0,5.7,14.3,208.0,14.1,1.17,68.0,5.8,104.0,10.11,8.5,8.5,360.0,1.0,3.0,5.0,1.0,3.0,2.0,2.0,2.0,,2.0,2.0,0
140486.0,62.0,5.0,36.6,126.8,105.0,68.0,225.0,52.0,5.6,0.88,141.0,13.2,16.0,295.0,13.5,0.95,254.0,5.3,87.0,0.62,8.0,8.5,360.0,1.0,3.0,5.0,1.0,3.0,2.0,1.0,1.0,1.0,2.0,3.0,0
140490.0,65.0,2.95,41.1,139.8,123.0,73.0,205.0,48.0,5.7,11.95,137.0,5.1,15.6,209.0,13.3,0.84,212.0,7.1,121.0,4.96,7.5,8.5,300.0,1.0,3.0,4.0,2.0,,2.0,1.0,1.0,1.0,2.0,2.0,0
140492.0,46.0,5.0,24.7,82.9,167.0,106.0,201.0,51.0,5.3,1.97,143.0,8.0,13.5,432.0,13.2,0.81,156.0,5.8,84.0,59.47,8.0,9.0,600.0,2.0,6.0,5.0,2.0,,2.0,1.0,9.0,2.0,2.0,5.0,0
140493.0,63.0,3.04,33.0,105.3,129.0,82.0,213.0,65.0,6.6,2.55,137.0,5.2,10.7,260.0,13.9,0.74,135.0,5.4,114.0,9.72,8.5,8.5,480.0,2.0,3.0,4.0,1.0,3.0,1.0,1.0,1.0,1.0,1.0,4.0,0
140494.0,30.0,5.0,25.5,91.8,105.0,64.0,228.0,60.0,5.1,0.59,139.0,4.6,14.6,249.0,12.9,0.87,65.0,5.6,85.0,6.33,8.5,9.0,480.0,1.0,3.0,5.0,2.0,,2.0,2.0,9.0,,2.0,2.0,0
140495.0,45.0,5.0,33.5,113.5,113.0,75.0,143.0,60.0,5.3,3.16,138.0,5.7,13.2,270.0,15.5,0.68,52.0,5.2,96.0,5.7,7.5,8.0,480.0,2.0,3.0,5.0,1.0,3.0,2.0,2.0,2.0,,2.0,1.0,0
140498.0,56.0,2.87,33.1,99.8,136.0,89.0,229.0,35.0,6.4,5.61,140.0,7.6,12.9,316.0,12.8,0.59,400.0,7.0,113.0,23.71,7.0,8.0,720.0,2.0,2.0,5.0,2.0,,1.0,1.0,1.0,1.0,2.0,3.0,0
140499.0,57.0,0.99,46.0,118.6,135.0,87.0,173.0,49.0,5.9,18.66,142.0,8.8,12.6,327.0,16.8,0.77,99.0,6.4,95.0,15.91,8.0,8.0,420.0,2.0,4.0,2.0,2.0,,2.0,2.0,2.0,,2.0,2.0,0
140502.0,54.0,2.94,37.5,124.3,141.0,92.0,178.0,70.0,6.3,5.34,141.0,5.3,16.9,82.0,13.4,0.85,99.0,5.5,145.0,11.09,6.5,14.0,180.0,1.0,1.0,5.0,1.0,3.0,2.0,2.0,1.0,,1.0,1.0,0
140505.0,53.0,5.0,43.8,100.1,105.0,76.0,154.0,48.0,5.3,9.5,143.0,8.6,12.9,273.0,14.8,0.72,100.0,5.2,103.0,6.35,8.5,8.5,720.0,2.0,3.0,5.0,2.0,,2.0,2.0,2.0,,2.0,3.0,0
140507.0,22.0,4.05,30.7,105.5,126.0,75.0,190.0,47.0,4.8,0.9,139.0,8.8,15.4,273.0,12.6,0.74,197.0,5.5,87.0,5.62,3.0,7.0,180.0,1.0,7.0,4.0,2.0,,2.0,2.0,2.0,,2.0,5.0,0
140508.0,27.0,5.0,35.1,107.4,122.0,73.0,193.0,39.0,4.9,1.76,141.0,5.7,15.7,164.0,13.0,1.18,131.0,7.4,90.0,2.6,6.5,8.0,600.0,1.0,3.0,5.0,2.0,,2.0,2.0,1.0,,2.0,3.0,1
140509.0,68.0,0.86,35.5,99.1,112.0,68.0,156.0,73.0,6.2,0.59,139.0,4.9,14.0,173.0,14.3,0.95,105.0,5.5,100.0,12.23,8.5,9.0,360.0,2.0,3.0,3.0,2.0,,1.0,1.0,1.0,2.0,1.0,3.0,0
140511.0,80.0,,28.4,103.0,141.0,75.0,156.0,69.0,5.9,0.44,141.0,5.3,12.8,171.0,12.8,1.41,94.0,5.0,104.0,32.0,8.0,8.0,240.0,1.0,3.0,2.0,1.0,3.0,2.0,1.0,1.0,1.0,1.0,3.0,1
140512.0,36.0,1.74,21.7,73.3,97.0,52.0,170.0,59.0,5.0,1.1,140.0,6.2,12.4,191.0,12.7,0.91,67.0,3.9,86.0,9.63,7.0,8.0,180.0,2.0,3.0,5.0,2.0,,2.0,2.0,2.0,,2.0,1.0,0
140514.0,43.0,0.98,20.6,87.1,107.0,70.0,118.0,53.0,4.9,0.26,141.0,5.9,15.0,183.0,14.2,0.87,80.0,4.6,86.0,7.11,9.0,8.0,720.0,1.0,3.0,4.0,1.0,3.0,2.0,2.0,2.0,,2.0,4.0,0
140517.0,66.0,5.0,29.3,97.1,120.0,84.0,127.0,37.0,7.9,1.18,140.0,7.2,17.4,187.0,14.6,1.08,124.0,6.6,131.0,46.7,7.0,8.5,420.0,1.0,3.0,5.0,2.0,,1.0,2.0,1.0,,1.0,2.0,1
140518.0,60.0,0.76,26.1,105.5,106.0,68.0,214.0,61.0,5.6,1.14,138.0,4.6,14.2,195.0,13.0,0.9,70.0,2.6,98.0,7.49,8.5,8.5,120.0,1.0,4.0,1.0,2.0,,2.0,1.0,2.0,1.0,2.0,5.0,0
140521.0,23.0,2.79,27.1,79.0,101.0,74.0,227.0,66.0,4.9,2.6,139.0,6.0,13.0,284.0,14.3,0.91,63.0,3.0,86.0,5.5,11.0,6.5,60.0,2.0,7.0,4.0,1.0,3.0,2.0,2.0,2.0,,2.0,2.0,0
140523.0,49.0,2.57,29.4,96.1,124.0,74.0,267.0,59.0,5.9,7.25,143.0,9.3,15.1,242.0,13.5,0.55,108.0,6.0,93.0,36.95,6.0,8.0,300.0,2.0,6.0,1.0,2.0,,2.0,2.0,2.0,,2.0,3.0,0
140524.0,33.0,5.0,24.9,94.8,113.0,75.0,194.0,41.0,5.4,9.51,139.0,9.3,15.7,201.0,12.7,0.88,117.0,7.2,88.0,41.85,7.0,7.5,600.0,1.0,6.0,5.0,2.0,,2.0,2.0,2.0,,2.0,2.0,0
140525.0,23.0,1.68,25.2,89.6,124.0,81.0,216.0,72.0,5.0,0.98,139.0,6.1,14.2,254.0,13.0,0.79,74.0,4.3,84.0,4.11,8.5,9.5,480.0,2.0,3.0,5.0,2.0,,2.0,2.0,1.0,,2.0,2.0,0
140527.0,68.0,,20.4,81.5,123.0,69.0,189.0,76.0,5.5,5.35,142.0,5.5,14.9,224.0,13.3,0.7,84.0,3.4,73.0,20.18,11.0,9.0,9999.0,2.0,3.0,1.0,1.0,1.0,2.0,2.0,2.0,,2.0,4.0,0
140529.0,41.0,4.5,38.8,122.0,99.0,74.0,138.0,48.0,7.7,3.52,139.0,10.2,15.9,248.0,13.4,0.88,246.0,4.4,154.0,8.89,6.0,8.5,840.0,2.0,3.0,4.0,2.0,,1.0,2.0,1.0,,1.0,3.0,0
140530.0,25.0,,25.4,,110.0,69.0,177.0,61.0,5.7,13.05,135.0,10.8,9.6,407.0,16.6,0.55,124.0,3.4,77.0,11.07,10.0,13.0,240.0,2.0,4.0,2.0,2.0,,2.0,2.0,2.0,,2.0,1.0,0
140531.0,58.0,5.0,38.8,119.6,130.0,91.0,225.0,66.0,6.2,7.33,136.0,7.3,14.0,345.0,13.5,0.9,71.0,5.0,88.0,8.07,6.5,9.5,960.0,2.0,3.0,5.0,1.0,3.0,2.0,2.0,2.0,,2.0,3.0,1
140533.0,27.0,5.0,21.9,77.4,127.0,89.0,193.0,64.0,5.2,0.63,140.0,4.9,15.1,286.0,12.5,0.8,49.0,6.0,95.0,4.23,8.5,8.0,840.0,1.0,3.0,5.0,2.0,,2.0,1.0,2.0,2.0,2.0,4.0,0
140539.0,41.0,4.63,29.2,95.8,117.0,77.0,181.0,42.0,4.9,1.25,138.0,5.5,17.8,172.0,13.4,0.85,95.0,6.5,97.0,0.91,8.0,8.0,360.0,1.0,3.0,3.0,1.0,2.0,2.0,2.0,2.0,,2.0,2.0,0
140540.0,38.0,3.26,37.7,134.6,115.0,79.0,145.0,41.0,5.6,0.69,142.0,7.3,14.1,250.0,12.6,1.01,296.0,5.5,83.0,14.98,6.0,6.0,300.0,1.0,3.0,5.0,1.0,3.0,2.0,2.0,2.0,,2.0,3.0,0
140541.0,57.0,5.0,25.5,95.0,127.0,80.0,222.0,37.0,5.2,0.86,137.0,8.0,16.1,233.0,12.8,0.85,309.0,6.5,91.0,4.61,8.0,8.0,240.0,1.0,3.0,5.0,2.0,,2.0,2.0,1.0,,2.0,1.0,0
140543.0,65.0,5.0,28.8,107.0,115.0,76.0,216.0,66.0,5.1,1.68,136.0,4.2,13.5,227.0,13.4,0.56,86.0,4.6,102.0,9.54,6.0,7.5,120.0,2.0,3.0,5.0,2.0,,2.0,2.0,2.0,,2.0,2.0,0
140547.0,39.0,1.59,55.7,153.3,134.0,98.0,147.0,50.0,6.1,19.54,139.0,7.7,9.7,381.0,19.2,0.79,69.0,3.9,99.0,5.1,7.0,7.0,240.0,2.0,4.0,4.0,2.0,,2.0,2.0,2.0,,2.0,1.0,0
140548.0,60.0,5.0,22.2,89.2,135.0,85.0,215.0,60.0,5.6,0.5,141.0,6.5,15.1,201.0,14.2,0.71,94.0,4.1,89.0,17.3,7.0,7.0,300.0,1.0,3.0,3.0,1.0,3.0,2.0,2.0,2.0,,2.0,3.0,0
140550.0,63.0,5.0,20.1,81.8,155.0,87.0,255.0,61.0,4.6,1.77,140.0,7.0,15.4,192.0,13.0,0.83,207.0,6.1,98.0,7.28,8.5,8.5,840.0,1.0,3.0,5.0,1.0,1.0,2.0,1.0,2.0,2.0,2.0,2.0,0
140552.0,59.0,0.77,33.7,110.0,113.0,74.0,204.0,59.0,5.6,1.13,137.0,4.3,13.8,338.0,16.6,1.33,79.0,5.6,92.0,6.09,9.5,12.0,960.0,1.0,4.0,4.0,2.0,,2.0,1.0,2.0,1.0,2.0,1.0,0
140554.0,75.0,5.0,40.0,114.5,153.0,91.0,179.0,60.0,5.0,2.9,141.0,5.8,15.0,233.0,18.5,0.75,93.0,5.0,92.0,7.74,8.0,8.0,300.0,2.0,3.0,4.0,1.0,3.0,2.0,1.0,1.0,1.0,1.0,3.0,0
140555.0,61.0,3.0,27.8,94.1,124.0,84.0,215.0,48.0,6.2,1.18,140.0,8.3,13.3,263.0,13.3,0.81,140.0,6.9,120.0,1.0,6.0,9.0,300.0,2.0,2.0,1.0,2.0,,3.0,2.0,1.0,,2.0,3.0,0
140556.0,69.0,5.0,29.5,108.7,102.0,77.0,176.0,49.0,4.9,4.58,140.0,7.3,15.7,198.0,13.4,1.19,131.0,6.2,86.0,11.34,8.0,9.0,480.0,1.0,3.0,2.0,1.0,3.0,2.0,2.0,1.0,,1.0,3.0,0
140558.0,59.0,1.69,28.6,96.0,134.0,81.0,200.0,48.0,5.8,0.43,142.0,4.7,12.5,267.0,15.1,0.86,654.0,3.8,101.0,20.73,6.0,5.0,20.0,2.0,4.0,3.0,2.0,,2.0,1.0,1.0,1.0,2.0,3.0,0
140559.0,24.0,0.2,26.6,92.7,113.0,68.0,162.0,59.0,5.0,3.77,137.0,7.0,13.9,165.0,13.0,0.79,51.0,6.0,81.0,4.67,9.0,9.0,300.0,2.0,7.0,3.0,1.0,3.0,2.0,2.0,2.0,,2.0,2.0,0
140561.0,59.0,4.1,27.3,94.7,147.0,96.0,207.0,48.0,5.2,0.95,141.0,5.6,14.4,163.0,13.0,0.72,219.0,6.0,95.0,6.53,9.0,11.0,300.0,2.0,3.0,3.0,2.0,,2.0,2.0,1.0,,1.0,3.0,0
140562.0,65.0,4.02,23.1,83.0,113.0,76.0,208.0,56.0,5.4,0.84,141.0,4.8,13.5,219.0,12.8,0.7,105.0,3.5,93.0,1.32,8.0,8.0,180.0,2.0,3.0,4.0,2.0,,2.0,2.0,1.0,,2.0,2.0,0
140564.0,60.0,2.79,34.7,115.3,123.0,81.0,173.0,49.0,7.8,2.96,139.0,6.8,14.4,219.0,13.2,0.73,94.0,3.7,183.0,11.07,6.0,8.0,180.0,2.0,3.0,4.0,1.0,3.0,1.0,1.0,2.0,1.0,1.0,3.0,0
140568.0,70.0,5.0,24.8,86.5,121.0,72.0,202.0,45.0,5.5,0.94,140.0,5.7,15.5,209.0,12.7,0.93,151.0,6.9,90.0,11.39,8.5,9.0,180.0,1.0,6.0,5.0,2.0,,2.0,2.0,2.0,,2.0,1.0,0
140571.0,22.0,1.23,21.6,75.8,103.0,65.0,132.0,53.0,4.9,0.18,138.0,7.6,11.2,313.0,12.9,0.67,45.0,2.9,89.0,27.74,11.0,11.0,600.0,2.0,4.0,3.0,2.0,,2.0,2.0,2.0,,2.0,4.0,0
140576.0,80.0,1.23,26.7,89.8,197.0,62.0,144.0,61.0,5.3,12.71,142.0,8.5,11.2,294.0,15.2,5.4,83.0,4.2,92.0,,8.0,8.0,300.0,2.0,3.0,3.0,1.0,3.0,2.0,1.0,1.0,1.0,1.0,3.0,0
140578.0,68.0,2.95,21.9,81.8,157.0,105.0,200.0,83.0,5.4,0.88,133.0,5.0,12.1,340.0,13.8,0.77,47.0,3.5,94.0,13.35,10.0,10.0,360.0,2.0,3.0,5.0,2.0,,2.0,1.0,1.0,2.0,2.0,3.0,0
140579.0,27.0,4.8,21.6,77.3,114.0,64.0,191.0,54.0,5.4,0.26,140.0,4.5,16.0,226.0,12.9,1.0,77.0,5.4,106.0,7.03,8.0,8.0,360.0,1.0,3.0,5.0,2.0,,2.0,1.0,1.0,2.0,2.0,2.0,0
140580.0,70.0,,32.2,107.1,120.0,67.0,289.0,59.0,6.6,1.12,138.0,8.7,15.2,230.0,15.2,0.81,284.0,4.0,114.0,5.23,6.5,8.0,300.0,2.0,3.0,5.0,1.0,3.0,2.0,2.0,1.0,,1.0,3.0,1
140581.0,75.0,3.44,37.1,119.9,129.0,60.0,139.0,40.0,7.6,1.32,139.0,8.4,11.9,291.0,15.4,0.98,508.0,4.5,128.0,1.5,8.0,8.0,720.0,2.0,3.0,4.0,1.0,3.0,1.0,1.0,1.0,1.0,1.0,4.0,1
140582.0,61.0,4.27,30.5,96.1,108.0,80.0,218.0,63.0,5.4,2.28,139.0,5.8,14.1,174.0,14.2,0.81,98.0,4.5,97.0,1.4,8.0,8.0,780.0,2.0,3.0,5.0,2.0,,2.0,2.0,2.0,,2.0,2.0,0
140583.0,31.0,5.0,32.5,114.4,115.0,79.0,180.0,34.0,5.5,5.0,140.0,11.2,15.1,309.0,12.9,0.89,306.0,6.1,93.0,5.67,6.5,9.0,600.0,1.0,6.0,5.0,2.0,,2.0,2.0,2.0,,2.0,2.0,0
140584.0,62.0,5.0,31.2,103.6,101.0,71.0,178.0,48.0,5.5,1.02,138.0,9.2,15.2,363.0,12.4,0.72,196.0,4.5,97.0,10.81,8.0,9.0,600.0,2.0,3.0,4.0,1.0,3.0,2.0,1.0,1.0,1.0,1.0,3.0,0
140586.0,27.0,4.34,26.2,95.2,130.0,83.0,166.0,48.0,5.2,0.31,140.0,6.5,15.5,295.0,13.2,0.76,68.0,5.7,102.0,14.96,7.5,7.5,180.0,1.0,7.0,3.0,2.0,,2.0,1.0,2.0,2.0,2.0,4.0,0
140590.0,80.0,1.72,40.7,120.9,117.0,64.0,137.0,72.0,7.2,1.62,143.0,6.0,10.7,280.0,23.4,1.59,65.0,7.2,85.0,41.0,4.0,4.0,360.0,2.0,3.0,2.0,1.0,3.0,1.0,1.0,2.0,2.0,1.0,4.0,1
140592.0,70.0,,32.4,108.0,147.0,78.0,182.0,46.0,5.9,0.98,142.0,6.2,12.7,211.0,13.8,0.59,95.0,4.5,101.0,9.84,9.0,8.5,120.0,2.0,2.0,1.0,2.0,,2.0,1.0,2.0,1.0,2.0,3.0,0
140595.0,29.0,5.0,28.3,92.0,122.0,67.0,188.0,66.0,5.6,1.99,140.0,6.5,13.3,237.0,14.5,0.8,64.0,4.7,88.0,0.78,7.5,9.5,240.0,2.0,3.0,5.0,2.0,,2.0,1.0,2.0,2.0,2.0,2.0,0
140596.0,62.0,0.44,29.9,108.5,174.0,86.0,194.0,45.0,6.4,0.33,140.0,5.6,16.0,162.0,12.9,0.88,156.0,6.2,155.0,44.77,6.0,6.5,600.0,1.0,6.0,5.0,2.0,,2.0,1.0,1.0,1.0,1.0,4.0,1
140604.0,67.0,0.7,28.3,104.3,113.0,66.0,127.0,36.0,7.0,0.27,139.0,6.2,14.6,209.0,13.9,0.99,316.0,6.3,92.0,8.84,6.5,6.5,600.0,1.0,7.0,4.0,2.0,,1.0,1.0,1.0,1.0,1.0,4.0,0
140607.0,71.0,5.0,28.4,105.6,143.0,91.0,109.0,36.0,5.6,0.95,139.0,6.9,16.3,176.0,14.8,0.84,97.0,5.9,111.0,59.9,9.0,9.0,300.0,1.0,3.0,5.0,2.0,,1.0,1.0,2.0,1.0,1.0,4.0,1
140608.0,35.0,3.76,38.1,134.8,119.0,88.0,173.0,39.0,5.6,1.62,140.0,5.6,15.1,232.0,12.8,0.97,150.0,7.0,96.0,4.39,6.0,6.0,480.0,1.0,3.0,3.0,2.0,,2.0,2.0,2.0,,2.0,3.0,0
140609.0,21.0,1.47,32.4,95.4,108.0,59.0,148.0,43.0,5.3,2.46,139.0,9.2,13.9,310.0,13.2,0.79,149.0,5.8,89.0,4.38,8.5,8.0,300.0,2.0,3.0,3.0,2.0,,2.0,2.0,2.0,,2.0,2.0,0
140613.0,34.0,,26.4,96.1,116.0,74.0,159.0,56.0,5.0,0.55,140.0,5.0,15.9,200.0,12.9,0.95,82.0,6.0,93.0,5.95,7.5,8.5,360.0,1.0,3.0,5.0,2.0,,2.0,2.0,2.0,,2.0,2.0,0
140614.0,35.0,,38.0,119.7,107.0,58.0,152.0,48.0,6.8,1.33,141.0,6.8,14.5,302.0,14.5,0.77,171.0,3.4,97.0,6.21,9.5,9.5,600.0,1.0,4.0,5.0,1.0,3.0,1.0,1.0,1.0,1.0,1.0,2.0,0
140615.0,40.0,3.31,27.9,106.5,113.0,67.0,184.0,45.0,4.7,0.45,139.0,6.2,14.5,199.0,14.2,0.96,143.0,6.0,86.0,5.63,8.0,7.0,360.0,1.0,3.0,5.0,1.0,3.0,2.0,2.0,2.0,,2.0,2.0,0
140616.0,42.0,1.17,38.4,114.8,128.0,80.0,175.0,49.0,4.7,6.51,142.0,6.1,14.3,203.0,11.8,0.95,101.0,5.0,90.0,7.04,7.0,5.0,540.0,2.0,3.0,4.0,2.0,,2.0,2.0,2.0,,2.0,4.0,1
140618.0,24.0,2.74,26.8,81.1,135.0,68.0,142.0,46.0,5.5,0.32,142.0,7.5,13.4,183.0,14.8,1.04,105.0,5.3,81.0,3.22,6.0,7.0,240.0,1.0,4.0,5.0,2.0,,2.0,2.0,2.0,,2.0,3.0,0
140620.0,63.0,5.0,32.8,97.5,105.0,63.0,229.0,95.0,5.7,3.89,141.0,3.7,12.4,189.0,14.2,0.76,64.0,7.0,112.0,4.93,7.0,8.0,600.0,2.0,4.0,5.0,2.0,,2.0,1.0,1.0,1.0,2.0,4.0,0
140621.0,65.0,3.8,22.4,84.5,124.0,76.0,239.0,60.0,13.6,4.12,134.0,10.8,15.1,302.0,12.6,0.58,103.0,2.7,321.0,15.63,9.0,8.0,240.0,2.0,3.0,3.0,1.0,1.0,2.0,2.0,2.0,,2.0,3.0,0
140626.0,65.0,1.32,28.7,105.6,133.0,76.0,207.0,53.0,5.7,2.59,142.0,7.5,14.8,193.0,14.3,0.96,153.0,6.0,104.0,5.96,8.5,10.0,180.0,1.0,1.0,1.0,1.0,2.0,2.0,2.0,2.0,,2.0,4.0,0
140627.0,70.0,1.71,23.7,91.4,150.0,76.0,200.0,110.0,5.6,0.65,135.0,4.1,11.5,211.0,13.4,0.73,58.0,4.0,96.0,43.6,9.0,9.0,300.0,2.0,3.0,4.0,1.0,3.0,2.0,1.0,1.0,1.0,1.0,3.0,1
140628.0,71.0,5.0,23.4,78.7,149.0,88.0,230.0,64.0,5.7,0.25,140.0,6.2,13.7,326.0,13.7,0.82,118.0,4.6,98.0,12.32,8.0,7.0,300.0,2.0,3.0,5.0,2.0,,2.0,2.0,1.0,,1.0,1.0,0
140629.0,69.0,5.0,21.9,87.2,104.0,68.0,242.0,62.0,5.5,0.39,140.0,4.0,13.8,212.0,14.1,0.71,98.0,3.5,100.0,4.99,8.0,8.5,240.0,2.0,3.0,5.0,2.0,,2.0,2.0,2.0,,2.0,2.0,0
140630.0,57.0,5.397605346934028e-79,20.8,74.8,126.0,83.0,214.0,52.0,5.7,1.41,142.0,5.6,11.4,294.0,12.8,0.74,213.0,4.3,94.0,9.98,8.5,8.5,120.0,2.0,6.0,3.0,2.0,,2.0,2.0,2.0,,2.0,2.0,0
140631.0,34.0,4.1,25.7,80.0,106.0,72.0,172.0,67.0,5.1,2.75,139.0,5.4,13.1,274.0,14.3,0.66,66.0,4.2,82.0,0.55,9.0,8.0,600.0,2.0,4.0,5.0,2.0,,2.0,2.0,2.0,,2.0,3.0,0
140633.0,39.0,,24.0,87.3,103.0,61.0,218.0,61.0,5.1,1.1,141.0,5.1,13.8,222.0,13.4,0.68,72.0,4.4,90.0,5.3,8.0,8.0,12.0,2.0,1.0,5.0,2.0,,2.0,1.0,2.0,1.0,2.0,4.0,0
140635.0,44.0,,18.1,75.4,120.0,82.0,208.0,93.0,5.2,0.6,140.0,3.9,11.7,191.0,14.4,0.78,95.0,4.4,86.0,12.25,8.5,8.0,180.0,2.0,3.0,4.0,1.0,3.0,2.0,2.0,2.0,,2.0,2.0,0
140636.0,53.0,0.04,39.7,133.5,117.0,87.0,311.0,84.0,5.0,0.33,138.0,4.0,13.8,309.0,14.9,0.74,246.0,9.6,96.0,,6.0,6.0,300.0,2.0,3.0,3.0,2.0,,2.0,2.0,2.0,,2.0,4.0,0
140637.0,71.0,2.81,27.6,104.9,111.0,75.0,214.0,55.0,5.6,0.46,133.0,8.4,13.5,274.0,12.5,1.61,285.0,9.1,102.0,3.64,7.0,7.0,480.0,1.0,7.0,5.0,2.0,,2.0,1.0,1.0,1.0,1.0,2.0,1
140639.0,61.0,2.58,28.6,95.1,137.0,87.0,207.0,69.0,5.4,5.77,139.0,6.6,13.1,218.0,13.1,0.73,86.0,3.9,96.0,1.4,8.0,8.0,600.0,2.0,3.0,5.0,2.0,,2.0,1.0,1.0,1.0,2.0,3.0,0
140640.0,40.0,,20.8,72.0,120.0,71.0,156.0,56.0,4.2,0.9,139.0,3.5,13.7,177.0,13.7,0.85,60.0,3.5,87.0,0.78,7.5,9.0,2.0,1.0,6.0,5.0,2.0,,2.0,2.0,2.0,,2.0,1.0,0
140641.0,43.0,3.47,34.2,104.1,110.0,79.0,186.0,48.0,5.0,1.32,142.0,7.7,12.9,252.0,12.5,0.79,141.0,5.4,89.0,5.71,8.0,8.5,360.0,2.0,3.0,4.0,1.0,1.0,2.0,1.0,1.0,2.0,2.0,2.0,0
140644.0,21.0,3.69,44.1,115.9,99.0,69.0,142.0,46.0,5.8,18.92,140.0,11.2,11.1,309.0,18.9,0.67,57.0,5.3,105.0,6.46,9.0,9.5,180.0,2.0,1.0,4.0,2.0,,2.0,2.0,2.0,,2.0,2.0,0
140645.0,68.0,,26.9,98.9,137.0,88.0,228.0,66.0,10.1,0.81,135.0,7.8,15.6,252.0,12.9,0.8,230.0,2.8,222.0,73.97,6.0,5.0,480.0,2.0,6.0,3.0,1.0,3.0,1.0,1.0,1.0,1.0,1.0,2.0,1
140646.0,73.0,2.46,37.1,116.3,152.0,97.0,153.0,46.0,8.0,5.25,142.0,7.9,13.8,335.0,14.4,0.77,222.0,5.3,201.0,134.41,9.0,9.0,480.0,2.0,3.0,4.0,1.0,3.0,1.0,1.0,2.0,1.0,2.0,3.0,0
140648.0,22.0,1.42,33.7,102.4,116.0,79.0,210.0,49.0,5.3,1.89,140.0,9.5,13.8,261.0,12.5,0.91,101.0,6.1,86.0,6.1,8.5,10.0,360.0,1.0,2.0,3.0,2.0,,2.0,2.0,2.0,,2.0,1.0,0
140649.0,59.0,0.96,29.3,106.1,146.0,96.0,285.0,55.0,5.5,1.56,140.0,12.1,15.9,274.0,13.1,1.1,210.0,7.5,107.0,9.86,10.0,10.0,300.0,1.0,3.0,2.0,2.0,,2.0,2.0,1.0,,2.0,3.0,0
140650.0,47.0,0.38,29.2,95.7,109.0,73.0,203.0,66.0,5.7,3.05,139.0,9.6,13.0,321.0,15.6,0.76,71.0,4.0,96.0,1.91,,,9999.0,2.0,3.0,3.0,1.0,1.0,2.0,2.0,2.0,,2.0,5.0,0
140658.0,79.0,1.8,21.9,86.3,164.0,80.0,305.0,78.0,5.4,5.89,142.0,7.5,11.2,347.0,16.0,0.76,138.0,3.7,96.0,28.3,7.0,7.0,180.0,2.0,3.0,5.0,1.0,3.0,2.0,1.0,1.0,1.0,1.0,3.0,0
140659.0,72.0,3.9,29.7,104.0,120.0,65.0,142.0,41.0,6.3,2.02,138.0,6.3,15.6,192.0,14.1,1.05,193.0,6.8,175.0,3.91,8.0,9.0,480.0,1.0,2.0,5.0,1.0,3.0,2.0,1.0,2.0,1.0,1.0,2.0,1
140660.0,80.0,3.82,,,126.0,69.0,142.0,63.0,4.9,0.69,145.0,5.1,14.7,174.0,13.8,1.07,116.0,3.5,93.0,17.47,8.5,8.5,960.0,1.0,3.0,5.0,2.0,,1.0,1.0,2.0,1.0,2.0,3.0,0
140664.0,74.0,,42.0,113.0,136.0,73.0,185.0,55.0,5.1,5.58,139.0,7.2,11.5,272.0,13.6,0.78,62.0,4.0,83.0,28.44,,,360.0,2.0,7.0,4.0,2.0,,2.0,2.0,1.0,,2.0,4.0,1
140665.0,59.0,5.0,36.5,113.0,123.0,75.0,194.0,35.0,6.1,3.35,142.0,4.2,14.5,192.0,14.1,1.48,153.0,8.5,95.0,4.71,9.5,9.0,30.0,1.0,7.0,4.0,2.0,,1.0,2.0,1.0,,2.0,2.0,1
140666.0,80.0,3.14,24.4,98.3,136.0,59.0,156.0,51.0,5.7,1.55,135.0,5.4,14.0,193.0,14.2,1.19,87.0,5.3,105.0,220.48,10.0,10.0,600.0,1.0,3.0,5.0,1.0,3.0,2.0,2.0,2.0,,2.0,2.0,0
140667.0,67.0,1.75,37.3,107.9,104.0,70.0,156.0,55.0,5.7,5.67,141.0,6.1,12.4,198.0,14.1,0.68,116.0,3.4,89.0,10.13,9.0,9.0,300.0,2.0,3.0,5.0,1.0,3.0,2.0,1.0,1.0,1.0,1.0,2.0,0
140672.0,29.0,5.0,27.4,80.5,126.0,81.0,166.0,62.0,4.7,1.78,141.0,12.2,13.3,279.0,14.0,0.69,51.0,3.7,83.0,14.97,7.5,8.5,420.0,2.0,4.0,4.0,2.0,,2.0,2.0,2.0,,2.0,3.0,0
140673.0,67.0,3.82,28.6,112.0,128.0,76.0,174.0,42.0,5.5,3.21,139.0,9.3,15.7,333.0,13.6,0.85,159.0,6.3,77.0,7.79,8.0,8.0,120.0,1.0,3.0,3.0,1.0,3.0,2.0,1.0,1.0,1.0,2.0,2.0,0
140674.0,53.0,3.04,42.7,120.8,99.0,66.0,262.0,41.0,5.3,3.08,141.0,5.0,15.3,254.0,12.8,0.58,228.0,4.6,113.0,6.21,6.0,10.5,480.0,2.0,3.0,4.0,1.0,3.0,2.0,2.0,1.0,,2.0,3.0,1
140677.0,61.0,3.02,31.1,108.0,124.0,72.0,220.0,36.0,6.5,1.99,139.0,7.0,13.8,246.0,14.2,1.06,262.0,6.5,118.0,8.97,8.0,10.0,240.0,1.0,1.0,2.0,2.0,,3.0,2.0,1.0,,2.0,3.0,0
140680.0,80.0,,21.4,86.1,173.0,82.0,198.0,71.0,5.8,1.1,137.0,7.2,14.2,156.0,14.0,0.76,77.0,3.6,100.0,18.54,10.0,10.0,240.0,2.0,3.0,5.0,2.0,,2.0,1.0,1.0,1.0,2.0,1.0,0
140682.0,52.0,3.25,38.1,112.1,170.0,98.0,201.0,54.0,6.0,13.38,138.0,6.0,11.9,335.0,14.9,1.12,149.0,6.7,90.0,7.76,5.5,8.5,60.0,2.0,3.0,5.0,1.0,3.0,2.0,1.0,2.0,1.0,2.0,3.0,0
140683.0,44.0,5.397605346934028e-79,24.6,82.2,138.0,81.0,215.0,78.0,5.5,2.93,140.0,6.8,14.1,248.0,13.2,0.59,102.0,5.2,80.0,6.53,9.0,9.0,120.0,1.0,1.0,1.0,1.0,3.0,2.0,2.0,2.0,,2.0,4.0,0
140684.0,75.0,0.57,28.4,91.5,110.0,67.0,228.0,68.0,5.8,2.2,140.0,3.6,13.9,147.0,14.4,0.84,101.0,4.2,95.0,,6.0,5.5,180.0,2.0,3.0,5.0,2.0,,2.0,1.0,2.0,1.0,2.0,2.0,0
140686.0,67.0,5.0,21.6,81.7,134.0,90.0,210.0,65.0,5.0,6.13,140.0,6.5,13.6,171.0,12.8,0.73,69.0,3.2,92.0,8.41,7.0,8.0,120.0,2.0,3.0,5.0,2.0,,2.0,2.0,2.0,,2.0,1.0,0
140690.0,36.0,4.0,29.1,108.7,109.0,71.0,197.0,50.0,5.1,1.12,138.0,8.4,14.9,296.0,12.9,0.94,76.0,4.8,86.0,0.84,8.0,8.0,660.0,1.0,3.0,5.0,2.0,,2.0,2.0,1.0,,2.0,3.0,0
140692.0,53.0,1.33,35.9,127.4,122.0,84.0,178.0,44.0,5.5,18.75,137.0,6.6,13.0,243.0,14.7,1.03,88.0,5.5,88.0,4.41,10.0,10.0,480.0,1.0,3.0,5.0,2.0,,2.0,2.0,1.0,,2.0,3.0,1
140694.0,70.0,4.67,27.2,106.0,112.0,64.0,206.0,62.0,5.6,0.28,135.0,3.6,13.9,185.0,12.5,0.7,75.0,3.0,101.0,21.34,8.0,8.0,360.0,2.0,3.0,4.0,2.0,,2.0,1.0,2.0,1.0,2.0,3.0,0
140696.0,67.0,0.4,41.0,116.7,102.0,49.0,149.0,54.0,8.8,8.32,138.0,5.6,12.1,207.0,14.9,0.8,103.0,5.5,165.0,13.88,7.0,8.0,180.0,2.0,1.0,1.0,2.0,,1.0,1.0,1.0,1.0,1.0,4.0,0
140697.0,49.0,2.41,28.0,91.7,97.0,60.0,165.0,68.0,5.5,7.02,138.0,9.7,11.1,307.0,14.7,0.99,111.0,3.4,87.0,0.49,8.0,11.0,180.0,2.0,4.0,4.0,1.0,2.0,2.0,2.0,2.0,,2.0,3.0,0
140698.0,21.0,1.47,18.5,77.8,94.0,63.0,133.0,58.0,4.9,0.42,139.0,5.8,12.4,167.0,13.3,0.61,74.0,4.2,83.0,7.7,9.0,9.0,600.0,2.0,3.0,4.0,2.0,,2.0,2.0,2.0,,2.0,3.0,0
140699.0,66.0,4.06,22.7,88.2,75.0,45.0,130.0,58.0,6.0,4.9,133.0,6.2,11.6,358.0,18.1,1.33,54.0,5.4,98.0,1.75,9.0,10.0,360.0,1.0,3.0,5.0,1.0,3.0,2.0,1.0,2.0,1.0,2.0,3.0,1
140702.0,80.0,,32.0,108.9,115.0,77.0,173.0,46.0,7.2,5.29,139.0,6.7,13.1,229.0,14.3,0.87,147.0,5.5,159.0,12.98,11.0,11.0,360.0,2.0,2.0,3.0,2.0,,2.0,1.0,2.0,1.0,2.0,3.0,0
140703.0,40.0,1.85,18.7,72.4,111.0,59.0,129.0,48.0,5.1,1.59,135.0,8.4,15.7,203.0,13.9,0.84,87.0,5.5,109.0,5.68,8.0,8.0,480.0,1.0,3.0,3.0,1.0,1.0,2.0,2.0,2.0,,2.0,5.0,0
140706.0,30.0,4.44,22.1,81.9,105.0,69.0,192.0,66.0,4.9,2.39,142.0,4.9,12.3,287.0,13.5,0.96,111.0,4.2,84.0,3.21,7.0,3.0,480.0,2.0,3.0,5.0,2.0,,3.0,2.0,2.0,,2.0,2.0,0
140708.0,34.0,1.84,30.9,98.5,143.0,102.0,321.0,35.0,5.3,2.92,139.0,6.3,17.4,271.0,12.6,1.07,689.0,7.4,100.0,11.79,7.0,8.0,240.0,1.0,7.0,4.0,1.0,3.0,2.0,1.0,2.0,2.0,2.0,2.0,0
140709.0,80.0,4.51,31.6,113.5,103.0,52.0,132.0,55.0,5.3,1.19,141.0,6.1,15.2,248.0,13.4,1.31,117.0,6.4,101.0,5.31,10.0,8.5,360.0,1.0,3.0,5.0,1.0,3.0,2.0,2.0,1.0,,1.0,2.0,1
140710.0,46.0,5.0,36.5,118.3,113.0,86.0,179.0,42.0,5.5,7.77,138.0,9.2,12.8,360.0,14.9,1.15,206.0,5.2,105.0,3.74,9.0,9.0,840.0,2.0,3.0,5.0,2.0,,2.0,2.0,2.0,,2.0,4.0,0
140711.0,58.0,2.14,24.9,86.0,109.0,69.0,152.0,60.0,5.4,0.54,140.0,4.2,13.9,187.0,13.5,1.06,77.0,5.4,86.0,4.36,9.0,7.0,420.0,1.0,3.0,4.0,1.0,3.0,2.0,1.0,1.0,1.0,1.0,3.0,1
140714.0,63.0,4.1,25.6,,145.0,74.0,84.0,38.0,8.0,0.98,138.0,6.8,13.9,214.0,13.1,0.67,76.0,2.7,143.0,23.06,8.0,8.0,180.0,1.0,3.0,3.0,1.0,2.0,1.0,1.0,2.0,1.0,2.0,2.0,0
140718.0,61.0,4.78,41.5,120.9,107.0,77.0,178.0,59.0,5.6,3.07,142.0,8.2,14.0,253.0,14.5,0.76,117.0,5.4,90.0,12.56,7.5,7.5,360.0,2.0,3.0,4.0,1.0,3.0,2.0,2.0,1.0,,1.0,3.0,0
140720.0,61.0,0.46,33.6,111.4,130.0,94.0,207.0,48.0,6.9,5.3,137.0,6.6,14.0,393.0,14.0,1.03,161.0,6.4,126.0,4.84,7.0,7.0,480.0,2.0,3.0,3.0,1.0,3.0,2.0,2.0,1.0,,1.0,3.0,1
140724.0,46.0,,34.5,115.2,115.0,82.0,221.0,41.0,5.5,3.31,136.0,6.8,14.7,244.0,12.6,0.76,142.0,7.3,106.0,10.02,8.0,7.0,180.0,1.0,3.0,3.0,2.0,,2.0,1.0,1.0,1.0,1.0,2.0,0
140726.0,24.0,0.71,34.9,110.7,117.0,77.0,252.0,67.0,5.2,3.36,136.0,9.2,14.1,341.0,12.8,0.69,129.0,4.7,83.0,0.7,9.5,9.5,360.0,2.0,3.0,5.0,2.0,,2.0,2.0,2.0,,2.0,2.0,0
140727.0,45.0,,26.8,88.5,106.0,59.0,213.0,47.0,5.3,3.65,142.0,6.9,13.9,336.0,14.2,0.67,163.0,3.7,181.0,7.55,8.0,14.0,120.0,2.0,7.0,3.0,1.0,1.0,2.0,2.0,2.0,,2.0,4.0,0
140728.0,38.0,4.68,26.6,89.6,127.0,78.0,218.0,57.0,5.6,0.51,140.0,5.3,13.5,298.0,13.3,0.86,279.0,5.9,107.0,9.74,6.5,9.0,240.0,1.0,1.0,5.0,2.0,,2.0,2.0,2.0,,2.0,1.0,0
140729.0,65.0,5.0,21.0,76.4,125.0,79.0,250.0,84.0,5.2,0.33,142.0,7.1,13.2,243.0,13.2,0.92,91.0,4.9,82.0,6.96,8.5,8.5,780.0,2.0,3.0,5.0,2.0,,2.0,2.0,1.0,,2.0,2.0,0
140730.0,65.0,5.0,24.0,94.7,119.0,69.0,154.0,43.0,5.3,1.11,142.0,4.8,14.4,176.0,13.6,1.1,77.0,6.7,84.0,7.78,7.5,7.5,360.0,1.0,3.0,5.0,2.0,,2.0,2.0,1.0,,1.0,2.0,0
140731.0,42.0,1.37,25.1,85.8,125.0,78.0,149.0,50.0,5.5,0.99,140.0,7.4,13.0,341.0,13.6,0.89,57.0,4.0,89.0,0.78,9.0,9.0,240.0,2.0,3.0,5.0,2.0,,2.0,1.0,1.0,1.0,1.0,3.0,0
140735.0,38.0,5.0,31.1,98.0,113.0,77.0,227.0,62.0,5.0,0.89,140.0,5.0,15.0,199.0,13.1,0.97,74.0,7.4,86.0,5.14,7.0,7.0,600.0,1.0,3.0,5.0,1.0,3.0,2.0,2.0,1.0,,2.0,2.0,0
140736.0,80.0,0.88,,,133.0,64.0,169.0,58.0,6.6,0.27,143.0,6.8,11.1,118.0,14.3,1.26,113.0,8.6,107.0,761.53,9.5,9.5,420.0,2.0,6.0,1.0,1.0,3.0,1.0,1.0,1.0,1.0,2.0,4.0,1
140740.0,49.0,2.4,30.5,112.0,116.0,79.0,145.0,40.0,5.4,1.46,142.0,7.5,15.3,273.0,13.0,0.86,107.0,5.0,84.0,4.48,9.5,9.0,120.0,1.0,7.0,3.0,1.0,3.0,2.0,2.0,2.0,,2.0,3.0,0
140742.0,65.0,2.78,40.2,113.9,118.0,81.0,177.0,54.0,5.6,4.23,139.0,6.9,13.5,248.0,14.1,0.89,184.0,4.8,92.0,9.07,10.0,9.0,480.0,2.0,3.0,4.0,1.0,3.0,2.0,1.0,1.0,1.0,1.0,3.0,0
140745.0,57.0,,44.9,136.0,90.0,63.0,90.0,39.0,8.4,11.22,139.0,6.5,10.9,199.0,14.5,1.87,116.0,7.1,119.0,33.95,7.0,8.0,480.0,1.0,7.0,5.0,2.0,,1.0,1.0,1.0,1.0,1.0,4.0,0
140746.0,50.0,,25.4,98.5,158.0,86.0,243.0,53.0,8.1,1.27,138.0,8.9,9.5,433.0,20.6,0.72,134.0,5.7,132.0,9.77,7.0,8.0,120.0,1.0,1.0,3.0,1.0,3.0,1.0,2.0,1.0,,1.0,3.0,0
140748.0,76.0,,35.3,117.9,148.0,78.0,207.0,69.0,5.9,4.14,139.0,7.2,12.6,285.0,16.7,0.76,119.0,5.4,103.0,7.62,8.5,9.0,180.0,2.0,3.0,5.0,2.0,,2.0,1.0,2.0,1.0,2.0,2.0,0
140749.0,71.0,3.8,29.0,100.5,129.0,67.0,208.0,66.0,5.9,0.7,140.0,8.1,14.7,255.0,13.9,0.67,123.0,3.5,92.0,0.44,8.0,7.5,240.0,2.0,3.0,4.0,2.0,,2.0,2.0,1.0,,1.0,2.0,0
140752.0,77.0,1.44,39.7,121.8,143.0,64.0,234.0,60.0,8.0,11.71,140.0,9.8,11.9,492.0,15.6,1.07,251.0,7.0,70.0,305.88,2.0,2.0,180.0,2.0,3.0,3.0,1.0,3.0,1.0,1.0,1.0,1.0,2.0,3.0,0
140753.0,36.0,1.37,22.3,70.3,96.0,68.0,165.0,84.0,5.1,1.03,139.0,7.1,12.9,225.0,13.6,0.62,49.0,3.5,85.0,15.88,7.5,9.0,360.0,2.0,6.0,2.0,2.0,,2.0,2.0,2.0,,2.0,3.0,0
140754.0,65.0,5.0,30.7,108.3,123.0,86.0,129.0,37.0,4.7,2.08,139.0,5.1,14.9,274.0,12.8,1.06,160.0,5.6,101.0,3.87,8.0,8.0,360.0,2.0,3.0,4.0,2.0,,2.0,1.0,1.0,1.0,1.0,4.0,1
140756.0,48.0,3.76,33.2,106.2,124.0,78.0,264.0,46.0,5.6,1.17,140.0,4.9,14.0,233.0,13.3,0.82,408.0,7.0,98.0,9.39,7.0,10.0,180.0,1.0,1.0,2.0,1.0,1.0,3.0,2.0,2.0,,2.0,4.0,0
140757.0,58.0,0.74,28.2,94.7,118.0,73.0,291.0,66.0,5.4,1.58,139.0,6.1,12.9,249.0,13.6,0.76,88.0,4.1,90.0,12.9,8.0,8.0,20.0,2.0,7.0,3.0,2.0,,2.0,2.0,1.0,,2.0,3.0,0
140758.0,35.0,1.98,27.9,98.7,126.0,77.0,189.0,46.0,5.8,3.02,141.0,10.1,15.1,316.0,14.0,1.01,125.0,5.4,82.0,3.35,9.0,9.0,120.0,1.0,7.0,3.0,1.0,1.0,2.0,2.0,2.0,,2.0,4.0,0
140760.0,75.0,3.8,31.9,110.0,105.0,65.0,202.0,60.0,5.5,7.89,143.0,9.1,12.3,376.0,12.5,1.43,238.0,7.1,94.0,36.16,8.0,9.5,300.0,2.0,3.0,5.0,2.0,,2.0,1.0,1.0,1.0,1.0,2.0,0
140761.0,80.0,1.06,24.5,93.2,139.0,78.0,143.0,70.0,5.4,0.28,139.0,4.5,14.6,106.0,13.5,0.74,77.0,3.6,89.0,41.18,8.0,8.0,300.0,1.0,7.0,4.0,1.0,3.0,2.0,1.0,1.0,1.0,1.0,2.0,1
140762.0,56.0,5.0,35.1,109.9,143.0,93.0,171.0,71.0,6.1,0.94,135.0,6.9,10.5,374.0,15.5,0.74,84.0,3.2,94.0,11.56,7.0,8.0,240.0,2.0,3.0,5.0,2.0,,2.0,1.0,2.0,1.0,2.0,2.0,0
140766.0,62.0,4.54,42.0,123.7,136.0,77.0,227.0,53.0,5.2,2.16,133.0,4.3,14.9,131.0,14.4,0.87,123.0,5.1,100.0,4.36,9.5,9.5,240.0,1.0,3.0,5.0,1.0,3.0,2.0,1.0,1.0,1.0,1.0,2.0,0
140771.0,34.0,4.78,29.9,88.1,101.0,63.0,181.0,58.0,5.1,0.87,139.0,7.9,12.8,282.0,12.4,0.78,127.0,3.2,83.0,7.86,7.0,10.0,240.0,2.0,3.0,5.0,1.0,3.0,2.0,2.0,1.0,,2.0,3.0,0
140773.0,60.0,5.0,27.9,96.8,119.0,84.0,189.0,60.0,5.2,2.09,142.0,6.4,14.2,241.0,14.0,0.94,62.0,6.0,70.0,26.21,8.5,9.0,360.0,1.0,3.0,3.0,2.0,,2.0,2.0,2.0,,2.0,3.0,0
140775.0,41.0,5.0,28.4,,109.0,84.0,214.0,48.0,5.3,3.21,141.0,7.0,17.3,203.0,13.7,0.93,89.0,7.0,100.0,4.67,6.5,10.0,960.0,1.0,3.0,4.0,2.0,,2.0,2.0,1.0,,2.0,3.0,0
140776.0,64.0,3.17,28.6,104.6,121.0,75.0,139.0,58.0,5.3,1.36,137.0,4.3,14.1,234.0,13.2,1.12,51.0,5.4,100.0,5.37,3.5,3.5,180.0,1.0,2.0,3.0,1.0,3.0,2.0,2.0,1.0,,1.0,2.0,0
140777.0,53.0,3.75,33.3,108.2,132.0,90.0,86.0,42.0,5.8,1.4,136.0,8.1,13.7,283.0,14.1,0.84,96.0,5.3,117.0,2.1,8.0,8.0,600.0,2.0,3.0,5.0,1.0,3.0,1.0,2.0,1.0,,1.0,4.0,0
140781.0,39.0,3.13,35.6,104.6,137.0,103.0,211.0,42.0,10.2,35.52,136.0,7.6,13.2,290.0,12.1,0.47,104.0,3.7,191.0,115.97,7.0,8.0,420.0,2.0,6.0,5.0,2.0,,2.0,1.0,2.0,2.0,2.0,3.0,0
140783.0,41.0,3.69,27.8,101.8,106.0,79.0,265.0,54.0,5.4,1.26,139.0,5.2,14.0,217.0,11.9,0.81,228.0,3.9,90.0,0.6,8.0,9.0,300.0,2.0,2.0,5.0,2.0,,2.0,2.0,1.0,,2.0,2.0,0
140786.0,34.0,5.0,27.2,85.1,132.0,92.0,201.0,57.0,5.5,0.31,136.0,4.5,15.3,219.0,12.6,1.12,90.0,6.0,97.0,6.27,6.0,6.0,300.0,1.0,4.0,5.0,2.0,,2.0,2.0,2.0,,2.0,1.0,0
140787.0,33.0,1.62,43.5,126.6,109.0,83.0,226.0,47.0,5.4,2.44,140.0,6.2,14.0,230.0,12.7,0.93,149.0,6.3,109.0,4.68,9.5,12.0,300.0,2.0,3.0,3.0,2.0,,2.0,2.0,2.0,,2.0,4.0,0
140788.0,64.0,0.82,29.0,106.1,123.0,68.0,199.0,49.0,5.6,3.0,141.0,10.0,14.4,177.0,14.9,0.77,56.0,4.4,118.0,0.5,4.0,4.0,300.0,1.0,3.0,3.0,1.0,3.0,2.0,2.0,1.0,,2.0,3.0,0
140790.0,72.0,2.28,29.3,105.6,137.0,74.0,197.0,41.0,5.7,1.42,140.0,7.9,12.9,184.0,13.5,,187.0,,93.0,8.3,8.0,8.0,180.0,1.0,3.0,5.0,2.0,,2.0,2.0,1.0,,2.0,2.0,0
140792.0,56.0,1.62,23.7,,109.0,62.0,214.0,47.0,6.0,1.4,140.0,6.8,14.7,346.0,13.8,0.87,75.0,3.0,91.0,5.14,8.0,8.0,120.0,1.0,1.0,4.0,2.0,,2.0,2.0,2.0,,2.0,3.0,0
140794.0,23.0,,32.1,108.0,98.0,73.0,165.0,45.0,5.4,1.62,141.0,6.4,15.1,255.0,13.0,0.64,79.0,3.8,109.0,14.21,7.0,6.5,300.0,2.0,1.0,4.0,1.0,3.0,2.0,2.0,2.0,,2.0,2.0,0
140795.0,70.0,3.28,34.2,120.5,108.0,63.0,113.0,37.0,6.8,1.93,136.0,7.0,13.3,219.0,13.7,1.17,156.0,6.5,81.0,22.75,7.5,7.5,720.0,1.0,3.0,4.0,2.0,,1.0,1.0,1.0,1.0,1.0,4.0,1
140796.0,33.0,1.08,29.3,86.0,113.0,73.0,139.0,54.0,5.5,1.73,138.0,2.1,12.4,278.0,14.1,0.71,60.0,2.8,102.0,8.96,8.0,8.0,120.0,2.0,4.0,3.0,1.0,3.0,3.0,1.0,2.0,1.0,2.0,2.0,0
140797.0,20.0,3.75,23.9,83.8,101.0,72.0,157.0,71.0,4.5,2.62,137.0,5.1,13.6,281.0,12.6,0.6,64.0,5.2,101.0,10.42,9.0,7.0,360.0,2.0,3.0,4.0,2.0,,2.0,2.0,2.0,,2.0,2.0,0
140801.0,58.0,4.31,27.4,98.2,136.0,90.0,184.0,50.0,5.4,1.76,141.0,7.4,16.1,169.0,12.4,0.71,90.0,5.2,91.0,5.97,8.0,12.0,240.0,1.0,3.0,3.0,1.0,1.0,2.0,2.0,1.0,,1.0,3.0,0
140803.0,57.0,5.0,21.8,80.1,131.0,87.0,259.0,89.0,5.2,0.58,136.0,7.3,12.2,216.0,14.4,0.76,95.0,2.9,78.0,7.07,7.5,8.5,420.0,2.0,4.0,5.0,2.0,,2.0,1.0,1.0,1.0,2.0,3.0,0
140804.0,30.0,5.0,25.1,96.9,107.0,75.0,216.0,41.0,5.0,0.66,140.0,7.8,16.5,225.0,12.9,0.79,166.0,5.6,87.0,8.05,8.5,8.5,600.0,1.0,3.0,5.0,1.0,2.0,2.0,2.0,1.0,,2.0,2.0,0
140805.0,59.0,2.49,24.4,85.7,123.0,79.0,216.0,56.0,5.6,0.32,141.0,3.8,13.3,225.0,13.3,0.89,106.0,5.2,98.0,3.37,7.0,8.0,240.0,1.0,6.0,5.0,2.0,,2.0,2.0,2.0,,2.0,2.0,0
140807.0,53.0,5.0,34.9,118.2,120.0,85.0,212.0,43.0,6.3,1.4,141.0,7.7,13.2,301.0,14.1,0.92,246.0,6.3,98.0,7.46,8.5,9.0,600.0,2.0,3.0,5.0,2.0,,2.0,2.0,2.0,,2.0,3.0,0
140812.0,63.0,5.0,36.6,121.0,106.0,69.0,187.0,39.0,5.8,0.63,140.0,7.7,12.9,358.0,13.6,0.73,297.0,5.1,91.0,5.85,9.0,10.0,180.0,2.0,3.0,4.0,2.0,,2.0,1.0,1.0,1.0,1.0,2.0,0
140813.0,75.0,1.12,18.2,75.1,145.0,75.0,161.0,44.0,5.7,0.21,132.0,7.1,15.8,194.0,14.8,0.9,73.0,3.5,76.0,8.55,6.5,6.5,180.0,1.0,3.0,3.0,1.0,1.0,2.0,2.0,2.0,,2.0,4.0,0
140817.0,44.0,5.0,24.8,90.3,115.0,69.0,287.0,58.0,5.2,0.68,141.0,5.2,14.1,287.0,13.5,0.78,109.0,5.1,98.0,6.22,7.5,7.5,540.0,1.0,2.0,5.0,2.0,,2.0,2.0,1.0,,2.0,1.0,0
140818.0,79.0,5.0,26.5,91.0,125.0,42.0,152.0,78.0,5.4,1.17,142.0,5.2,13.3,185.0,13.8,1.07,82.0,6.2,92.0,17.29,7.5,7.5,420.0,2.0,3.0,5.0,2.0,,2.0,2.0,2.0,,9.0,3.0,0
140821.0,80.0,1.3,20.6,81.5,119.0,72.0,201.0,54.0,5.6,0.54,140.0,8.5,14.4,305.0,14.3,0.92,66.0,4.3,96.0,0.78,11.0,11.0,300.0,1.0,3.0,5.0,1.0,3.0,2.0,2.0,1.0,,2.0,1.0,0
140823.0,26.0,5.0,28.4,91.2,105.0,70.0,205.0,63.0,4.5,1.34,139.0,6.7,14.5,221.0,11.5,0.94,65.0,5.3,81.0,3.92,8.0,9.0,600.0,2.0,3.0,4.0,2.0,,2.0,2.0,2.0,,2.0,2.0,0
140824.0,24.0,3.68,20.8,70.5,100.0,65.0,172.0,72.0,5.0,0.17,137.0,5.5,13.9,158.0,12.6,0.88,61.0,3.8,74.0,7.65,7.5,9.0,480.0,2.0,3.0,5.0,2.0,,2.0,2.0,2.0,,2.0,2.0,0
140827.0,57.0,,18.4,70.7,123.0,67.0,263.0,72.0,5.2,0.22,137.0,4.1,13.9,279.0,13.0,0.68,116.0,3.2,91.0,24.5,8.5,8.5,540.0,2.0,3.0,5.0,2.0,,2.0,2.0,1.0,,2.0,2.0,0
140829.0,33.0,4.32,31.4,96.8,89.0,58.0,208.0,56.0,5.6,1.54,139.0,6.8,12.8,278.0,13.1,0.67,52.0,4.2,83.0,0.78,7.0,7.0,300.0,2.0,3.0,5.0,2.0,,2.0,2.0,2.0,,2.0,2.0,0
140831.0,41.0,3.42,29.5,105.1,128.0,66.0,221.0,45.0,5.2,0.34,139.0,4.7,16.1,194.0,12.7,0.93,180.0,6.0,97.0,3.13,6.0,8.0,180.0,1.0,3.0,3.0,1.0,1.0,2.0,2.0,2.0,,2.0,1.0,0
140832.0,60.0,2.45,35.6,119.5,129.0,86.0,273.0,48.0,5.8,1.44,135.0,4.5,13.9,195.0,15.4,0.7,227.0,5.5,95.0,10.36,8.0,8.0,240.0,2.0,7.0,4.0,2.0,,2.0,2.0,1.0,,2.0,1.0,0
140833.0,62.0,2.3,30.0,102.3,122.0,85.0,242.0,54.0,5.8,3.9,139.0,6.5,12.8,418.0,13.9,0.81,126.0,4.6,113.0,11.91,7.5,7.5,180.0,2.0,3.0,5.0,2.0,,2.0,1.0,1.0,1.0,2.0,2.0,0
140834.0,73.0,5.0,28.0,101.5,132.0,71.0,263.0,66.0,5.5,4.58,148.0,6.4,15.3,175.0,13.4,0.63,85.0,10.1,57.0,15.21,8.0,8.0,120.0,2.0,3.0,4.0,2.0,,2.0,2.0,2.0,,2.0,1.0,0
140836.0,52.0,5.0,51.2,138.6,120.0,71.0,235.0,49.0,6.0,8.19,137.0,7.0,12.4,358.0,13.4,0.62,207.0,6.4,80.0,8.74,9.0,9.0,300.0,2.0,3.0,5.0,2.0,,2.0,1.0,1.0,1.0,2.0,3.0,0
140838.0,80.0,2.38,34.6,122.6,112.0,77.0,169.0,46.0,5.7,2.35,141.0,10.0,15.4,265.0,13.8,1.22,132.0,5.3,99.0,10.56,9.0,9.0,480.0,1.0,3.0,3.0,2.0,,2.0,1.0,2.0,1.0,2.0,2.0,0
140844.0,72.0,1.51,23.5,,177.0,69.0,122.0,33.0,4.9,6.51,144.0,7.6,13.3,204.0,13.3,1.51,112.0,5.7,94.0,15.42,5.5,8.0,240.0,1.0,7.0,3.0,1.0,1.0,2.0,1.0,2.0,2.0,2.0,3.0,0
140850.0,31.0,,34.6,108.6,107.0,71.0,186.0,60.0,5.5,0.85,138.0,5.3,11.2,329.0,13.9,0.9,92.0,3.1,91.0,7.89,6.0,7.0,360.0,2.0,4.0,5.0,2.0,,2.0,2.0,2.0,,2.0,2.0,0
140851.0,26.0,1.01,29.3,95.1,124.0,71.0,213.0,56.0,4.9,3.13,141.0,5.2,15.1,223.0,12.6,1.16,87.0,5.3,93.0,3.68,8.5,9.0,300.0,1.0,3.0,5.0,2.0,,2.0,2.0,2.0,,2.0,1.0,0
140852.0,80.0,5.0,25.5,90.3,93.0,55.0,188.0,69.0,6.6,1.11,140.0,7.2,13.6,186.0,13.2,1.02,111.0,3.9,108.0,8.6,8.0,9.5,900.0,2.0,3.0,3.0,2.0,,1.0,1.0,1.0,1.0,1.0,3.0,1
140854.0,64.0,5.0,20.5,81.0,131.0,106.0,216.0,82.0,5.2,0.38,140.0,3.1,13.5,161.0,12.3,0.62,83.0,3.5,92.0,1.75,8.0,8.0,180.0,2.0,3.0,5.0,2.0,,2.0,2.0,2.0,,2.0,1.0,0
140855.0,27.0,,50.0,153.4,105.0,71.0,135.0,34.0,5.2,11.14,135.0,12.3,13.7,283.0,13.7,0.68,107.0,5.3,87.0,4.63,6.0,6.0,240.0,2.0,3.0,3.0,2.0,,2.0,2.0,2.0,,2.0,4.0,0
140856.0,66.0,2.43,33.4,107.0,137.0,75.0,224.0,43.0,5.6,1.38,139.0,5.6,12.4,254.0,15.6,1.23,192.0,6.3,96.0,4.82,9.0,8.5,480.0,2.0,3.0,5.0,2.0,,2.0,1.0,1.0,1.0,1.0,2.0,0
140862.0,33.0,3.02,18.7,69.5,93.0,67.0,181.0,79.0,4.8,0.11,141.0,6.3,13.6,219.0,13.6,0.85,64.0,3.6,91.0,22.01,8.5,10.5,480.0,2.0,3.0,4.0,2.0,,2.0,2.0,2.0,,2.0,2.0,0
140864.0,72.0,0.74,28.5,98.4,135.0,86.0,156.0,70.0,5.8,1.48,134.0,3.5,12.1,148.0,13.1,0.7,88.0,3.7,90.0,15.58,7.0,8.0,240.0,2.0,2.0,2.0,2.0,,2.0,1.0,2.0,1.0,1.0,3.0,1
140867.0,39.0,1.65,35.5,123.5,109.0,63.0,152.0,49.0,4.7,3.56,136.0,7.2,10.1,257.0,13.3,0.46,171.0,3.5,102.0,8.08,9.0,9.0,720.0,2.0,4.0,4.0,1.0,3.0,2.0,2.0,2.0,,2.0,3.0,0
140870.0,44.0,2.74,33.2,107.4,122.0,88.0,286.0,56.0,5.8,7.2,139.0,9.9,13.4,396.0,15.1,0.91,94.0,5.4,76.0,1.0,8.0,10.0,480.0,2.0,7.0,5.0,2.0,,2.0,2.0,1.0,,2.0,3.0,0
140871.0,47.0,5.0,21.3,76.6,110.0,67.0,128.0,51.0,4.7,0.73,140.0,7.0,12.7,253.0,13.1,0.59,58.0,3.8,89.0,7.55,7.0,8.0,480.0,2.0,6.0,3.0,2.0,,2.0,2.0,2.0,,2.0,2.0,0
140873.0,66.0,1.67,31.1,115.6,121.0,68.0,190.0,48.0,5.5,2.54,141.0,5.0,15.2,201.0,13.2,0.96,69.0,6.1,97.0,3.95,9.5,8.5,480.0,1.0,3.0,4.0,2.0,,2.0,2.0,2.0,,2.0,1.0,0
140876.0,40.0,3.13,29.1,97.2,119.0,77.0,156.0,45.0,5.7,1.21,137.0,7.9,14.2,152.0,13.0,0.99,156.0,5.6,99.0,3.31,9.5,11.0,360.0,1.0,3.0,4.0,1.0,1.0,2.0,2.0,2.0,,2.0,1.0,0
140878.0,64.0,,20.7,68.7,115.0,76.0,198.0,66.0,5.8,0.22,141.0,4.1,13.6,150.0,13.5,0.78,65.0,4.5,105.0,5.62,7.5,7.5,180.0,2.0,3.0,3.0,2.0,,2.0,2.0,2.0,,2.0,2.0,0
140879.0,72.0,,29.4,98.1,109.0,77.0,290.0,66.0,5.5,8.08,138.0,4.4,14.8,183.0,13.1,0.64,119.0,4.2,95.0,17.82,10.0,10.0,30.0,2.0,2.0,4.0,1.0,3.0,2.0,2.0,1.0,,2.0,3.0,0
140887.0,74.0,1.69,30.6,108.9,118.0,67.0,262.0,64.0,5.9,3.15,140.0,8.7,14.0,271.0,13.8,1.02,180.0,4.1,109.0,50.31,8.0,8.0,600.0,2.0,3.0,4.0,2.0,,2.0,2.0,1.0,,2.0,3.0,0
140888.0,46.0,1.47,26.5,100.1,126.0,81.0,144.0,57.0,4.6,6.69,141.0,5.7,16.7,177.0,13.9,0.77,247.0,6.5,95.0,123.17,10.5,10.0,720.0,2.0,3.0,5.0,1.0,1.0,2.0,2.0,2.0,,2.0,5.0,0
140892.0,41.0,4.12,22.9,82.7,120.0,79.0,198.0,78.0,5.2,2.47,137.0,8.5,13.3,216.0,13.4,0.8,77.0,4.1,104.0,4.31,6.5,8.0,480.0,2.0,3.0,4.0,2.0,,2.0,2.0,2.0,,2.0,3.0,0
140893.0,32.0,,28.3,89.5,107.0,67.0,159.0,65.0,5.2,0.4,139.0,7.3,13.9,267.0,13.4,0.7,49.0,3.2,95.0,25.6,6.0,7.0,240.0,2.0,3.0,5.0,2.0,,2.0,2.0,2.0,,2.0,2.0,0
140894.0,46.0,1.94,30.2,100.3,116.0,81.0,179.0,35.0,5.6,3.01,138.0,5.9,14.6,263.0,12.9,0.89,152.0,6.0,94.0,14.28,7.5,7.0,120.0,1.0,1.0,3.0,2.0,,2.0,2.0,2.0,,2.0,3.0,0
140895.0,62.0,4.92,27.4,92.0,111.0,75.0,243.0,58.0,5.5,1.13,139.0,5.5,13.6,207.0,13.1,0.72,136.0,3.2,97.0,0.66,8.0,8.0,240.0,2.0,3.0,4.0,2.0,,2.0,2.0,1.0,,2.0,2.0,0
140897.0,60.0,5.0,35.1,106.3,121.0,81.0,191.0,75.0,5.2,3.94,140.0,8.2,12.5,297.0,13.4,0.99,58.0,5.3,94.0,20.02,4.5,8.0,480.0,2.0,4.0,4.0,2.0,,2.0,1.0,2.0,1.0,2.0,2.0,0
140898.0,42.0,5.0,29.2,102.9,115.0,90.0,243.0,60.0,5.3,5.04,138.0,9.3,13.4,379.0,12.3,0.64,96.0,4.9,91.0,18.81,6.5,7.5,540.0,2.0,3.0,5.0,2.0,,2.0,2.0,2.0,,2.0,3.0,0
140902.0,31.0,5.397605346934028e-79,27.9,87.0,149.0,94.0,153.0,72.0,5.3,3.83,137.0,5.2,12.5,228.0,13.3,0.88,58.0,4.6,100.0,4.91,9.5,10.0,60.0,1.0,2.0,2.0,2.0,,2.0,2.0,2.0,,2.0,4.0,0
140904.0,59.0,5.0,37.2,117.0,122.0,80.0,169.0,61.0,7.1,0.59,137.0,7.2,13.0,344.0,13.5,0.61,65.0,4.9,154.0,13.93,10.0,10.0,120.0,2.0,3.0,4.0,1.0,1.0,1.0,1.0,1.0,1.0,1.0,2.0,1
140905.0,68.0,3.28,37.6,104.0,128.0,76.0,156.0,50.0,5.7,5.45,139.0,5.5,13.2,256.0,14.0,0.78,184.0,4.1,102.0,6.73,8.0,9.0,240.0,2.0,3.0,5.0,2.0,,2.0,1.0,1.0,1.0,1.0,1.0,0
140906.0,50.0,1.55,39.4,122.9,141.0,89.0,165.0,31.0,6.5,11.16,141.0,10.0,11.6,336.0,17.0,0.9,239.0,6.2,99.0,7.36,7.5,4.5,180.0,1.0,1.0,1.0,2.0,,2.0,2.0,1.0,,2.0,2.0,0
140907.0,80.0,,30.1,,118.0,84.0,146.0,60.0,5.2,1.44,142.0,5.8,12.9,147.0,14.8,1.08,94.0,5.8,90.0,8.6,8.5,8.5,420.0,1.0,3.0,3.0,1.0,3.0,2.0,2.0,2.0,,1.0,2.0,1
140909.0,65.0,2.94,22.7,96.7,130.0,75.0,174.0,59.0,5.1,1.68,140.0,5.0,14.2,295.0,12.0,0.7,112.0,3.3,89.0,8.27,8.0,7.0,240.0,2.0,3.0,4.0,2.0,,2.0,2.0,2.0,,2.0,3.0,0
140910.0,67.0,1.47,16.6,77.8,114.0,77.0,168.0,77.0,5.0,0.18,141.0,4.7,14.4,176.0,12.8,0.75,79.0,4.9,82.0,7.45,9.0,10.5,240.0,2.0,3.0,4.0,2.0,,2.0,2.0,2.0,,2.0,3.0,0
140912.0,31.0,2.32,27.1,92.8,130.0,90.0,249.0,36.0,4.9,2.17,136.0,6.6,15.4,342.0,12.5,1.05,150.0,7.5,86.0,6.23,6.5,6.0,960.0,1.0,4.0,4.0,1.0,1.0,2.0,1.0,1.0,2.0,2.0,1.0,0
140913.0,45.0,2.46,26.1,92.8,118.0,73.0,166.0,46.0,5.2,0.81,140.0,5.8,15.2,214.0,12.6,1.03,121.0,4.9,99.0,16.97,6.5,8.0,180.0,1.0,3.0,5.0,2.0,,2.0,2.0,2.0,,2.0,2.0,0
140914.0,78.0,1.19,18.3,76.7,149.0,69.0,226.0,138.0,5.6,0.92,137.0,9.6,12.8,280.0,13.2,0.79,74.0,4.0,112.0,99.59,8.0,8.0,300.0,2.0,3.0,4.0,1.0,3.0,2.0,1.0,1.0,1.0,1.0,4.0,1
140915.0,67.0,1.46,20.3,87.6,103.0,63.0,220.0,98.0,5.4,1.52,140.0,4.8,15.4,199.0,12.9,0.86,65.0,6.2,105.0,0.62,7.0,8.0,300.0,1.0,3.0,4.0,2.0,,2.0,2.0,2.0,,2.0,2.0,0
140918.0,53.0,0.66,34.7,119.3,117.0,74.0,172.0,36.0,5.9,2.38,139.0,7.6,16.6,179.0,13.8,0.75,176.0,7.0,108.0,17.94,8.0,8.0,720.0,1.0,7.0,5.0,2.0,,2.0,1.0,9.0,1.0,2.0,3.0,0
140919.0,67.0,,25.1,83.0,116.0,73.0,173.0,68.0,5.3,0.44,141.0,4.7,10.8,250.0,15.5,0.77,54.0,3.4,89.0,4.08,8.0,10.0,360.0,2.0,4.0,4.0,1.0,3.0,2.0,2.0,2.0,,2.0,2.0,0
140920.0,41.0,3.78,39.8,120.5,115.0,78.0,247.0,47.0,5.3,1.15,136.0,6.1,13.6,341.0,13.6,1.29,137.0,5.9,90.0,9.65,8.5,8.0,240.0,2.0,3.0,5.0,2.0,,2.0,2.0,1.0,,2.0,3.0,0
140924.0,60.0,5.0,28.5,108.4,127.0,79.0,251.0,48.0,5.4,2.53,142.0,9.2,15.5,251.0,13.7,1.0,197.0,5.5,113.0,4.04,7.5,9.5,180.0,1.0,3.0,4.0,2.0,,2.0,2.0,2.0,,2.0,1.0,0
140925.0,54.0,1.03,39.6,129.0,142.0,103.0,145.0,49.0,6.2,16.39,142.0,8.2,11.8,195.0,16.0,0.88,126.0,6.0,93.0,4.64,7.0,8.0,300.0,2.0,4.0,4.0,2.0,,2.0,1.0,2.0,1.0,2.0,5.0,0
140928.0,80.0,2.28,24.6,92.7,129.0,66.0,174.0,52.0,5.8,0.35,135.0,6.0,15.0,198.0,12.6,1.01,92.0,5.3,119.0,27.14,8.0,8.0,120.0,1.0,3.0,5.0,2.0,,2.0,1.0,1.0,1.0,1.0,4.0,0
140930.0,26.0,3.6,28.7,91.5,128.0,72.0,190.0,56.0,5.2,1.34,139.0,4.0,15.6,145.0,12.6,1.01,96.0,4.6,84.0,3.07,7.5,8.5,480.0,1.0,4.0,5.0,2.0,,2.0,2.0,2.0,,2.0,1.0,0
140931.0,66.0,5.0,33.8,110.8,152.0,80.0,190.0,61.0,5.3,4.08,143.0,4.9,10.4,172.0,15.5,1.2,88.0,6.4,88.0,38.1,9.0,10.0,720.0,2.0,3.0,3.0,1.0,3.0,2.0,1.0,2.0,2.0,2.0,3.0,0
140934.0,64.0,5.0,33.2,113.8,128.0,78.0,115.0,48.0,7.9,1.3,137.0,9.5,15.6,238.0,14.1,0.68,169.0,4.3,191.0,973.33,7.0,7.0,120.0,1.0,3.0,3.0,2.0,,1.0,1.0,1.0,1.0,1.0,3.0,1
140935.0,52.0,,40.5,125.0,127.0,95.0,242.0,53.0,5.7,14.09,142.0,10.0,14.8,402.0,12.6,0.71,124.0,3.0,102.0,7.54,7.5,7.5,480.0,2.0,3.0,4.0,2.0,,2.0,2.0,1.0,,2.0,4.0,0
140937.0,63.0,4.92,36.9,129.7,113.0,67.0,245.0,29.0,11.9,5.1,133.0,8.0,15.4,279.0,14.1,1.2,532.0,7.1,335.0,23.24,6.0,6.0,300.0,1.0,3.0,4.0,2.0,,1.0,1.0,2.0,1.0,2.0,3.0,0
140942.0,55.0,1.8,26.7,95.8,123.0,61.0,244.0,71.0,5.8,1.38,140.0,5.6,13.7,290.0,13.3,0.72,98.0,3.1,89.0,7.5,8.5,9.0,90.0,2.0,3.0,4.0,1.0,3.0,2.0,2.0,1.0,,2.0,2.0,0
140945.0,76.0,5.0,30.4,108.3,133.0,89.0,151.0,43.0,6.0,1.56,139.0,5.9,12.4,325.0,13.8,1.16,71.0,4.9,96.0,5.48,7.5,7.5,420.0,1.0,3.0,5.0,1.0,3.0,2.0,2.0,2.0,,2.0,2.0,0
140946.0,56.0,5.0,31.2,115.1,130.0,79.0,255.0,58.0,5.2,0.74,138.0,4.3,14.7,216.0,12.7,0.99,127.0,6.4,96.0,6.26,9.0,9.5,720.0,1.0,3.0,5.0,1.0,2.0,2.0,1.0,1.0,2.0,2.0,3.0,0
140947.0,50.0,3.69,26.8,83.3,102.0,68.0,142.0,39.0,5.1,4.79,140.0,4.1,12.8,191.0,14.5,0.68,88.0,3.3,89.0,11.11,7.0,8.0,240.0,2.0,1.0,4.0,2.0,,2.0,2.0,2.0,,2.0,2.0,0
140950.0,25.0,2.47,28.5,90.3,119.0,73.0,235.0,58.0,4.8,7.64,141.0,8.6,14.0,264.0,12.9,0.74,118.0,4.0,92.0,30.28,8.0,9.5,300.0,2.0,3.0,5.0,2.0,,2.0,2.0,2.0,,2.0,2.0,0
140953.0,40.0,0.43,22.4,81.0,107.0,68.0,132.0,60.0,5.8,3.16,139.0,5.8,13.0,210.0,14.1,0.68,73.0,3.7,83.0,7.79,8.5,9.0,90.0,2.0,1.0,2.0,2.0,,2.0,2.0,2.0,,2.0,5.0,0
140956.0,28.0,3.43,24.5,85.0,123.0,73.0,198.0,56.0,5.5,0.53,138.0,6.0,15.1,233.0,12.8,0.95,38.0,6.5,95.0,12.28,8.5,9.0,360.0,1.0,3.0,3.0,2.0,,2.0,2.0,1.0,,1.0,2.0,0
140960.0,32.0,1.62,38.3,120.7,121.0,90.0,157.0,34.0,5.6,4.26,140.0,8.8,14.1,195.0,14.2,1.06,246.0,7.6,87.0,4.6,7.0,7.0,480.0,1.0,2.0,4.0,2.0,,2.0,2.0,2.0,,2.0,2.0,0
140961.0,68.0,3.53,36.6,109.6,118.0,69.0,212.0,43.0,5.4,0.64,139.0,7.8,12.6,265.0,13.4,0.74,208.0,5.2,89.0,8.69,6.0,9.0,600.0,2.0,3.0,5.0,2.0,,2.0,1.0,2.0,1.0,2.0,2.0,0
140964.0,79.0,1.99,36.8,,123.0,67.0,188.0,50.0,5.6,5.65,139.0,9.5,13.1,240.0,15.2,1.41,128.0,5.3,114.0,,9.0,9.0,720.0,1.0,3.0,2.0,1.0,1.0,2.0,2.0,2.0,,1.0,5.0,1
140968.0,34.0,1.66,33.5,115.1,112.0,86.0,170.0,44.0,5.9,4.99,143.0,7.6,14.6,377.0,13.0,0.76,140.0,7.2,97.0,0.7,8.0,7.0,720.0,2.0,3.0,4.0,1.0,3.0,1.0,2.0,2.0,,2.0,3.0,0
140970.0,66.0,2.43,27.9,108.2,138.0,68.0,135.0,50.0,5.1,1.61,139.0,7.5,15.2,196.0,13.8,0.94,273.0,7.5,97.0,24.49,3.0,6.0,60.0,1.0,3.0,2.0,1.0,1.0,2.0,1.0,1.0,1.0,1.0,2.0,0
140975.0,62.0,0.16,26.7,103.2,120.0,77.0,256.0,48.0,5.7,8.18,138.0,6.2,15.0,252.0,14.5,1.13,165.0,7.2,99.0,4.98,9.0,11.0,420.0,1.0,3.0,3.0,1.0,1.0,2.0,2.0,2.0,,2.0,2.0,0
140978.0,59.0,1.43,45.9,138.1,116.0,73.0,187.0,54.0,7.3,33.38,138.0,7.0,15.9,124.0,15.9,0.61,99.0,3.1,169.0,6.33,9.0,9.0,360.0,2.0,3.0,3.0,1.0,3.0,1.0,1.0,1.0,2.0,2.0,3.0,0
140980.0,63.0,5.0,26.3,103.2,134.0,71.0,124.0,47.0,6.1,1.1,140.0,4.2,13.6,228.0,14.0,0.79,68.0,6.0,105.0,6.32,6.0,6.5,300.0,1.0,4.0,5.0,2.0,,1.0,2.0,1.0,,1.0,3.0,0
140986.0,42.0,2.67,23.4,85.1,121.0,72.0,242.0,70.0,4.9,1.0,140.0,4.8,15.4,295.0,12.7,1.06,115.0,6.1,91.0,3.9,7.0,4.0,120.0,1.0,3.0,5.0,1.0,3.0,2.0,2.0,2.0,,2.0,2.0,0
140987.0,70.0,,30.5,113.4,106.0,53.0,196.0,50.0,7.3,2.77,137.0,7.9,13.8,208.0,13.3,0.9,181.0,5.8,160.0,7.97,8.0,9.0,360.0,1.0,3.0,2.0,1.0,1.0,1.0,2.0,1.0,,1.0,3.0,1
140989.0,43.0,0.58,21.2,75.7,147.0,90.0,182.0,57.0,4.8,8.26,140.0,10.1,12.5,276.0,12.7,0.49,104.0,4.3,80.0,22.65,10.0,10.0,300.0,2.0,6.0,2.0,2.0,,2.0,1.0,2.0,2.0,2.0,3.0,0
140991.0,42.0,,18.9,71.9,109.0,66.0,169.0,56.0,5.5,0.15,143.0,6.9,12.5,240.0,12.9,0.69,42.0,2.8,103.0,8.79,7.0,7.5,300.0,2.0,3.0,2.0,2.0,,2.0,2.0,2.0,,2.0,4.0,0
140992.0,80.0,1.75,43.1,131.9,119.0,63.0,161.0,41.0,8.1,1.64,140.0,9.4,13.3,201.0,14.1,0.96,339.0,6.9,119.0,0.78,7.5,7.5,600.0,2.0,3.0,4.0,1.0,3.0,1.0,2.0,1.0,,1.0,2.0,1
140995.0,41.0,0.06,29.0,95.0,108.0,60.0,228.0,77.0,5.4,10.7,139.0,6.7,12.7,307.0,12.3,0.71,107.0,3.6,79.0,11.49,8.0,11.0,120.0,2.0,3.0,5.0,2.0,,2.0,1.0,2.0,1.0,2.0,4.0,0
140996.0,73.0,2.28,30.1,117.2,134.0,77.0,204.0,42.0,6.7,4.79,140.0,10.8,16.8,269.0,13.7,1.37,237.0,7.3,79.0,10.58,9.0,9.0,600.0,1.0,3.0,3.0,1.0,3.0,3.0,1.0,1.0,1.0,1.0,3.0,0
140997.0,52.0,2.31,38.3,125.7,109.0,71.0,248.0,47.0,5.3,5.69,141.0,7.6,14.4,268.0,13.7,0.83,285.0,6.6,89.0,6.39,7.5,8.5,540.0,2.0,3.0,5.0,2.0,,2.0,2.0,2.0,,2.0,3.0,0
141001.0,32.0,0.13,31.1,112.0,115.0,75.0,207.0,48.0,4.9,1.4,138.0,7.5,14.7,185.0,12.7,0.87,205.0,4.2,81.0,6.84,9.0,9.0,720.0,2.0,3.0,3.0,1.0,3.0,2.0,2.0,2.0,,2.0,3.0,0
141003.0,30.0,5.0,41.8,128.2,98.0,70.0,275.0,48.0,5.4,7.97,137.0,7.3,13.2,275.0,13.6,0.81,175.0,5.4,93.0,3.79,7.0,9.0,840.0,2.0,3.0,5.0,1.0,3.0,2.0,2.0,1.0,,2.0,4.0,0
141006.0,80.0,3.82,24.0,95.6,169.0,88.0,186.0,83.0,5.1,0.96,140.0,4.4,11.6,143.0,14.3,0.82,75.0,5.1,94.0,18.13,7.5,8.0,480.0,1.0,3.0,3.0,2.0,,2.0,2.0,2.0,,2.0,3.0,0
141010.0,72.0,3.28,28.9,100.5,121.0,72.0,95.0,52.0,6.2,0.26,142.0,6.3,14.5,177.0,14.8,1.14,43.0,6.2,88.0,10.39,10.0,10.0,300.0,1.0,2.0,4.0,1.0,3.0,1.0,2.0,2.0,,2.0,1.0,0
141011.0,61.0,,25.4,85.9,120.0,70.0,194.0,63.0,5.6,8.95,141.0,10.4,11.3,318.0,15.0,0.89,84.0,2.8,91.0,7.07,7.0,7.0,120.0,2.0,2.0,5.0,1.0,3.0,2.0,2.0,2.0,,2.0,4.0,0
141012.0,36.0,5.0,23.3,78.0,118.0,67.0,178.0,60.0,5.3,0.27,141.0,7.2,13.2,207.0,12.9,0.95,65.0,4.5,88.0,3.62,8.0,8.0,600.0,1.0,3.0,5.0,2.0,,2.0,2.0,2.0,,2.0,1.0,0
141014.0,61.0,5.0,24.7,95.9,122.0,79.0,189.0,49.0,5.2,0.44,141.0,4.5,14.0,177.0,13.4,1.07,66.0,6.3,89.0,3.84,9.0,9.0,240.0,1.0,3.0,5.0,2.0,,2.0,2.0,2.0,,2.0,1.0,0
141021.0,54.0,1.23,25.6,88.5,138.0,86.0,225.0,40.0,5.3,0.64,139.0,4.6,14.3,200.0,13.1,1.13,290.0,5.7,111.0,6.6,7.0,7.0,840.0,1.0,3.0,4.0,2.0,,2.0,1.0,1.0,2.0,2.0,3.0,0
141024.0,49.0,5.0,32.7,105.0,158.0,95.0,142.0,22.0,5.4,1.58,139.0,8.6,15.5,210.0,12.7,1.26,1364.0,6.3,69.0,19.84,8.0,8.0,240.0,1.0,3.0,4.0,1.0,1.0,2.0,1.0,1.0,2.0,1.0,2.0,1
141027.0,59.0,5.0,28.1,94.2,132.0,75.0,203.0,66.0,5.6,0.88,137.0,5.5,15.6,205.0,13.7,0.92,105.0,5.0,85.0,4.47,8.5,9.0,240.0,1.0,3.0,3.0,1.0,3.0,2.0,2.0,1.0,,1.0,2.0,0
141028.0,59.0,0.29,30.2,103.4,129.0,86.0,230.0,52.0,8.2,7.07,139.0,8.0,13.8,246.0,15.8,0.45,118.0,2.7,129.0,14.29,8.5,10.0,120.0,2.0,6.0,2.0,2.0,,1.0,1.0,1.0,1.0,1.0,3.0,0
141031.0,49.0,5.0,30.1,98.5,122.0,91.0,170.0,40.0,6.3,0.85,140.0,6.5,14.1,198.0,14.1,1.14,253.0,5.8,99.0,3.03,7.0,8.0,600.0,1.0,4.0,5.0,2.0,,2.0,2.0,1.0,,1.0,3.0,0
141032.0,45.0,5.0,24.2,84.0,117.0,65.0,217.0,67.0,4.6,0.6,141.0,3.0,14.2,194.0,11.6,1.0,68.0,5.1,82.0,4.17,9.0,8.0,600.0,1.0,3.0,5.0,1.0,3.0,2.0,2.0,1.0,,2.0,2.0,0
141033.0,70.0,,31.3,113.0,121.0,74.0,191.0,46.0,5.7,1.13,140.0,6.7,14.4,291.0,13.5,1.07,197.0,6.4,88.0,4.36,7.5,7.5,540.0,1.0,3.0,5.0,1.0,3.0,2.0,1.0,1.0,1.0,2.0,2.0,0
141039.0,80.0,4.46,22.4,90.5,157.0,78.0,153.0,59.0,5.8,0.56,138.0,5.3,13.0,164.0,13.1,0.71,80.0,4.8,88.0,39.0,6.0,6.0,360.0,2.0,7.0,5.0,2.0,,1.0,1.0,1.0,1.0,1.0,1.0,1
141040.0,28.0,3.31,38.2,129.9,131.0,92.0,166.0,45.0,5.6,6.44,138.0,6.0,15.7,164.0,13.5,1.0,113.0,8.0,123.0,4.92,6.0,8.0,720.0,1.0,3.0,4.0,1.0,2.0,2.0,2.0,2.0,,2.0,3.0,0
141041.0,55.0,0.43,30.7,99.4,112.0,68.0,278.0,45.0,5.7,4.58,137.0,6.2,13.6,285.0,13.3,0.74,156.0,4.9,93.0,8.79,9.0,9.0,120.0,2.0,1.0,4.0,2.0,,2.0,2.0,2.0,,2.0,2.0,0
141047.0,80.0,2.94,30.1,110.0,139.0,61.0,163.0,59.0,5.7,4.36,142.0,7.4,13.5,246.0,15.6,0.72,98.0,4.6,94.0,10.98,8.0,8.0,600.0,2.0,3.0,4.0,1.0,3.0,2.0,1.0,1.0,1.0,1.0,1.0,0
141048.0,60.0,1.1,23.5,85.9,122.0,78.0,171.0,44.0,5.1,4.95,140.0,4.7,11.3,223.0,12.5,0.81,126.0,4.7,72.0,5.5,,,180.0,2.0,3.0,3.0,1.0,1.0,2.0,2.0,2.0,,2.0,3.0,0
141049.0,61.0,2.57,22.2,76.8,144.0,83.0,184.0,64.0,5.7,0.92,141.0,6.5,14.5,240.0,16.4,0.91,65.0,6.1,93.0,6.74,7.0,9.0,120.0,1.0,6.0,4.0,1.0,1.0,2.0,2.0,2.0,,2.0,3.0,0
141050.0,62.0,5.0,33.6,117.3,150.0,82.0,208.0,61.0,5.3,2.68,137.0,5.2,16.3,271.0,13.1,0.74,95.0,4.5,97.0,6.94,7.5,7.5,360.0,1.0,3.0,3.0,2.0,,2.0,1.0,2.0,1.0,2.0,2.0,0
141051.0,68.0,3.3,38.0,127.0,127.0,81.0,226.0,44.0,5.9,0.94,137.0,4.5,14.6,214.0,14.3,0.76,187.0,5.9,98.0,6.98,7.5,9.0,210.0,1.0,3.0,3.0,1.0,3.0,2.0,2.0,1.0,,1.0,3.0,0
141058.0,42.0,5.0,26.3,88.2,108.0,63.0,253.0,53.0,4.7,1.36,144.0,5.2,14.7,196.0,12.5,1.13,72.0,5.8,88.0,3.17,7.5,7.5,600.0,1.0,4.0,5.0,2.0,,2.0,2.0,2.0,,2.0,1.0,0
141060.0,65.0,5.0,25.4,85.4,120.0,75.0,216.0,92.0,5.7,2.38,139.0,4.5,12.7,275.0,14.3,0.9,42.0,4.4,99.0,6.25,7.5,7.5,600.0,2.0,6.0,5.0,2.0,,2.0,2.0,2.0,,2.0,2.0,0
141061.0,44.0,2.85,23.7,86.2,107.0,67.0,149.0,47.0,4.9,0.29,139.0,4.7,13.5,248.0,12.5,0.71,48.0,4.8,89.0,6.14,7.0,10.5,120.0,2.0,3.0,5.0,2.0,,2.0,2.0,2.0,,2.0,1.0,0
141065.0,50.0,1.26,30.0,105.0,113.0,66.0,193.0,33.0,6.0,2.51,140.0,7.6,14.3,280.0,13.0,0.85,230.0,6.2,92.0,0.36,7.0,10.0,180.0,1.0,7.0,3.0,2.0,,2.0,2.0,2.0,,2.0,1.0,0
141066.0,74.0,5.0,28.7,105.4,107.0,63.0,107.0,48.0,5.9,0.3,140.0,6.5,15.1,213.0,13.5,0.92,91.0,5.0,109.0,20.68,7.0,7.0,180.0,1.0,3.0,5.0,1.0,3.0,2.0,2.0,2.0,,1.0,2.0,1
141068.0,75.0,4.42,27.3,97.1,155.0,72.0,148.0,53.0,6.2,0.5,140.0,6.4,13.4,276.0,14.8,0.82,118.0,5.7,123.0,141.63,9.0,9.0,360.0,2.0,4.0,4.0,2.0,,3.0,1.0,1.0,1.0,1.0,3.0,0
141071.0,42.0,2.06,27.4,100.5,114.0,75.0,221.0,41.0,5.4,0.82,142.0,5.7,16.0,265.0,14.1,0.98,214.0,6.3,90.0,3.99,7.0,7.0,60.0,1.0,1.0,4.0,1.0,3.0,2.0,2.0,2.0,,2.0,2.0,0
141073.0,72.0,1.78,22.9,88.4,142.0,81.0,152.0,68.0,8.7,0.27,138.0,6.6,15.0,228.0,13.0,0.78,88.0,3.9,113.0,50.17,6.0,6.0,240.0,1.0,3.0,4.0,1.0,1.0,1.0,1.0,1.0,1.0,2.0,3.0,0
141075.0,61.0,5.0,29.6,107.3,117.0,75.0,211.0,51.0,5.2,0.59,144.0,5.8,14.6,261.0,13.2,0.91,71.0,4.3,86.0,4.36,6.5,7.5,240.0,1.0,3.0,5.0,2.0,,2.0,2.0,1.0,,2.0,3.0,0
141077.0,58.0,3.02,43.1,127.2,100.0,54.0,117.0,42.0,5.3,3.12,143.0,6.9,14.5,176.0,13.2,1.34,113.0,7.3,113.0,7.05,5.0,5.0,300.0,1.0,3.0,4.0,2.0,,2.0,1.0,2.0,1.0,2.0,2.0,0
141079.0,77.0,2.02,26.9,99.5,113.0,64.0,154.0,48.0,6.0,1.09,144.0,4.9,11.5,241.0,14.9,0.61,141.0,4.2,101.0,12.97,9.5,9.5,240.0,2.0,3.0,3.0,1.0,3.0,1.0,2.0,1.0,,1.0,3.0,0
141081.0,70.0,1.23,31.9,111.7,97.0,59.0,205.0,54.0,6.0,0.66,141.0,3.8,12.7,167.0,14.9,1.1,104.0,4.4,125.0,4.8,8.5,8.0,360.0,1.0,3.0,5.0,2.0,,2.0,1.0,1.0,1.0,1.0,2.0,0
141085.0,80.0,2.32,39.7,129.1,169.0,61.0,119.0,37.0,6.9,6.67,143.0,7.0,15.1,144.0,14.5,1.37,148.0,5.5,123.0,158.85,5.0,6.0,300.0,1.0,3.0,3.0,1.0,3.0,1.0,1.0,1.0,1.0,1.0,4.0,1
141088.0,58.0,0.72,28.0,105.5,99.0,71.0,223.0,44.0,6.0,3.27,138.0,7.8,13.8,322.0,13.4,0.84,290.0,4.3,106.0,7.31,8.5,9.0,540.0,2.0,3.0,4.0,1.0,3.0,2.0,1.0,2.0,1.0,2.0,5.0,0
141089.0,54.0,1.42,21.9,87.8,122.0,79.0,200.0,59.0,6.7,0.84,137.0,6.3,12.2,333.0,12.8,0.73,302.0,3.3,136.0,14.63,12.0,12.0,30.0,2.0,6.0,1.0,2.0,,1.0,1.0,2.0,1.0,2.0,3.0,0
141093.0,22.0,0.88,19.8,69.3,112.0,62.0,135.0,48.0,4.6,0.23,139.0,8.2,12.7,270.0,12.4,0.88,78.0,5.8,83.0,5.9,12.0,9.0,300.0,1.0,6.0,3.0,2.0,,2.0,2.0,2.0,,2.0,4.0,0
141095.0,38.0,,24.0,81.0,122.0,79.0,176.0,41.0,5.3,13.37,138.0,8.8,12.9,255.0,12.4,0.55,209.0,3.7,88.0,9.44,8.5,10.0,120.0,2.0,2.0,1.0,2.0,,2.0,2.0,2.0,,2.0,2.0,0
141096.0,34.0,,22.4,80.0,110.0,74.0,187.0,62.0,4.8,0.28,138.0,4.9,14.8,274.0,12.0,0.69,74.0,3.8,80.0,5.48,8.5,8.5,120.0,2.0,3.0,5.0,2.0,,2.0,2.0,2.0,,2.0,1.0,0
141097.0,60.0,5.0,29.6,100.7,125.0,82.0,229.0,48.0,5.7,5.0,138.0,6.9,14.5,223.0,14.1,0.74,241.0,5.4,102.0,0.66,7.5,7.5,540.0,2.0,3.0,5.0,1.0,3.0,2.0,1.0,1.0,1.0,2.0,3.0,0
141100.0,56.0,5.0,49.2,151.9,139.0,98.0,169.0,61.0,5.7,5.47,139.0,7.5,15.5,244.0,14.1,0.95,71.0,4.6,88.0,7.14,8.0,8.5,240.0,1.0,3.0,4.0,2.0,,2.0,1.0,1.0,1.0,1.0,2.0,0
141101.0,59.0,5.0,31.2,107.1,130.0,98.0,280.0,67.0,5.6,0.69,142.0,5.7,13.9,272.0,14.3,0.58,121.0,4.4,88.0,10.81,6.0,10.0,360.0,2.0,6.0,5.0,1.0,1.0,2.0,2.0,1.0,,1.0,4.0,0
141110.0,65.0,5.0,23.5,92.0,132.0,74.0,138.0,54.0,6.5,0.24,139.0,7.3,11.4,220.0,13.2,1.12,159.0,5.4,86.0,143.5,7.0,7.5,300.0,2.0,3.0,4.0,1.0,3.0,1.0,1.0,1.0,2.0,2.0,3.0,0
141113.0,49.0,3.06,25.7,89.6,130.0,89.0,170.0,69.0,5.3,1.12,139.0,6.2,11.9,293.0,14.7,1.35,67.0,6.3,85.0,3.27,7.5,7.5,120.0,1.0,7.0,5.0,2.0,,2.0,1.0,2.0,2.0,2.0,3.0,0
141114.0,65.0,1.06,25.9,99.5,102.0,57.0,214.0,34.0,6.6,2.58,138.0,7.8,17.3,316.0,13.9,0.91,314.0,4.7,147.0,10.52,7.0,7.0,600.0,1.0,2.0,3.0,1.0,1.0,1.0,1.0,1.0,1.0,1.0,4.0,0
141115.0,33.0,,24.3,86.4,102.0,56.0,201.0,59.0,5.5,1.9,139.0,5.8,12.4,296.0,12.8,0.5,189.0,4.3,100.0,13.87,8.0,9.0,180.0,2.0,3.0,5.0,2.0,,2.0,2.0,2.0,,2.0,2.0,0
141116.0,53.0,1.03,28.6,96.9,105.0,72.0,148.0,42.0,5.4,0.77,141.0,3.3,13.3,173.0,12.8,0.69,82.0,4.2,101.0,4.24,10.0,12.0,40.0,2.0,2.0,1.0,1.0,3.0,2.0,2.0,2.0,,2.0,4.0,0
141117.0,34.0,0.75,38.1,117.3,105.0,76.0,184.0,44.0,5.5,7.81,138.0,8.7,11.7,322.0,14.1,0.74,106.0,5.0,100.0,3.58,6.0,3.0,300.0,2.0,2.0,3.0,2.0,,2.0,2.0,2.0,,2.0,4.0,0
141120.0,53.0,1.52,18.3,67.6,152.0,91.0,173.0,62.0,5.9,0.51,140.0,4.7,13.4,210.0,14.0,0.9,81.0,4.1,87.0,47.33,7.0,11.0,240.0,1.0,4.0,3.0,2.0,,2.0,2.0,2.0,,2.0,1.0,0
141121.0,30.0,2.35,27.1,94.7,111.0,54.0,110.0,39.0,5.0,1.47,139.0,7.7,14.9,162.0,13.6,0.9,88.0,5.0,91.0,4.25,3.0,8.0,240.0,1.0,3.0,4.0,1.0,1.0,2.0,2.0,2.0,,2.0,2.0,0
141122.0,46.0,5.0,29.2,105.3,126.0,85.0,237.0,57.0,5.5,1.68,142.0,5.7,14.6,265.0,13.6,0.94,94.0,6.0,96.0,13.35,8.0,8.0,360.0,1.0,3.0,5.0,2.0,,2.0,2.0,1.0,,2.0,2.0,0
141123.0,54.0,0.03,18.1,81.7,100.0,55.0,122.0,41.0,8.3,0.27,135.0,8.3,11.7,413.0,12.5,1.37,234.0,5.7,134.0,7.98,8.0,7.0,15.0,2.0,3.0,3.0,2.0,,1.0,2.0,2.0,,1.0,3.0,0
141126.0,55.0,1.01,22.2,80.1,117.0,67.0,178.0,72.0,6.1,0.49,134.0,7.2,10.8,312.0,13.5,0.55,83.0,5.0,86.0,1.17,6.0,6.5,600.0,2.0,6.0,5.0,2.0,,3.0,2.0,2.0,,2.0,3.0,0
141127.0,71.0,5.0,29.0,105.3,97.0,74.0,216.0,64.0,5.5,3.31,133.0,6.1,12.0,291.0,13.6,,113.0,,101.0,5.2,9.5,9.5,300.0,2.0,3.0,5.0,2.0,,2.0,2.0,2.0,,2.0,2.0,0
141129.0,61.0,1.47,21.7,92.7,111.0,75.0,198.0,68.0,5.4,0.66,142.0,4.0,15.9,171.0,12.7,0.81,61.0,7.3,104.0,42.43,6.5,6.5,600.0,1.0,3.0,5.0,2.0,,2.0,1.0,2.0,1.0,2.0,3.0,1
141133.0,55.0,5.0,26.5,103.9,171.0,111.0,211.0,51.0,4.9,0.62,141.0,5.8,15.3,219.0,13.3,1.16,225.0,6.0,99.0,7.13,8.0,7.5,240.0,1.0,3.0,5.0,2.0,,2.0,1.0,1.0,1.0,1.0,1.0,0
141134.0,70.0,0.88,22.0,88.4,170.0,84.0,175.0,73.0,6.7,10.84,137.0,3.7,11.5,150.0,14.7,1.11,63.0,4.6,94.0,29.14,7.5,10.0,300.0,1.0,4.0,4.0,1.0,3.0,2.0,1.0,1.0,1.0,1.0,2.0,0
141135.0,68.0,0.55,28.9,97.2,112.0,72.0,166.0,45.0,6.7,12.68,139.0,5.5,12.3,276.0,15.1,0.9,162.0,5.7,110.0,7.19,7.0,9.0,60.0,2.0,2.0,1.0,1.0,1.0,2.0,1.0,1.0,1.0,1.0,4.0,0
141136.0,28.0,,29.4,99.1,105.0,71.0,148.0,38.0,5.1,1.21,140.0,5.4,14.6,278.0,12.2,1.01,134.0,6.8,90.0,4.09,11.0,9.0,240.0,1.0,3.0,3.0,2.0,,2.0,2.0,2.0,,2.0,2.0,0
141139.0,30.0,,37.6,103.2,109.0,74.0,171.0,52.0,5.3,1.73,137.0,7.5,13.3,271.0,13.5,0.73,65.0,5.0,101.0,3.97,8.0,7.5,480.0,2.0,2.0,5.0,2.0,,2.0,2.0,2.0,,2.0,1.0,0
141141.0,51.0,,23.8,82.4,108.0,65.0,143.0,70.0,5.5,3.68,138.0,7.3,14.0,268.0,13.2,0.73,57.0,3.7,111.0,23.62,7.5,7.0,300.0,2.0,3.0,4.0,1.0,1.0,2.0,1.0,1.0,1.0,1.0,3.0,0
141144.0,80.0,,33.3,107.6,150.0,77.0,186.0,68.0,5.5,2.72,139.0,6.5,13.5,183.0,14.0,0.73,77.0,5.1,93.0,16.57,7.5,7.5,840.0,2.0,3.0,3.0,2.0,,2.0,1.0,1.0,1.0,1.0,2.0,0
141145.0,61.0,1.52,27.7,94.8,101.0,65.0,222.0,51.0,5.4,13.01,139.0,6.4,14.1,252.0,14.1,0.63,140.0,3.5,91.0,1.24,8.5,7.0,420.0,2.0,3.0,3.0,2.0,,2.0,2.0,2.0,,2.0,3.0,0
141146.0,29.0,1.04,24.7,84.8,109.0,62.0,127.0,45.0,5.2,1.3,141.0,4.8,12.8,148.0,13.8,0.68,50.0,4.7,94.0,14.07,8.0,9.5,180.0,2.0,1.0,3.0,2.0,,2.0,2.0,2.0,,2.0,2.0,0
141148.0,48.0,5.0,35.3,124.7,130.0,82.0,163.0,32.0,4.9,1.22,141.0,8.3,15.2,316.0,12.9,0.93,153.0,7.0,100.0,3.74,7.0,8.5,660.0,1.0,3.0,4.0,1.0,3.0,2.0,2.0,2.0,,2.0,2.0,0
141150.0,35.0,0.66,19.6,74.8,103.0,64.0,147.0,71.0,5.2,0.32,138.0,5.8,12.5,189.0,12.8,0.86,58.0,3.5,85.0,6.42,7.5,7.0,420.0,2.0,4.0,4.0,2.0,,2.0,2.0,2.0,,2.0,3.0,0
141151.0,52.0,2.92,30.2,107.4,123.0,83.0,168.0,38.0,5.7,1.15,140.0,13.0,15.5,265.0,13.6,0.97,164.0,6.4,82.0,7.85,8.0,10.0,600.0,1.0,3.0,5.0,2.0,,2.0,1.0,1.0,1.0,2.0,2.0,0
141159.0,71.0,5.0,23.5,98.9,162.0,96.0,159.0,90.0,4.8,4.48,144.0,6.6,12.8,248.0,16.1,0.73,77.0,5.8,85.0,,10.0,10.0,420.0,1.0,3.0,2.0,1.0,1.0,2.0,1.0,1.0,1.0,1.0,3.0,0
141165.0,58.0,5.0,26.9,91.9,106.0,61.0,255.0,53.0,5.0,1.05,141.0,5.2,13.5,219.0,12.8,0.6,199.0,4.0,79.0,0.75,7.5,8.0,300.0,2.0,3.0,5.0,2.0,,2.0,2.0,1.0,,2.0,2.0,0
141166.0,39.0,0.26,26.0,89.3,125.0,79.0,175.0,76.0,5.3,5.01,138.0,7.2,14.0,296.0,14.2,0.73,94.0,4.4,93.0,12.16,11.0,10.0,180.0,2.0,3.0,3.0,1.0,1.0,2.0,2.0,2.0,,2.0,3.0,0
141167.0,30.0,,19.3,72.0,123.0,78.0,146.0,51.0,5.4,0.43,142.0,4.9,15.2,270.0,14.0,0.97,56.0,4.9,86.0,3.49,7.0,8.0,720.0,1.0,2.0,4.0,1.0,1.0,2.0,2.0,2.0,,2.0,3.0,0
141168.0,34.0,0.93,30.9,100.4,167.0,105.0,253.0,73.0,5.8,4.62,137.0,4.8,13.0,187.0,15.3,0.74,93.0,4.5,83.0,69.98,7.0,6.0,60.0,2.0,4.0,3.0,2.0,,2.0,1.0,2.0,1.0,2.0,3.0,0
141170.0,70.0,5.0,32.9,121.5,106.0,68.0,129.0,48.0,5.6,3.92,144.0,5.3,14.2,135.0,13.8,1.02,73.0,8.3,80.0,8.64,4.0,4.5,780.0,1.0,3.0,5.0,2.0,,2.0,1.0,1.0,1.0,1.0,3.0,0
141172.0,29.0,2.43,27.7,101.0,125.0,69.0,172.0,62.0,5.1,2.22,139.0,7.3,14.5,225.0,13.6,0.55,98.0,4.4,84.0,1.05,5.5,6.0,480.0,2.0,1.0,5.0,1.0,2.0,2.0,1.0,2.0,2.0,2.0,3.0,0
141174.0,64.0,0.02,31.6,104.7,132.0,74.0,179.0,48.0,5.6,2.71,139.0,4.5,15.8,228.0,12.8,0.89,97.0,7.6,106.0,4.53,7.0,9.0,120.0,1.0,1.0,1.0,1.0,3.0,1.0,2.0,1.0,,2.0,3.0,0
141176.0,73.0,5.0,29.9,109.6,109.0,56.0,195.0,35.0,5.6,1.7,140.0,7.5,14.1,201.0,13.8,0.93,314.0,6.9,81.0,8.52,7.0,8.5,360.0,1.0,3.0,5.0,1.0,3.0,2.0,1.0,1.0,1.0,1.0,1.0,0
141177.0,70.0,4.88,29.2,106.5,158.0,77.0,269.0,72.0,5.4,0.17,139.0,5.4,13.4,281.0,13.9,0.9,88.0,3.0,89.0,13.08,4.5,4.5,240.0,2.0,3.0,5.0,1.0,3.0,2.0,2.0,2.0,,2.0,4.0,1
141178.0,59.0,5.0,31.2,103.9,114.0,82.0,252.0,80.0,6.3,2.73,140.0,5.6,14.3,352.0,16.0,0.85,106.0,5.5,110.0,0.47,8.5,9.0,480.0,2.0,3.0,5.0,2.0,,2.0,2.0,2.0,,2.0,2.0,0
141180.0,57.0,1.64,36.2,131.4,137.0,92.0,142.0,55.0,5.3,8.84,141.0,13.3,17.9,202.0,13.4,1.04,78.0,8.2,116.0,6.28,8.0,9.0,720.0,1.0,7.0,4.0,1.0,2.0,2.0,1.0,2.0,1.0,1.0,4.0,0
141183.0,30.0,5.0,22.1,76.2,112.0,72.0,122.0,54.0,4.7,0.46,139.0,6.4,13.2,269.0,12.2,0.66,88.0,3.5,71.0,14.86,8.5,8.0,300.0,2.0,2.0,5.0,2.0,,2.0,2.0,2.0,,2.0,2.0,0
141184.0,79.0,2.74,33.6,118.9,159.0,76.0,135.0,81.0,7.2,0.89,144.0,9.0,12.3,325.0,14.4,1.28,64.0,8.0,145.0,71.82,7.5,8.5,480.0,1.0,7.0,3.0,1.0,3.0,1.0,1.0,1.0,1.0,1.0,3.0,0
141186.0,71.0,0.92,41.7,125.4,130.0,67.0,119.0,48.0,6.2,1.66,139.0,16.0,13.0,154.0,17.0,0.97,217.0,4.0,119.0,9.24,7.5,7.5,480.0,2.0,3.0,3.0,2.0,,1.0,1.0,1.0,1.0,2.0,4.0,0
141187.0,74.0,5.0,31.6,119.9,161.0,107.0,199.0,40.0,5.7,0.48,144.0,7.0,14.7,184.0,14.9,1.12,151.0,5.8,100.0,10.99,7.5,7.0,240.0,1.0,3.0,3.0,1.0,3.0,2.0,1.0,2.0,1.0,2.0,2.0,0
141189.0,34.0,1.1,29.1,90.7,115.0,74.0,222.0,84.0,5.4,0.69,136.0,6.8,11.9,207.0,16.0,0.79,88.0,3.5,76.0,4.64,7.0,4.0,60.0,2.0,7.0,4.0,1.0,3.0,2.0,2.0,2.0,,2.0,2.0,0
141193.0,37.0,0.83,35.0,110.4,108.0,62.0,112.0,30.0,,2.99,137.0,14.1,12.2,383.0,18.2,,,8.9,115.0,224.68,7.0,7.0,480.0,1.0,2.0,1.0,2.0,,2.0,2.0,2.0,,2.0,4.0,0
141194.0,57.0,3.44,31.2,103.0,114.0,69.0,193.0,38.0,6.0,3.42,141.0,9.1,16.0,406.0,13.2,0.91,441.0,5.9,95.0,15.4,8.0,9.0,180.0,1.0,3.0,4.0,1.0,3.0,2.0,2.0,2.0,,2.0,1.0,0
141196.0,54.0,5.0,33.7,99.1,104.0,65.0,237.0,54.0,5.2,0.85,142.0,6.4,13.7,358.0,13.0,0.59,166.0,4.3,100.0,8.27,7.0,7.5,480.0,2.0,3.0,5.0,2.0,,2.0,1.0,2.0,1.0,2.0,3.0,0
141197.0,39.0,2.19,44.8,134.1,113.0,87.0,226.0,41.0,5.5,9.53,138.0,12.3,14.9,351.0,13.0,0.83,181.0,4.9,112.0,16.03,5.0,6.0,780.0,2.0,3.0,4.0,2.0,,1.0,2.0,2.0,,2.0,2.0,0
141199.0,68.0,,29.8,104.5,114.0,47.0,205.0,48.0,7.1,0.67,138.0,9.1,14.5,266.0,13.8,1.29,196.0,5.2,135.0,630.4,8.5,8.5,240.0,1.0,3.0,4.0,2.0,,1.0,1.0,1.0,1.0,2.0,3.0,1
141201.0,80.0,,,90.7,125.0,47.0,99.0,50.0,5.6,19.84,142.0,6.0,10.5,163.0,15.2,1.45,162.0,2.4,89.0,,8.0,8.0,480.0,1.0,3.0,2.0,1.0,1.0,2.0,1.0,2.0,1.0,2.0,4.0,1
141205.0,71.0,4.1,27.5,92.2,123.0,63.0,243.0,63.0,5.7,2.25,128.0,7.7,12.2,352.0,13.7,0.64,163.0,4.4,108.0,13.68,8.0,9.0,480.0,2.0,3.0,5.0,1.0,3.0,2.0,1.0,2.0,1.0,2.0,1.0,0
141208.0,59.0,5.0,26.2,97.4,118.0,73.0,221.0,39.0,5.4,0.41,139.0,6.5,15.3,266.0,13.0,0.74,211.0,6.3,96.0,14.18,7.0,7.0,240.0,1.0,3.0,4.0,1.0,3.0,2.0,2.0,1.0,,1.0,1.0,0
141210.0,80.0,2.58,24.9,102.6,123.0,71.0,135.0,43.0,6.5,0.9,143.0,6.1,14.3,195.0,14.8,0.83,175.0,5.0,86.0,6.31,9.0,9.5,240.0,1.0,3.0,5.0,1.0,3.0,3.0,1.0,1.0,1.0,1.0,2.0,1
141211.0,78.0,4.42,23.3,85.5,105.0,63.0,288.0,90.0,4.9,1.67,141.0,6.7,14.0,312.0,13.0,0.58,68.0,3.1,105.0,14.73,6.0,6.0,480.0,2.0,3.0,5.0,1.0,3.0,2.0,2.0,2.0,,2.0,1.0,0
141213.0,41.0,5.0,33.6,110.5,110.0,70.0,153.0,57.0,5.4,1.53,142.0,6.6,15.0,316.0,13.1,0.96,72.0,6.8,91.0,4.87,8.5,10.0,360.0,1.0,3.0,5.0,1.0,3.0,2.0,2.0,2.0,,2.0,2.0,0
141218.0,72.0,0.05,26.1,95.6,123.0,60.0,222.0,59.0,6.5,0.96,137.0,5.4,16.0,201.0,14.1,1.04,79.0,7.3,128.0,8.11,8.0,12.0,15.0,1.0,2.0,2.0,1.0,3.0,2.0,1.0,1.0,1.0,1.0,3.0,0
141225.0,67.0,0.63,36.2,111.8,162.0,90.0,195.0,75.0,6.1,8.22,139.0,8.0,12.9,214.0,16.7,0.62,98.0,4.2,104.0,455.74,7.5,12.0,360.0,2.0,3.0,1.0,2.0,,1.0,1.0,1.0,1.0,1.0,4.0,1
141227.0,50.0,0.57,40.0,123.3,104.0,81.0,119.0,60.0,6.1,15.37,136.0,10.5,11.5,454.0,14.6,0.66,91.0,3.7,122.0,3.88,10.5,11.0,300.0,2.0,3.0,4.0,2.0,,1.0,2.0,2.0,,2.0,4.0,0
141230.0,32.0,5.0,26.9,89.0,121.0,79.0,245.0,64.0,5.0,0.65,139.0,4.6,16.6,187.0,13.4,1.21,142.0,5.5,91.0,19.5,6.5,9.0,420.0,1.0,7.0,5.0,2.0,,2.0,2.0,2.0,,2.0,1.0,0
141232.0,53.0,1.13,26.7,99.0,115.0,73.0,232.0,47.0,6.2,1.41,138.0,6.6,12.1,267.0,14.9,1.09,314.0,6.0,96.0,9.52,7.5,9.0,480.0,1.0,2.0,3.0,2.0,,2.0,2.0,2.0,,1.0,2.0,0
141234.0,49.0,1.71,25.1,91.9,124.0,82.0,160.0,45.0,5.4,7.18,140.0,4.6,16.6,210.0,13.2,0.85,138.0,3.6,99.0,4.32,8.0,8.0,600.0,1.0,3.0,4.0,1.0,1.0,2.0,2.0,1.0,,2.0,3.0,0
141236.0,72.0,3.53,24.7,98.4,126.0,82.0,252.0,56.0,5.6,1.61,139.0,6.5,16.1,245.0,15.0,1.04,170.0,4.9,97.0,4.47,7.5,7.5,300.0,1.0,7.0,4.0,1.0,3.0,2.0,1.0,1.0,1.0,2.0,3.0,0
141238.0,50.0,,25.8,105.5,107.0,69.0,217.0,37.0,11.2,1.7,138.0,10.2,13.5,308.0,15.2,0.61,590.0,3.3,295.0,25.04,11.0,9.0,180.0,2.0,3.0,2.0,1.0,1.0,2.0,1.0,1.0,1.0,1.0,3.0,0
141247.0,55.0,4.59,31.7,121.1,127.0,89.0,207.0,88.0,5.6,0.63,142.0,6.3,12.4,222.0,13.0,0.91,83.0,6.3,89.0,4.97,3.0,3.0,360.0,2.0,4.0,5.0,2.0,,2.0,1.0,2.0,1.0,2.0,3.0,0
141249.0,45.0,2.5,27.8,104.2,119.0,95.0,208.0,48.0,5.1,1.17,140.0,9.5,14.4,244.0,14.2,0.79,136.0,3.7,93.0,6.31,9.5,11.0,9999.0,2.0,3.0,4.0,2.0,,2.0,2.0,2.0,,2.0,3.0,0
141250.0,69.0,,24.4,87.9,159.0,100.0,276.0,48.0,6.2,1.31,139.0,5.7,15.8,226.0,14.0,1.73,336.0,7.4,92.0,28.49,8.0,13.0,360.0,1.0,4.0,1.0,2.0,,2.0,1.0,1.0,1.0,1.0,1.0,0
141252.0,56.0,1.01,45.1,136.3,80.0,55.0,250.0,40.0,5.8,18.26,140.0,9.6,12.2,248.0,14.0,0.96,133.0,5.4,140.0,27.45,8.0,10.0,600.0,1.0,4.0,3.0,2.0,,1.0,1.0,1.0,2.0,2.0,3.0,0
141253.0,53.0,1.13,24.5,101.1,111.0,81.0,136.0,31.0,5.2,1.61,141.0,9.7,17.6,210.0,13.7,1.72,118.0,6.1,84.0,11.15,9.0,9.0,180.0,1.0,3.0,4.0,1.0,1.0,2.0,2.0,2.0,,2.0,2.0,1
141260.0,80.0,,31.7,120.8,121.0,81.0,187.0,49.0,5.6,1.45,142.0,4.8,15.4,224.0,14.5,1.32,159.0,5.7,100.0,7.31,7.0,7.0,360.0,1.0,3.0,5.0,2.0,,2.0,2.0,2.0,,2.0,2.0,0
141261.0,51.0,2.33,29.2,98.0,107.0,62.0,344.0,40.0,5.6,1.17,139.0,7.7,15.7,252.0,14.0,1.08,115.0,6.3,90.0,5.94,6.5,6.5,360.0,1.0,3.0,4.0,1.0,1.0,2.0,2.0,1.0,,2.0,3.0,1
141263.0,31.0,5.0,21.5,77.7,105.0,70.0,150.0,64.0,4.8,0.22,140.0,3.4,13.2,173.0,12.2,0.75,48.0,4.6,84.0,4.65,9.0,9.0,600.0,2.0,3.0,5.0,2.0,,2.0,2.0,2.0,,2.0,1.0,0
141264.0,50.0,2.47,29.4,103.5,127.0,87.0,233.0,50.0,6.3,12.17,141.0,13.4,13.5,255.0,14.5,0.63,116.0,2.8,110.0,8.38,6.0,9.0,240.0,2.0,2.0,4.0,1.0,3.0,2.0,1.0,1.0,1.0,1.0,4.0,1
141269.0,48.0,4.0,31.6,107.7,102.0,70.0,247.0,46.0,5.0,2.92,139.0,5.8,16.5,232.0,13.2,1.05,205.0,7.7,99.0,3.88,7.0,9.0,360.0,1.0,6.0,5.0,2.0,,2.0,1.0,1.0,1.0,2.0,2.0,0
141270.0,67.0,5.0,24.9,88.3,116.0,70.0,179.0,53.0,5.7,0.89,140.0,4.7,13.1,224.0,12.8,0.79,90.0,3.6,82.0,5.24,7.5,7.5,180.0,2.0,3.0,5.0,2.0,,2.0,2.0,2.0,,2.0,2.0,0
141271.0,75.0,5.0,29.5,102.6,154.0,87.0,167.0,48.0,6.0,2.44,141.0,6.1,14.3,227.0,13.7,0.66,247.0,7.5,101.0,15.36,9.0,9.5,120.0,2.0,3.0,4.0,2.0,,2.0,1.0,1.0,1.0,1.0,2.0,0
141273.0,47.0,2.86,30.4,100.0,115.0,79.0,264.0,57.0,5.0,4.64,139.0,11.7,13.7,401.0,12.9,0.8,129.0,3.6,78.0,12.0,7.5,8.5,300.0,2.0,3.0,5.0,2.0,,2.0,2.0,1.0,,2.0,2.0,0
141274.0,28.0,4.04,26.5,87.4,110.0,67.0,198.0,58.0,5.5,3.6,139.0,5.2,12.9,219.0,12.5,0.75,146.0,5.4,89.0,4.77,9.0,10.0,720.0,2.0,7.0,5.0,2.0,,2.0,2.0,2.0,,2.0,2.0,0
141275.0,61.0,3.6,24.2,82.1,128.0,73.0,256.0,106.0,6.0,0.92,142.0,4.3,13.0,133.0,13.2,0.95,57.0,4.5,97.0,5.88,7.0,9.0,480.0,2.0,4.0,5.0,2.0,,2.0,1.0,1.0,1.0,2.0,2.0,0
141276.0,31.0,5.0,28.7,102.4,118.0,80.0,300.0,47.0,5.4,0.78,140.0,7.9,15.6,346.0,12.9,1.13,614.0,6.1,122.0,5.01,7.5,9.5,360.0,1.0,3.0,5.0,2.0,,2.0,2.0,1.0,,2.0,3.0,0
141277.0,65.0,1.85,27.7,110.5,129.0,74.0,270.0,45.0,6.7,3.27,140.0,10.7,14.5,336.0,13.3,0.64,345.0,4.7,108.0,12.51,7.0,6.5,180.0,2.0,2.0,1.0,2.0,,1.0,1.0,1.0,1.0,1.0,4.0,0
141282.0,58.0,4.46,50.5,157.4,122.0,78.0,158.0,36.0,6.7,2.66,141.0,5.4,15.2,274.0,13.7,0.8,84.0,6.5,123.0,12.08,7.0,7.5,180.0,1.0,3.0,5.0,2.0,,1.0,1.0,2.0,1.0,2.0,3.0,0
141283.0,61.0,5.0,30.8,107.8,121.0,80.0,166.0,66.0,4.9,3.59,142.0,5.8,13.9,264.0,13.1,0.63,196.0,5.1,78.0,6.01,10.0,9.0,540.0,2.0,3.0,4.0,1.0,1.0,2.0,2.0,2.0,,2.0,3.0,0
141285.0,38.0,5.0,26.9,90.4,100.0,69.0,158.0,58.0,5.0,1.71,139.0,6.4,13.2,348.0,13.3,0.8,88.0,3.1,102.0,4.05,7.0,10.0,600.0,2.0,3.0,5.0,1.0,3.0,2.0,2.0,2.0,,2.0,3.0,0
141287.0,71.0,2.18,26.9,,153.0,84.0,230.0,78.0,5.5,1.63,142.0,5.6,15.2,213.0,14.8,0.95,57.0,6.2,100.0,16.68,10.5,10.5,300.0,1.0,6.0,2.0,2.0,,2.0,2.0,1.0,,2.0,2.0,0
141289.0,80.0,1.91,23.1,96.0,95.0,39.0,155.0,46.0,5.8,1.27,142.0,5.3,13.0,221.0,14.4,1.15,112.0,4.7,84.0,11.3,8.5,8.5,120.0,1.0,3.0,5.0,2.0,,2.0,2.0,1.0,,1.0,3.0,0
141290.0,62.0,5.0,27.0,102.8,117.0,78.0,256.0,56.0,5.5,0.9,138.0,4.5,15.1,212.0,13.4,1.05,144.0,6.1,100.0,0.22,6.0,6.0,480.0,1.0,3.0,4.0,2.0,,2.0,1.0,1.0,1.0,2.0,3.0,0
141293.0,23.0,4.67,20.2,76.8,129.0,70.0,146.0,44.0,4.8,1.12,139.0,5.3,15.5,195.0,12.3,0.82,87.0,4.7,90.0,5.13,10.0,9.0,720.0,1.0,3.0,3.0,2.0,,2.0,2.0,2.0,,2.0,3.0,0
141294.0,68.0,4.1,23.3,90.4,175.0,68.0,121.0,72.0,5.7,2.64,143.0,11.6,12.7,323.0,17.2,0.79,43.0,2.9,79.0,20.98,7.5,6.0,300.0,2.0,4.0,5.0,1.0,3.0,2.0,1.0,1.0,1.0,1.0,3.0,0
141295.0,61.0,1.03,22.9,83.0,110.0,76.0,205.0,72.0,5.3,4.35,143.0,5.9,13.3,319.0,12.7,0.71,80.0,3.6,92.0,7.29,9.5,10.0,480.0,2.0,3.0,4.0,1.0,1.0,2.0,1.0,1.0,1.0,1.0,5.0,0
141296.0,50.0,5.0,36.6,110.9,136.0,90.0,189.0,57.0,4.9,3.08,139.0,4.4,14.2,219.0,13.8,0.92,137.0,6.0,94.0,3.9,7.0,8.5,600.0,2.0,3.0,5.0,1.0,3.0,2.0,2.0,1.0,,2.0,3.0,0
141297.0,33.0,5.0,29.0,97.9,105.0,63.0,156.0,42.0,5.3,0.58,141.0,5.5,14.6,258.0,13.3,1.19,78.0,5.2,91.0,4.76,7.5,8.0,480.0,1.0,3.0,4.0,1.0,3.0,2.0,1.0,2.0,2.0,2.0,2.0,0
141298.0,49.0,1.31,21.6,73.9,118.0,75.0,147.0,46.0,4.6,0.32,142.0,4.7,14.5,136.0,13.8,1.18,66.0,5.3,101.0,2.9,5.5,9.0,180.0,1.0,4.0,4.0,1.0,1.0,2.0,2.0,2.0,,2.0,4.0,0
141300.0,31.0,5.0,29.7,,103.0,67.0,221.0,61.0,4.5,6.14,138.0,8.3,12.5,213.0,13.0,0.49,135.0,2.7,83.0,5.19,9.0,9.0,360.0,2.0,3.0,5.0,2.0,,2.0,2.0,2.0,,2.0,2.0,0
141301.0,70.0,,36.7,116.0,157.0,65.0,178.0,50.0,6.2,3.39,137.0,4.0,12.9,170.0,13.5,1.0,219.0,8.4,150.0,15.55,7.5,7.5,240.0,2.0,2.0,4.0,1.0,3.0,1.0,1.0,1.0,1.0,2.0,4.0,1
141302.0,77.0,2.86,27.8,98.9,140.0,83.0,149.0,58.0,6.3,0.77,141.0,5.7,13.2,259.0,13.5,0.66,77.0,5.2,114.0,9.06,8.0,8.0,120.0,2.0,3.0,5.0,2.0,,2.0,2.0,1.0,,1.0,3.0,1
141303.0,62.0,2.92,34.4,128.7,132.0,69.0,114.0,43.0,7.7,3.19,141.0,7.7,11.8,249.0,14.3,0.84,172.0,4.8,115.0,44.18,5.5,11.0,420.0,1.0,3.0,4.0,2.0,,1.0,1.0,2.0,1.0,1.0,3.0,1
141305.0,71.0,,26.8,102.1,92.0,62.0,204.0,48.0,5.7,1.59,139.0,5.9,12.8,215.0,13.5,1.18,117.0,6.4,103.0,8.52,8.0,8.0,180.0,1.0,3.0,5.0,1.0,3.0,2.0,2.0,2.0,,2.0,1.0,0
141306.0,45.0,0.11,29.7,108.0,141.0,90.0,209.0,40.0,6.0,1.8,140.0,4.7,14.5,217.0,14.2,1.11,293.0,5.1,89.0,3.24,9.0,8.0,240.0,1.0,4.0,2.0,1.0,1.0,2.0,1.0,1.0,1.0,1.0,1.0,0
141307.0,66.0,3.22,27.5,102.5,144.0,81.0,264.0,57.0,5.2,1.23,141.0,4.5,14.5,243.0,12.7,0.69,130.0,4.1,96.0,7.47,9.0,9.0,600.0,2.0,3.0,5.0,2.0,,2.0,1.0,2.0,2.0,2.0,3.0,0
141309.0,55.0,5.0,29.0,102.0,119.0,77.0,207.0,60.0,5.4,2.89,139.0,4.4,15.2,170.0,13.5,0.95,57.0,6.2,120.0,7.33,7.5,7.5,480.0,1.0,3.0,4.0,2.0,,2.0,2.0,1.0,,2.0,3.0,0
141311.0,74.0,2.18,22.9,99.0,150.0,69.0,173.0,64.0,5.4,0.56,142.0,4.7,12.6,239.0,12.9,0.75,78.0,3.6,91.0,14.98,9.0,9.0,180.0,2.0,3.0,3.0,2.0,,2.0,1.0,1.0,1.0,1.0,3.0,0
141312.0,63.0,1.94,42.2,119.2,119.0,85.0,154.0,37.0,8.4,3.92,138.0,10.5,16.6,253.0,12.8,0.46,172.0,5.0,196.0,8.31,9.5,9.0,300.0,2.0,3.0,5.0,1.0,1.0,1.0,1.0,2.0,1.0,1.0,4.0,0
141315.0,47.0,1.52,43.6,131.5,82.0,48.0,180.0,40.0,6.8,1.97,141.0,9.2,15.1,261.0,14.0,1.36,305.0,8.3,123.0,11.26,5.0,5.0,480.0,2.0,3.0,4.0,1.0,1.0,1.0,1.0,1.0,1.0,1.0,4.0,1
141317.0,61.0,,34.6,120.8,126.0,80.0,120.0,35.0,9.1,7.99,142.0,6.3,13.5,213.0,14.0,0.75,96.0,4.4,164.0,13.43,12.5,12.5,360.0,2.0,3.0,1.0,2.0,,1.0,1.0,1.0,1.0,1.0,4.0,0
141319.0,24.0,2.85,33.6,97.2,126.0,64.0,137.0,62.0,5.4,8.6,139.0,9.4,8.9,246.0,17.8,0.43,74.0,3.8,83.0,0.5,8.5,9.0,600.0,2.0,1.0,3.0,2.0,,2.0,2.0,2.0,,2.0,3.0,0
141323.0,71.0,4.42,46.3,154.6,109.0,62.0,122.0,49.0,5.3,0.55,140.0,6.9,15.4,181.0,14.3,1.24,74.0,5.5,90.0,12.06,8.0,8.0,600.0,1.0,3.0,5.0,1.0,3.0,2.0,1.0,1.0,1.0,1.0,3.0,0
141324.0,26.0,3.69,36.9,104.5,129.0,90.0,97.0,40.0,4.6,3.6,137.0,8.1,13.6,233.0,13.2,0.58,84.0,4.2,94.0,21.27,8.0,8.0,600.0,2.0,3.0,4.0,2.0,,2.0,2.0,2.0,,2.0,3.0,0
141325.0,30.0,1.14,29.5,97.6,125.0,88.0,183.0,48.0,5.5,18.67,140.0,7.2,10.9,494.0,16.3,0.74,185.0,6.0,79.0,101.59,10.0,8.5,720.0,2.0,4.0,4.0,2.0,,2.0,1.0,2.0,1.0,2.0,2.0,0
141328.0,61.0,5.0,22.6,69.6,115.0,67.0,236.0,97.0,5.6,0.5,142.0,3.7,14.5,198.0,13.0,0.76,120.0,2.6,88.0,8.65,7.0,7.5,150.0,2.0,2.0,5.0,1.0,3.0,2.0,2.0,2.0,,2.0,1.0,0
141329.0,32.0,5.0,22.9,82.2,132.0,80.0,177.0,58.0,5.0,0.43,142.0,9.1,14.2,313.0,12.3,1.03,77.0,6.0,99.0,0.5,7.0,8.5,720.0,1.0,3.0,5.0,2.0,,2.0,2.0,2.0,,2.0,2.0,0
141330.0,61.0,3.47,31.8,114.5,127.0,75.0,159.0,53.0,5.9,0.98,137.0,6.2,15.8,172.0,13.2,1.15,85.0,4.9,96.0,2.88,8.0,8.0,360.0,1.0,3.0,5.0,2.0,,2.0,1.0,1.0,1.0,1.0,1.0,0
141334.0,79.0,,28.1,109.3,106.0,63.0,147.0,33.0,6.3,0.75,141.0,6.0,15.4,189.0,14.2,1.43,248.0,7.2,108.0,9.28,8.5,8.5,300.0,1.0,3.0,5.0,2.0,,2.0,1.0,1.0,1.0,1.0,3.0,0
141335.0,71.0,5.0,26.3,103.0,126.0,74.0,189.0,90.0,5.6,0.98,139.0,5.2,13.7,232.0,13.7,0.85,55.0,4.5,90.0,4.85,9.0,9.0,480.0,2.0,3.0,5.0,1.0,3.0,2.0,2.0,1.0,,1.0,1.0,0
141337.0,32.0,0.52,31.2,103.8,115.0,87.0,175.0,35.0,4.8,0.74,141.0,5.4,16.1,220.0,13.0,1.06,149.0,4.9,87.0,17.79,7.5,7.5,240.0,2.0,3.0,2.0,1.0,1.0,2.0,2.0,2.0,,2.0,4.0,0
141345.0,31.0,0.94,25.8,87.5,108.0,76.0,126.0,54.0,5.7,0.87,139.0,5.5,13.8,206.0,12.9,0.63,81.0,3.9,87.0,4.32,9.0,9.0,480.0,2.0,4.0,2.0,2.0,,2.0,2.0,2.0,,2.0,1.0,0
141347.0,39.0,,27.6,73.0,108.0,73.0,162.0,67.0,5.3,0.74,138.0,5.9,10.3,219.0,15.5,0.74,70.0,4.1,92.0,5.62,5.5,9.0,60.0,2.0,2.0,1.0,2.0,,2.0,2.0,2.0,,2.0,3.0,0
141349.0,74.0,2.03,28.2,109.8,148.0,80.0,162.0,39.0,7.4,2.63,140.0,5.3,13.4,150.0,14.9,1.41,111.0,4.4,121.0,25.5,9.0,9.0,300.0,1.0,3.0,4.0,1.0,3.0,1.0,1.0,1.0,1.0,1.0,4.0,0
141353.0,56.0,2.13,37.7,112.5,114.0,76.0,229.0,39.0,5.6,4.86,140.0,5.5,14.6,244.0,13.1,0.86,137.0,6.9,111.0,6.19,9.0,10.0,240.0,2.0,1.0,3.0,2.0,,2.0,2.0,2.0,,2.0,1.0,0
141354.0,69.0,1.61,19.2,76.5,124.0,61.0,293.0,98.0,5.7,0.72,137.0,7.8,14.2,346.0,14.1,0.68,102.0,4.5,85.0,56.8,9.0,9.0,480.0,2.0,3.0,3.0,1.0,2.0,2.0,1.0,2.0,1.0,2.0,5.0,0
141357.0,71.0,,22.4,84.7,130.0,63.0,102.0,30.0,6.9,0.2,142.0,8.2,14.0,198.0,14.4,1.13,438.0,5.0,128.0,12.12,5.0,6.0,120.0,1.0,7.0,4.0,1.0,3.0,1.0,1.0,1.0,1.0,1.0,3.0,0
141358.0,67.0,,27.6,90.5,125.0,78.0,217.0,58.0,5.5,3.9,,7.5,15.3,341.0,13.0,,,,,10.83,8.0,8.0,90.0,2.0,3.0,4.0,2.0,,2.0,2.0,1.0,,2.0,2.0,0
141362.0,42.0,2.03,24.6,100.6,126.0,86.0,206.0,46.0,4.9,15.15,140.0,9.2,15.9,362.0,12.6,1.09,192.0,5.3,95.0,5.36,8.5,8.5,480.0,1.0,3.0,4.0,1.0,2.0,2.0,2.0,2.0,,2.0,3.0,0
141365.0,72.0,5.0,35.0,112.9,144.0,91.0,274.0,81.0,5.9,4.44,138.0,15.0,12.0,502.0,14.4,0.79,103.0,4.5,93.0,11.53,7.0,7.5,120.0,2.0,3.0,5.0,1.0,3.0,2.0,2.0,1.0,,1.0,3.0,0
141366.0,53.0,5.0,25.6,93.2,122.0,84.0,212.0,37.0,5.6,2.25,147.0,9.0,13.9,180.0,13.5,0.97,543.0,5.7,91.0,8.52,7.5,9.0,180.0,1.0,6.0,5.0,2.0,,2.0,1.0,1.0,2.0,1.0,3.0,0
141368.0,48.0,1.85,25.7,98.2,123.0,79.0,287.0,39.0,5.6,4.75,140.0,11.0,15.3,292.0,13.6,1.1,485.0,5.0,84.0,28.92,7.5,10.0,420.0,1.0,4.0,4.0,2.0,,2.0,2.0,2.0,,2.0,1.0,0
141372.0,68.0,2.4,31.2,108.0,118.0,70.0,238.0,75.0,5.1,0.78,133.0,4.5,14.0,271.0,13.2,0.74,77.0,4.2,91.0,9.73,8.0,8.0,480.0,1.0,3.0,4.0,1.0,3.0,2.0,2.0,2.0,,2.0,2.0,0
141374.0,30.0,0.58,25.8,89.9,112.0,76.0,198.0,73.0,5.3,0.69,139.0,9.7,14.1,278.0,12.9,0.77,65.0,3.3,88.0,4.34,7.5,8.0,300.0,2.0,4.0,3.0,1.0,1.0,2.0,2.0,2.0,,2.0,2.0,0
141375.0,49.0,0.51,30.6,95.7,96.0,61.0,226.0,87.0,5.0,4.2,137.0,8.0,14.7,225.0,12.4,0.97,112.0,4.8,86.0,3.78,8.0,8.5,60.0,2.0,7.0,5.0,2.0,,2.0,2.0,2.0,,2.0,1.0,0
141378.0,35.0,2.7,31.1,108.4,113.0,79.0,194.0,56.0,5.4,0.98,139.0,6.9,15.1,280.0,13.4,1.15,68.0,7.2,88.0,3.48,7.5,7.5,60.0,1.0,2.0,3.0,2.0,,2.0,2.0,2.0,,2.0,1.0,0
141379.0,34.0,1.85,25.2,100.5,118.0,78.0,230.0,63.0,5.3,1.24,139.0,5.6,15.1,314.0,13.4,1.07,53.0,5.5,104.0,4.87,6.0,9.0,480.0,1.0,1.0,4.0,1.0,3.0,2.0,2.0,2.0,,2.0,2.0,0
141381.0,50.0,2.74,31.0,105.7,170.0,107.0,208.0,47.0,5.9,3.26,142.0,5.6,15.7,232.0,13.9,1.15,92.0,6.5,115.0,4.59,6.5,6.5,180.0,1.0,4.0,4.0,1.0,3.0,1.0,1.0,2.0,2.0,2.0,4.0,0
141385.0,23.0,,17.9,68.6,97.0,62.0,180.0,59.0,5.5,0.58,139.0,4.3,13.7,177.0,13.3,0.63,48.0,4.2,86.0,12.71,9.0,11.0,300.0,2.0,2.0,4.0,2.0,,2.0,2.0,1.0,,2.0,2.0,0
141386.0,60.0,4.1,30.7,100.1,107.0,70.0,196.0,44.0,5.4,3.46,140.0,6.8,14.1,240.0,14.2,0.86,193.0,6.3,94.0,9.21,7.0,7.0,120.0,2.0,3.0,4.0,1.0,3.0,2.0,1.0,1.0,1.0,2.0,2.0,0
141387.0,40.0,,23.8,83.5,122.0,73.0,202.0,42.0,5.7,0.36,139.0,,,,,0.85,203.0,3.3,94.0,5.42,6.0,8.0,300.0,2.0,3.0,4.0,1.0,1.0,2.0,2.0,2.0,,2.0,1.0,0
141389.0,66.0,2.31,23.3,82.8,163.0,88.0,148.0,80.0,5.6,0.33,143.0,5.9,14.2,232.0,13.0,0.71,84.0,4.8,76.0,8.07,10.0,9.0,180.0,1.0,4.0,1.0,1.0,1.0,2.0,2.0,1.0,,1.0,2.0,1
141392.0,80.0,,29.8,102.4,152.0,68.0,145.0,60.0,8.0,0.88,141.0,6.3,12.3,145.0,15.1,1.01,83.0,4.7,95.0,10.58,8.5,8.5,180.0,2.0,3.0,4.0,2.0,,1.0,1.0,1.0,1.0,1.0,3.0,0
141393.0,62.0,5.0,25.2,92.2,125.0,83.0,321.0,81.0,5.3,1.41,142.0,4.5,13.9,322.0,12.9,0.73,89.0,6.4,84.0,22.85,8.0,7.5,360.0,2.0,3.0,5.0,2.0,,2.0,2.0,1.0,,2.0,2.0,0
141395.0,59.0,3.43,39.6,133.5,94.0,57.0,122.0,36.0,7.6,1.34,136.0,10.5,14.1,243.0,14.0,0.85,138.0,3.5,121.0,5.97,7.0,6.0,180.0,1.0,3.0,4.0,2.0,,1.0,2.0,1.0,,1.0,4.0,0
141396.0,40.0,,18.3,77.1,115.0,78.0,182.0,71.0,5.1,1.17,138.0,9.2,12.2,259.0,13.5,0.56,134.0,3.7,86.0,1.75,8.5,8.5,720.0,2.0,6.0,5.0,2.0,,2.0,2.0,2.0,,2.0,2.0,0
141399.0,72.0,4.19,21.8,87.5,122.0,64.0,227.0,53.0,5.5,1.62,132.0,7.1,13.1,277.0,12.8,0.98,149.0,5.0,83.0,11.89,8.0,8.0,300.0,2.0,3.0,5.0,2.0,,2.0,2.0,1.0,,1.0,2.0,0
141401.0,58.0,5.0,30.1,94.4,117.0,69.0,236.0,61.0,5.7,2.09,139.0,5.0,14.2,191.0,13.8,0.74,98.0,4.6,104.0,0.47,8.5,8.0,480.0,2.0,3.0,5.0,2.0,,2.0,2.0,1.0,,2.0,2.0,0
141403.0,55.0,0.69,25.7,95.1,154.0,96.0,260.0,123.0,4.3,0.67,142.0,5.0,15.1,249.0,13.3,0.94,100.0,7.5,94.0,15.52,11.0,12.0,15.0,1.0,7.0,3.0,1.0,3.0,2.0,1.0,1.0,1.0,2.0,3.0,1
141405.0,70.0,1.71,25.3,90.5,138.0,75.0,257.0,95.0,5.2,4.18,141.0,5.7,13.1,212.0,13.6,0.89,92.0,3.9,102.0,8.17,7.5,6.5,240.0,2.0,3.0,4.0,1.0,3.0,2.0,1.0,1.0,1.0,2.0,2.0,0
141407.0,64.0,5.0,28.2,98.6,130.0,82.0,228.0,69.0,6.0,3.42,137.0,6.1,12.8,277.0,13.9,0.74,101.0,2.0,122.0,7.04,9.0,10.0,360.0,2.0,3.0,5.0,2.0,,2.0,1.0,2.0,1.0,2.0,3.0,0
141408.0,42.0,,21.3,86.5,102.0,76.0,202.0,95.0,4.8,2.77,137.0,5.9,14.7,171.0,12.4,0.64,82.0,5.0,87.0,1.05,8.0,8.5,420.0,2.0,3.0,5.0,1.0,1.0,2.0,2.0,2.0,,2.0,1.0,0
141412.0,63.0,,49.4,146.2,123.0,83.0,173.0,46.0,5.9,3.36,140.0,5.6,13.2,264.0,13.9,0.87,126.0,9.2,124.0,5.07,7.0,9.0,720.0,1.0,1.0,4.0,1.0,2.0,2.0,1.0,2.0,1.0,2.0,4.0,1
141413.0,22.0,1.14,27.8,92.2,107.0,66.0,134.0,50.0,5.0,0.92,140.0,6.8,10.3,336.0,19.6,0.82,60.0,4.5,80.0,8.85,8.0,7.0,900.0,2.0,2.0,4.0,2.0,,2.0,2.0,2.0,,2.0,2.0,0
141415.0,68.0,5.0,32.2,115.3,146.0,86.0,124.0,51.0,4.6,3.53,145.0,7.1,11.2,305.0,16.8,1.06,159.0,6.1,108.0,11.53,6.5,6.5,960.0,1.0,3.0,4.0,1.0,3.0,2.0,1.0,1.0,2.0,1.0,3.0,0
141417.0,56.0,4.42,16.7,73.4,114.0,74.0,197.0,93.0,5.3,0.24,137.0,5.4,13.1,191.0,13.0,0.6,52.0,2.3,81.0,14.89,7.5,7.5,240.0,2.0,3.0,5.0,2.0,,2.0,2.0,2.0,,2.0,1.0,0
141418.0,32.0,1.97,49.0,137.0,154.0,108.0,152.0,40.0,5.8,7.67,142.0,8.4,14.0,384.0,14.9,1.13,47.0,8.7,93.0,14.33,9.0,6.0,60.0,1.0,4.0,3.0,2.0,,2.0,2.0,2.0,,2.0,3.0,0
141420.0,61.0,5.0,31.1,110.9,153.0,90.0,143.0,48.0,5.1,0.59,142.0,4.8,15.2,151.0,12.9,1.02,99.0,5.5,93.0,5.69,7.0,9.0,720.0,1.0,3.0,5.0,2.0,,2.0,2.0,1.0,,1.0,2.0,0
141424.0,71.0,0.73,22.1,93.5,106.0,62.0,130.0,54.0,5.9,0.48,140.0,6.5,13.4,182.0,13.1,1.01,131.0,5.7,108.0,6.59,6.0,6.0,240.0,1.0,3.0,2.0,1.0,3.0,2.0,1.0,1.0,1.0,1.0,4.0,1
141426.0,34.0,1.67,20.1,69.8,104.0,66.0,270.0,86.0,5.1,0.47,141.0,5.8,13.9,370.0,13.5,0.55,67.0,4.0,82.0,7.71,7.0,5.0,600.0,2.0,6.0,3.0,1.0,3.0,2.0,2.0,2.0,,2.0,2.0,0
141428.0,32.0,2.94,44.4,134.7,121.0,93.0,208.0,61.0,8.2,33.23,139.0,6.4,14.6,226.0,14.1,0.6,157.0,4.9,257.0,51.81,8.0,8.0,480.0,1.0,2.0,4.0,1.0,3.0,2.0,1.0,2.0,1.0,2.0,3.0,0
141431.0,65.0,,41.0,127.7,115.0,73.0,138.0,49.0,5.6,3.91,142.0,5.6,13.8,230.0,13.9,0.91,93.0,5.8,99.0,15.52,8.0,9.0,960.0,1.0,3.0,5.0,2.0,,2.0,1.0,2.0,1.0,2.0,3.0,0
141435.0,35.0,,30.6,104.0,124.0,91.0,228.0,42.0,4.7,0.73,143.0,6.3,16.5,192.0,12.7,1.16,80.0,6.5,95.0,4.03,9.0,10.0,360.0,1.0,2.0,3.0,2.0,,2.0,1.0,1.0,2.0,2.0,1.0,0
141439.0,57.0,5.0,31.8,103.8,119.0,77.0,231.0,78.0,7.2,2.5,140.0,7.5,14.2,323.0,13.3,0.66,142.0,3.5,139.0,10.59,8.0,9.5,600.0,2.0,3.0,3.0,1.0,3.0,1.0,2.0,1.0,,1.0,3.0,0
141441.0,56.0,3.11,27.0,91.1,139.0,91.0,218.0,41.0,5.4,6.27,142.0,6.6,13.2,280.0,13.8,0.74,170.0,2.5,92.0,0.95,6.0,6.5,120.0,2.0,3.0,3.0,1.0,1.0,2.0,2.0,2.0,,2.0,3.0,0
141442.0,29.0,,22.1,78.7,123.0,76.0,189.0,62.0,5.0,0.46,141.0,4.3,16.7,218.0,13.3,0.77,68.0,5.0,89.0,0.72,6.0,7.0,240.0,1.0,6.0,4.0,1.0,3.0,2.0,1.0,2.0,2.0,2.0,2.0,0
141444.0,29.0,2.35,24.1,79.0,116.0,74.0,182.0,65.0,5.1,0.31,141.0,11.2,12.2,320.0,13.4,0.9,88.0,3.1,74.0,4.37,7.5,8.5,180.0,2.0,3.0,5.0,1.0,3.0,2.0,2.0,2.0,,2.0,3.0,0
141445.0,49.0,2.46,22.3,77.6,119.0,82.0,229.0,78.0,5.2,0.68,141.0,4.7,12.8,254.0,13.0,0.53,63.0,3.1,84.0,2.33,5.0,8.0,300.0,2.0,6.0,3.0,2.0,,2.0,1.0,2.0,2.0,2.0,3.0,0
141446.0,52.0,5.0,29.8,104.9,112.0,70.0,191.0,54.0,5.6,1.66,141.0,8.4,14.6,300.0,13.0,0.66,123.0,5.1,111.0,0.72,8.5,8.0,480.0,2.0,3.0,4.0,1.0,1.0,2.0,2.0,2.0,,2.0,2.0,0
141447.0,21.0,2.18,33.4,107.7,125.0,65.0,158.0,36.0,5.6,2.89,137.0,7.6,14.0,290.0,14.2,1.04,112.0,6.9,102.0,11.13,10.0,10.0,120.0,1.0,4.0,3.0,1.0,2.0,2.0,2.0,2.0,,2.0,3.0,0
141448.0,80.0,3.33,19.4,69.7,153.0,62.0,210.0,95.0,5.5,3.64,144.0,5.4,12.3,320.0,17.0,0.89,61.0,5.2,96.0,14.58,9.0,9.0,360.0,2.0,3.0,3.0,1.0,3.0,2.0,1.0,1.0,1.0,2.0,2.0,0
141450.0,74.0,5.0,27.3,112.0,146.0,83.0,184.0,55.0,5.6,6.14,142.0,6.4,14.4,288.0,14.9,0.79,66.0,6.5,109.0,9.6,5.5,5.5,120.0,1.0,3.0,5.0,1.0,3.0,2.0,1.0,2.0,1.0,2.0,2.0,0
141459.0,79.0,5.0,23.3,85.4,135.0,67.0,143.0,69.0,5.2,0.28,132.0,8.4,12.5,274.0,14.0,0.66,82.0,3.9,99.0,15.74,7.0,7.0,9999.0,2.0,3.0,4.0,1.0,3.0,2.0,1.0,1.0,1.0,1.0,3.0,1
141464.0,43.0,,34.6,112.4,119.0,77.0,157.0,41.0,6.0,3.8,140.0,4.1,11.4,91.0,17.0,0.83,150.0,5.0,105.0,12.41,8.0,12.0,40.0,1.0,2.0,1.0,2.0,,2.0,2.0,2.0,,2.0,4.0,0
141465.0,75.0,2.73,57.6,,147.0,78.0,164.0,60.0,4.5,12.23,144.0,4.7,11.7,119.0,14.4,0.82,86.0,5.3,97.0,6.43,11.0,11.0,480.0,2.0,3.0,5.0,2.0,,2.0,1.0,2.0,1.0,2.0,3.0,1
141467.0,59.0,,36.3,105.6,128.0,81.0,308.0,54.0,5.4,1.22,141.0,6.6,13.4,358.0,13.7,0.67,304.0,5.5,102.0,16.89,9.5,10.5,480.0,2.0,3.0,4.0,2.0,,2.0,2.0,1.0,,2.0,3.0,0
141468.0,61.0,5.0,24.0,80.8,105.0,71.0,179.0,65.0,5.3,0.42,139.0,6.3,14.8,142.0,12.9,0.92,52.0,3.8,96.0,40.53,7.5,7.5,120.0,1.0,3.0,3.0,2.0,,2.0,2.0,1.0,,2.0,1.0,0
141469.0,64.0,5.0,29.5,112.0,136.0,77.0,156.0,35.0,4.9,1.32,140.0,5.2,15.4,180.0,14.0,0.99,128.0,6.9,99.0,4.31,7.0,7.5,420.0,1.0,3.0,5.0,2.0,,2.0,1.0,2.0,2.0,2.0,3.0,0
141476.0,35.0,0.9,42.7,102.6,113.0,80.0,182.0,48.0,5.3,7.59,138.0,7.4,12.9,404.0,13.9,0.77,56.0,4.3,87.0,5.9,10.5,10.5,15.0,2.0,7.0,4.0,2.0,,2.0,2.0,2.0,,2.0,3.0,0
141478.0,40.0,2.17,23.2,86.9,103.0,65.0,191.0,48.0,5.4,1.34,132.0,6.4,9.4,323.0,16.8,0.63,227.0,3.5,91.0,2.63,7.5,11.0,720.0,2.0,1.0,4.0,2.0,,2.0,2.0,2.0,,2.0,2.0,0
141479.0,62.0,2.35,31.4,110.1,119.0,77.0,197.0,47.0,7.5,1.31,139.0,5.9,13.1,187.0,13.4,0.72,150.0,5.9,155.0,8.54,5.5,7.0,1020.0,2.0,3.0,2.0,1.0,1.0,1.0,1.0,1.0,1.0,1.0,4.0,0
141482.0,20.0,1.05,23.7,83.4,145.0,70.0,137.0,46.0,5.4,0.32,140.0,5.0,15.7,170.0,13.7,0.82,170.0,6.0,109.0,14.67,8.0,9.0,240.0,1.0,1.0,3.0,2.0,,2.0,2.0,2.0,,2.0,3.0,0
141483.0,71.0,,22.7,80.4,105.0,67.0,172.0,80.0,5.3,0.58,142.0,3.1,14.2,250.0,12.9,0.89,57.0,4.5,94.0,10.36,7.5,7.5,180.0,2.0,3.0,5.0,2.0,,2.0,2.0,1.0,,1.0,2.0,0
141484.0,36.0,5.0,27.7,99.4,127.0,83.0,259.0,44.0,5.6,0.59,141.0,5.9,16.6,314.0,13.1,1.11,131.0,6.8,91.0,10.45,6.5,8.0,720.0,1.0,6.0,5.0,2.0,,2.0,2.0,1.0,,2.0,2.0,0
141485.0,65.0,3.28,32.1,110.1,113.0,67.0,229.0,48.0,5.5,0.59,141.0,4.6,13.2,218.0,12.2,0.91,184.0,5.9,100.0,10.14,6.5,6.5,540.0,2.0,3.0,4.0,1.0,3.0,2.0,1.0,1.0,2.0,2.0,2.0,0
141487.0,74.0,1.08,26.9,100.2,196.0,67.0,241.0,56.0,6.1,2.68,142.0,8.6,12.5,249.0,14.0,0.87,104.0,5.1,103.0,17.66,8.0,8.0,60.0,2.0,2.0,3.0,2.0,,3.0,2.0,1.0,,1.0,1.0,0
141488.0,80.0,,48.6,131.5,124.0,60.0,179.0,49.0,5.3,1.8,143.0,8.2,13.5,265.0,14.9,1.03,76.0,7.1,90.0,14.88,8.5,8.5,480.0,1.0,3.0,4.0,2.0,,2.0,2.0,2.0,,2.0,3.0,0
141489.0,59.0,4.13,28.5,103.0,134.0,81.0,179.0,40.0,5.4,1.7,138.0,6.0,15.0,274.0,12.1,1.36,182.0,5.2,98.0,0.88,9.0,10.0,180.0,1.0,3.0,4.0,2.0,,2.0,2.0,2.0,,2.0,1.0,0
141490.0,71.0,0.84,22.7,83.0,127.0,49.0,197.0,127.0,7.6,1.04,137.0,3.5,10.2,167.0,15.7,1.3,48.0,8.2,116.0,45.82,6.0,6.0,120.0,1.0,6.0,2.0,1.0,3.0,1.0,1.0,1.0,1.0,1.0,5.0,0
141495.0,74.0,2.79,34.1,113.0,154.0,72.0,187.0,54.0,5.7,1.92,144.0,6.7,13.8,220.0,13.0,0.8,51.0,4.1,103.0,63.19,5.5,6.5,240.0,2.0,3.0,5.0,1.0,1.0,1.0,1.0,1.0,1.0,2.0,4.0,0
141496.0,41.0,0.7,43.7,,192.0,131.0,193.0,49.0,5.9,5.07,141.0,5.9,13.4,346.0,15.2,0.81,109.0,5.6,100.0,47.21,8.0,9.0,600.0,2.0,4.0,4.0,1.0,3.0,2.0,1.0,2.0,2.0,2.0,3.0,0
141497.0,46.0,,37.9,111.3,106.0,80.0,226.0,57.0,5.3,4.67,139.0,9.1,13.9,353.0,13.8,0.62,116.0,3.8,94.0,6.41,7.5,6.5,540.0,2.0,1.0,2.0,1.0,3.0,2.0,2.0,2.0,,2.0,4.0,0
141499.0,64.0,0.66,24.5,92.5,147.0,84.0,252.0,47.0,5.7,3.02,133.0,8.1,14.5,283.0,13.0,0.88,322.0,4.0,114.0,6.02,10.0,10.0,180.0,1.0,1.0,1.0,1.0,1.0,2.0,1.0,1.0,2.0,2.0,4.0,0
141500.0,38.0,2.54,26.2,89.4,133.0,69.0,115.0,46.0,7.4,0.75,135.0,5.8,12.1,205.0,12.5,1.1,164.0,7.2,181.0,743.26,10.0,10.0,180.0,2.0,3.0,4.0,1.0,3.0,1.0,1.0,1.0,1.0,1.0,3.0,0
141502.0,80.0,5.0,22.8,91.2,129.0,75.0,136.0,61.0,5.1,1.58,143.0,4.9,11.5,163.0,14.5,1.14,57.0,5.1,93.0,4.63,6.0,6.0,300.0,1.0,2.0,5.0,1.0,3.0,2.0,2.0,2.0,,1.0,3.0,0
141503.0,62.0,5.0,28.4,102.4,96.0,57.0,176.0,51.0,5.9,0.74,139.0,7.3,14.4,242.0,13.3,0.79,135.0,5.1,115.0,11.03,8.0,8.0,480.0,2.0,3.0,5.0,2.0,,2.0,1.0,1.0,1.0,1.0,3.0,0
141505.0,24.0,5.0,16.1,62.4,105.0,75.0,218.0,82.0,5.2,0.4,141.0,3.8,13.8,293.0,13.4,0.83,69.0,4.2,87.0,7.18,6.5,8.0,720.0,2.0,6.0,5.0,2.0,,2.0,2.0,2.0,,2.0,1.0,0
141507.0,41.0,0.74,35.0,120.4,103.0,77.0,126.0,28.0,9.2,3.21,136.0,12.7,14.2,321.0,20.0,0.47,324.0,4.2,215.0,38.86,5.0,7.0,240.0,2.0,3.0,4.0,1.0,1.0,1.0,1.0,1.0,1.0,1.0,4.0,1
141508.0,68.0,2.58,31.2,102.8,147.0,74.0,119.0,51.0,5.2,0.77,138.0,5.4,14.0,256.0,12.9,1.16,95.0,5.7,88.0,6.8,7.5,7.5,180.0,1.0,3.0,4.0,2.0,,2.0,1.0,1.0,1.0,1.0,2.0,1
141510.0,35.0,0.01,27.1,93.4,121.0,69.0,115.0,29.0,5.0,1.72,140.0,7.4,16.0,178.0,13.4,0.84,299.0,8.1,83.0,10.04,9.0,10.5,180.0,1.0,2.0,3.0,1.0,3.0,2.0,2.0,2.0,,2.0,4.0,0
141511.0,73.0,1.81,30.5,98.9,135.0,86.0,175.0,57.0,5.3,2.69,140.0,5.3,12.5,258.0,14.2,0.75,147.0,4.2,89.0,,8.0,8.0,480.0,2.0,3.0,3.0,1.0,3.0,2.0,1.0,1.0,1.0,1.0,2.0,0
141514.0,73.0,2.15,33.2,96.3,153.0,85.0,196.0,79.0,5.1,2.16,130.0,4.4,13.3,178.0,13.7,0.59,70.0,2.7,86.0,48.86,6.0,6.0,360.0,2.0,3.0,5.0,1.0,3.0,2.0,1.0,1.0,1.0,2.0,4.0,1
141515.0,53.0,,27.7,96.3,123.0,74.0,199.0,37.0,6.0,0.59,141.0,9.4,17.9,337.0,13.1,0.81,394.0,5.2,88.0,8.32,3.0,3.0,90.0,1.0,7.0,3.0,1.0,1.0,2.0,2.0,2.0,,2.0,3.0,0
141521.0,26.0,1.97,24.0,80.2,102.0,72.0,177.0,66.0,6.0,2.0,137.0,5.3,11.0,294.0,13.7,0.72,92.0,3.3,92.0,26.05,9.5,9.0,300.0,2.0,4.0,4.0,2.0,,3.0,2.0,2.0,,2.0,3.0,0
141525.0,31.0,4.37,31.4,96.7,91.0,64.0,165.0,54.0,5.1,0.66,140.0,4.3,13.7,317.0,12.8,0.71,96.0,4.1,92.0,6.44,9.0,10.0,420.0,2.0,3.0,5.0,2.0,,2.0,2.0,2.0,,2.0,1.0,0
141528.0,26.0,4.34,22.0,85.7,118.0,72.0,171.0,39.0,5.8,0.69,140.0,5.5,12.8,220.0,15.3,,461.0,,,6.66,8.5,10.0,660.0,1.0,6.0,5.0,1.0,3.0,2.0,2.0,2.0,,2.0,2.0,0
141529.0,48.0,,30.7,88.4,117.0,76.0,355.0,38.0,12.8,0.84,135.0,7.6,14.0,282.0,13.1,0.55,413.0,2.5,337.0,8.07,7.0,8.0,180.0,2.0,1.0,1.0,2.0,,1.0,1.0,1.0,1.0,1.0,3.0,0
141537.0,42.0,2.94,21.6,74.6,118.0,73.0,247.0,85.0,5.3,0.22,139.0,4.3,11.5,308.0,14.0,0.86,74.0,3.4,88.0,5.45,9.0,8.0,180.0,2.0,3.0,4.0,2.0,,2.0,2.0,2.0,,2.0,2.0,0
141538.0,70.0,3.24,39.8,122.6,155.0,78.0,172.0,59.0,6.3,7.64,138.0,8.0,13.1,256.0,13.3,0.75,136.0,5.2,160.0,17.79,10.0,10.0,240.0,2.0,2.0,5.0,2.0,,1.0,1.0,1.0,1.0,1.0,4.0,0
141540.0,74.0,,33.8,112.4,125.0,89.0,148.0,49.0,6.2,1.56,139.0,6.9,13.3,298.0,16.8,0.65,112.0,4.3,109.0,11.26,6.5,6.5,600.0,2.0,3.0,5.0,2.0,,1.0,1.0,1.0,1.0,1.0,3.0,1
141547.0,53.0,1.03,25.8,89.0,102.0,71.0,266.0,89.0,5.2,1.02,138.0,8.5,14.7,327.0,13.1,0.66,95.0,3.7,87.0,5.01,7.5,7.0,240.0,2.0,3.0,2.0,2.0,,2.0,2.0,2.0,,2.0,1.0,0
141548.0,60.0,1.01,19.8,73.7,129.0,70.0,161.0,54.0,6.6,0.77,138.0,5.7,13.2,330.0,12.9,0.68,63.0,4.2,131.0,14.39,8.5,9.0,120.0,2.0,6.0,4.0,2.0,,1.0,1.0,1.0,1.0,1.0,3.0,0
141549.0,48.0,2.73,26.0,93.0,181.0,115.0,206.0,62.0,5.4,0.52,,8.1,16.9,240.0,13.9,,,,,7.59,8.0,8.0,240.0,2.0,3.0,3.0,1.0,1.0,2.0,1.0,2.0,2.0,2.0,4.0,0
141550.0,34.0,4.17,30.4,104.6,104.0,76.0,235.0,49.0,5.3,1.81,138.0,8.2,16.2,280.0,13.0,1.01,117.0,6.8,97.0,512.35,7.5,7.0,660.0,1.0,1.0,5.0,2.0,,2.0,2.0,1.0,,2.0,2.0,0
141555.0,60.0,0.85,20.0,77.3,149.0,77.0,142.0,61.0,6.1,1.46,139.0,7.3,14.5,262.0,13.9,1.16,70.0,5.4,122.0,6.07,5.0,5.0,180.0,1.0,7.0,2.0,1.0,1.0,2.0,2.0,2.0,,2.0,3.0,0
141557.0,59.0,2.79,26.6,93.9,121.0,76.0,187.0,60.0,5.3,0.3,137.0,5.4,14.8,295.0,13.2,0.68,112.0,3.6,89.0,1.0,5.0,5.0,180.0,2.0,3.0,3.0,1.0,1.0,2.0,2.0,2.0,,2.0,3.0,0
141558.0,39.0,4.1,27.3,98.4,101.0,71.0,139.0,42.0,5.3,1.13,141.0,4.9,12.8,303.0,13.1,0.77,82.0,4.7,78.0,3.76,9.0,11.0,600.0,2.0,4.0,5.0,2.0,,2.0,1.0,2.0,1.0,2.0,2.0,0
141561.0,66.0,1.13,20.9,75.6,102.0,75.0,206.0,86.0,5.7,0.68,137.0,8.1,12.6,333.0,13.7,0.82,72.0,3.5,79.0,1.17,6.5,9.0,240.0,2.0,3.0,5.0,2.0,,2.0,2.0,2.0,,2.0,4.0,0
141564.0,72.0,2.87,32.1,111.8,86.0,59.0,187.0,52.0,6.6,2.45,143.0,6.3,12.7,209.0,13.4,0.76,98.0,6.4,118.0,,6.0,6.0,360.0,2.0,3.0,4.0,1.0,3.0,1.0,2.0,1.0,,2.0,2.0,1
141567.0,59.0,,46.9,,119.0,75.0,118.0,42.0,7.4,10.61,139.0,10.9,15.1,243.0,14.0,0.81,115.0,5.7,142.0,21.0,7.5,7.0,600.0,1.0,3.0,4.0,1.0,1.0,1.0,1.0,1.0,1.0,1.0,4.0,0
141568.0,72.0,,27.2,90.8,107.0,68.0,204.0,70.0,5.7,4.44,142.0,5.6,14.8,320.0,13.8,0.83,74.0,4.1,100.0,8.0,7.5,7.5,120.0,2.0,3.0,4.0,1.0,3.0,2.0,2.0,2.0,,2.0,2.0,0
141570.0,80.0,3.8,26.4,92.1,177.0,101.0,163.0,77.0,5.9,0.45,143.0,6.1,14.9,233.0,14.8,0.85,75.0,4.4,95.0,,9.0,9.0,180.0,2.0,3.0,5.0,2.0,,2.0,1.0,1.0,1.0,1.0,3.0,1
141573.0,37.0,1.13,45.1,129.5,97.0,69.0,167.0,45.0,5.8,5.94,136.0,7.3,13.9,364.0,14.1,0.73,155.0,4.1,90.0,6.26,4.5,12.0,1140.0,2.0,4.0,2.0,1.0,1.0,1.0,2.0,2.0,,2.0,4.0,0
141574.0,23.0,2.54,34.4,101.5,119.0,75.0,175.0,46.0,4.9,6.53,140.0,8.3,13.7,310.0,12.9,0.92,178.0,5.4,102.0,13.18,7.0,9.5,600.0,2.0,3.0,5.0,2.0,,2.0,2.0,2.0,,2.0,1.0,0
141575.0,26.0,2.73,23.6,88.1,114.0,71.0,169.0,44.0,4.9,3.2,143.0,5.8,13.2,203.0,12.9,0.82,157.0,3.2,92.0,8.41,8.0,8.0,600.0,1.0,2.0,1.0,2.0,,2.0,1.0,2.0,2.0,2.0,3.0,0
141576.0,73.0,2.21,43.9,131.7,117.0,79.0,187.0,72.0,6.1,6.7,139.0,7.2,12.3,314.0,16.6,0.86,118.0,5.2,118.0,4.22,10.0,10.0,240.0,2.0,7.0,5.0,1.0,3.0,1.0,1.0,1.0,1.0,1.0,3.0,0
141577.0,64.0,5.0,34.9,122.3,126.0,72.0,159.0,60.0,6.7,0.8,139.0,6.9,15.2,265.0,13.4,0.89,84.0,5.5,154.0,6.3,7.0,8.5,720.0,1.0,3.0,5.0,2.0,,1.0,2.0,2.0,,1.0,2.0,0
141578.0,60.0,0.74,21.9,88.9,109.0,66.0,121.0,38.0,6.4,6.51,136.0,6.9,13.7,280.0,14.7,0.87,82.0,5.4,96.0,12.83,8.0,7.5,360.0,1.0,4.0,4.0,1.0,2.0,2.0,1.0,2.0,1.0,2.0,3.0,1
141579.0,68.0,3.03,33.8,102.2,120.0,78.0,145.0,42.0,5.4,1.3,141.0,5.0,15.1,184.0,13.2,1.16,127.0,6.3,84.0,12.88,6.5,6.5,420.0,2.0,3.0,4.0,2.0,,2.0,1.0,2.0,1.0,2.0,3.0,1
141580.0,68.0,3.06,33.6,112.4,108.0,62.0,133.0,60.0,5.5,0.41,139.0,5.4,13.9,224.0,14.0,0.83,113.0,3.7,91.0,46.14,7.5,7.5,180.0,2.0,3.0,4.0,1.0,1.0,2.0,1.0,1.0,1.0,1.0,3.0,1
141585.0,54.0,5.0,27.1,101.4,131.0,75.0,246.0,67.0,4.8,2.44,141.0,6.4,15.6,229.0,12.5,0.69,208.0,5.6,99.0,5.49,7.5,8.0,180.0,2.0,3.0,5.0,2.0,,2.0,1.0,2.0,2.0,2.0,2.0,0
141588.0,65.0,4.02,25.8,98.2,113.0,70.0,173.0,51.0,5.9,3.71,140.0,6.4,13.3,316.0,13.8,0.67,182.0,6.5,97.0,8.42,7.0,,240.0,2.0,3.0,3.0,2.0,,3.0,1.0,1.0,1.0,1.0,3.0,0
141589.0,32.0,1.76,42.5,129.6,108.0,81.0,107.0,40.0,5.2,8.49,139.0,9.6,14.6,308.0,13.1,1.0,91.0,5.8,89.0,4.79,7.5,7.0,240.0,1.0,3.0,3.0,1.0,3.0,2.0,2.0,2.0,,2.0,3.0,0
141591.0,57.0,5.397605346934028e-79,25.9,100.3,86.0,46.0,151.0,36.0,5.8,6.31,136.0,5.2,13.2,219.0,13.1,1.04,218.0,4.6,99.0,4.08,8.5,8.5,780.0,1.0,3.0,3.0,1.0,3.0,2.0,1.0,1.0,1.0,1.0,5.0,1
141592.0,33.0,3.89,14.9,69.3,102.0,68.0,111.0,47.0,6.2,30.24,136.0,7.3,10.6,408.0,14.6,0.61,126.0,2.5,97.0,80.73,9.0,9.0,240.0,2.0,3.0,5.0,2.0,,2.0,2.0,2.0,,2.0,3.0,0
141594.0,48.0,5.0,24.8,88.9,124.0,74.0,194.0,61.0,5.4,0.77,139.0,7.1,16.2,216.0,13.7,1.04,84.0,6.4,93.0,0.55,8.5,9.0,240.0,1.0,3.0,5.0,2.0,,2.0,1.0,2.0,2.0,2.0,2.0,0
141596.0,71.0,2.18,24.0,93.3,124.0,72.0,222.0,40.0,5.6,0.27,139.0,7.2,14.2,230.0,12.8,1.16,213.0,5.3,89.0,7.09,8.0,8.0,360.0,1.0,3.0,5.0,2.0,,2.0,1.0,1.0,1.0,2.0,2.0,0
141597.0,74.0,5.0,23.7,88.4,153.0,82.0,213.0,69.0,5.5,0.83,141.0,,,,,1.06,85.0,6.1,99.0,173.0,8.0,8.0,240.0,1.0,3.0,5.0,2.0,,2.0,1.0,1.0,2.0,2.0,1.0,0
141600.0,26.0,0.18,55.0,139.7,81.0,48.0,216.0,66.0,5.7,56.08,138.0,10.1,11.4,393.0,16.9,0.65,118.0,6.3,88.0,4.15,10.0,14.0,180.0,2.0,4.0,3.0,2.0,,2.0,2.0,2.0,,2.0,3.0,0
141602.0,32.0,5.0,19.0,70.4,130.0,90.0,209.0,85.0,5.1,0.51,141.0,7.3,14.8,426.0,13.4,0.74,81.0,4.2,96.0,1.75,7.5,8.0,600.0,2.0,6.0,5.0,2.0,,2.0,1.0,2.0,2.0,2.0,2.0,0
141608.0,62.0,,46.4,149.8,130.0,68.0,139.0,40.0,5.5,1.36,141.0,7.7,13.8,193.0,16.8,2.63,112.0,7.4,101.0,68.69,8.5,9.5,840.0,1.0,3.0,4.0,2.0,,1.0,1.0,2.0,1.0,2.0,4.0,1
141612.0,32.0,,31.8,97.3,105.0,64.0,187.0,59.0,5.1,0.94,141.0,8.2,13.0,335.0,13.6,0.61,117.0,4.2,104.0,6.04,8.0,8.5,600.0,2.0,1.0,5.0,1.0,1.0,2.0,2.0,2.0,,2.0,2.0,0
141614.0,52.0,2.46,30.3,90.6,117.0,73.0,213.0,66.0,4.8,1.93,141.0,5.9,12.4,170.0,14.1,0.71,138.0,4.5,86.0,10.6,8.5,12.0,120.0,2.0,3.0,4.0,1.0,1.0,2.0,1.0,1.0,2.0,2.0,3.0,0
141615.0,58.0,0.31,23.5,89.4,142.0,78.0,188.0,45.0,5.2,0.92,137.0,6.2,16.2,198.0,13.9,1.08,90.0,7.9,95.0,6.07,7.5,10.0,180.0,1.0,3.0,3.0,1.0,1.0,2.0,2.0,2.0,,2.0,3.0,0
141617.0,27.0,3.57,18.9,75.4,120.0,73.0,187.0,55.0,4.6,0.24,140.0,6.8,15.4,330.0,12.1,0.95,74.0,5.0,83.0,7.22,8.0,9.0,720.0,1.0,3.0,5.0,2.0,,2.0,2.0,2.0,,2.0,2.0,0
141621.0,58.0,2.56,27.6,96.8,133.0,87.0,188.0,53.0,6.0,2.95,136.0,7.9,14.6,299.0,13.7,0.9,86.0,4.7,94.0,0.57,6.5,6.5,360.0,1.0,4.0,4.0,1.0,1.0,2.0,2.0,2.0,,2.0,3.0,0
141625.0,74.0,3.82,36.5,112.2,115.0,67.0,183.0,58.0,6.0,4.16,138.0,10.2,14.3,320.0,13.4,1.03,142.0,4.1,110.0,7.47,14.0,14.0,720.0,2.0,3.0,5.0,1.0,3.0,2.0,1.0,1.0,1.0,1.0,3.0,1
141626.0,38.0,4.83,28.1,97.5,104.0,75.0,275.0,42.0,5.5,1.85,141.0,5.7,15.1,208.0,13.2,1.02,191.0,7.4,90.0,8.28,7.5,8.0,480.0,1.0,7.0,5.0,2.0,,2.0,2.0,1.0,,2.0,2.0,0
141627.0,72.0,2.35,30.0,109.9,139.0,81.0,137.0,74.0,6.4,9.35,140.0,6.5,13.3,357.0,12.6,0.79,87.0,5.7,133.0,52.09,8.0,8.0,180.0,1.0,4.0,4.0,1.0,3.0,3.0,2.0,2.0,,1.0,3.0,0
141628.0,58.0,5.0,33.2,100.3,101.0,70.0,203.0,62.0,4.1,7.73,139.0,4.7,12.7,281.0,13.5,0.74,105.0,6.2,106.0,1.24,8.0,9.0,660.0,2.0,3.0,5.0,1.0,3.0,2.0,2.0,1.0,,2.0,3.0,0
141631.0,77.0,2.79,33.8,109.7,109.0,73.0,158.0,56.0,5.4,0.49,142.0,4.5,15.6,188.0,14.8,0.95,98.0,3.1,88.0,9.57,8.0,8.0,360.0,2.0,3.0,4.0,1.0,1.0,2.0,2.0,1.0,,1.0,3.0,0
141634.0,59.0,5.0,23.4,87.3,135.0,84.0,303.0,61.0,5.6,0.33,140.0,8.9,14.4,239.0,12.1,0.72,154.0,4.8,94.0,0.91,9.0,8.5,360.0,2.0,3.0,5.0,1.0,3.0,2.0,2.0,1.0,,2.0,2.0,0
141635.0,53.0,1.47,27.3,82.0,112.0,83.0,303.0,56.0,5.8,0.79,138.0,7.7,13.6,202.0,13.8,0.66,186.0,3.9,94.0,1.24,8.0,8.0,480.0,2.0,2.0,5.0,2.0,,2.0,2.0,2.0,,2.0,2.0,0
141636.0,75.0,4.56,24.0,89.2,130.0,67.0,271.0,54.0,6.2,0.79,141.0,6.6,15.2,205.0,14.6,0.94,130.0,4.5,109.0,7.63,7.5,6.5,210.0,1.0,3.0,5.0,1.0,3.0,2.0,2.0,1.0,,2.0,2.0,0
141640.0,27.0,2.19,42.2,124.4,144.0,80.0,182.0,37.0,5.2,30.46,139.0,12.9,16.4,355.0,13.0,0.96,144.0,7.5,101.0,17.49,6.0,7.0,540.0,1.0,3.0,4.0,1.0,3.0,2.0,1.0,1.0,1.0,2.0,3.0,0
141641.0,36.0,5.0,26.5,98.4,117.0,74.0,185.0,35.0,5.6,2.4,139.0,7.2,13.8,351.0,13.6,0.83,128.0,6.3,96.0,5.56,8.0,8.0,720.0,1.0,3.0,5.0,2.0,,2.0,2.0,2.0,,2.0,2.0,0
141642.0,67.0,,32.7,118.0,124.0,76.0,201.0,58.0,10.4,30.65,142.0,5.2,11.5,256.0,16.0,0.51,88.0,3.7,146.0,46.17,7.5,7.0,300.0,2.0,3.0,3.0,2.0,,1.0,1.0,1.0,2.0,1.0,5.0,0
141644.0,57.0,,60.5,151.7,107.0,62.0,163.0,48.0,7.8,12.61,140.0,9.8,13.0,290.0,14.1,0.81,103.0,8.4,122.0,5.83,6.5,6.5,420.0,2.0,3.0,4.0,1.0,3.0,1.0,2.0,2.0,,2.0,4.0,0
141645.0,69.0,5.0,32.1,117.7,115.0,61.0,269.0,50.0,6.5,1.19,141.0,7.6,15.5,258.0,13.7,0.61,232.0,4.7,107.0,13.19,7.0,7.0,240.0,2.0,3.0,3.0,1.0,2.0,1.0,2.0,2.0,,1.0,1.0,0
141648.0,33.0,0.83,28.4,90.4,99.0,68.0,189.0,67.0,5.0,6.44,137.0,5.4,12.3,303.0,13.1,0.71,101.0,4.5,91.0,6.49,8.0,5.0,240.0,2.0,2.0,4.0,1.0,3.0,2.0,2.0,2.0,,2.0,3.0,0
141654.0,62.0,5.0,25.6,90.9,145.0,74.0,176.0,36.0,5.7,4.25,143.0,5.1,14.7,208.0,13.4,1.13,210.0,4.6,90.0,7.82,7.5,7.0,300.0,1.0,3.0,5.0,2.0,,2.0,1.0,1.0,2.0,2.0,2.0,0
141655.0,20.0,,28.2,88.0,96.0,58.0,160.0,54.0,5.0,1.27,139.0,8.6,12.2,322.0,15.1,0.93,84.0,3.2,72.0,3.38,9.0,10.0,240.0,2.0,2.0,3.0,2.0,,2.0,2.0,2.0,,2.0,4.0,0
141660.0,67.0,5.0,29.1,105.8,162.0,82.0,168.0,56.0,5.2,2.0,141.0,6.1,13.1,288.0,13.0,0.73,159.0,4.4,101.0,39.27,9.5,8.5,540.0,2.0,3.0,5.0,1.0,3.0,2.0,1.0,1.0,1.0,1.0,2.0,0
141663.0,80.0,4.06,31.2,101.7,180.0,102.0,235.0,66.0,5.3,2.05,142.0,7.2,14.7,205.0,13.2,0.75,95.0,4.4,98.0,15.58,7.5,7.5,9999.0,2.0,3.0,5.0,2.0,,2.0,1.0,1.0,1.0,2.0,1.0,0
141664.0,59.0,3.58,37.5,128.4,122.0,75.0,165.0,62.0,6.7,3.4,139.0,8.0,15.0,262.0,14.1,0.74,91.0,3.9,89.0,44.0,8.0,9.0,300.0,1.0,3.0,4.0,2.0,,1.0,2.0,2.0,,2.0,4.0,0
141665.0,66.0,5.0,20.0,80.6,120.0,62.0,254.0,77.0,5.7,1.27,139.0,5.5,13.9,227.0,13.6,0.67,64.0,6.3,110.0,17.17,8.0,8.0,360.0,2.0,3.0,5.0,2.0,,2.0,2.0,1.0,,2.0,2.0,0
141669.0,30.0,5.0,22.9,77.0,102.0,60.0,161.0,71.0,4.7,0.17,138.0,7.8,12.2,259.0,13.3,0.87,67.0,4.6,84.0,5.99,7.5,8.0,720.0,2.0,3.0,5.0,2.0,,2.0,2.0,2.0,,2.0,2.0,0
141672.0,46.0,2.18,19.8,73.2,119.0,68.0,208.0,48.0,5.5,1.79,142.0,10.7,16.6,247.0,14.0,0.86,80.0,4.9,93.0,18.57,7.0,9.0,240.0,1.0,3.0,3.0,1.0,1.0,2.0,2.0,2.0,,2.0,3.0,0
141673.0,54.0,,25.0,88.6,113.0,82.0,181.0,74.0,5.4,0.54,140.0,5.0,13.5,215.0,13.4,0.62,51.0,4.1,91.0,6.46,8.0,7.0,480.0,2.0,3.0,4.0,2.0,,2.0,2.0,1.0,,1.0,2.0,0
141675.0,68.0,1.17,28.6,110.2,133.0,78.0,178.0,49.0,5.7,10.25,141.0,6.8,12.5,282.0,13.7,0.88,84.0,3.3,117.0,7.33,8.0,8.0,5.0,2.0,4.0,3.0,2.0,,2.0,2.0,2.0,,2.0,3.0,0
141676.0,58.0,3.55,24.6,95.3,116.0,75.0,224.0,46.0,5.1,0.84,142.0,6.2,16.3,278.0,13.3,1.13,258.0,6.5,92.0,9.63,5.0,7.0,240.0,1.0,3.0,5.0,2.0,,2.0,2.0,1.0,,1.0,1.0,0
141677.0,61.0,3.0,31.0,110.5,134.0,76.0,234.0,48.0,5.6,5.55,139.0,9.4,14.5,246.0,14.1,0.79,117.0,6.4,94.0,107.93,8.5,8.5,300.0,1.0,2.0,2.0,1.0,3.0,2.0,1.0,1.0,2.0,2.0,3.0,1
141678.0,55.0,0.96,30.3,119.4,111.0,83.0,171.0,37.0,5.2,8.62,137.0,7.1,15.2,217.0,14.5,0.86,143.0,5.7,88.0,1.05,9.0,8.0,480.0,1.0,3.0,3.0,1.0,1.0,2.0,2.0,2.0,,2.0,4.0,0
141680.0,71.0,1.18,23.6,85.5,118.0,68.0,128.0,66.0,4.9,1.75,140.0,5.9,10.3,299.0,15.4,0.97,37.0,6.7,94.0,175.85,7.0,5.0,480.0,1.0,4.0,2.0,1.0,1.0,2.0,1.0,2.0,1.0,2.0,4.0,1
141681.0,39.0,0.01,23.2,75.5,99.0,71.0,231.0,64.0,5.4,0.96,140.0,5.9,11.8,260.0,16.1,0.62,133.0,3.5,89.0,5.81,5.0,12.0,30.0,2.0,2.0,1.0,2.0,,2.0,2.0,2.0,,2.0,4.0,0
141684.0,54.0,3.02,31.0,104.0,147.0,101.0,197.0,65.0,5.4,1.62,142.0,7.7,14.1,236.0,13.8,0.75,99.0,4.5,100.0,11.78,7.0,8.0,240.0,2.0,3.0,4.0,1.0,1.0,2.0,1.0,2.0,1.0,2.0,3.0,0
141687.0,80.0,3.04,,,147.0,69.0,127.0,42.0,5.4,27.15,142.0,9.3,14.0,165.0,13.7,1.45,101.0,4.6,94.0,,8.5,8.5,360.0,1.0,3.0,3.0,1.0,3.0,2.0,1.0,1.0,1.0,1.0,3.0,0
141689.0,49.0,5.0,28.2,109.0,116.0,87.0,317.0,46.0,7.1,4.54,139.0,7.4,14.3,297.0,12.7,0.85,355.0,6.1,174.0,8.06,6.0,9.0,120.0,2.0,3.0,5.0,2.0,,1.0,1.0,1.0,2.0,2.0,5.0,0
141691.0,55.0,5.0,42.3,124.2,120.0,86.0,232.0,48.0,6.0,8.67,141.0,7.6,14.5,303.0,13.9,0.58,145.0,5.4,111.0,34.89,8.0,8.0,600.0,2.0,2.0,5.0,2.0,,2.0,2.0,1.0,,2.0,3.0,0
141694.0,74.0,3.55,26.9,99.4,131.0,75.0,220.0,39.0,6.4,9.05,138.0,5.2,13.9,219.0,15.0,0.89,464.0,5.8,117.0,18.56,8.0,9.0,300.0,1.0,3.0,5.0,1.0,3.0,2.0,1.0,2.0,1.0,1.0,3.0,0
141696.0,58.0,3.0,33.4,124.6,118.0,76.0,113.0,35.0,5.9,2.27,139.0,6.5,15.1,236.0,15.5,0.67,101.0,4.4,110.0,6.9,7.0,7.0,720.0,1.0,3.0,4.0,1.0,3.0,1.0,1.0,1.0,1.0,1.0,5.0,1
141701.0,63.0,5.0,29.7,109.5,130.0,85.0,145.0,36.0,8.0,11.7,136.0,6.6,9.8,385.0,16.7,0.93,188.0,5.0,150.0,7.5,10.5,10.5,480.0,2.0,3.0,4.0,2.0,,1.0,1.0,1.0,2.0,1.0,3.0,0
141703.0,27.0,4.6,29.0,103.0,109.0,63.0,204.0,73.0,5.0,0.5,140.0,8.0,15.6,251.0,13.2,0.86,98.0,7.0,84.0,0.7,9.0,8.5,660.0,1.0,3.0,5.0,2.0,,2.0,2.0,2.0,,2.0,3.0,0
141706.0,68.0,5.0,31.2,118.0,138.0,83.0,163.0,24.0,6.5,1.02,141.0,7.0,16.1,228.0,13.5,1.28,726.0,4.1,198.0,9.74,9.5,11.0,360.0,1.0,3.0,4.0,2.0,,2.0,2.0,2.0,,2.0,2.0,0
141709.0,63.0,5.0,39.0,112.3,126.0,78.0,149.0,66.0,5.5,1.06,143.0,4.1,15.0,176.0,14.8,0.6,95.0,5.3,99.0,6.54,8.0,9.0,300.0,2.0,3.0,5.0,2.0,,2.0,1.0,1.0,1.0,1.0,3.0,0
141713.0,59.0,1.65,18.7,80.5,110.0,66.0,190.0,104.0,5.9,0.66,127.0,5.4,11.3,160.0,14.5,0.68,43.0,3.9,96.0,12.37,10.0,10.0,240.0,1.0,3.0,3.0,2.0,,2.0,2.0,2.0,,2.0,4.0,0
141714.0,50.0,2.87,24.7,89.5,130.0,97.0,168.0,50.0,5.5,0.59,138.0,8.2,11.7,308.0,14.8,0.71,142.0,3.6,103.0,0.42,8.5,9.0,420.0,2.0,3.0,3.0,2.0,,2.0,2.0,2.0,,2.0,2.0,0
141717.0,63.0,,30.6,126.1,125.0,73.0,144.0,43.0,5.8,1.29,140.0,7.8,14.0,159.0,13.3,0.72,95.0,5.7,113.0,7.78,8.5,9.0,480.0,1.0,3.0,3.0,1.0,3.0,1.0,1.0,2.0,1.0,1.0,5.0,1
141721.0,80.0,1.36,33.3,106.6,133.0,61.0,181.0,68.0,5.6,1.41,141.0,6.0,13.8,208.0,13.4,0.87,80.0,5.7,89.0,17.08,7.0,7.0,120.0,2.0,3.0,3.0,2.0,,2.0,1.0,2.0,1.0,2.0,2.0,0
141723.0,41.0,4.83,35.2,110.2,108.0,75.0,189.0,43.0,6.3,6.35,138.0,9.2,13.1,355.0,14.6,0.71,143.0,5.0,111.0,11.72,7.5,8.5,360.0,2.0,3.0,5.0,2.0,,2.0,2.0,2.0,,2.0,3.0,0
141728.0,47.0,1.55,40.0,117.6,111.0,78.0,202.0,62.0,5.5,6.46,141.0,6.8,12.4,407.0,13.4,0.59,70.0,4.3,88.0,6.52,6.0,6.0,120.0,2.0,3.0,3.0,1.0,1.0,2.0,2.0,2.0,,2.0,3.0,0
141731.0,68.0,5.0,29.7,101.1,123.0,66.0,143.0,45.0,5.6,0.88,140.0,7.5,14.7,212.0,12.9,0.84,133.0,4.5,108.0,20.11,8.0,8.0,360.0,2.0,3.0,5.0,1.0,3.0,3.0,2.0,2.0,,2.0,2.0,0
141732.0,65.0,3.77,25.9,96.6,110.0,83.0,245.0,54.0,6.2,3.89,140.0,7.9,15.7,412.0,12.9,0.99,123.0,5.5,111.0,4.53,6.0,6.0,240.0,1.0,3.0,4.0,2.0,,2.0,2.0,2.0,,2.0,3.0,0
141734.0,75.0,2.19,28.0,98.7,140.0,67.0,190.0,66.0,5.2,2.1,137.0,5.6,13.3,265.0,14.2,0.55,93.0,3.3,81.0,42.93,8.0,8.0,480.0,2.0,3.0,4.0,1.0,3.0,2.0,2.0,1.0,,1.0,2.0,0
141735.0,33.0,2.73,43.5,122.2,108.0,76.0,165.0,54.0,6.4,31.84,140.0,4.8,11.1,307.0,16.0,0.73,110.0,5.2,90.0,4.26,10.0,8.0,30.0,2.0,4.0,4.0,2.0,,2.0,2.0,2.0,,2.0,1.0,0
141736.0,42.0,2.29,42.2,135.3,119.0,85.0,218.0,49.0,6.5,61.3,139.0,8.0,14.4,459.0,14.3,0.81,110.0,7.0,132.0,9.59,5.0,10.0,240.0,2.0,4.0,2.0,1.0,1.0,2.0,2.0,2.0,,2.0,4.0,0
141737.0,51.0,0.19,35.5,124.2,118.0,76.0,155.0,55.0,4.7,6.51,143.0,5.9,13.7,271.0,13.3,1.09,68.0,6.6,110.0,2.47,8.0,8.0,720.0,1.0,4.0,3.0,1.0,2.0,2.0,2.0,2.0,,2.0,1.0,0
141742.0,26.0,3.33,21.4,83.2,111.0,70.0,166.0,82.0,5.3,0.37,142.0,5.6,12.0,276.0,14.6,0.88,43.0,3.6,95.0,3.51,6.5,12.0,240.0,2.0,3.0,5.0,2.0,,2.0,2.0,2.0,,2.0,1.0,0
141745.0,60.0,5.0,22.0,80.5,112.0,74.0,246.0,64.0,5.3,0.6,141.0,5.1,13.1,231.0,13.3,0.77,66.0,3.3,91.0,1.11,4.0,3.5,240.0,2.0,6.0,5.0,2.0,,2.0,2.0,2.0,,2.0,1.0,0
141750.0,59.0,2.39,36.5,116.8,118.0,81.0,190.0,61.0,6.3,2.56,137.0,5.0,14.8,202.0,15.2,0.69,211.0,5.9,126.0,7.88,6.0,6.5,9999.0,2.0,2.0,3.0,2.0,,2.0,2.0,1.0,,1.0,3.0,0
141756.0,72.0,4.56,22.6,79.5,148.0,81.0,199.0,77.0,5.3,0.67,140.0,5.6,13.5,183.0,13.4,0.65,84.0,2.7,87.0,13.92,8.0,8.0,240.0,2.0,3.0,5.0,2.0,,2.0,1.0,1.0,1.0,1.0,3.0,0
141757.0,61.0,3.0,24.0,87.0,119.0,71.0,213.0,46.0,5.3,0.85,140.0,4.3,15.3,252.0,13.4,1.19,147.0,6.4,99.0,8.53,8.0,9.0,480.0,1.0,1.0,3.0,2.0,,2.0,1.0,2.0,1.0,2.0,1.0,0
141760.0,74.0,1.49,21.4,79.1,148.0,71.0,156.0,35.0,9.6,1.14,140.0,8.3,12.6,271.0,15.6,0.77,337.0,4.8,89.0,20.03,9.0,9.5,120.0,2.0,1.0,1.0,2.0,,1.0,1.0,1.0,1.0,1.0,5.0,0
141762.0,77.0,5.0,29.3,98.7,136.0,62.0,182.0,64.0,5.8,3.19,140.0,6.5,11.9,224.0,14.2,0.78,65.0,3.5,102.0,13.48,7.5,7.5,360.0,2.0,3.0,5.0,2.0,,2.0,2.0,1.0,,1.0,2.0,0
141763.0,36.0,5.397605346934028e-79,49.1,139.7,110.0,75.0,200.0,33.0,6.5,6.23,135.0,10.2,12.1,359.0,15.0,0.8,104.0,6.1,105.0,46.18,12.5,12.5,720.0,2.0,4.0,1.0,1.0,1.0,1.0,2.0,2.0,,2.0,4.0,0
141764.0,62.0,1.1,,91.6,157.0,65.0,124.0,30.0,4.2,5.06,137.0,10.4,10.2,211.0,14.9,6.97,169.0,4.1,86.0,451.66,5.0,5.0,660.0,1.0,3.0,2.0,1.0,3.0,2.0,1.0,2.0,1.0,2.0,3.0,0
141765.0,59.0,5.0,29.5,104.0,114.0,72.0,253.0,71.0,5.2,4.61,140.0,6.4,14.3,288.0,12.5,0.65,117.0,4.5,99.0,10.03,7.0,7.0,300.0,2.0,3.0,5.0,2.0,,2.0,2.0,2.0,,2.0,1.0,0
141769.0,46.0,4.02,37.1,112.5,100.0,73.0,241.0,70.0,4.8,2.01,138.0,5.3,13.4,320.0,14.0,0.68,109.0,4.0,97.0,9.28,8.0,9.0,300.0,2.0,3.0,5.0,1.0,3.0,2.0,2.0,2.0,,2.0,2.0,0
141770.0,36.0,5.0,29.6,97.5,91.0,69.0,199.0,55.0,5.3,1.11,139.0,6.3,12.5,265.0,15.1,0.71,68.0,3.3,87.0,9.09,7.5,8.0,840.0,2.0,7.0,5.0,2.0,,2.0,2.0,1.0,,2.0,2.0,0
141771.0,37.0,2.06,31.6,95.7,135.0,89.0,151.0,35.0,5.7,0.89,140.0,9.0,14.7,183.0,13.9,1.01,74.0,5.4,98.0,5.48,10.0,10.0,420.0,1.0,4.0,3.0,1.0,2.0,2.0,2.0,2.0,,2.0,4.0,0
141772.0,71.0,5.0,25.5,98.0,118.0,79.0,187.0,50.0,5.4,2.87,138.0,9.4,14.6,219.0,12.4,1.08,129.0,5.8,86.0,5.88,8.0,8.5,240.0,1.0,3.0,5.0,2.0,,2.0,2.0,1.0,,1.0,1.0,0
141773.0,64.0,4.67,27.7,105.7,111.0,72.0,155.0,53.0,5.6,12.84,141.0,6.8,14.8,212.0,13.5,0.78,41.0,4.4,104.0,4.18,6.0,7.5,600.0,1.0,3.0,5.0,2.0,,2.0,1.0,1.0,1.0,1.0,3.0,0
141774.0,62.0,2.09,30.8,107.8,138.0,88.0,152.0,43.0,5.9,1.18,140.0,5.1,14.7,202.0,13.8,0.72,57.0,4.9,104.0,8.32,5.5,8.0,420.0,1.0,1.0,1.0,2.0,,3.0,1.0,2.0,2.0,2.0,3.0,0
141777.0,29.0,3.17,35.8,114.7,112.0,71.0,203.0,44.0,5.3,2.44,139.0,7.8,15.3,240.0,13.4,1.0,101.0,6.0,115.0,5.55,7.0,10.0,240.0,1.0,3.0,4.0,2.0,,2.0,2.0,2.0,,2.0,2.0,0
141781.0,67.0,1.51,38.6,124.5,123.0,90.0,124.0,50.0,5.8,3.11,142.0,5.5,12.4,335.0,15.2,0.9,85.0,4.9,101.0,4.76,7.5,6.0,90.0,2.0,4.0,2.0,1.0,3.0,1.0,1.0,2.0,1.0,1.0,3.0,1
141783.0,59.0,0.18,32.3,110.7,140.0,80.0,147.0,51.0,6.6,7.47,138.0,7.9,13.0,276.0,15.4,0.86,140.0,8.4,105.0,5.51,10.0,10.0,300.0,1.0,3.0,5.0,2.0,,2.0,1.0,2.0,2.0,2.0,4.0,0
141785.0,64.0,0.11,51.9,125.8,141.0,91.0,247.0,60.0,6.1,4.16,142.0,7.1,14.2,260.0,15.9,0.85,377.0,9.0,86.0,9.85,12.5,12.5,360.0,2.0,3.0,4.0,1.0,3.0,3.0,1.0,2.0,1.0,2.0,4.0,1
141790.0,59.0,0.85,43.0,137.6,102.0,73.0,184.0,70.0,4.9,0.96,144.0,5.4,14.4,227.0,13.8,1.03,62.0,5.4,85.0,,7.0,7.0,720.0,2.0,3.0,3.0,1.0,3.0,2.0,1.0,1.0,1.0,1.0,3.0,0
141791.0,60.0,0.66,35.6,101.1,123.0,77.0,233.0,57.0,6.6,5.11,135.0,6.3,12.4,221.0,13.7,0.46,196.0,4.1,107.0,6.95,7.5,8.5,240.0,2.0,1.0,2.0,2.0,,2.0,2.0,1.0,,2.0,4.0,0
141793.0,69.0,,24.4,90.4,182.0,99.0,269.0,72.0,5.7,0.21,142.0,6.4,13.0,247.0,14.6,0.75,110.0,3.4,97.0,18.97,12.0,12.0,600.0,2.0,4.0,2.0,2.0,,2.0,2.0,2.0,,2.0,2.0,0
141795.0,39.0,,32.9,104.9,111.0,77.0,186.0,49.0,5.7,11.31,140.0,7.4,11.9,279.0,12.8,0.85,76.0,4.5,86.0,11.78,6.0,8.0,720.0,2.0,2.0,4.0,2.0,,2.0,2.0,2.0,,2.0,4.0,0
141796.0,66.0,,25.5,101.7,117.0,63.0,120.0,51.0,5.5,0.79,140.0,3.8,14.9,176.0,13.5,0.95,68.0,4.8,85.0,4.87,7.0,7.0,360.0,1.0,3.0,5.0,2.0,,2.0,2.0,2.0,,1.0,2.0,1
141802.0,23.0,2.72,34.9,99.3,128.0,88.0,227.0,54.0,5.2,3.04,137.0,8.1,13.7,294.0,14.0,0.98,64.0,5.6,99.0,4.53,8.5,8.0,420.0,2.0,4.0,5.0,2.0,,2.0,2.0,2.0,,2.0,3.0,0
141803.0,25.0,0.46,23.8,84.0,120.0,69.0,174.0,40.0,5.4,15.89,140.0,11.9,14.2,413.0,12.5,0.76,188.0,4.3,89.0,4.23,7.0,9.0,960.0,1.0,1.0,2.0,2.0,,2.0,2.0,2.0,,2.0,4.0,0
141805.0,73.0,2.46,26.6,96.0,141.0,79.0,148.0,57.0,5.7,0.86,142.0,6.5,13.2,259.0,13.1,0.98,72.0,4.1,93.0,7.39,8.5,8.0,480.0,2.0,4.0,4.0,2.0,,2.0,2.0,1.0,,1.0,2.0,0
141811.0,60.0,0.88,19.4,83.2,108.0,68.0,105.0,39.0,5.5,0.99,142.0,9.5,14.7,186.0,13.7,0.88,73.0,3.4,86.0,8.57,8.5,7.5,360.0,1.0,3.0,3.0,1.0,1.0,2.0,2.0,1.0,,1.0,2.0,0
141812.0,55.0,5.0,31.8,116.8,130.0,89.0,208.0,56.0,5.2,3.42,140.0,6.8,13.1,241.0,16.1,0.91,129.0,4.6,88.0,7.19,8.0,8.0,360.0,2.0,3.0,5.0,2.0,,2.0,2.0,2.0,,2.0,4.0,0
141813.0,44.0,1.08,23.0,82.4,122.0,67.0,264.0,54.0,5.2,0.35,142.0,5.0,15.5,266.0,12.8,0.87,251.0,5.9,85.0,8.34,7.5,8.0,360.0,1.0,6.0,5.0,1.0,3.0,2.0,2.0,1.0,,2.0,3.0,0
141815.0,73.0,5.0,26.7,94.8,98.0,64.0,174.0,47.0,6.1,0.8,139.0,4.6,15.5,188.0,13.9,1.07,105.0,7.1,125.0,3.87,8.5,8.5,360.0,1.0,3.0,5.0,2.0,,1.0,1.0,1.0,1.0,1.0,2.0,1
141818.0,28.0,4.87,22.5,82.7,120.0,68.0,146.0,40.0,5.1,2.07,143.0,7.5,14.0,222.0,14.5,0.85,68.0,3.0,84.0,5.19,7.5,8.0,480.0,1.0,3.0,4.0,2.0,,2.0,2.0,2.0,,2.0,1.0,0
141821.0,71.0,5.0,26.0,96.4,127.0,74.0,222.0,60.0,5.2,1.35,140.0,6.2,15.9,196.0,12.6,0.97,93.0,4.2,86.0,23.8,5.0,9.0,600.0,1.0,3.0,4.0,1.0,3.0,2.0,2.0,1.0,,2.0,2.0,0
141824.0,50.0,5.397605346934028e-79,35.9,111.0,114.0,72.0,176.0,51.0,5.9,6.77,141.0,5.7,12.7,303.0,13.2,0.75,76.0,5.3,94.0,8.86,6.5,6.5,360.0,2.0,2.0,1.0,2.0,,2.0,1.0,1.0,1.0,1.0,1.0,0
141826.0,68.0,2.21,27.6,102.4,141.0,79.0,175.0,54.0,5.5,1.09,140.0,4.3,14.5,162.0,13.6,0.75,135.0,3.7,108.0,12.86,7.0,7.0,480.0,1.0,3.0,4.0,2.0,,2.0,1.0,2.0,1.0,2.0,2.0,0
141827.0,20.0,2.17,24.2,83.2,125.0,81.0,176.0,57.0,5.8,0.54,139.0,5.5,15.2,212.0,13.2,1.1,71.0,5.9,106.0,3.79,9.0,9.0,300.0,1.0,4.0,3.0,2.0,,2.0,2.0,2.0,,2.0,1.0,0
141832.0,50.0,0.76,22.2,80.2,115.0,67.0,172.0,63.0,6.5,0.24,142.0,5.9,13.6,220.0,13.3,0.97,101.0,4.3,136.0,6.29,7.0,7.0,120.0,1.0,4.0,2.0,2.0,,2.0,2.0,2.0,,2.0,2.0,0
141834.0,40.0,,26.7,93.8,122.0,79.0,185.0,49.0,5.0,1.35,140.0,5.0,16.2,161.0,12.8,0.88,97.0,6.2,98.0,4.59,8.5,8.0,420.0,1.0,2.0,5.0,2.0,,2.0,2.0,2.0,,2.0,3.0,0
141842.0,43.0,5.0,25.6,79.6,125.0,81.0,187.0,86.0,5.3,1.21,140.0,9.4,12.0,202.0,14.0,0.78,59.0,4.2,92.0,5.49,8.0,9.0,180.0,2.0,3.0,4.0,1.0,3.0,2.0,2.0,2.0,,2.0,2.0,0
141843.0,60.0,0.98,48.2,,155.0,95.0,155.0,48.0,4.9,62.27,138.0,9.1,11.4,289.0,16.6,0.76,101.0,4.4,87.0,1569.63,8.0,8.0,360.0,2.0,3.0,3.0,1.0,1.0,2.0,1.0,2.0,1.0,2.0,4.0,1
141844.0,45.0,0.83,26.4,100.2,92.0,61.0,234.0,48.0,5.8,1.7,141.0,9.9,13.6,396.0,13.9,0.72,102.0,3.0,105.0,14.53,6.5,6.0,360.0,2.0,3.0,4.0,1.0,1.0,2.0,2.0,2.0,,2.0,4.0,0
141845.0,53.0,5.0,30.1,106.9,106.0,81.0,183.0,50.0,5.2,0.86,139.0,7.8,14.1,288.0,15.6,0.72,143.0,3.3,92.0,0.58,8.5,8.5,420.0,2.0,3.0,5.0,2.0,,3.0,1.0,1.0,2.0,1.0,3.0,0
141846.0,77.0,2.46,29.2,93.4,107.0,62.0,135.0,61.0,5.8,3.09,138.0,5.2,11.6,230.0,16.5,0.72,69.0,4.7,87.0,6.49,,14.0,300.0,2.0,3.0,5.0,2.0,,2.0,2.0,2.0,,1.0,2.0,0
141847.0,59.0,5.0,47.9,134.7,125.0,78.0,195.0,75.0,5.3,15.29,144.0,4.6,11.7,203.0,17.1,0.66,95.0,3.1,102.0,5.14,6.5,6.0,600.0,2.0,3.0,3.0,2.0,,2.0,2.0,2.0,,2.0,2.0,0
141848.0,44.0,1.57,24.3,93.7,116.0,70.0,236.0,66.0,11.2,0.67,137.0,10.5,16.2,250.0,13.2,0.68,163.0,3.3,290.0,35.4,7.5,8.0,240.0,1.0,7.0,4.0,1.0,2.0,1.0,2.0,2.0,,2.0,4.0,0
141850.0,70.0,2.18,25.0,88.0,136.0,84.0,189.0,90.0,5.7,0.89,143.0,4.7,14.0,195.0,13.6,0.92,88.0,5.1,83.0,6.24,7.5,7.5,180.0,2.0,3.0,5.0,2.0,,2.0,2.0,2.0,,2.0,2.0,0
141851.0,24.0,0.74,20.7,79.9,121.0,72.0,145.0,49.0,4.8,1.57,141.0,5.7,15.4,163.0,12.7,0.94,51.0,4.0,90.0,5.34,7.0,8.5,720.0,1.0,2.0,5.0,2.0,,2.0,2.0,2.0,,2.0,1.0,0
141856.0,30.0,5.0,31.8,96.0,106.0,79.0,137.0,62.0,5.1,1.56,139.0,8.7,13.4,216.0,14.0,0.85,72.0,4.9,101.0,5.91,8.0,8.0,60.0,2.0,3.0,5.0,2.0,,2.0,2.0,2.0,,2.0,2.0,0
141858.0,69.0,,26.0,104.8,139.0,81.0,178.0,36.0,6.7,1.6,143.0,7.8,12.4,171.0,14.4,5.63,197.0,7.4,108.0,28.61,10.0,10.0,360.0,1.0,7.0,5.0,1.0,3.0,1.0,1.0,1.0,1.0,1.0,4.0,0
141860.0,62.0,4.1,29.0,105.5,105.0,68.0,231.0,54.0,5.5,1.63,138.0,6.0,13.4,198.0,13.4,0.85,102.0,5.3,89.0,6.74,6.0,7.0,480.0,2.0,3.0,3.0,2.0,,2.0,2.0,2.0,,2.0,1.0,0
141862.0,34.0,3.52,30.7,104.9,96.0,71.0,166.0,42.0,5.4,2.92,139.0,11.2,13.7,479.0,14.0,0.82,89.0,3.7,88.0,7.47,7.0,8.5,240.0,2.0,3.0,5.0,2.0,,2.0,2.0,2.0,,2.0,2.0,0
141866.0,72.0,5.0,31.3,108.5,135.0,79.0,111.0,32.0,5.4,1.45,145.0,5.6,16.0,188.0,13.2,1.06,124.0,7.0,96.0,3.61,9.0,9.0,240.0,1.0,3.0,5.0,2.0,,2.0,1.0,1.0,1.0,1.0,2.0,1
141867.0,80.0,3.57,36.0,114.7,120.0,77.0,173.0,48.0,5.8,2.66,141.0,7.3,13.8,261.0,15.3,0.82,119.0,4.4,102.0,28.28,9.0,9.0,300.0,2.0,3.0,5.0,2.0,,2.0,2.0,1.0,,1.0,4.0,0
141869.0,44.0,2.13,27.9,97.8,120.0,92.0,244.0,38.0,4.8,0.62,138.0,4.4,13.1,307.0,13.5,0.62,313.0,4.6,97.0,6.65,8.5,8.5,540.0,2.0,3.0,5.0,1.0,3.0,2.0,1.0,1.0,2.0,2.0,3.0,0
141871.0,24.0,2.7,39.0,117.0,118.0,73.0,185.0,41.0,5.1,3.52,140.0,7.5,15.8,247.0,13.7,0.94,143.0,5.6,85.0,7.28,7.0,8.0,600.0,1.0,7.0,5.0,2.0,,2.0,2.0,2.0,,2.0,4.0,0
141872.0,35.0,1.51,29.3,89.2,95.0,58.0,176.0,42.0,4.6,2.05,139.0,3.7,13.5,252.0,13.4,0.73,89.0,4.3,92.0,9.94,8.5,9.0,480.0,2.0,3.0,4.0,2.0,,2.0,2.0,2.0,,2.0,2.0,0
141873.0,26.0,0.92,26.6,84.5,98.0,66.0,200.0,57.0,4.9,5.8,141.0,5.8,12.7,355.0,14.1,0.71,134.0,4.1,89.0,7.74,3.5,5.0,480.0,2.0,3.0,4.0,2.0,,2.0,1.0,2.0,2.0,2.0,5.0,0
141875.0,54.0,5.0,32.1,114.7,127.0,83.0,191.0,39.0,6.1,7.26,140.0,7.3,14.2,253.0,12.8,0.68,342.0,7.6,105.0,6.09,8.0,8.5,540.0,2.0,3.0,4.0,1.0,3.0,3.0,1.0,2.0,1.0,2.0,3.0,0
141882.0,60.0,0.69,42.8,144.2,126.0,80.0,136.0,39.0,9.0,1.35,137.0,7.8,14.3,274.0,14.9,1.0,167.0,1.9,130.0,45.42,10.0,12.5,60.0,1.0,3.0,2.0,2.0,,1.0,1.0,1.0,1.0,1.0,4.0,1
141884.0,47.0,5.0,27.5,99.8,111.0,83.0,214.0,72.0,5.0,1.36,138.0,5.1,14.5,214.0,13.2,0.69,78.0,3.9,100.0,9.45,7.5,9.0,300.0,2.0,3.0,5.0,2.0,,2.0,2.0,2.0,,2.0,2.0,0
141885.0,70.0,,32.3,104.9,120.0,69.0,137.0,56.0,6.5,0.47,141.0,7.4,13.0,224.0,13.2,0.68,98.0,5.7,124.0,10.33,8.0,8.0,180.0,2.0,6.0,2.0,2.0,,2.0,1.0,2.0,1.0,2.0,2.0,0
141886.0,62.0,4.92,43.1,132.8,134.0,91.0,237.0,47.0,6.0,5.64,137.0,6.6,14.1,267.0,13.9,0.97,153.0,7.8,96.0,6.22,8.0,7.5,720.0,2.0,3.0,4.0,2.0,,2.0,2.0,1.0,,2.0,2.0,0
141889.0,33.0,5.0,35.6,120.3,133.0,89.0,289.0,35.0,5.0,2.12,140.0,8.4,14.9,240.0,13.6,1.03,708.0,8.0,93.0,4.55,7.0,8.0,480.0,1.0,3.0,5.0,2.0,,2.0,2.0,1.0,,2.0,3.0,0
141894.0,80.0,1.6,29.5,90.5,161.0,79.0,278.0,72.0,5.8,6.38,141.0,8.8,12.1,283.0,15.4,1.05,83.0,5.1,97.0,16.96,7.0,7.0,360.0,2.0,3.0,3.0,2.0,,2.0,1.0,1.0,1.0,2.0,2.0,0
141896.0,25.0,4.12,26.8,94.7,131.0,84.0,221.0,41.0,5.2,1.72,138.0,6.4,15.6,327.0,13.7,1.03,176.0,6.2,95.0,3.43,7.5,9.0,360.0,1.0,4.0,5.0,2.0,,2.0,2.0,2.0,,2.0,1.0,0
141901.0,30.0,1.71,23.1,75.7,109.0,70.0,193.0,72.0,5.6,0.56,136.0,4.6,13.9,231.0,13.3,0.78,77.0,3.0,90.0,7.56,9.0,9.0,180.0,2.0,7.0,4.0,2.0,,2.0,2.0,1.0,,2.0,1.0,0
141903.0,56.0,5.0,24.7,93.2,113.0,69.0,182.0,45.0,5.5,5.72,140.0,5.8,13.4,257.0,13.9,0.96,102.0,5.4,95.0,1.5,6.0,8.5,600.0,1.0,3.0,4.0,1.0,3.0,2.0,2.0,1.0,,2.0,2.0,0
141908.0,77.0,4.94,40.3,114.2,127.0,68.0,164.0,52.0,8.1,4.84,139.0,10.9,13.3,216.0,15.7,1.05,125.0,8.6,124.0,17.1,5.0,5.0,120.0,2.0,3.0,2.0,2.0,,2.0,1.0,1.0,1.0,1.0,3.0,1
141910.0,60.0,5.0,23.6,90.0,135.0,63.0,204.0,56.0,5.4,0.7,144.0,6.6,13.1,211.0,13.8,0.81,131.0,4.5,85.0,9.09,7.5,8.5,540.0,2.0,3.0,5.0,1.0,3.0,2.0,2.0,2.0,,2.0,1.0,0
141912.0,60.0,3.24,56.9,155.7,119.0,79.0,168.0,45.0,10.7,8.11,138.0,8.6,15.3,237.0,13.5,1.07,122.0,6.5,274.0,38.58,7.0,7.0,480.0,1.0,1.0,5.0,2.0,,1.0,1.0,2.0,1.0,1.0,3.0,0
141913.0,65.0,4.6,26.9,98.0,161.0,92.0,272.0,121.0,5.5,2.84,140.0,4.7,15.7,175.0,14.2,0.79,55.0,5.4,106.0,22.12,6.0,8.0,300.0,1.0,4.0,4.0,2.0,,2.0,1.0,1.0,2.0,2.0,3.0,0
141914.0,35.0,5.0,23.7,86.8,108.0,69.0,245.0,48.0,4.2,0.7,143.0,5.6,16.1,160.0,13.0,1.04,113.0,5.6,81.0,3.89,8.0,8.5,600.0,1.0,1.0,5.0,2.0,,2.0,2.0,2.0,,2.0,2.0,0
141915.0,79.0,1.61,30.1,105.2,146.0,76.0,254.0,46.0,5.4,2.91,138.0,8.4,15.6,261.0,13.9,1.02,140.0,6.5,87.0,40.2,8.0,8.0,240.0,1.0,3.0,3.0,2.0,,2.0,2.0,1.0,,2.0,2.0,0
141916.0,27.0,5.0,22.4,78.0,101.0,64.0,188.0,87.0,5.3,0.25,138.0,6.8,13.1,206.0,12.8,0.72,54.0,3.8,70.0,17.35,6.5,7.5,240.0,2.0,6.0,5.0,2.0,,2.0,2.0,2.0,,2.0,2.0,0
141918.0,67.0,3.12,25.4,95.8,147.0,93.0,181.0,54.0,4.9,0.45,133.0,8.2,12.4,261.0,13.8,1.32,71.0,4.3,86.0,7.21,6.0,6.0,480.0,2.0,3.0,3.0,1.0,1.0,2.0,2.0,2.0,,2.0,3.0,0
141921.0,64.0,0.63,27.0,101.2,211.0,117.0,242.0,66.0,5.4,3.61,138.0,7.4,13.9,322.0,13.1,1.07,85.0,3.6,98.0,32.93,9.0,9.0,720.0,2.0,3.0,3.0,1.0,1.0,2.0,1.0,2.0,2.0,2.0,4.0,0
141922.0,74.0,1.8,24.9,89.1,98.0,73.0,258.0,52.0,5.9,3.22,139.0,7.9,14.4,361.0,13.8,0.58,172.0,4.0,99.0,9.32,7.0,7.0,180.0,2.0,7.0,4.0,1.0,1.0,2.0,2.0,2.0,,2.0,1.0,0
141923.0,37.0,5.0,31.9,92.2,115.0,89.0,218.0,72.0,5.0,0.38,139.0,5.9,13.6,294.0,12.9,0.71,108.0,4.7,93.0,6.7,5.5,7.5,900.0,2.0,3.0,5.0,2.0,,2.0,2.0,1.0,,2.0,1.0,0
141924.0,34.0,1.26,25.2,88.7,113.0,63.0,203.0,42.0,5.6,1.16,138.0,9.2,14.8,190.0,12.9,0.88,206.0,5.4,92.0,0.91,8.0,10.0,180.0,1.0,1.0,2.0,2.0,,2.0,2.0,2.0,,2.0,4.0,0
141926.0,65.0,3.29,,99.0,102.0,49.0,163.0,69.0,5.6,1.16,134.0,7.6,12.2,190.0,14.6,0.76,84.0,5.5,92.0,26.81,10.0,10.5,240.0,1.0,3.0,4.0,2.0,,1.0,1.0,1.0,1.0,2.0,4.0,1
141932.0,59.0,5.0,26.0,94.5,106.0,69.0,145.0,44.0,5.3,0.79,136.0,6.1,13.3,243.0,14.2,0.83,114.0,3.2,90.0,7.52,7.0,6.5,840.0,1.0,3.0,5.0,2.0,,2.0,2.0,2.0,,2.0,1.0,0
141933.0,34.0,5.0,25.9,96.4,95.0,64.0,195.0,38.0,5.3,0.88,140.0,7.4,15.0,211.0,12.9,1.0,196.0,6.0,96.0,4.04,7.5,6.5,600.0,1.0,3.0,4.0,2.0,,2.0,2.0,2.0,,2.0,2.0,0
141934.0,71.0,5.0,34.3,122.6,133.0,69.0,226.0,60.0,7.1,1.95,140.0,10.0,13.4,331.0,14.4,1.05,79.0,4.1,126.0,5.74,9.0,11.0,300.0,1.0,3.0,3.0,1.0,3.0,2.0,1.0,1.0,1.0,1.0,2.0,0
141938.0,37.0,4.78,23.6,83.5,115.0,75.0,169.0,67.0,5.1,0.3,140.0,4.5,15.3,247.0,13.3,1.06,44.0,6.0,79.0,3.38,6.0,4.0,480.0,1.0,4.0,5.0,2.0,,2.0,2.0,2.0,,2.0,3.0,0
141944.0,72.0,2.72,24.4,91.0,118.0,69.0,200.0,51.0,5.9,7.45,140.0,7.0,13.0,513.0,15.0,0.57,171.0,3.7,97.0,12.68,9.0,9.0,480.0,2.0,3.0,5.0,2.0,,2.0,2.0,2.0,,2.0,2.0,0
141949.0,50.0,1.52,44.1,132.0,99.0,68.0,225.0,51.0,6.2,7.17,140.0,8.5,14.0,393.0,14.8,0.83,196.0,2.9,115.0,5.95,6.0,6.0,480.0,2.0,3.0,5.0,2.0,,1.0,1.0,2.0,1.0,2.0,5.0,0
141951.0,60.0,,27.4,93.0,127.0,70.0,253.0,41.0,5.7,3.51,139.0,4.5,13.2,211.0,12.8,1.12,224.0,4.7,98.0,4.85,6.5,6.5,300.0,1.0,2.0,5.0,2.0,,2.0,2.0,2.0,,2.0,1.0,0
141952.0,63.0,5.0,23.5,79.0,101.0,77.0,227.0,75.0,5.4,0.26,131.0,4.9,16.3,303.0,13.9,0.75,66.0,3.4,80.0,2.1,4.0,5.0,180.0,2.0,3.0,4.0,2.0,,2.0,2.0,1.0,,2.0,1.0,0
141957.0,64.0,5.0,33.1,113.2,107.0,74.0,213.0,45.0,6.3,12.39,138.0,9.3,15.8,204.0,14.3,1.13,127.0,6.6,133.0,5.57,9.0,10.0,300.0,1.0,3.0,4.0,1.0,3.0,2.0,2.0,2.0,,2.0,2.0,0
141958.0,76.0,1.26,27.9,99.1,141.0,70.0,190.0,66.0,5.4,1.65,139.0,10.1,12.9,219.0,14.1,0.68,62.0,4.9,89.0,11.38,9.5,9.0,360.0,2.0,3.0,3.0,2.0,,2.0,1.0,1.0,1.0,1.0,4.0,0
141960.0,41.0,3.37,31.4,103.3,118.0,80.0,162.0,44.0,5.9,2.53,137.0,7.3,14.6,258.0,13.6,0.9,95.0,5.3,87.0,5.17,7.0,8.0,480.0,1.0,2.0,4.0,2.0,,2.0,2.0,2.0,,2.0,3.0,0
141961.0,28.0,3.6,33.3,105.5,107.0,83.0,191.0,49.0,5.2,3.27,139.0,5.6,12.7,314.0,12.9,0.86,93.0,5.1,94.0,7.53,7.5,9.5,300.0,2.0,3.0,4.0,2.0,,2.0,2.0,2.0,,2.0,4.0,0
141963.0,80.0,2.07,33.8,120.1,139.0,72.0,155.0,69.0,5.6,1.96,142.0,8.1,14.9,222.0,13.5,0.75,96.0,5.0,90.0,9.13,8.0,8.0,480.0,2.0,3.0,3.0,2.0,,2.0,1.0,1.0,1.0,1.0,2.0,0
141966.0,62.0,5.0,48.8,143.9,106.0,77.0,134.0,45.0,5.9,2.58,138.0,7.4,14.0,127.0,15.9,1.03,151.0,6.1,103.0,4.12,9.5,9.5,360.0,1.0,3.0,5.0,1.0,3.0,2.0,2.0,1.0,,1.0,3.0,0
141967.0,68.0,,37.7,116.6,121.0,78.0,211.0,80.0,5.2,4.41,140.0,6.3,13.3,289.0,14.5,1.08,48.0,6.4,85.0,8.86,7.0,8.0,600.0,2.0,3.0,5.0,1.0,3.0,2.0,1.0,1.0,1.0,1.0,3.0,0
141968.0,75.0,,46.6,130.2,106.0,56.0,157.0,38.0,6.2,13.29,142.0,6.6,11.6,434.0,15.5,1.02,118.0,6.7,112.0,5.01,9.0,10.0,300.0,2.0,4.0,1.0,2.0,,1.0,1.0,1.0,1.0,1.0,5.0,0
141969.0,80.0,,25.7,100.1,138.0,80.0,170.0,54.0,5.2,8.56,125.0,9.3,12.5,349.0,12.8,0.7,119.0,4.4,89.0,24.17,,,300.0,2.0,2.0,3.0,2.0,,2.0,1.0,2.0,1.0,2.0,3.0,0
141974.0,65.0,,38.6,130.0,126.0,85.0,234.0,49.0,5.2,4.76,139.0,7.1,17.6,163.0,13.7,1.15,120.0,7.3,99.0,10.78,9.0,10.5,420.0,1.0,3.0,3.0,2.0,,2.0,2.0,1.0,,2.0,3.0,0
141975.0,70.0,3.39,33.0,113.4,144.0,77.0,153.0,53.0,6.2,0.78,136.0,9.3,13.5,227.0,14.4,0.7,48.0,3.6,99.0,15.45,8.0,8.0,60.0,1.0,3.0,5.0,2.0,,2.0,2.0,2.0,,2.0,3.0,0
141976.0,64.0,5.0,33.6,99.7,133.0,69.0,154.0,54.0,5.4,3.33,142.0,5.0,14.1,190.0,13.9,0.57,104.0,5.8,94.0,7.15,6.0,7.0,480.0,2.0,3.0,3.0,2.0,,2.0,1.0,1.0,1.0,1.0,3.0,0
141979.0,48.0,4.64,,,112.0,79.0,184.0,67.0,5.4,2.78,136.0,5.9,12.7,347.0,14.0,0.53,137.0,3.9,97.0,12.51,9.0,9.0,600.0,2.0,3.0,5.0,2.0,,2.0,2.0,2.0,,2.0,4.0,0
141981.0,21.0,0.31,23.4,88.4,119.0,63.0,178.0,47.0,5.2,0.62,138.0,9.3,15.8,251.0,12.4,0.92,59.0,6.3,87.0,8.51,9.0,9.5,300.0,1.0,3.0,3.0,1.0,1.0,2.0,2.0,2.0,,2.0,3.0,0
141985.0,67.0,1.01,23.6,79.4,120.0,59.0,142.0,54.0,5.4,0.46,130.0,6.9,14.1,273.0,13.4,0.47,76.0,3.0,114.0,226.38,8.0,8.0,120.0,2.0,6.0,4.0,2.0,,1.0,1.0,1.0,1.0,1.0,3.0,0
141987.0,37.0,5.0,23.3,86.0,99.0,66.0,226.0,71.0,4.6,0.49,140.0,4.9,12.7,330.0,13.6,0.76,84.0,3.6,86.0,4.91,8.0,7.0,420.0,2.0,3.0,5.0,2.0,,2.0,2.0,2.0,,2.0,1.0,0
141989.0,79.0,1.43,29.9,102.2,142.0,59.0,130.0,44.0,8.1,0.19,142.0,5.3,10.9,190.0,14.6,1.11,151.0,5.4,218.0,66.2,8.5,11.0,240.0,2.0,2.0,4.0,2.0,,1.0,1.0,1.0,1.0,1.0,4.0,1
141992.0,31.0,,36.8,121.0,106.0,70.0,248.0,37.0,5.5,4.65,140.0,11.0,14.2,359.0,13.7,0.93,169.0,7.6,84.0,3.79,8.0,8.0,720.0,1.0,3.0,4.0,2.0,,2.0,2.0,9.0,,2.0,3.0,0
141993.0,58.0,0.05,33.3,108.2,131.0,97.0,257.0,65.0,5.7,3.17,140.0,7.1,14.0,297.0,13.7,0.8,182.0,6.1,97.0,6.49,7.0,7.0,480.0,2.0,3.0,3.0,1.0,3.0,2.0,1.0,2.0,1.0,2.0,4.0,0
141994.0,67.0,1.25,18.7,75.2,167.0,119.0,233.0,82.0,5.4,0.39,138.0,8.2,16.4,281.0,13.6,0.89,97.0,4.8,105.0,58.06,9.0,7.5,360.0,2.0,3.0,2.0,1.0,3.0,2.0,1.0,2.0,1.0,2.0,2.0,0
141998.0,52.0,3.97,22.5,79.0,147.0,87.0,163.0,44.0,6.0,0.84,141.0,8.2,13.5,271.0,13.1,1.09,310.0,7.4,91.0,5.51,7.0,9.0,480.0,1.0,6.0,5.0,2.0,,2.0,1.0,2.0,1.0,2.0,3.0,0
141999.0,60.0,2.87,35.2,113.1,101.0,69.0,217.0,41.0,5.8,2.86,139.0,7.6,15.4,227.0,12.7,0.68,133.0,4.8,96.0,18.92,7.5,10.5,180.0,2.0,3.0,4.0,1.0,1.0,2.0,2.0,1.0,,2.0,1.0,0
142002.0,64.0,4.92,28.9,100.0,113.0,76.0,150.0,70.0,5.7,2.99,140.0,3.8,12.1,263.0,14.2,0.74,63.0,5.3,96.0,8.53,8.0,8.5,240.0,2.0,4.0,4.0,2.0,,2.0,2.0,2.0,,2.0,2.0,0
142007.0,71.0,,30.8,112.6,134.0,84.0,126.0,56.0,5.6,0.77,140.0,5.8,17.1,191.0,13.8,0.98,78.0,5.4,86.0,9.35,9.0,9.5,360.0,1.0,1.0,3.0,2.0,,2.0,1.0,1.0,1.0,1.0,2.0,0
142011.0,33.0,,40.0,,110.0,84.0,239.0,34.0,5.3,7.37,137.0,9.9,13.8,328.0,14.6,0.67,427.0,3.4,89.0,9.83,6.5,6.5,540.0,2.0,2.0,5.0,2.0,,2.0,2.0,1.0,,2.0,3.0,0
142015.0,73.0,1.32,33.5,101.8,115.0,64.0,238.0,62.0,5.5,1.79,141.0,5.3,14.9,269.0,14.4,0.73,127.0,3.9,91.0,12.28,5.0,5.0,180.0,2.0,1.0,3.0,2.0,,2.0,2.0,2.0,,2.0,1.0,0
142016.0,68.0,5.0,25.9,100.8,117.0,75.0,171.0,45.0,4.8,0.82,139.0,6.7,16.4,172.0,13.3,1.1,95.0,6.2,100.0,3.01,9.5,9.0,240.0,1.0,3.0,5.0,1.0,3.0,2.0,2.0,2.0,,2.0,1.0,0
142019.0,80.0,2.94,31.3,109.9,136.0,80.0,179.0,60.0,5.4,0.75,134.0,5.2,15.4,266.0,13.5,0.92,91.0,4.3,104.0,67.59,7.5,7.5,180.0,1.0,3.0,3.0,2.0,,2.0,2.0,1.0,,1.0,2.0,0
142020.0,65.0,5.0,40.0,128.0,130.0,76.0,153.0,39.0,8.4,17.52,138.0,9.2,12.6,284.0,16.2,0.88,157.0,6.1,176.0,9.95,7.0,7.0,600.0,2.0,4.0,5.0,2.0,,1.0,2.0,1.0,,1.0,3.0,0
142021.0,80.0,2.33,30.1,111.4,138.0,75.0,93.0,40.0,5.9,1.8,145.0,5.9,15.2,167.0,14.3,1.06,98.0,4.0,112.0,12.0,8.5,8.5,360.0,1.0,3.0,3.0,1.0,3.0,2.0,1.0,1.0,1.0,1.0,4.0,1
142024.0,74.0,5.0,25.7,103.2,141.0,80.0,173.0,67.0,5.7,1.73,143.0,7.2,13.6,288.0,14.6,1.11,92.0,5.9,106.0,6.14,7.5,7.5,540.0,1.0,3.0,5.0,2.0,,2.0,1.0,1.0,1.0,1.0,2.0,0
142025.0,71.0,5.0,31.1,108.0,108.0,62.0,185.0,68.0,5.1,0.39,139.0,5.4,12.6,236.0,12.4,0.78,129.0,6.1,82.0,6.78,4.0,8.0,300.0,2.0,3.0,5.0,2.0,,1.0,1.0,1.0,1.0,2.0,1.0,0
142030.0,24.0,3.29,35.1,121.7,99.0,64.0,246.0,48.0,5.3,1.11,139.0,5.9,12.3,311.0,14.0,0.79,148.0,5.0,84.0,223.83,6.5,9.5,420.0,2.0,3.0,3.0,1.0,3.0,2.0,2.0,2.0,,2.0,2.0,0
142032.0,22.0,1.84,22.2,69.2,111.0,68.0,175.0,58.0,4.9,0.76,137.0,7.0,12.7,293.0,13.2,0.61,97.0,3.6,84.0,8.73,8.0,9.0,180.0,2.0,3.0,4.0,2.0,,2.0,2.0,2.0,,2.0,2.0,0
142033.0,78.0,3.96,33.5,117.1,123.0,77.0,226.0,36.0,5.7,1.18,141.0,4.7,14.2,132.0,13.9,1.26,216.0,6.0,80.0,25.69,6.0,8.0,240.0,1.0,3.0,5.0,1.0,3.0,2.0,2.0,1.0,,2.0,3.0,0
142034.0,45.0,,44.2,131.9,149.0,99.0,280.0,37.0,6.8,6.29,136.0,14.3,15.7,278.0,12.9,0.99,342.0,7.4,117.0,9.36,5.5,9.0,600.0,1.0,3.0,4.0,2.0,,2.0,1.0,1.0,2.0,2.0,4.0,0
142036.0,67.0,0.85,43.8,136.6,129.0,65.0,95.0,30.0,6.6,10.5,142.0,10.0,14.3,288.0,13.8,0.53,243.0,4.5,114.0,13.53,8.0,8.0,360.0,2.0,1.0,4.0,1.0,1.0,2.0,2.0,2.0,,2.0,3.0,0
142037.0,75.0,4.12,22.1,84.2,101.0,63.0,131.0,42.0,5.8,2.44,142.0,4.9,12.2,259.0,13.8,0.62,79.0,3.4,102.0,6.97,9.0,9.0,480.0,2.0,3.0,4.0,1.0,3.0,2.0,2.0,1.0,,1.0,2.0,0
142038.0,23.0,1.34,31.3,90.8,118.0,77.0,181.0,66.0,5.1,0.36,138.0,6.2,13.9,349.0,13.4,0.8,83.0,3.2,86.0,5.0,4.0,4.0,600.0,2.0,2.0,3.0,2.0,,2.0,2.0,2.0,,2.0,4.0,0
142039.0,58.0,,24.8,88.2,162.0,110.0,175.0,61.0,5.4,0.43,138.0,5.5,16.2,214.0,14.1,1.07,72.0,4.0,98.0,31.73,11.0,9.0,120.0,1.0,4.0,3.0,2.0,,2.0,1.0,2.0,1.0,2.0,3.0,0
142047.0,40.0,4.59,33.5,114.3,104.0,72.0,167.0,37.0,5.6,4.56,137.0,6.6,12.0,251.0,14.1,0.55,136.0,4.5,97.0,1.4,7.0,7.0,720.0,2.0,3.0,5.0,1.0,3.0,2.0,2.0,2.0,,2.0,4.0,0
142048.0,21.0,2.16,23.7,82.7,116.0,66.0,144.0,52.0,5.1,0.98,140.0,3.6,15.5,195.0,12.8,1.01,81.0,6.2,87.0,15.39,7.5,8.5,240.0,1.0,6.0,3.0,2.0,,2.0,2.0,2.0,,2.0,1.0,0
142050.0,48.0,1.85,44.0,144.9,113.0,85.0,170.0,44.0,5.2,3.05,141.0,7.2,15.5,236.0,13.2,1.0,80.0,6.5,93.0,4.36,9.5,7.0,240.0,1.0,3.0,3.0,1.0,3.0,2.0,1.0,1.0,2.0,1.0,3.0,0
142051.0,51.0,2.24,30.7,102.4,108.0,68.0,171.0,35.0,5.6,4.76,138.0,11.1,13.5,275.0,13.1,0.69,155.0,4.7,82.0,6.84,7.5,9.0,180.0,2.0,7.0,3.0,1.0,1.0,2.0,2.0,1.0,,2.0,1.0,0
142055.0,60.0,3.02,39.3,105.5,116.0,73.0,157.0,52.0,6.5,11.89,143.0,4.8,11.7,424.0,14.1,0.83,94.0,6.7,124.0,11.41,5.5,7.0,300.0,2.0,4.0,3.0,2.0,,1.0,1.0,2.0,1.0,2.0,2.0,0
142056.0,27.0,,22.1,75.5,121.0,55.0,133.0,51.0,4.8,0.26,139.0,4.8,14.2,186.0,13.2,0.93,61.0,5.0,100.0,4.66,9.0,9.0,360.0,1.0,3.0,5.0,2.0,,2.0,2.0,2.0,,2.0,1.0,0
142058.0,63.0,5.0,25.1,80.0,150.0,90.0,204.0,84.0,5.3,0.35,131.0,4.6,13.6,301.0,12.3,0.72,47.0,3.8,93.0,0.78,8.0,8.0,180.0,2.0,3.0,5.0,2.0,,2.0,1.0,2.0,2.0,2.0,1.0,0
142060.0,43.0,0.65,34.4,105.9,106.0,73.0,190.0,53.0,5.6,2.48,137.0,9.5,11.6,342.0,13.1,0.67,70.0,3.8,88.0,28.46,6.5,11.0,60.0,2.0,3.0,3.0,1.0,3.0,2.0,2.0,2.0,,2.0,4.0,0
142062.0,67.0,1.84,41.0,116.4,105.0,80.0,193.0,42.0,6.9,3.92,141.0,7.6,14.5,332.0,14.2,1.91,236.0,5.8,78.0,38.48,9.5,11.5,480.0,2.0,3.0,3.0,2.0,,1.0,1.0,1.0,1.0,1.0,4.0,1
142063.0,33.0,5.0,31.2,110.8,108.0,75.0,191.0,52.0,5.2,6.53,139.0,7.5,14.2,327.0,12.4,0.68,150.0,4.0,94.0,2.94,5.0,11.0,180.0,2.0,3.0,5.0,1.0,1.0,2.0,2.0,1.0,,2.0,4.0,0
142066.0,64.0,5.0,34.4,112.5,117.0,65.0,247.0,90.0,6.0,4.6,137.0,5.1,13.8,238.0,13.9,0.71,65.0,3.2,115.0,8.1,8.5,8.5,480.0,2.0,3.0,5.0,2.0,,2.0,1.0,1.0,1.0,2.0,3.0,0
142067.0,76.0,0.93,26.8,102.8,142.0,59.0,155.0,48.0,6.2,2.4,136.0,4.9,8.2,203.0,22.3,0.88,51.0,4.9,80.0,7.56,8.5,8.5,30.0,1.0,6.0,1.0,1.0,3.0,2.0,1.0,1.0,1.0,1.0,5.0,1
142068.0,27.0,1.65,27.8,88.7,111.0,64.0,168.0,57.0,4.8,0.32,140.0,5.8,13.3,181.0,12.4,1.08,80.0,5.2,87.0,5.28,8.5,8.5,480.0,2.0,1.0,4.0,2.0,,2.0,2.0,2.0,,2.0,2.0,0
142069.0,59.0,0.72,39.0,127.7,101.0,61.0,144.0,53.0,6.6,12.57,137.0,10.9,13.4,299.0,18.4,0.88,76.0,7.8,132.0,9.8,6.0,11.0,720.0,1.0,3.0,3.0,1.0,1.0,1.0,1.0,1.0,1.0,1.0,4.0,1
142074.0,32.0,5.0,19.5,73.0,109.0,64.0,161.0,82.0,4.7,0.36,139.0,6.4,13.7,173.0,12.6,0.68,65.0,4.6,93.0,10.71,8.0,8.0,480.0,2.0,3.0,5.0,2.0,,2.0,2.0,2.0,,2.0,1.0,0
142076.0,77.0,5.0,24.0,101.0,139.0,59.0,183.0,65.0,5.4,1.45,140.0,8.0,14.3,191.0,12.6,0.98,77.0,5.2,108.0,6.11,8.0,8.0,720.0,1.0,3.0,5.0,2.0,,2.0,1.0,1.0,2.0,2.0,2.0,0
142077.0,80.0,2.22,26.3,91.4,145.0,73.0,171.0,72.0,5.5,1.65,142.0,7.5,13.1,206.0,13.5,1.3,95.0,6.7,78.0,37.87,8.0,8.0,180.0,2.0,3.0,4.0,2.0,,2.0,1.0,1.0,1.0,1.0,4.0,1
142078.0,69.0,2.73,32.7,110.5,150.0,84.0,113.0,61.0,7.2,8.83,132.0,7.5,12.1,327.0,15.0,1.04,67.0,6.0,167.0,25.43,10.0,10.0,480.0,2.0,3.0,2.0,1.0,3.0,1.0,1.0,2.0,1.0,1.0,3.0,1
142079.0,56.0,5.0,43.4,145.3,133.0,80.0,109.0,24.0,6.8,2.26,141.0,,,,,0.91,339.0,6.1,143.0,3635.83,6.5,6.5,660.0,1.0,3.0,5.0,1.0,3.0,1.0,1.0,2.0,1.0,1.0,2.0,0
142084.0,57.0,5.0,23.7,86.8,144.0,92.0,228.0,75.0,5.4,0.55,142.0,6.1,12.6,358.0,13.3,0.73,79.0,4.4,88.0,6.47,3.0,5.0,300.0,2.0,3.0,4.0,2.0,,3.0,1.0,1.0,2.0,2.0,1.0,0
142085.0,80.0,,21.6,82.8,161.0,60.0,177.0,92.0,5.6,8.88,133.0,8.8,11.5,266.0,13.9,0.71,97.0,2.6,94.0,17.41,8.0,8.0,420.0,2.0,3.0,2.0,2.0,,2.0,1.0,1.0,1.0,1.0,2.0,1
142088.0,47.0,5.0,26.1,87.2,108.0,75.0,189.0,70.0,5.3,0.92,136.0,3.3,12.4,195.0,14.7,0.99,57.0,4.8,94.0,5.64,7.0,5.0,600.0,2.0,4.0,5.0,2.0,,2.0,2.0,2.0,,2.0,1.0,0
142095.0,60.0,1.03,23.5,90.8,116.0,71.0,161.0,35.0,6.3,76.02,136.0,9.9,12.1,506.0,17.1,1.02,89.0,7.6,117.0,11.54,7.0,7.0,360.0,1.0,3.0,2.0,1.0,3.0,2.0,2.0,2.0,,2.0,4.0,0
142103.0,66.0,0.98,27.1,97.0,139.0,52.0,80.0,51.0,5.3,3.4,139.0,3.2,10.7,89.0,14.2,3.6,38.0,2.8,77.0,,8.0,9.0,480.0,2.0,1.0,1.0,2.0,,1.0,1.0,1.0,1.0,1.0,5.0,0
142105.0,71.0,3.24,34.0,120.4,119.0,65.0,153.0,46.0,5.9,5.89,140.0,14.9,13.6,280.0,16.1,1.28,234.0,13.2,102.0,7.6,5.5,5.0,360.0,2.0,1.0,4.0,1.0,3.0,2.0,1.0,1.0,1.0,1.0,3.0,0
142106.0,40.0,4.32,32.8,110.5,88.0,63.0,218.0,67.0,5.3,1.23,138.0,6.0,13.8,300.0,12.5,0.83,77.0,5.0,95.0,4.56,7.0,6.0,360.0,2.0,3.0,5.0,2.0,,2.0,2.0,2.0,,2.0,2.0,0
142107.0,61.0,,30.3,107.9,164.0,88.0,184.0,36.0,5.2,8.13,136.0,4.4,12.7,158.0,13.8,0.92,222.0,7.4,100.0,183.6,7.5,12.0,,1.0,4.0,3.0,1.0,3.0,2.0,1.0,2.0,1.0,2.0,3.0,0
142110.0,67.0,0.31,39.2,122.9,146.0,78.0,206.0,54.0,7.0,3.14,141.0,10.3,14.2,282.0,14.1,0.89,215.0,5.9,136.0,7.42,7.5,8.5,360.0,2.0,3.0,3.0,2.0,,1.0,2.0,1.0,,1.0,3.0,0
142112.0,39.0,1.62,20.3,77.8,95.0,69.0,195.0,48.0,5.2,0.65,140.0,6.5,13.4,286.0,12.7,0.73,111.0,5.3,90.0,4.33,6.0,12.0,480.0,2.0,6.0,5.0,2.0,,2.0,2.0,2.0,,2.0,1.0,0
142115.0,34.0,3.17,43.9,141.9,125.0,88.0,127.0,47.0,5.3,2.35,140.0,6.9,15.2,255.0,13.4,0.92,80.0,6.9,93.0,4.99,7.0,7.0,780.0,1.0,7.0,5.0,1.0,3.0,2.0,2.0,1.0,,2.0,4.0,0
142117.0,29.0,5.0,26.0,90.9,105.0,74.0,153.0,73.0,5.3,5.51,140.0,6.1,11.6,192.0,18.0,,78.0,,,20.06,8.0,9.0,660.0,2.0,3.0,5.0,2.0,,2.0,2.0,2.0,,2.0,2.0,0
142122.0,24.0,,23.2,,110.0,70.0,170.0,48.0,5.8,0.11,140.0,3.2,11.4,258.0,16.4,0.61,102.0,3.5,98.0,13.86,7.5,8.0,90.0,2.0,4.0,5.0,2.0,,2.0,2.0,2.0,,2.0,2.0,0
142129.0,24.0,1.17,29.4,107.0,116.0,65.0,175.0,33.0,5.0,0.62,142.0,6.1,15.8,246.0,12.7,0.99,164.0,5.9,96.0,2.69,8.0,9.0,360.0,1.0,1.0,5.0,2.0,,2.0,2.0,2.0,,2.0,4.0,0
142132.0,62.0,2.7,24.7,86.0,98.0,73.0,200.0,64.0,5.5,3.86,140.0,5.3,12.7,228.0,14.7,0.64,54.0,4.1,94.0,8.6,9.0,9.5,120.0,2.0,2.0,5.0,2.0,,2.0,2.0,2.0,,2.0,3.0,0
142133.0,61.0,2.18,35.2,111.1,135.0,83.0,225.0,41.0,6.7,3.62,142.0,6.4,15.0,247.0,13.9,1.24,152.0,5.8,124.0,7.09,7.0,8.0,840.0,1.0,2.0,1.0,1.0,3.0,3.0,1.0,9.0,1.0,2.0,3.0,0
142143.0,44.0,,26.6,95.7,123.0,72.0,160.0,60.0,5.2,0.65,140.0,5.4,15.0,236.0,12.9,1.23,80.0,5.0,86.0,29.92,7.0,7.5,240.0,1.0,3.0,5.0,1.0,3.0,2.0,2.0,2.0,,2.0,2.0,0
142145.0,23.0,2.22,28.8,95.4,103.0,67.0,215.0,58.0,4.4,2.44,141.0,6.6,14.4,215.0,12.4,,60.0,,81.0,48.81,10.0,9.0,420.0,2.0,3.0,3.0,1.0,3.0,2.0,2.0,2.0,,2.0,2.0,0
142148.0,36.0,,27.3,90.0,106.0,71.0,211.0,48.0,5.1,1.14,140.0,10.2,15.5,227.0,13.2,1.12,90.0,5.6,90.0,6.93,5.5,5.5,120.0,1.0,2.0,5.0,1.0,3.0,2.0,2.0,2.0,,2.0,1.0,0
142152.0,53.0,4.12,37.7,113.9,139.0,102.0,226.0,53.0,5.8,1.22,144.0,6.9,14.3,307.0,13.2,0.68,211.0,6.7,76.0,11.17,8.0,10.0,240.0,2.0,3.0,4.0,2.0,,2.0,1.0,1.0,1.0,1.0,3.0,0
142155.0,51.0,1.25,19.9,75.7,98.0,61.0,223.0,57.0,5.5,0.17,138.0,3.0,12.4,191.0,11.8,0.86,114.0,4.0,101.0,10.09,6.5,9.5,90.0,2.0,3.0,5.0,1.0,1.0,2.0,2.0,1.0,,2.0,3.0,1
142157.0,44.0,0.32,35.4,108.8,126.0,86.0,205.0,52.0,5.1,11.89,139.0,6.0,12.9,209.0,14.9,0.64,161.0,4.0,94.0,22.63,6.0,4.0,300.0,2.0,1.0,2.0,1.0,3.0,1.0,2.0,2.0,,2.0,4.0,0
142161.0,78.0,3.0,33.8,112.2,140.0,63.0,183.0,67.0,6.2,34.74,145.0,9.5,13.3,231.0,14.5,0.77,81.0,6.1,107.0,0.95,8.0,10.0,180.0,2.0,4.0,4.0,2.0,,2.0,1.0,2.0,1.0,2.0,3.0,0
142162.0,78.0,3.09,28.5,109.5,133.0,62.0,149.0,69.0,5.6,1.73,140.0,5.6,11.7,167.0,14.3,1.09,114.0,8.4,100.0,329.92,8.0,8.0,300.0,1.0,3.0,5.0,1.0,3.0,1.0,1.0,2.0,1.0,1.0,3.0,1
142164.0,62.0,5.0,25.3,103.4,157.0,77.0,167.0,60.0,7.1,1.18,140.0,6.6,13.7,253.0,13.5,0.76,151.0,6.1,132.0,7.71,7.0,7.0,240.0,1.0,3.0,4.0,2.0,,1.0,1.0,1.0,1.0,1.0,3.0,0
142169.0,65.0,5.0,35.5,119.0,115.0,61.0,163.0,57.0,5.9,1.25,142.0,7.2,13.4,183.0,13.3,1.0,145.0,5.5,115.0,5.95,9.0,9.0,360.0,1.0,3.0,4.0,2.0,,2.0,1.0,1.0,1.0,1.0,3.0,1
142170.0,57.0,5.0,43.2,127.5,165.0,104.0,197.0,54.0,5.9,3.03,140.0,7.3,13.2,236.0,14.5,1.13,149.0,6.2,103.0,3.45,3.0,5.0,960.0,2.0,3.0,4.0,2.0,,2.0,2.0,1.0,,1.0,2.0,0
142171.0,31.0,2.33,33.0,108.6,108.0,73.0,165.0,48.0,5.1,11.14,139.0,5.8,15.5,224.0,12.9,0.97,134.0,6.1,90.0,5.99,7.5,8.0,180.0,1.0,1.0,4.0,2.0,,2.0,2.0,2.0,,2.0,3.0,0
142172.0,75.0,4.37,21.6,81.9,180.0,80.0,157.0,67.0,5.6,0.78,141.0,8.7,15.6,212.0,13.8,0.75,129.0,4.0,81.0,68.68,9.0,9.5,180.0,1.0,3.0,5.0,1.0,1.0,2.0,2.0,2.0,,2.0,2.0,0
142176.0,65.0,5.0,27.7,103.0,139.0,88.0,212.0,41.0,5.7,0.68,138.0,7.3,15.9,174.0,13.4,0.87,175.0,7.0,106.0,4.81,7.5,8.0,720.0,1.0,3.0,5.0,2.0,,2.0,1.0,1.0,2.0,2.0,2.0,0
142177.0,51.0,2.82,33.8,108.0,140.0,75.0,191.0,39.0,6.0,0.8,138.0,8.2,14.6,234.0,13.8,0.96,122.0,6.6,91.0,26.25,6.5,6.0,180.0,1.0,1.0,3.0,1.0,2.0,2.0,1.0,2.0,1.0,2.0,3.0,0
142178.0,42.0,1.34,25.6,85.0,124.0,76.0,237.0,46.0,5.4,1.53,139.0,7.1,17.4,191.0,12.9,0.88,166.0,5.4,107.0,4.16,8.0,9.0,180.0,1.0,1.0,3.0,2.0,,2.0,2.0,2.0,,2.0,3.0,0
142179.0,24.0,0.21,19.8,72.7,103.0,56.0,155.0,60.0,5.0,0.43,139.0,6.2,12.8,260.0,13.3,0.7,94.0,3.2,87.0,5.63,,,600.0,2.0,7.0,3.0,1.0,3.0,2.0,2.0,2.0,,2.0,1.0,0
142185.0,69.0,2.54,30.6,108.5,121.0,84.0,210.0,48.0,5.2,3.67,140.0,11.2,14.3,299.0,13.6,0.98,209.0,8.9,90.0,4.48,8.0,8.0,360.0,2.0,3.0,4.0,2.0,,2.0,2.0,2.0,,2.0,2.0,0
142186.0,68.0,,23.6,86.0,200.0,98.0,203.0,56.0,5.4,1.17,142.0,5.0,13.0,194.0,14.4,1.05,69.0,4.2,88.0,10.08,7.0,7.0,360.0,1.0,4.0,4.0,1.0,3.0,2.0,2.0,2.0,,2.0,3.0,0
142191.0,77.0,2.32,23.0,81.1,134.0,62.0,138.0,53.0,5.8,0.56,142.0,6.4,11.6,190.0,15.1,0.78,88.0,3.3,94.0,19.34,9.0,8.0,240.0,2.0,3.0,4.0,1.0,3.0,2.0,2.0,1.0,,1.0,3.0,0
142193.0,66.0,,27.9,108.7,131.0,63.0,107.0,51.0,5.7,0.97,137.0,4.9,15.3,188.0,13.0,0.77,52.0,4.1,86.0,7.67,7.0,7.0,240.0,1.0,3.0,3.0,1.0,3.0,2.0,2.0,2.0,,1.0,3.0,1
142196.0,80.0,0.88,22.3,83.5,121.0,75.0,204.0,60.0,5.4,2.43,142.0,6.0,13.5,177.0,13.9,1.44,104.0,6.1,106.0,6.69,5.0,5.0,120.0,1.0,3.0,3.0,2.0,,2.0,2.0,1.0,,2.0,1.0,0
142198.0,68.0,1.3,29.7,104.8,120.0,82.0,220.0,47.0,5.4,3.69,141.0,7.7,14.7,269.0,14.1,1.09,112.0,7.7,97.0,46.56,6.5,8.0,180.0,1.0,3.0,4.0,1.0,3.0,2.0,2.0,1.0,,2.0,2.0,0
142200.0,75.0,1.94,28.1,107.2,119.0,61.0,174.0,45.0,5.2,1.24,137.0,5.4,13.2,173.0,14.2,1.03,80.0,5.0,101.0,4.93,8.0,8.0,840.0,1.0,3.0,5.0,1.0,3.0,2.0,2.0,1.0,,2.0,3.0,0
142203.0,59.0,2.02,21.8,81.0,196.0,138.0,188.0,72.0,5.4,3.48,137.0,6.0,16.5,204.0,13.4,0.96,38.0,4.1,86.0,69.27,4.5,4.5,240.0,1.0,2.0,4.0,1.0,1.0,2.0,1.0,1.0,1.0,1.0,3.0,0
142204.0,80.0,,30.0,,131.0,82.0,161.0,43.0,6.1,1.29,141.0,5.6,16.5,167.0,12.8,1.42,161.0,6.0,122.0,10.1,7.0,7.0,480.0,1.0,3.0,5.0,2.0,,2.0,2.0,2.0,,2.0,1.0,0
142205.0,57.0,5.0,30.9,108.4,127.0,74.0,202.0,41.0,5.8,2.1,143.0,7.0,14.6,288.0,13.3,0.69,295.0,3.5,91.0,24.25,9.0,9.0,120.0,2.0,3.0,4.0,2.0,,2.0,1.0,1.0,1.0,1.0,3.0,0
142206.0,60.0,5.0,32.2,111.3,112.0,65.0,133.0,43.0,5.3,0.38,140.0,7.0,14.5,246.0,13.1,0.72,107.0,4.4,88.0,6.68,6.5,6.5,480.0,1.0,3.0,5.0,1.0,3.0,2.0,2.0,1.0,,1.0,2.0,0
142208.0,28.0,4.82,34.8,104.4,105.0,67.0,181.0,55.0,5.3,6.05,139.0,7.6,12.3,207.0,12.4,0.94,98.0,5.8,85.0,5.15,9.0,9.0,120.0,2.0,3.0,4.0,1.0,3.0,2.0,2.0,2.0,,2.0,3.0,0
142211.0,50.0,5.0,26.7,100.8,127.0,75.0,188.0,67.0,5.1,0.93,141.0,5.5,15.0,208.0,12.4,0.98,74.0,4.8,101.0,4.39,8.0,9.0,540.0,1.0,7.0,5.0,1.0,3.0,2.0,2.0,2.0,,2.0,2.0,0
142212.0,71.0,3.04,22.1,82.4,137.0,87.0,265.0,75.0,5.5,2.4,135.0,4.5,15.7,226.0,13.9,0.66,169.0,3.3,121.0,12.2,9.0,9.0,420.0,2.0,3.0,3.0,1.0,3.0,2.0,1.0,1.0,1.0,1.0,2.0,0
142213.0,59.0,5.0,21.8,80.2,110.0,63.0,180.0,61.0,5.4,0.31,143.0,4.2,13.0,205.0,12.5,0.67,64.0,3.7,85.0,5.75,7.5,7.0,480.0,2.0,3.0,5.0,1.0,3.0,2.0,2.0,1.0,,1.0,1.0,0
142214.0,61.0,5.0,23.8,89.0,101.0,69.0,222.0,54.0,5.8,1.76,141.0,6.6,14.6,278.0,15.4,1.03,104.0,4.2,80.0,3.41,6.5,7.0,360.0,1.0,3.0,3.0,1.0,2.0,2.0,2.0,2.0,,2.0,3.0,0
142215.0,48.0,5.0,46.6,142.5,112.0,74.0,163.0,43.0,6.5,7.55,139.0,7.9,13.4,219.0,14.8,0.68,164.0,5.6,134.0,8.11,8.0,11.0,180.0,1.0,1.0,4.0,1.0,3.0,1.0,1.0,2.0,1.0,2.0,3.0,0
142216.0,57.0,3.6,24.5,90.1,131.0,89.0,177.0,89.0,5.6,0.39,137.0,5.7,12.5,201.0,12.9,0.99,62.0,4.0,94.0,11.36,7.0,10.0,180.0,2.0,3.0,4.0,1.0,3.0,2.0,2.0,2.0,,2.0,1.0,0
142219.0,76.0,5.0,21.7,69.0,121.0,68.0,183.0,70.0,5.5,0.63,140.0,5.4,12.9,175.0,13.0,0.8,126.0,5.2,88.0,1.0,5.5,5.5,180.0,2.0,3.0,5.0,2.0,,2.0,2.0,1.0,,1.0,3.0,0
142221.0,69.0,5.0,27.0,97.0,154.0,90.0,176.0,55.0,5.2,0.83,143.0,4.6,15.2,176.0,12.9,1.04,105.0,4.9,88.0,5.63,8.5,8.5,720.0,1.0,3.0,5.0,2.0,,2.0,1.0,1.0,1.0,1.0,3.0,0
142227.0,68.0,2.58,38.4,120.7,129.0,72.0,196.0,68.0,6.6,2.91,139.0,8.8,12.6,347.0,13.4,0.7,252.0,5.5,129.0,9.93,8.5,9.0,720.0,2.0,3.0,4.0,2.0,,1.0,1.0,1.0,1.0,1.0,2.0,0
142232.0,62.0,1.09,23.2,86.5,94.0,48.0,153.0,74.0,5.5,6.06,142.0,7.8,10.8,220.0,12.8,0.73,242.0,4.0,88.0,5.0,7.5,7.5,720.0,2.0,3.0,4.0,1.0,3.0,2.0,1.0,1.0,1.0,1.0,3.0,0
142236.0,62.0,0.36,27.2,95.8,147.0,85.0,258.0,66.0,5.6,0.44,140.0,5.3,13.6,241.0,13.3,0.68,89.0,4.6,92.0,16.7,9.0,9.5,180.0,2.0,6.0,3.0,2.0,,2.0,2.0,2.0,,2.0,3.0,0
142241.0,51.0,4.22,34.0,123.5,126.0,78.0,376.0,28.0,7.7,0.78,136.0,7.2,17.0,287.0,12.5,0.86,802.0,5.6,200.0,29.96,7.5,8.5,720.0,1.0,3.0,4.0,1.0,1.0,3.0,1.0,1.0,1.0,1.0,3.0,1
142242.0,70.0,5.0,17.7,74.5,113.0,62.0,229.0,81.0,5.4,0.66,141.0,5.2,13.8,186.0,13.1,0.71,58.0,3.8,81.0,8.0,7.5,6.5,300.0,2.0,3.0,5.0,1.0,3.0,2.0,2.0,1.0,,2.0,1.0,0
142243.0,78.0,1.77,26.4,106.5,129.0,69.0,143.0,64.0,8.2,0.63,137.0,10.5,16.2,309.0,14.0,0.97,88.0,5.4,158.0,33.02,9.0,9.0,120.0,1.0,3.0,3.0,1.0,3.0,1.0,1.0,1.0,1.0,1.0,4.0,0
142245.0,67.0,2.17,19.9,83.5,113.0,70.0,246.0,66.0,5.9,1.24,141.0,5.8,14.5,210.0,13.8,0.81,201.0,4.2,111.0,18.28,8.0,10.0,600.0,2.0,6.0,5.0,2.0,,2.0,2.0,1.0,,2.0,2.0,0
142247.0,43.0,,26.6,92.0,104.0,75.0,215.0,68.0,4.8,2.14,138.0,7.0,15.7,283.0,12.7,1.14,46.0,4.3,94.0,3.45,8.0,8.0,60.0,1.0,3.0,5.0,2.0,,2.0,2.0,2.0,,2.0,2.0,0
142249.0,54.0,5.0,41.4,116.9,106.0,80.0,191.0,40.0,9.1,11.24,139.0,9.3,14.7,236.0,13.1,0.54,268.0,5.7,246.0,74.53,7.5,9.0,360.0,2.0,1.0,4.0,2.0,,1.0,2.0,2.0,,2.0,3.0,0
142252.0,61.0,5.0,24.1,92.1,118.0,74.0,237.0,68.0,5.5,0.45,142.0,6.4,14.1,202.0,13.5,1.07,70.0,5.0,103.0,4.35,5.0,5.0,600.0,1.0,3.0,3.0,2.0,,2.0,2.0,2.0,,2.0,2.0,0
142253.0,74.0,2.74,27.3,91.2,152.0,94.0,180.0,74.0,5.4,0.67,143.0,6.9,14.6,222.0,13.9,0.83,134.0,3.7,94.0,7.29,8.0,8.0,240.0,2.0,3.0,5.0,2.0,,2.0,2.0,1.0,,1.0,2.0,0
142255.0,70.0,2.54,24.5,90.7,114.0,55.0,184.0,54.0,5.8,1.67,140.0,5.3,15.0,141.0,14.3,0.69,77.0,4.3,92.0,11.76,8.0,8.0,180.0,2.0,3.0,3.0,1.0,2.0,2.0,1.0,1.0,1.0,1.0,4.0,1
142258.0,80.0,2.21,24.8,93.0,144.0,63.0,174.0,76.0,5.9,3.34,127.0,6.5,11.9,307.0,13.0,1.91,95.0,4.9,102.0,7.01,7.0,7.0,360.0,2.0,3.0,5.0,2.0,,2.0,1.0,1.0,1.0,1.0,4.0,1
142259.0,64.0,5.0,43.0,120.8,96.0,59.0,175.0,51.0,5.7,2.27,142.0,8.2,13.6,278.0,13.9,1.26,221.0,6.1,105.0,39.49,10.0,11.0,600.0,2.0,3.0,3.0,1.0,3.0,2.0,1.0,1.0,1.0,1.0,4.0,0
142263.0,44.0,,22.6,80.4,109.0,76.0,191.0,66.0,5.4,0.35,136.0,5.0,12.6,210.0,12.7,0.77,62.0,4.0,80.0,9.09,9.0,10.0,480.0,2.0,3.0,5.0,2.0,,2.0,2.0,2.0,,2.0,1.0,0
142264.0,63.0,2.16,28.1,89.3,117.0,72.0,218.0,78.0,5.2,4.65,140.0,7.5,14.0,351.0,14.2,0.56,96.0,3.5,82.0,14.1,10.0,9.0,120.0,2.0,2.0,4.0,2.0,,2.0,2.0,2.0,,2.0,3.0,0
142267.0,57.0,4.12,23.8,91.6,132.0,81.0,254.0,55.0,5.2,0.42,142.0,6.2,16.3,219.0,12.6,0.97,144.0,6.1,100.0,4.55,6.0,7.0,480.0,1.0,3.0,5.0,2.0,,2.0,2.0,1.0,,2.0,2.0,0
142268.0,32.0,1.17,23.5,88.9,114.0,64.0,175.0,44.0,5.6,3.94,140.0,5.3,15.5,303.0,13.6,1.04,155.0,6.1,113.0,2.99,6.0,12.5,300.0,1.0,4.0,3.0,2.0,,2.0,2.0,2.0,,2.0,2.0,0
142269.0,32.0,0.74,,149.3,117.0,80.0,269.0,54.0,5.4,10.42,140.0,7.5,14.2,387.0,14.3,1.09,120.0,8.8,97.0,8.15,5.0,5.0,600.0,2.0,4.0,4.0,2.0,,2.0,1.0,1.0,1.0,1.0,3.0,0
142278.0,51.0,2.13,30.2,111.0,152.0,106.0,316.0,51.0,5.9,0.64,141.0,9.1,13.9,322.0,14.3,0.64,789.0,6.4,124.0,936.15,7.0,9.0,180.0,2.0,7.0,4.0,1.0,1.0,2.0,2.0,2.0,,2.0,3.0,0
142279.0,72.0,4.37,30.5,109.4,125.0,71.0,164.0,37.0,6.2,0.39,139.0,6.5,14.9,249.0,12.8,0.86,137.0,7.7,100.0,6.09,6.5,10.0,420.0,1.0,3.0,3.0,2.0,,2.0,1.0,1.0,1.0,1.0,2.0,0
142280.0,23.0,1.4,38.4,124.1,98.0,61.0,143.0,57.0,5.5,3.76,137.0,8.8,13.0,454.0,14.2,0.79,69.0,4.8,90.0,4.97,9.0,9.0,180.0,2.0,7.0,4.0,2.0,,2.0,2.0,2.0,,2.0,3.0,0
142283.0,29.0,1.04,45.8,137.2,116.0,83.0,198.0,41.0,5.4,53.63,137.0,13.3,12.5,521.0,15.2,0.71,216.0,6.8,109.0,4.92,8.0,8.0,300.0,2.0,7.0,3.0,2.0,,2.0,1.0,1.0,2.0,2.0,5.0,0
142287.0,70.0,3.04,23.8,88.5,122.0,66.0,173.0,68.0,5.6,2.32,140.0,6.0,13.7,184.0,14.0,0.97,60.0,5.0,96.0,11.6,7.5,7.5,300.0,1.0,7.0,5.0,2.0,,2.0,1.0,1.0,1.0,1.0,2.0,0
142288.0,54.0,3.42,23.1,84.6,111.0,70.0,175.0,64.0,5.2,0.53,139.0,6.9,13.9,242.0,13.9,0.68,62.0,3.7,80.0,5.22,8.5,7.5,360.0,2.0,3.0,4.0,2.0,,2.0,2.0,1.0,,1.0,4.0,1
142289.0,68.0,,20.9,68.6,128.0,71.0,252.0,104.0,5.6,1.18,132.0,4.7,13.8,252.0,12.6,0.73,50.0,3.8,100.0,14.69,8.0,8.0,150.0,2.0,3.0,5.0,2.0,,2.0,1.0,1.0,1.0,2.0,2.0,0
142290.0,60.0,2.33,33.1,113.9,131.0,83.0,181.0,48.0,5.4,3.87,137.0,4.9,15.6,255.0,12.9,0.84,145.0,4.6,102.0,5.48,5.0,7.0,240.0,1.0,3.0,4.0,1.0,1.0,2.0,2.0,2.0,,2.0,2.0,0
142295.0,80.0,4.66,33.1,111.2,135.0,82.0,233.0,46.0,5.3,1.37,140.0,5.5,15.1,220.0,13.1,0.98,181.0,5.5,103.0,10.2,8.5,8.5,480.0,2.0,3.0,3.0,2.0,,2.0,2.0,2.0,,2.0,1.0,0
142298.0,60.0,2.51,38.5,136.3,111.0,77.0,148.0,34.0,5.4,1.32,139.0,6.1,14.2,199.0,14.4,0.95,364.0,6.7,88.0,15.17,7.0,4.0,480.0,1.0,7.0,3.0,1.0,3.0,2.0,1.0,2.0,1.0,2.0,4.0,0
142299.0,33.0,3.28,35.7,121.8,112.0,76.0,167.0,33.0,9.5,8.81,138.0,6.7,15.5,230.0,14.1,0.82,168.0,5.4,196.0,5.24,8.0,7.0,120.0,1.0,1.0,4.0,1.0,3.0,1.0,2.0,2.0,,2.0,3.0,0
142300.0,46.0,0.68,32.6,97.6,142.0,90.0,167.0,55.0,5.1,2.85,138.0,7.0,9.0,231.0,19.8,0.56,133.0,3.3,90.0,12.9,8.5,9.5,90.0,2.0,1.0,3.0,1.0,3.0,2.0,2.0,2.0,,2.0,3.0,0
142302.0,70.0,2.33,21.4,79.7,126.0,70.0,174.0,60.0,5.2,0.83,144.0,9.0,14.4,240.0,13.1,0.83,107.0,4.2,95.0,28.33,9.0,9.0,120.0,1.0,3.0,4.0,1.0,3.0,2.0,1.0,1.0,1.0,1.0,2.0,0
142303.0,69.0,0.98,27.9,111.0,129.0,71.0,110.0,34.0,8.1,2.15,141.0,5.3,14.1,284.0,14.3,0.62,152.0,5.1,157.0,16.13,8.0,10.0,360.0,2.0,7.0,3.0,1.0,3.0,1.0,2.0,9.0,,1.0,3.0,1
142305.0,76.0,2.25,26.4,89.0,139.0,81.0,180.0,51.0,6.0,2.5,138.0,17.4,13.6,353.0,13.8,0.63,189.0,3.9,122.0,8.01,9.0,9.0,480.0,2.0,1.0,1.0,2.0,,3.0,1.0,1.0,1.0,1.0,4.0,1
142307.0,49.0,,,,127.0,75.0,205.0,79.0,6.2,4.3,142.0,7.3,12.0,246.0,15.1,0.79,54.0,2.7,75.0,6.78,7.0,7.0,480.0,2.0,4.0,5.0,1.0,3.0,1.0,2.0,1.0,,1.0,3.0,0
142309.0,40.0,3.11,25.5,96.0,127.0,81.0,255.0,54.0,5.2,0.53,140.0,3.5,14.7,230.0,13.4,1.05,106.0,5.8,93.0,3.65,8.0,12.0,240.0,1.0,2.0,4.0,2.0,,2.0,2.0,2.0,,2.0,1.0,0
142310.0,80.0,5.0,27.6,110.8,128.0,81.0,167.0,48.0,5.3,5.7,137.0,6.0,13.6,193.0,13.6,1.01,113.0,3.8,99.0,14.9,9.0,9.0,360.0,2.0,3.0,3.0,1.0,3.0,2.0,1.0,2.0,1.0,2.0,3.0,0
